trial_id,registry,registry_url,asset,asset_aliases,sponsor,owner_at_cutoff,indication,mechanism_class,phase,overall_status,start_date,primary_completion_date,regions,population,ted_activity_severity,n_enrolled,n_randomized,n_analyzed,design,blinding,arms,dose_route_schedule_duration,background_soc_combination,comparator,primary_endpoints,secondary_endpoints,analysis_timepoint,efficacy_results,safety_results,followup_durability,publication_urls,evidence_tier,source_ids,access_depth,last_verified,notes
NCT06563856,ClinicalTrials.gov,https://clinicaltrials.gov/study/NCT06563856,TEPEZZA; EDP,,Amgen,Amgen,Healthy-volunteer asset support,Other / mechanism not registry-specified,PHASE1,COMPLETED,2020-09-22,2021-05-27,United States,Adults primary,not_applicable,37,,,NON_RANDOMIZED SEQUENTIAL,NONE,Cohort 1: TEPEZZA Dose A SubQ; Cohort 2: TEPEZZA Dose B SubQ; Cohort 3: TEPEZZA Dose B Intravenously (IV); Cohort 4: TEPEZZA Dose B and EDP SubQ,See official registry record,Registry-defined; verify per protocol,See arms,"Cohort 1, 2, and 4: Area Under the Serum Concentration-time Curve (AUC) From Time 0 Extrapolated to Infinity (AUCinf) of TEPEZZA; Cohort 1, 2, and 4: AUC From Time 0 to the Last Quantifiable Concentration (AUClast) of TEPEZZA; Cohort 1, 2, and 4: Percentage of the Area Extrapolated for Calculation of AUCinf (%AUCextrap) of TEPEZZA; Cohort 1, 2, and 4: Maximum Observed Serum Concentration (Cmax) of TEPEZZA; Cohort 1, 2, and 4: Last Quantifiable Serum Concentration (Clast) of TEPEZZA",Cohort 3: AUCinf of TEPEZZA; Cohort 3: AUClast of TEPEZZA; Cohort 3: %AUCextrap of TEPEZZA; Cohort 3: Cmax of TEPEZZA; Cohort 3: Clast of TEPEZZA,Protocol-defined,No posted in-scope efficacy result at cutoff.,No manually curated public result at cutoff.,Not established from posted results.,,Official registry protocol,ClinicalTrials.gov; NCT06563856,official_registry_full_record,2026-09-10,asset-specific healthy-volunteer clinical pharmacology/safety support
NCT06674941,ClinicalTrials.gov,https://clinicaltrials.gov/study/NCT06674941,Teprotumumab,,Amgen,Amgen,Healthy-volunteer asset support,IGF-1R inhibition,PHASE1,COMPLETED,2023-03-24,2023-11-14,United States,Adults primary,not_applicable,44,,,RANDOMIZED PARALLEL,NONE,Cohort 1: Teprotumumab; Cohort 2: Teprotumumab; Cohort 3: Teprotumumab,See official registry record,Registry-defined; verify per protocol,See arms,Area Under the Serum Concentration-time Curve (AUC) From Time 0 Extrapolated to Infinity (AUCinf) of Teprotumumab; AUC From Time 0 to the Last Quantifiable Concentration (AUClast) of Teprotumumab; Maximum Observed Serum Concentration (Cmax) of Teprotumumab; Time to Cmax (Tmax) of Teprotumumab,Number of Participants Experiencing Treatment-emergent Adverse Events (TEAEs); Number of Participants with Anti-drug Antibodies (ADA) to Teprotumumab; Titer of Positive ADA to Teprotumumab,Protocol-defined,No posted in-scope efficacy result at cutoff.,No manually curated public result at cutoff.,Not established from posted results.,,Official registry protocol,ClinicalTrials.gov; NCT06674941,official_registry_full_record,2026-09-10,asset-specific healthy-volunteer clinical pharmacology/safety support
NCT07142642,ClinicalTrials.gov,https://clinicaltrials.gov/study/NCT07142642,Teprotumumab,,Amgen,Amgen,Healthy-volunteer asset support,IGF-1R inhibition,PHASE1,COMPLETED,2025-08-26,2025-11-22,China,Adults primary,not_applicable,20,,,RANDOMIZED PARALLEL,DOUBLE,Teprotumumab; Placebo,See official registry record,Registry-defined; verify per protocol,See arms,Maximum Observed Serum Concentration (Cmax) of Teprotumumab; Area Under the Serum Concentration-time Curve From Time Zero to the Last Quantifiable Concentration (AUClast) of Teprotumumab; Area Under the Serum Concentration-time Curve From Time Zero to Infinity (AUCinf) of Teprotumumab,Number of Participants With Treatment-emergent Adverse Events; Number of Participants With Serious Adverse Events; Number of Participants With Anti-teprotumumab Antibodies,Protocol-defined,No posted in-scope efficacy result at cutoff.,No manually curated public result at cutoff.,Not established from posted results.,,Official registry protocol,ClinicalTrials.gov; NCT07142642,official_registry_full_record,2026-09-10,asset-specific healthy-volunteer clinical pharmacology/safety support
NCT00288522,ClinicalTrials.gov,https://clinicaltrials.gov/study/NCT00288522,"Lanreotide (Autogel formulation). Duration of treatment - 3 injections, 1 every 28 days",,Ipsen,Ipsen,Active TED,Somatostatin-receptor agonism,PHASE2,TERMINATED,2006-01,2007-04,Spain,Adults primary,active_unspecified_severity,5,,,RANDOMIZED PARALLEL,DOUBLE,,See official registry record,Registry-defined; verify per protocol,See arms,"Extraocular muscle infiltration and edema exam by evaluating (at Day 0 and Weeks 4, 8 and 12): extraocular muscle size, proptosis and intraocular pressure (tonometry); Eye inspection (at Day 0 and Weeks 4, 8 and 12): assessment of conjunctival injection presence, chemosis, cheratitis and eyelid edema; extrinsic muscle function evaluation and eyelid retraction",,Protocol-defined,No posted in-scope efficacy result at cutoff.,No manually curated public result at cutoff.,Not established from posted results.,,Official registry protocol,ClinicalTrials.gov; NCT00288522,official_registry_full_record,2026-09-10,disease-directed drug/biologic/supplement trial
NCT00424151,ClinicalTrials.gov,https://clinicaltrials.gov/study/NCT00424151,Rituximab,,"Silkiss, Rona Z., M.D., FACS","Silkiss, Rona Z., M.D., FACS",Active TED,CD20 B-cell depletion,PHASE1; PHASE2,COMPLETED,2006-12,2009-03,United States,Adults primary,active_unspecified_severity,12,,,NON_RANDOMIZED SINGLE_GROUP,NONE,,See official registry record,Registry-defined; verify per protocol,See arms,"Clinical response to treatment, alteration in immunoglobulin levels; To assess the safety and tolerability of Rituximab in Graves' dysthyroid disease up to 24 weeks. Adverse and serious adverse events during the study period, reasonably or probably related to Rituximab, will be assessed at each study visit up to 12 month; Efficacy:; A significant (25%) reduction in progression of Thyroid Associated Ophthalmopathy or disease activity as measured by the thyroid associated ophthalmopathy scale (University of British Columbia Thyroid Orbitopathy Inflammatory Score) up to 24 weeks.","To evaluate for a reduction in disease activity as measured by:; Reduction (25%) of elevated antibody levels- serum thyroid stimulating immunoglobulin (TSI), antithyroidperoxidase antibody (TPO) or antithyroglobulin levels at 24 weeks.; MRI of the orbit with coronal and axial views to evaluate evidence of optic nerve crowding, muscle size reduction or decreased proptosis during treatment and follow up interval at 24 weeks.",Protocol-defined,No posted in-scope efficacy result at cutoff.,No manually curated public result at cutoff.,Not established from posted results.,,Official registry protocol,ClinicalTrials.gov; NCT00424151,official_registry_full_record,2026-09-10,disease-directed drug/biologic/supplement trial
NCT01114503,ClinicalTrials.gov,https://clinicaltrials.gov/study/NCT01114503,Otelixizumab - low dose; Otelixizumab - medium low dose; Otelixizumab - medium high dose; Otelixizumab - high dose; Otelixizumab; Methylprednisolone,,GlaxoSmithKline,GlaxoSmithKline,Active TED,CD3 modulation,PHASE2,TERMINATED,2010-07-07,2012-08-29,United Kingdom,Adults primary,active_unspecified_severity,2,,,RANDOMIZED PARALLEL,SINGLE,Part A; Part B - Otelixizumab; Part B - Methylprednisolone,See official registry record,Registry-defined; verify per protocol,See arms,"Number of Participants With at Least One Adverse Event (AE), Serious Adverse Event (SAE), or Drug-related Adverse Event; Number of Participants With Laboratory Clinical Chemistry Abnormalities Meeting the Criteria for Potential Clinical Concern (PCC); Number of Participants With Laboratory Hematology Abnormalities Meeting the Criteria for PCC; Number of Participants With Laboratory Urinalysis Abnormalities Meeting the Criteria for PCC; Number of Participants With Thyroid Function Assessment, Hormone and Glucose Assay Abnormalities Meeting the Criteria for PCC","Change From Baseline for Individual Scores at Week 12 Incorporated in the European Group on Graves' Orbitopathy (EUGOGO) Assessment Including, Eyelid Swelling, Clinical Activity Score (CAS) Score, Proptosis, Lid Width and Diplopia; Change From Baseline for Participant-reported Health Related Quality of Life (QoL) Questionnaires of Short Form 36 ( SF-36) and Graves Ophthalmopathy (GO) QoL; Change From Baseline Measurement of Orbital Volume as Measured by Computed Tomography (CT) Scan; Assessment of Anti-otelixizumab Antibodies; Assessment of Circulating Cytokines of Interleukin 6 (IL6), IL10, Interferon Gamma (IFNγ) and Tumor Necrosis Factor Alpha (TNFα) up to 2 Weeks",Posted result timepoint,해석 가능한 efficacy endpoint 없음.,2/2 AE 및 drug-related AE; SAE 0.,없음.,,Registry result + manual curation,ClinicalTrials.gov; NCT01114503,official_registry_full_record,2026-09-10,Clinical study in Graves' ophthalmopathy terminated until there is a better understanding of an efficacious dose with Otelixizumab from other clinical studies.; disease-directed standard-of-care or regimen-optimization trial; Termination은 명시된 dose-development 사유이며 mechanistic failure로 해석하지 않음.
NCT01280214,ClinicalTrials.gov,https://clinicaltrials.gov/study/NCT01280214,Triamcinolone,,"HaEmek Medical Center, Israel","HaEmek Medical Center, Israel",Active TED,Other / mechanism not registry-specified,NA,UNKNOWN,2011-02,2013-02,,Adults primary,active_unspecified_severity,30,,,NA SINGLE_GROUP,NONE,Triamcinolone,See official registry record,Registry-defined; verify per protocol,See arms,Comparing the effectiveness of subconjunctival and peribulbar Triamcinolone injection to systemic Steroid therapy for patients with active thyroid orbitopathy .,To check if the level of TSH Receptor antibodies are affected by the local injection.,Protocol-defined,No posted in-scope efficacy result at cutoff.,No manually curated public result at cutoff.,Not established from posted results.,,Official registry protocol,ClinicalTrials.gov; NCT01280214,official_registry_full_record,2026-09-10,disease-directed drug/biologic/supplement trial
NCT01379196,ClinicalTrials.gov,https://clinicaltrials.gov/study/NCT01379196,Azithromycin,,Rabin Medical Center,Rabin Medical Center,Active TED,Tetracycline/macrolide immunomodulation,PHASE1; PHASE2,WITHDRAWN,2011-05,2014-11,,Adults primary,active_unspecified_severity,0,,,NA SINGLE_GROUP,NONE,Azithromycin PO three times weekly,See official registry record,Registry-defined; verify per protocol,See arms,Change in clinical activity score between baseline and after three months,Measurement of extraocular muscle thickening; ANTI TSH Receptor antibody levels,Protocol-defined,No posted in-scope efficacy result at cutoff.,No manually curated public result at cutoff.,Not established from posted results.,,Official registry protocol,ClinicalTrials.gov; NCT01379196,official_registry_full_record,2026-09-10,Patients were not interested in enrolling; disease-directed drug/biologic/supplement trial
NCT01809444,ClinicalTrials.gov,https://clinicaltrials.gov/study/NCT01809444,Prednisone+placebo of Doxycycline; Doxycycline+placebo of Prednisone,,Sun Yat-sen University,Sun Yat-sen University,Active TED,Glucocorticoid,PHASE2; PHASE3,UNKNOWN,2012-11,2016-01,China,Adults primary,active_unspecified_severity,146,,,RANDOMIZED PARALLEL,QUADRUPLE,Prednisone+placebo of Doxycycline; Doxycycline+placebo of Prednisone,See official registry record,Registry-defined; verify per protocol,See arms,Overall treatment response,"• Health related quality of life questionnaires (GO-QoL); • Safety and tolerability as assessed by adverse events, vital signs; • Quantitative changes of rectus diameter measured by MRI scan; Relapse",Protocol-defined,No posted in-scope efficacy result at cutoff.,No manually curated public result at cutoff.,Not established from posted results.,,Official registry protocol,ClinicalTrials.gov; NCT01809444,official_registry_full_record,2026-09-10,disease-directed standard-of-care or regimen-optimization trial
NCT01868997,ClinicalTrials.gov,https://clinicaltrials.gov/study/NCT01868997,teprotumumab,,Amgen,Amgen,Active TED,IGF-1R inhibition,PHASE2,COMPLETED,2013-07,2016-03,Germany; Italy; United Kingdom; United States,Adults primary,active_unspecified_severity,88,,,RANDOMIZED PARALLEL,QUADRUPLE,Placebo; Teprotumumab,See official registry record,Registry-defined; verify per protocol,See arms,Responder Status at Week 24,Overall Average Change From Baseline in Graves' Ophthalmopathy Quality of Life (GO-QOL) Scale - Overall to Week 24 (Mixed-Model Repeated Measures [MMRM]); Overall Average Change From Baseline in Proptosis of the Study Eye to Week 24 (MMRM); Overall Average Change From Baseline in CAS to Week 24 (MMRM); Overall Average Change From Baseline in GO-QOL Scale - Visual Functioning to Week 24 (MMRM); Overall Average Change From Baseline in GO-QOL Scale - Appearance to Week 24 (MMRM),Posted result timepoint,"Composite response 29/42 vs 9/45, p<0.001; OR 8.86 (95% CI 3.293–23.825); proptosis LS change −2.46 vs −0.15 mm.",SAE 5/43 vs 1/44.,등록 결과만으로 장기 durability 제한.,"Smith TJ, Kahaly GJ, Ezra DG, Fleming JC, Dailey RA, Tang RA, Harris GJ, Antonelli A, Salvi M, Goldberg RA, Gigantelli JW, Couch SM, Shriver EM, Hayek BR, Hink EM, Woodward RM, Gabriel K, Magni G, Douglas RS. Teprotumumab for Thyroid-Associated Ophthalmopathy. N Engl J Med. 2017 May 4;376(18):1748-1761. doi: 10.1056/NEJMoa1614949.; Xin Y, Xu F, Gao Y, Bhatt N, Chamberlain J, Sile S, Hammel S, Holt RJ, Ramanathan S. Pharmacokinetics and Exposure-Response Relationship of Teprotumumab, an Insulin-Like Growth Factor-1 Receptor-Blocking Antibody, in Thyroid Eye Disease. Clin Pharmacokinet. 2021 Aug;60(8):1029-1040. doi: 10.1007/s40262-021-01003-3. Epub 2021 Mar 26.; Wang Y, Smith TJ. Current concepts in the molecular pathogenesis of thyroid-associated ophthalmopathy. Invest Ophthalmol Vis Sci. 2014 Mar 20;55(3):1735-48. doi: 10.1167/iovs.14-14002.",Registry result + manual curation,ClinicalTrials.gov; NCT01868997,official_registry_full_record,2026-09-10,disease-directed drug/biologic/supplement trial; IGF-1R class efficacy를 보이나 GD biochemical remission 증거가 아님.
NCT01893450,ClinicalTrials.gov,https://clinicaltrials.gov/study/NCT01893450,Methimazole; Bromocriptine; Pentoxifylline,,Instituto Nacional de Ciencias Medicas y Nutricion Salvador Zubiran,Instituto Nacional de Ciencias Medicas y Nutricion Salvador Zubiran,Active TED,Antithyroid drug,NA,TERMINATED,2008-06,2013-06,Mexico,Adults primary,active_unspecified_severity,31,,,RANDOMIZED PARALLEL,SINGLE,"methimazole; methimazole, bromocriptine; pentoxifylline",See official registry record,Registry-defined; verify per protocol,See arms,Proptosis,Clinical activity score; Quality of life,Protocol-defined,No posted in-scope efficacy result at cutoff.,No manually curated public result at cutoff.,Not established from posted results.,,Official registry protocol,ClinicalTrials.gov; NCT01893450,official_registry_full_record,2026-09-10,Efficacy demonstrated on a preliminary analysis; disease-directed standard-of-care or regimen-optimization trial
NCT02339142,ClinicalTrials.gov,https://clinicaltrials.gov/study/NCT02339142,External beam radiotherapy; intravenous corticosteroids (methylprednisolone),,University of British Columbia,University of British Columbia,Active TED,Glucocorticoid,PHASE4,UNKNOWN,2015-01,2018-12,,Adults primary,active_unspecified_severity,100,,,RANDOMIZED PARALLEL,SINGLE,Combined radiotherapy and iv corticosteroid; iv Corticosteroid,See official registry record,Registry-defined; verify per protocol,See arms,"New onset dysthyroid optic neuropathy; Progression in ocular motility dysfunction (Improvement or worsening in motility scores and ocular restriction, and need for strabismus surgery); Participants escaping trial (Number of participants leaving trial because of onset of optic neuropathy or primary strabismus)",VISA inflammatory scores; Quality of life scores; Proptosis and eyelid retraction changes; Supplemental iv corticosteroid requirements,Protocol-defined,No posted in-scope efficacy result at cutoff.,No manually curated public result at cutoff.,Not established from posted results.,,Official registry protocol,ClinicalTrials.gov; NCT02339142,official_registry_full_record,2026-09-10,disease-directed standard-of-care or regimen-optimization trial
NCT02378298,ClinicalTrials.gov,https://clinicaltrials.gov/study/NCT02378298,Rituximab; Iv Methylprednisolone; peroral methylprednisolone and Methotrexate,,Göteborg University,Göteborg University,Active TED,CD20 B-cell depletion,PHASE4,COMPLETED,2011-12,2019-09-03,Sweden,Adults primary,active_unspecified_severity,38,,,NON_RANDOMIZED FACTORIAL,NONE,Non-responder RTX+MTX; Relapse RTX+MTX; Relapse po GC+MTX; Responders without relapse; Methylprednisolone iv,See official registry record,Registry-defined; verify per protocol,See arms,Clinical Activity Score (a Composite Measure of Ophthalmological Signs and Symptoms),,Posted result timepoint,"Week 68 CAS 3.0, 2.58, 2.14 across non-equivalent cohorts; inferential statistics 없음.",Registry arm-level safety 참조.,Week 68 관찰이나 selection/confounding이 큼.,,Registry result + manual curation,ClinicalTrials.gov; NCT02378298,official_registry_full_record,2026-09-10,disease-directed standard-of-care or regimen-optimization trial; Nonrandomized selected cohorts; cohort 간 우열 비교 금지.
NCT02393183,ClinicalTrials.gov,https://clinicaltrials.gov/study/NCT02393183,ASTED; Selenium,,Iran University of Medical Sciences,Iran University of Medical Sciences,Active TED,Selenium / antioxidant,PHASE2; PHASE3,WITHDRAWN,2019-07-15,2022-06-15,Iran,Adults primary,active_unspecified_severity,0,,,RANDOMIZED PARALLEL,DOUBLE,ASTED; Selenium; Placebo,See official registry record,Registry-defined; verify per protocol,See arms,Change of total eye score (NOSPECS severity score),Change of score of thyroid eye disease Quality of life questionnaire (TED-QOL),Protocol-defined,No posted in-scope efficacy result at cutoff.,No manually curated public result at cutoff.,Not established from posted results.,,Official registry protocol,ClinicalTrials.gov; NCT02393183,official_registry_full_record,2026-09-10,Do not access to the drug; disease-directed standard-of-care or regimen-optimization trial
NCT02535975,ClinicalTrials.gov,https://clinicaltrials.gov/study/NCT02535975,Metformin,,Yonsei University,Yonsei University,Active TED,Other / mechanism not registry-specified,NA,UNKNOWN,2014-12,2019-10,South Korea,Adults primary,active_unspecified_severity,80,,,RANDOMIZED PARALLEL,QUADRUPLE,Metformin; Placebo,See official registry record,Registry-defined; verify per protocol,See arms,Change of Clinical Activity Score (CAS) score; Change of NOSPECS score,adverse events; Quality of life questionnaires (GO-QoL),Protocol-defined,No posted in-scope efficacy result at cutoff.,No manually curated public result at cutoff.,Not established from posted results.,,Official registry protocol,ClinicalTrials.gov; NCT02535975,official_registry_full_record,2026-09-10,disease-directed drug/biologic/supplement trial
NCT02845336,ClinicalTrials.gov,https://clinicaltrials.gov/study/NCT02845336,Celecoxib; artificial tears,,Johns Hopkins University,Johns Hopkins University,Active TED,Other / mechanism not registry-specified,PHASE2,TERMINATED,2017-03-05,2019-06-30,United States,Adults primary,active_unspecified_severity,7,,,RANDOMIZED PARALLEL,NONE,Celecoxib; Control,See official registry record,Registry-defined; verify per protocol,See arms,Thyroid Eye Disease Clinical Activity Score,Proptosis as Measured in Millimeters With an Exophthalmometer (Right Eye); Proptosis as Measured in Millimeters With an Exophthalmometer (Left Eye); Number of Participants With Ocular Misalignment; Number of Participants With Ocular Misalignment; Number of Participants With Ocular Misalignment,Posted result timepoint,"7 enrolled; outcome에는 treated 1명, control 0명; 해당 1명 CAS/proptosis change 0.",해석 가능한 비교 없음.,없음.,,Registry result + manual curation,ClinicalTrials.gov; NCT02845336,official_registry_full_record,2026-09-10,Poor enrollment; disease-directed drug/biologic/supplement trial; Mechanistic failure로 분류하지 않음.
NCT03098225,ClinicalTrials.gov,https://clinicaltrials.gov/study/NCT03098225,Orbital radiotherapy; Methylprednisolone,,University of Pisa,University of Pisa,Active TED,Glucocorticoid,PHASE4,NOT_YET_RECRUITING,2024-01-01,2026-03-31,,Adults primary,active_unspecified_severity,120,,,RANDOMIZED PARALLEL,SINGLE,Radiotherapy; No Radiotherapy,See official registry record,Registry-defined; verify per protocol,See arms,Comparison of overall GO outcome determined using a composite evaluation,Comparison of overall GO outcome determined using a composite evaluation; Comparison of a disease specific quality of life questionnaire (GO-QoL); GO relapse; Comparison of a disease specific quality of life questionnaire (GO-QoL),Protocol-defined,No posted in-scope efficacy result at cutoff.,No manually curated public result at cutoff.,Not established from posted results.,,Official registry protocol,ClinicalTrials.gov; NCT03098225,official_registry_full_record,2026-09-10,disease-directed standard-of-care or regimen-optimization trial
NCT03461211,ClinicalTrials.gov,https://clinicaltrials.gov/study/NCT03461211,Teprotumumab,,Amgen,Amgen,Active TED,IGF-1R inhibition,PHASE3,COMPLETED,2018-04-16,2020-06-08,Germany; Italy; United States,Adults primary,active_unspecified_severity,51,,,NA SINGLE_GROUP,NONE,Teprotumumab,See official registry record,Registry-defined; verify per protocol,See arms,Percentage of Participants With a ≥ 2 mm Reduction From Baseline in the Study Eye Without Deterioration of Proptosis in the Fellow Eye at Week 24,Percentage of Participants With a European Group on Graves' Ophthalmopathy (EUGOGO) Amended Clinical Activity Score (CAS) Total Score of 0 or 1 in the Study Eye at Week 24; Change in Proptosis From Baseline to Week 24; Percentage of Participants Who Were Diplopia Responders at Week 24; Mean Change From Baseline to Week 24 in the Graves' Ophthalmopathy Quality of Life (GO-QoL) Questionnaire Overall Score,Posted result timepoint,Prior placebo crossover PRR 33/37; original nonresponders retreatment 2/5; flare retreatment 5/8.,Mild hearing impairment 보고; 새로운 safety signal 없음.,Crossover responders 중 Week 48 PRR maintenance 29/32.,"Xin Y, Xu F, Gao Y, Bhatt N, Chamberlain J, Sile S, Hammel S, Holt RJ, Ramanathan S. Pharmacokinetics and Exposure-Response Relationship of Teprotumumab, an Insulin-Like Growth Factor-1 Receptor-Blocking Antibody, in Thyroid Eye Disease. Clin Pharmacokinet. 2021 Aug;60(8):1029-1040. doi: 10.1007/s40262-021-01003-3. Epub 2021 Mar 26.",Registry result + manual curation,[191]; ClinicalTrials.gov; NCT03461211,official_registry_full_record,2026-09-10,disease-directed drug/biologic/supplement trial; Randomized comparator가 아닌 selected open-label extension.
NCT03891043,ClinicalTrials.gov,https://clinicaltrials.gov/study/NCT03891043,Selenium,,Instituto de Oftalmología Fundación Conde de Valenciana,Instituto de Oftalmología Fundación Conde de Valenciana,Active TED,Selenium / antioxidant,NA,COMPLETED,2015-08,2016-04,,Adults primary,active_unspecified_severity,33,,,RANDOMIZED FACTORIAL,DOUBLE,"Group A, Placebo group; Group B, Selenium group",See official registry record,Registry-defined; verify per protocol,See arms,Clinical Activity Score (CAS),,Protocol-defined,No posted in-scope efficacy result at cutoff.,No manually curated public result at cutoff.,Not established from posted results.,,Official registry protocol,ClinicalTrials.gov; NCT03891043,official_registry_full_record,2026-09-10,disease-directed standard-of-care or regimen-optimization trial
NCT04311606,ClinicalTrials.gov,https://clinicaltrials.gov/study/NCT04311606,Sub-tenon injection of saline followed by a sub-tenon injection of aflibercept; Sub-tenon injection of hyaluronidase (HA) followed by a sub-tenon injection of aflibercept; Sub-tenon injection of hyaluronidase (HA) alone,,Massachusetts Eye and Ear Infirmary,Massachusetts Eye and Ear Infirmary,Active TED,VEGF inhibition,PHASE2,COMPLETED,2020-11-02,2024-12-17,United States,Adults primary,active_unspecified_severity,11,,,RANDOMIZED PARALLEL,DOUBLE,Saline and aflibercept; Hyaluronidase and aflibercept; Hyaluronidase alone,See official registry record,Registry-defined; verify per protocol,See arms,Primary Outcome: Safety,Secondary Outcome: Safety; Secondary Outcome: Change in Clinical Activity; Secondary Outcome: Change in Ocular Muscle; Secondary Outcome: Change in Proptosis measured by exophthalmometry; Secondary Outcome: Change in Proptosis by CT scan,Protocol-defined,No posted in-scope efficacy result at cutoff.,No manually curated public result at cutoff.,Not established from posted results.,"Wong LL, Lee NG, Amarnani D, Choi CJ, Bielenberg DR, Freitag SK, D'Amore PA, Kim LA. Orbital Angiogenesis and Lymphangiogenesis in Thyroid Eye Disease: An Analysis of Vascular Growth Factors with Clinical Correlation. Ophthalmology. 2016 Sep;123(9):2028-36. doi: 10.1016/j.ophtha.2016.05.052. Epub 2016 Jul 14.; Smith TJ, Kahaly GJ, Ezra DG, Fleming JC, Dailey RA, Tang RA, Harris GJ, Antonelli A, Salvi M, Goldberg RA, Gigantelli JW, Couch SM, Shriver EM, Hayek BR, Hink EM, Woodward RM, Gabriel K, Magni G, Douglas RS. Teprotumumab for Thyroid-Associated Ophthalmopathy. N Engl J Med. 2017 May 4;376(18):1748-1761. doi: 10.1056/NEJMoa1614949.; Min L, Vaidya A, Becker C. Thyroid autoimmunity and ophthalmopathy related to melanoma biological therapy. Eur J Endocrinol. 2011 Feb;164(2):303-7. doi: 10.1530/EJE-10-0833. Epub 2010 Nov 18.; Kajdaniuk D, Marek B, Niedziolka-Zielonka D, Foltyn W, Nowak M, Sieminska L, Borgiel-Marek H, Glogowska-Szelag J, Ostrowska Z, Drozdz L, Kos-Kudla B. Transforming growth factor beta1 (TGFbeta1) and vascular endothelial growth factor (VEGF) in the blood of healthy people and patients with Graves' orbitopathy--a new mechanism of glucocorticoids action? Endokrynol Pol. 2014;65(5):348-56. doi: 10.5603/EP.2014.0048.; Bock F, Onderka J, Dietrich T, Bachmann B, Kruse FE, Paschke M, Zahn G, Cursiefen C. Bevacizumab as a potent inhibitor of inflammatory corneal angiogenesis and lymphangiogenesis. Invest Ophthalmol Vis Sci. 2007 Jun;48(6):2545-52. doi: 10.1167/iovs.06-0570.; Mourits MP, Koornneef L, Wiersinga WM, Prummel MF, Berghout A, van der Gaag R. Clinical criteria for the assessment of disease activity in Graves' ophthalmopathy: a novel approach. Br J Ophthalmol. 1989 Aug;73(8):639-44. doi: 10.1136/bjo.73.8.639.; Nagy JA, Vasile E, Feng D, Sundberg C, Brown LF, Detmar MJ, Lawitts JA, Benjamin L, Tan X, Manseau EJ, Dvorak AM, Dvorak HF. Vascular permeability factor/vascular endothelial growth factor induces lymphangiogenesis as well as angiogenesis. J Exp Med. 2002 Dec 2;196(11):1497-506. doi: 10.1084/jem.20021244.; Cursiefen C, Maruyama K, Jackson DG, Streilein JW, Kruse FE. Time course of angiogenesis and lymphangiogenesis after brief corneal inflammation. Cornea. 2006 May;25(4):443-7. doi: 10.1097/01.ico.0000183485.85636.ff.",Official registry protocol,ClinicalTrials.gov; NCT04311606,official_registry_full_record,2026-09-10,disease-directed drug/biologic/supplement trial
NCT04876534,ClinicalTrials.gov,https://clinicaltrials.gov/study/NCT04876534,Tocilizumab 20 Mg/mL Intravenous Solution; MethylPREDNISolone Injectable Solution,,"Fondazione IRCCS Ca' Granda, Ospedale Maggiore Policlinico","Fondazione IRCCS Ca' Granda, Ospedale Maggiore Policlinico",Active TED,IL-6 / IL-6R blockade,PHASE2,UNKNOWN,2019-12-18,2022-12-18,Italy,Adults primary,active_unspecified_severity,64,,,RANDOMIZED PARALLEL,SINGLE,Tocilizumab; Methylprednisolone,See official registry record,Registry-defined; verify per protocol,See arms,Desease inactivation,Desease improvement; Improvement of quality of life; Incident of adverse events in tocilizumab therapy; Immunological changes; Desease relapse,Protocol-defined,No posted in-scope efficacy result at cutoff.,No manually curated public result at cutoff.,Not established from posted results.,"Bartalena L, Baldeschi L, Boboridis K, Eckstein A, Kahaly GJ, Marcocci C, Perros P, Salvi M, Wiersinga WM; European Group on Graves' Orbitopathy (EUGOGO). The 2016 European Thyroid Association/European Group on Graves' Orbitopathy Guidelines for the Management of Graves' Orbitopathy. Eur Thyroid J. 2016 Mar;5(1):9-26. doi: 10.1159/000443828. Epub 2016 Mar 2.; Campi I, Vannucchi G, Salvi M. THERAPY OF ENDOCRINE DISEASE: Endocrine dilemma: management of Graves' orbitopathy. Eur J Endocrinol. 2016 Sep;175(3):R117-33. doi: 10.1530/EJE-15-1164. Epub 2016 Mar 31.; Salvi M, Campi I. Medical Treatment of Graves' Orbitopathy. Horm Metab Res. 2015 Sep;47(10):779-88. doi: 10.1055/s-0035-1554721. Epub 2015 Sep 11.; Campi I, Tosi D, Rossi S, Vannucchi G, Covelli D, Colombo F, Trombetta E, Porretti L, Vicentini L, Cantoni G, Curro N, Beck-Peccoz P, Bulfamante G, Salvi M. B Cell Activating Factor (BAFF) and BAFF Receptor Expression in Autoimmune and Nonautoimmune Thyroid Diseases. Thyroid. 2015 Sep;25(9):1043-9. doi: 10.1089/thy.2015.0029. Epub 2015 Aug 13.; Salvi M, Vannucchi G, Curro N, Campi I, Covelli D, Dazzi D, Simonetta S, Guastella C, Pignataro L, Avignone S, Beck-Peccoz P. Efficacy of B-cell targeted therapy with rituximab in patients with active moderate to severe Graves' orbitopathy: a randomized controlled study. J Clin Endocrinol Metab. 2015 Feb;100(2):422-31. doi: 10.1210/jc.2014-3014. Epub 2014 Dec 15.; Salvi M. Immunotherapy for Graves' ophthalmopathy. Curr Opin Endocrinol Diabetes Obes. 2014 Oct;21(5):409-14. doi: 10.1097/MED.0000000000000097.; Curro N, Covelli D, Vannucchi G, Campi I, Pirola G, Simonetta S, Dazzi D, Guastella C, Pignataro L, Beck-Peccoz P, Ratiglia R, Salvi M. Therapeutic outcomes of high-dose intravenous steroids in the treatment of dysthyroid optic neuropathy. Thyroid. 2014 May;24(5):897-905. doi: 10.1089/thy.2013.0445. Epub 2014 Mar 6.; Vannucchi G, Covelli D, Campi I, Origo D, Curro N, Cirello V, Dazzi D, Beck-Peccoz P, Salvi M. The therapeutic outcome to intravenous steroid therapy for active Graves' orbitopathy is influenced by the time of response but not polymorphisms of the glucocorticoid receptor. Eur J Endocrinol. 2013 Nov 22;170(1):55-61. doi: 10.1530/EJE-13-0611. Print 2014 Jan.; Salvi M, Vannucchi G, Beck-Peccoz P. Potential utility of rituximab for Graves' orbitopathy. J Clin Endocrinol Metab. 2013 Nov;98(11):4291-9. doi: 10.1210/jc.2013-1804. Epub 2013 Sep 5.; Vannucchi G, Covelli D, Curro N, Dazzi D, Maffini A, Campi I, Bonara P, Guastella C, Pignataro L, Ratiglia R, Beck-Peccoz P, Salvi M. Serum BAFF concentrations in patients with Graves' disease and orbitopathy before and after immunosuppressive therapy. J Clin Endocrinol Metab. 2012 May;97(5):E755-9. doi: 10.1210/jc.2011-2614. Epub 2012 Mar 7.; Salvi M, Vannucchi G, Curro N, Introna M, Rossi S, Bonara P, Covelli D, Dazzi D, Guastella C, Pignataro L, Ratiglia R, Golay J, Beck-Peccoz P. Small dose of rituximab for graves orbitopathy: new insights into the mechanism of action. Arch Ophthalmol. 2012 Jan;130(1):122-4. doi: 10.1001/archopthalmol.2011.1215. No abstract available.; Salvi M, Vannucchi G, Campi I, Curro N, Dazzi D, Simonetta S, Bonara P, Rossi S, Sina C, Guastella C, Ratiglia R, Beck-Peccoz P. Treatment of Graves' disease and associated ophthalmopathy with the anti-CD20 monoclonal antibody rituximab: an open study. Eur J Endocrinol. 2007 Jan;156(1):33-40. doi: 10.1530/eje.1.02325.; Vannucchi G, Campi I, Bonomi M, Covelli D, Dazzi D, Curro N, Simonetta S, Bonara P, Persani L, Guastella C, Wall J, Beck-Peccoz P, Salvi M. Rituximab treatment in patients with active Graves' orbitopathy: effects on proinflammatory and humoral immune reactions. Clin Exp Immunol. 2010 Sep;161(3):436-43. doi: 10.1111/j.1365-2249.2010.04191.x.; Salvi M, Vannucchi G, Campi I, Curro N, Simonetta S, Covelli D, Pignataro L, Guastella C, Rossi S, Bonara P, Dazzi D, Ratiglia R, Beck-Peccoz P. Rituximab treatment in a patient with severe thyroid-associated ophthalmopathy: effects on orbital lymphocytic infiltrates. Clin Immunol. 2009 May;131(2):360-5. doi: 10.1016/j.clim.2008.12.005. Epub 2009 Feb 4.; Yanaba K, Bouaziz JD, Matsushita T, Magro CM, St Clair EW, Tedder TF. B-lymphocyte contributions to human autoimmune disease. Immunol Rev. 2008 Jun;223:284-99. doi: 10.1111/j.1600-065X.2008.00646.x.; Rowland SL, Leahy KF, Halverson R, Torres RM, Pelanda R. BAFF receptor signaling aids the differentiation of immature B cells into transitional B cells following tonic BCR signaling. J Immunol. 2010 Oct 15;185(8):4570-81. doi: 10.4049/jimmunol.1001708. Epub 2010 Sep 22.; Moore PA, Belvedere O, Orr A, Pieri K, LaFleur DW, Feng P, Soppet D, Charters M, Gentz R, Parmelee D, Li Y, Galperina O, Giri J, Roschke V, Nardelli B, Carrell J, Sosnovtseva S, Greenfield W, Ruben SM, Olsen HS, Fikes J, Hilbert DM. BLyS: member of the tumor necrosis factor family and B lymphocyte stimulator. Science. 1999 Jul 9;285(5425):260-3. doi: 10.1126/science.285.5425.260.; Gilbert JA, Kalled SL, Moorhead J, Hess DM, Rennert P, Li Z, Khan MZ, Banga JP. Treatment of autoimmune hyperthyroidism in a murine model of Graves' disease with tumor necrosis factor-family ligand inhibitors suggests a key role for B cell activating factor in disease pathology. Endocrinology. 2006 Oct;147(10):4561-8. doi: 10.1210/en.2006-0507. Epub 2006 Jun 22.; Salvi M, Girasole G, Pedrazzoni M, Passeri M, Giuliani N, Minelli R, Braverman LE, Roti E. Increased serum concentrations of interleukin-6 (IL-6) and soluble IL-6 receptor in patients with Graves' disease. J Clin Endocrinol Metab. 1996 Aug;81(8):2976-9. doi: 10.1210/jcem.81.8.8768861.; Campi I, Vannucchi GM, Minetti AM, Dazzi D, Avignone S, Covelli D, Curro N, Ratiglia R, Guastella C, Pignataro L, Beck-Peccoz P, Salvi M. A quantitative method for assessing the degree of axial proptosis in relation to orbital tissue involvement in Graves' orbitopathy. Ophthalmology. 2013 May;120(5):1092-8. doi: 10.1016/j.ophtha.2012.10.041. Epub 2013 Feb 8.; Perez-Moreiras JV, Gomez-Reino JJ, Maneiro JR, Perez-Pampin E, Romo Lopez A, Rodriguez Alvarez FM, Castillo Laguarta JM, Del Estad Cabello A, Gessa Sorroche M, Espana Gregori E, Sales-Sanz M; Tocilizumab in Graves Orbitopathy Study Group. Efficacy of Tocilizumab in Patients With Moderate-to-Severe Corticosteroid-Resistant Graves Orbitopathy: A Randomized Clinical Trial. Am J Ophthalmol. 2018 Nov;195:181-190. doi: 10.1016/j.ajo.2018.07.038. Epub 2018 Aug 4.",Official registry protocol,ClinicalTrials.gov; NCT04876534,official_registry_full_record,2026-09-10,disease-directed standard-of-care or regimen-optimization trial
NCT05517447,ClinicalTrials.gov,https://clinicaltrials.gov/study/NCT05517447,Batoclimab,,Immunovant Sciences GmbH,Immunovant Sciences GmbH,Active TED,FcRn inhibition,PHASE3,TERMINATED,2022-11-06,2026-04-02,Australia; Belgium; Georgia; Hungary; Israel; Italy; Latvia; New Zealand; Poland; Puerto Rico; Slovakia; Spain; United Kingdom; United States,Adults primary,active_unspecified_severity,109,,,NON_RANDOMIZED PARALLEL,NONE,Observational cohort; Treatment Cohort,See official registry record,Registry-defined; verify per protocol,See arms,Duration of proptosis response off treatment in study eye in batoclimab responder participants in the feeder studies,Percentage of proptosis responders in study eye in placebo non-responder participants in the feeder studies; Percentage of proptosis responders in study eye in batoclimab non-responder participants in the feeder studies,Protocol-defined,No posted in-scope efficacy result at cutoff.,No manually curated public result at cutoff.,Not established from posted results.,,Official registry protocol,ClinicalTrials.gov; NCT05517447,official_registry_full_record,2026-09-10,"The feeder studies (i.e., IMVT-1401-3201 and 3202) for study IMVT-1401-3203 failed to achieve their pre-defined primary efficacy outcomes. Accordingly, there was a change to the benefit-risk balance. No new safety findings were observed.; disease-directed drug/biologic/supplement trial"
NCT05683496,ClinicalTrials.gov,https://clinicaltrials.gov/study/NCT05683496,lonigutamab,,ACELYRIN Inc.,ACELYRIN Inc.,Active TED,IGF-1R inhibition,PHASE1; PHASE2,COMPLETED,2023-02-14,2025-05-26,Australia; United States,Adults primary,active_unspecified_severity,31,,,RANDOMIZED SEQUENTIAL,QUADRUPLE,Cohort 1; Cohort 2; Cohort 3; Cohort 4,See official registry record,Registry-defined; verify per protocol,See arms,Incidence and characterization of nonserious treatment emergent adverse events (TEAEs); Incidence and characterization of serious treatment emergent adverse events (TEAEs),PK profile of lonigutamab; PK profile of lonigutamab,Protocol-defined,No posted in-scope efficacy result at cutoff.,No manually curated public result at cutoff.,Not established from posted results.,,Official registry protocol,ClinicalTrials.gov; NCT05683496,official_registry_full_record,2026-09-10,disease-directed drug/biologic/supplement trial
NCT05795621,ClinicalTrials.gov,https://clinicaltrials.gov/study/NCT05795621,IBI311,,Innovent Biologics (Suzhou) Co. Ltd.,Innovent Biologics (Suzhou) Co. Ltd.,Active TED,IGF-1R inhibition,PHASE2; PHASE3,COMPLETED,2023-02-14,2023-12-20,China,Adults primary,active_unspecified_severity,115,,,RANDOMIZED PARALLEL,DOUBLE,Placebo; IBI311,See official registry record,Registry-defined; verify per protocol,See arms,"The proptosis responder rate of the study eye (defined as percentage of subjects with a ≥ 2mm reduction from Baseline in proptosis in the study eye, without deterioration [≥ 2 mm increase] of proptosis in the non-study eye).",The overall responder rate in the study eye.; Percentage of subjects with a CAS value of 0 or 1 in the study eye.; Mean Change of the CAS value in the study eye.; Mean change from Baseline in proptosis measurement in the study eye.; The proptosis responder rate of the study eye.,Protocol-defined,No posted in-scope efficacy result at cutoff.,No manually curated public result at cutoff.,Not established from posted results.,"Zhang H, Sun J, Li Y, Zhu L, Shan Z, Lu W, Shen J, Shi Y, Tao L, Jiang H, Ji L, Zhu Y, Gu H, Liu X, Sun B, Tian Y, Liu Q, Zhou J, Zhao H, Guan H, Zhu L, Wen J, Lu Y, Qiao J, Zhang W, Deng J, Lu S, Han-Zhang H, Qian L, Zhou H, Fan X. IGF-1R Inhibitor IBI311 for the Treatment of Active Thyroid Eye Disease in Chinese Patients: The RESTORE-1 Randomized Clinical Trial. JAMA Ophthalmol. 2025 Nov 1;143(11):964-971. doi: 10.1001/jamaophthalmol.2025.3350.",Official registry protocol,ClinicalTrials.gov; NCT05795621,official_registry_full_record,2026-09-10,disease-directed drug/biologic/supplement trial
NCT06126783,ClinicalTrials.gov,https://clinicaltrials.gov/study/NCT06126783,IBI311,,Innovent Biologics (Suzhou) Co. Ltd.,Innovent Biologics (Suzhou) Co. Ltd.,Active TED,IGF-1R inhibition,PHASE3,COMPLETED,2023-10-20,2025-09-23,China,Adults primary,active_unspecified_severity,91,,,NA SINGLE_GROUP,NONE,IBI311,See official registry record,Registry-defined; verify per protocol,See arms,The response rate of exophthalmos was studied.,"Overall responder rate (i.e., percentage of subjects with a ≥ 2-point decrease in Clinical Activity Score [CAS] and a ≥ 2 mm decrease from baseline in proptosis in the study eye, and without corresponding deterioration in the fellow eye in the study eye; To evaluate the effects of IBI311 on ocular CAS score.; To evaluate the effects of IBI311 on exophthalmos.; To evaluate the efficacy of IBI311 in improving contralateral eye.; To evaluate the efficacy of IBI311 in improving diplopia.",Protocol-defined,No posted in-scope efficacy result at cutoff.,No manually curated public result at cutoff.,Not established from posted results.,,Official registry protocol,ClinicalTrials.gov; NCT06126783,official_registry_full_record,2026-09-10,disease-directed drug/biologic/supplement trial
NCT06384547,ClinicalTrials.gov,https://clinicaltrials.gov/study/NCT06384547,Veligrotug,,"Viridian Therapeutics, Inc.","Viridian Therapeutics, Inc.",Active TED,IGF-1R inhibition,PHASE3,COMPLETED,2024-05-23,2025-05-01,Australia; France; Germany; Poland; Spain; United Kingdom; United States,Adults primary,active_unspecified_severity,231,,,RANDOMIZED PARALLEL,DOUBLE,Veligrotug 10 mg/kg; Veligrotug 3 mg/kg,See official registry record,Registry-defined; verify per protocol,See arms,Number of Participants With Treatment-emergent Adverse Events (TEAEs) Through Week 15,Change From Baseline in Proptosis in the Study Eye as Measured by Exophthalmometer; Number of Participants With TEAEs Through Week 52,Posted result timepoint,"Observed Week 15 proptosis change −2.3 mm (10 mg/kg) vs −2.1 mm (3 mg/kg), uncontrolled.",Week 52 TEAE 159/173 vs 55/58; SAE 10/173 vs 3/58; deaths 0; class-like muscle spasm/hearing/reproductive events.,Safety through Week 52; comparative efficacy durability 아님.,,Registry result + manual curation,ClinicalTrials.gov; NCT06384547,official_registry_full_record,2026-09-10,disease-directed drug/biologic/supplement trial; No placebo; efficacy inference 제한.
NCT06467435,ClinicalTrials.gov,https://clinicaltrials.gov/study/NCT06467435,Kamuvudine-9; Kamuvudine-9,,Peter Timoney,Peter Timoney,Active TED,NRTI-derived inflammasome-pathway inhibition (P2X7/NLRP3 rationale),PHASE1,TERMINATED,2024-11-06,2026-02-23,United States,Adults primary,active_unspecified_severity,4,,,NON_RANDOMIZED PARALLEL,NONE,Patients with Thyroid Eye Disease (TED); Healthy Volunteers,See official registry record,Registry-defined; verify per protocol,See arms,Adverse Events; plasma concentrations of K9,"Change in Standardized Patient Evaluation of Eye Dryness (SPEED) symptoms; Change in Diplopia; Change in Study Visit in Clinical Activity Score (CAS),; Change in proptosis; Change in Graves' ophthalmopathy-specific quality-of-life scale (GO-QOL)",Protocol-defined,No posted in-scope efficacy result at cutoff.,No manually curated public result at cutoff.,Not established from posted results.,,Official registry protocol,ClinicalTrials.gov; NCT06467435,official_registry_full_record,2026-09-10,Low enrollment status; named investigational disease-directed asset; comparator treatment does not determine asset class
NCT06984627,ClinicalTrials.gov,https://clinicaltrials.gov/study/NCT06984627,Rilzabrutinib dose 1; Rilzabrutinib dose 2,,Sanofi,Sanofi,Active TED,BTK inhibition,PHASE2,RECRUITING,2025-09-02,2026-08-25,Canada; Germany; Italy; Spain; United Kingdom,Adults primary,active_unspecified_severity,30,,,RANDOMIZED PARALLEL,NONE,Rilzabrutinib dose 1; Rilzabrutinib dose 2,See official registry record,Registry-defined; verify per protocol,See arms,Percent change from baseline in FT4 levels,"Percent change from baseline in FT3 levels; Proportion of participants with FT4 levels within normal limits; Proportion of participants with FT3 levels within normal limits; Incidence of treatment-emergent adverse events (TEAEs), serious adverse events (SAEs), adverse events of special interest (AESIs) and withdrawals due to TEAEs during the study period",Protocol-defined,No posted in-scope efficacy result at cutoff.,No manually curated public result at cutoff.,Not established from posted results.,,Official registry protocol,ClinicalTrials.gov; NCT06984627,official_registry_full_record,2026-09-10,disease-directed drug/biologic/supplement trial
NCT07308964,ClinicalTrials.gov,https://clinicaltrials.gov/study/NCT07308964,Teprotumumab Injection [Tepezza],,Sheba Medical Center,Sheba Medical Center,Active TED,IGF-1R inhibition,PHASE4,NOT_YET_RECRUITING,2026-01,2028-01,,Adults primary,active_unspecified_severity,40,,,RANDOMIZED SEQUENTIAL,NONE,Standard of Care; Shortened Treatment,See official registry record,Registry-defined; verify per protocol,See arms,Clinical Response,,Protocol-defined,No posted in-scope efficacy result at cutoff.,No manually curated public result at cutoff.,Not established from posted results.,,Official registry protocol,ClinicalTrials.gov; NCT07308964,official_registry_full_record,2026-09-10,disease-directed drug/biologic/supplement trial
NCT07400757,ClinicalTrials.gov,https://clinicaltrials.gov/study/NCT07400757,Atorvastatin (Lipitor); Vitamin D,,"Taipei Veterans General Hospital, Taiwan","Taipei Veterans General Hospital, Taiwan",Active TED,Statin / pleiotropic anti-inflammatory,NA,RECRUITING,2026-02-24,2029-12-31,Taiwan,Adults primary,active_unspecified_severity,120,,,RANDOMIZED FACTORIAL,NONE,Standard Care; Statin; Vitamin D; Statin plus Vitamin D,See official registry record,Registry-defined; verify per protocol,See arms,Change in Clinical Activity Score (CAS); Change in Thyroid Eye Disease Activity (Responder Analysis); Change in Proptosis; Change in Thyroid-Stimulating Immunoglobulin (TSI),Change in Thyroid Function; Change in Lipid Profile; Change in Blood Glucose; Concomitant Medication Use,Protocol-defined,No posted in-scope efficacy result at cutoff.,No manually curated public result at cutoff.,Not established from posted results.,"Cardo C, Bernardo Santos R, Pinotti Pedro Miklos AB, Barbosa Jaconis S, Romaldini JH, Villagelin D. The relationship between cholesterol levels and thyroid eye disease. Eur Thyroid J. 2025 Feb 3;14(1):e240133. doi: 10.1530/ETJ-24-0133. Print 2025 Feb 1.; Chou YT, Lai CC, Li CY, Shen WC, Huang YT, Wu YL, Lin YH, Yang DC, Yang YC. Statin Use and the Risk of Graves' Orbitopathy: A Nationwide Population-Based Cohort Study. Thyroid. 2025 Feb;35(2):199-207. doi: 10.1089/thy.2024.0536. Epub 2025 Jan 13.; Wang CM, Chen YJ, Yang BC, Yang JW, Wang W, Zeng Y, Jiang J. Supplementation with active vitamin D3 ameliorates experimental autoimmune thyroiditis in mice by modulating the differentiation and functionality of intrathyroidal T-cell subsets. Front Immunol. 2025 Jan 30;16:1528707. doi: 10.3389/fimmu.2025.1528707. eCollection 2025.",Official registry protocol,ClinicalTrials.gov; NCT07400757,official_registry_full_record,2026-09-10,disease-directed drug/biologic/supplement trial
NCT00348413,ClinicalTrials.gov,https://clinicaltrials.gov/study/NCT00348413,Intravenous Methylprednisolone + Oral Methotrexate vs Intravenous Methylprednisolone + Placebo,,Singapore National Eye Centre,Singapore National Eye Centre,Active moderate-to-severe TED,Glucocorticoid,NA,COMPLETED,2003-06,2008-07,Singapore,Adults primary,active_moderate_severe,80,,,RANDOMIZED PARALLEL,DOUBLE,,See official registry record,Registry-defined; verify per protocol,See arms,Inflammatory index,Motility; Proptosis,Protocol-defined,No posted in-scope efficacy result at cutoff.,No manually curated public result at cutoff.,Not established from posted results.,"Warwar RE. New insights into pathogenesis and potential therapeutic options for Graves orbitopathy. Curr Opin Ophthalmol. 1999 Oct;10(5):358-61. doi: 10.1097/00055735-199910000-00014.; Nagayama Y, Izumi M, Kiriyama T, Yokoyama N, Morita S, Kakezono F, Ohtakara S, Morimoto I, Okamoto S, Nagataki S. Treatment of Graves' ophthalmopathy with high-dose intravenous methylprednisolone pulse therapy. Acta Endocrinol (Copenh). 1987 Dec;116(4):513-8. doi: 10.1530/acta.0.1160513.; Kendall-Taylor P, Crombie AL, Stephenson AM, Hardwick M, Hall K. Intravenous methylprednisolone in the treatment of Graves' ophthalmopathy. BMJ. 1988 Dec 17;297(6663):1574-8. doi: 10.1136/bmj.297.6663.1574.; Guy JR, Fagien S, Donovan JP, Rubin ML. Methylprednisolone pulse therapy in severe dysthyroid optic neuropathy. Ophthalmology. 1989 Jul;96(7):1048-52; discussion 1052-3. doi: 10.1016/s0161-6420(89)32784-9.; Hiromatsu Y, Tanaka K, Sato M, Kuroki T, Nonaka K, Kojima K, Nishimura H, Nishida H, Kaise N. Intravenous methylprednisolone pulse therapy for Graves' ophthalmopathy. Endocr J. 1993 Feb;40(1):63-72. doi: 10.1507/endocrj.40.63.; Koshiyama H, Koh T, Fujiwara K, Hayakawa K, Shimbo S, Misaki T. Therapy of Graves' ophthalmopathy with intravenous high-dose steroid followed by orbital irradiation. Thyroid. 1994 Winter;4(4):409-13. doi: 10.1089/thy.1994.4.409.; Tagami T, Tanaka K, Sugawa H, Nakamura H, Miyoshi Y, Mori T, Nakao K. High-dose intravenous steroid pulse therapy in thyroid-associated ophthalmopathy. Endocr J. 1996 Dec;43(6):689-99. doi: 10.1507/endocrj.43.689.; Marcocci C, Bartalena L, Tanda ML, Manetti L, Dell'Unto E, Rocchi R, Barbesino G, Mazzi B, Bartolomei MP, Lepri P, Cartei F, Nardi M, Pinchera A. Comparison of the effectiveness and tolerability of intravenous or oral glucocorticoids associated with orbital radiotherapy in the management of severe Graves' ophthalmopathy: results of a prospective, single-blind, randomized study. J Clin Endocrinol Metab. 2001 Aug;86(8):3562-7. doi: 10.1210/jcem.86.8.7737.; Smith JR, Rosenbaum JT. A role for methotrexate in the management of non-infectious orbital inflammatory disease. Br J Ophthalmol. 2001 Oct;85(10):1220-4. doi: 10.1136/bjo.85.10.1220.; Crisp M, Starkey KJ, Lane C, Ham J, Ludgate M. Adipogenesis in thyroid eye disease. Invest Ophthalmol Vis Sci. 2000 Oct;41(11):3249-55.; Werner SC. Modification of the classification of the eye changes of Graves' disease. Am J Ophthalmol. 1977 May;83(5):725-7. doi: 10.1016/0002-9394(77)90140-4.; Van Dyk HJ. Orbital Graves' disease. A modification of the ""NO SPECS"" classification. Ophthalmology. 1981 Jun;88(6):479-83.; Gorman CA, Garrity JA, Fatourechi V, Bahn RS, Petersen IA, Stafford SL, Earle JD, Forbes GS, Kline RW, Bergstralh EJ, Offord KP, Rademacher DM, Stanley NM, Bartley GB. A prospective, randomized, double-blind, placebo-controlled study of orbital radiotherapy for Graves' ophthalmopathy. Ophthalmology. 2001 Sep;108(9):1523-34. doi: 10.1016/s0161-6420(01)00632-7.; Bartley GB, Gorman CA. Diagnostic criteria for Graves' ophthalmopathy. Am J Ophthalmol. 1995 Jun;119(6):792-5. doi: 10.1016/s0002-9394(14)72787-4.; Mourits MP, Prummel MF, Wiersinga WM, Koornneef L. Measuring eye movements in Graves ophthalmopathy. Ophthalmology. 1994 Aug;101(8):1341-6. doi: 10.1016/s0161-6420(94)31164-x.; Nugent RA, Belkin RI, Neigel JM, Rootman J, Robertson WD, Spinelli J, Graeb DA. Graves orbitopathy: correlation of CT and clinical findings. Radiology. 1990 Dec;177(3):675-82. doi: 10.1148/radiology.177.3.2243967.; Kao SC, Kendler DL, Nugent RA, Adler JS, Rootman J. Radiotherapy in the management of thyroid orbitopathy. Computed tomography and clinical outcomes. Arch Ophthalmol. 1993 Jun;111(6):819-23. doi: 10.1001/archopht.1993.01090060107032.; Prummel MF, Gerding MN, Zonneveld FW, Wiersinga WM. The usefulness of quantitative orbital magnetic resonance imaging in Graves' ophthalmopathy. Clin Endocrinol (Oxf). 2001 Feb;54(2):205-9. doi: 10.1046/j.1365-2265.2001.01220.x.; Shen S, Fong KS, Wong HB, Looi A, Chan LL, Rootman J, Seah LL. Normative measurements of the Chinese extraocular musculature by high-field magnetic resonance imaging. Invest Ophthalmol Vis Sci. 2010 Feb;51(2):631-6. doi: 10.1167/iovs.09-3614. Epub 2009 Jul 30.",Official registry protocol,ClinicalTrials.gov; NCT00348413,official_registry_full_record,2026-09-10,disease-directed standard-of-care or regimen-optimization trial
NCT00595335,ClinicalTrials.gov,https://clinicaltrials.gov/study/NCT00595335,Rituximab; Methylprednisolone,,Rebecca Bahn,Rebecca Bahn,Active moderate-to-severe TED,CD20 B-cell depletion,PHASE2; PHASE3,COMPLETED,2008-04,2013-03,United States,Adults primary,active_moderate_severe,25,,,RANDOMIZED PARALLEL,QUADRUPLE,Rituximab; Placebo,See official registry record,Registry-defined; verify per protocol,See arms,Change in Clinical Activity Score (CAS),Failure Rate; Change in Disease Severity; Change in Proptosis; Change in Lid Fissure; Change in Extraocular Motility,Posted result timepoint,"CAS change −1.2 (n=13) vs −1.5 (n=12), p=0.73; failure 69% vs 75%, p=0.75.",SAE 2/13 vs 0/12.,공개 결과로 durable benefit 입증 없음.,"Stan MN, Garrity JA, Carranza Leon BG, Prabin T, Bradley EA, Bahn RS. Randomized controlled trial of rituximab in patients with Graves' orbitopathy. J Clin Endocrinol Metab. 2015 Feb;100(2):432-41. doi: 10.1210/jc.2014-2572. Epub 2014 Oct 24.",Registry result + manual curation,ClinicalTrials.gov; NCT00595335,official_registry_full_record,2026-09-10,disease-directed standard-of-care or regimen-optimization trial; 소규모 randomized trial; negative result를 보존.
NCT01056419,ClinicalTrials.gov,https://clinicaltrials.gov/study/NCT01056419,Propylthiouracil,,Ankara University,Ankara University,Active moderate-to-severe TED,Antithyroid drug,PHASE4,UNKNOWN,2009-01,2010-06,Turkey (Türkiye),Adults primary,active_moderate_severe,40,,,RANDOMIZED PARALLEL,NONE,Total thyroidectomy; Anti-thyroid drug,See official registry record,Registry-defined; verify per protocol,See arms,Improvement in the proptosis and activity of Graves' ophthalmopathy,,Protocol-defined,No posted in-scope efficacy result at cutoff.,No manually curated public result at cutoff.,Not established from posted results.,,Official registry protocol,ClinicalTrials.gov; NCT01056419,official_registry_full_record,2026-09-10,disease-directed standard-of-care or regimen-optimization trial
NCT01727973,ClinicalTrials.gov,https://clinicaltrials.gov/study/NCT01727973,Doxycycline,,Sun Yat-sen University,Sun Yat-sen University,Active moderate-to-severe TED,Tetracycline/macrolide immunomodulation,PHASE1; PHASE2,COMPLETED,2012-10,2013-11,China,Adults primary,active_moderate_severe,14,,,NA SINGLE_GROUP,NONE,Doxycycline,See official registry record,Registry-defined; verify per protocol,See arms,• Treatment response,"Safety and tolerability as assessed by adverse events, vital signs; Graves' orbitopathy-Specific Quality of Life (GO-QoL)",Protocol-defined,No posted in-scope efficacy result at cutoff.,No manually curated public result at cutoff.,Not established from posted results.,"Lin M, Mao Y, Ai S, Liu G, Zhang J, Yan J, Yang H, Li A, Zou Y, Liang D. Efficacy of Subantimicrobial Dose Doxycycline for Moderate-to-Severe and Active Graves' Orbitopathy. Int J Endocrinol. 2015;2015:285698. doi: 10.1155/2015/285698. Epub 2015 Jun 29.",Official registry protocol,ClinicalTrials.gov; NCT01727973,official_registry_full_record,2026-09-10,disease-directed drug/biologic/supplement trial
NCT01969019,ClinicalTrials.gov,https://clinicaltrials.gov/study/NCT01969019,"methylprednisolone, prednisone",,Ruijin Hospital,Ruijin Hospital,Active moderate-to-severe TED,Glucocorticoid,PHASE4,UNKNOWN,2010-01,2013-10,China,Adults primary,active_moderate_severe,70,,,RANDOMIZED PARALLEL,NONE,methylprednisolone; methylprednisolone plus prednisone,See official registry record,Registry-defined; verify per protocol,See arms,response rate,"change of CAS, adverse effects and retreat",Protocol-defined,No posted in-scope efficacy result at cutoff.,No manually curated public result at cutoff.,Not established from posted results.,"Zhu W, Ye L, Shen L, Jiao Q, Huang F, Han R, Zhang X, Wang S, Wang W, Ning G. A prospective, randomized trial of intravenous glucocorticoids therapy with different protocols for patients with graves' ophthalmopathy. J Clin Endocrinol Metab. 2014 Jun;99(6):1999-2007. doi: 10.1210/jc.2013-3919. Epub 2014 Feb 28.",Official registry protocol,ClinicalTrials.gov; NCT01969019,official_registry_full_record,2026-09-10,disease-directed standard-of-care or regimen-optimization trial
NCT02422368,ClinicalTrials.gov,https://clinicaltrials.gov/study/NCT02422368,Methylprednisolone + ASTED; Methylprednisolone +Placebo,,Iran University of Medical Sciences,Iran University of Medical Sciences,Active moderate-to-severe TED,Glucocorticoid,PHASE2; PHASE3,WITHDRAWN,2022-09-01,2024-06,Iran,Adults primary,active_moderate_severe,0,,,RANDOMIZED PARALLEL,DOUBLE,Methylprednisolone + ASTED; Methylprednisolone + Placebo,See official registry record,Registry-defined; verify per protocol,See arms,"Mean of total eye score changes (using NOSPECS severity score); Mean of ""thyroid eye disease Quality of life"" score changes (Using TED-QOL)","Mean of clinical activity score changes (CAS Score); Changes of serum thyroid auto-antibodies (Anti-thyroid peroxidase (TPO), Anti-thyroglobulin); Changes of thyroid function test (Free T4, T3, and TSH) Levels",Protocol-defined,No posted in-scope efficacy result at cutoff.,No manually curated public result at cutoff.,Not established from posted results.,,Official registry protocol,ClinicalTrials.gov; NCT02422368,official_registry_full_record,2026-09-10,Do not access to the drug; disease-directed standard-of-care or regimen-optimization trial
NCT03066076,ClinicalTrials.gov,https://clinicaltrials.gov/study/NCT03066076,Antithyroid Drug,,Medical University of Vienna,Medical University of Vienna,Active moderate-to-severe TED,Antithyroid drug,PHASE3,UNKNOWN,2017-03-01,2019-02-01,Austria,Adults primary,active_moderate_severe,60,,,RANDOMIZED PARALLEL,SINGLE,Thyroidectomy; Antithyroid drug,See official registry record,Registry-defined; verify per protocol,See arms,Muscle index (MI) from ultrasound measurements; Thyroid antibodies,CAScore/NOSPECS score; Superonasal index measurements via ultrasound; Quality of life score,Protocol-defined,No posted in-scope efficacy result at cutoff.,No manually curated public result at cutoff.,Not established from posted results.,,Official registry protocol,ClinicalTrials.gov; NCT03066076,official_registry_full_record,2026-09-10,disease-directed standard-of-care or regimen-optimization trial
NCT03107078,ClinicalTrials.gov,https://clinicaltrials.gov/study/NCT03107078,Glucocorticoids,,Jie Shen,Jie Shen,Active moderate-to-severe TED,Glucocorticoid,PHASE4,UNKNOWN,2016-10-01,2019-10-01,China,Adults primary,active_moderate_severe,200,,,RANDOMIZED PARALLEL,NONE,Group Ia; Group Ib; Group IIa; Group IIb,See official registry record,Registry-defined; verify per protocol,See arms,Number of patients defined as Response for the Glucocorticoids Treatment based on the 7 parameters of eye assessment; Number of patients defined as Deterioration for the Glucocorticoids Treatment based on the 7 parameters of eye assessment; Number of patients defined as Unchange for the Glucocorticoids Treatment based on the 7 parameters of eye assessment,,Protocol-defined,No posted in-scope efficacy result at cutoff.,No manually curated public result at cutoff.,Not established from posted results.,"Li Z, Luo Y, Huang Q, Chen Z, Song D, Pan D, Hu S, Jiang W, Cai Q, Feng X, Zhang Q, Weng C, Zhong Q, Zhao T, Li C, Zhang T, Shen J. A Randomized Clinical Trial of Intravenous Methylprednisolone With 2 Protocols in Patients With Graves Orbitopathy. J Clin Endocrinol Metab. 2023 Dec 21;109(1):36-45. doi: 10.1210/clinem/dgad476.",Official registry protocol,ClinicalTrials.gov; NCT03107078,official_registry_full_record,2026-09-10,disease-directed standard-of-care or regimen-optimization trial
NCT03110848,ClinicalTrials.gov,https://clinicaltrials.gov/study/NCT03110848,Atorvastatin; Methylprednisolone,,University of Pisa,University of Pisa,Active moderate-to-severe TED,Glucocorticoid,PHASE2,COMPLETED,2020-06-01,2021-04-30,Italy,Adults primary,active_moderate_severe,88,,,RANDOMIZED PARALLEL,SINGLE,Statins; No statins,See official registry record,Registry-defined; verify per protocol,See arms,Overall GO outcome determined using a composite evaluation,Overall GO outcome determined using a composite evaluation; Comparison of a disease specific quality of life questionnaire (GO-QoL); Comparison of a disease specific quality of life questionnaire (GO-QoL); GO relapse; Requirement for additional treatments,Protocol-defined,No posted in-scope efficacy result at cutoff.,No manually curated public result at cutoff.,Not established from posted results.,"Lanzolla G, Sabini E, Leo M, Menconi F, Rocchi R, Sframeli A, Piaggi P, Nardi M, Marcocci C, Marino M. Statins for Graves' orbitopathy (STAGO): a phase 2, open-label, adaptive, single centre, randomised clinical trial. Lancet Diabetes Endocrinol. 2021 Nov;9(11):733-742. doi: 10.1016/S2213-8587(21)00238-2. Epub 2021 Sep 27.",Official registry protocol,ClinicalTrials.gov; NCT03110848,official_registry_full_record,2026-09-10,disease-directed standard-of-care or regimen-optimization trial
NCT03131726,ClinicalTrials.gov,https://clinicaltrials.gov/study/NCT03131726,Simvastatin 40mg,,Lund University,Lund University,Active moderate-to-severe TED,Statin / pleiotropic anti-inflammatory,PHASE3,RECRUITING,2018-01-26,2027-01-26,Sweden,Adults primary,active_moderate_severe,80,,,RANDOMIZED PARALLEL,SINGLE,Simvastatin; No treatment,See official registry record,Registry-defined; verify per protocol,See arms,Change in Clinical activity score (CAS) after 6 months; Number of patients with progression to severe GO during 6 months,Change in Modified Clinical activity score; Optical coherence tomography; Quality of life with SF36; Quality of life with ThyrPro; Quality of life with GO-QoL,Protocol-defined,No posted in-scope efficacy result at cutoff.,No manually curated public result at cutoff.,Not established from posted results.,,Official registry protocol,ClinicalTrials.gov; NCT03131726,official_registry_full_record,2026-09-10,disease-directed drug/biologic/supplement trial
NCT03298867,ClinicalTrials.gov,https://clinicaltrials.gov/study/NCT03298867,Teprotumumab,,Amgen,Amgen,Active moderate-to-severe TED,IGF-1R inhibition,PHASE3,COMPLETED,2017-10-04,2019-02-13,Germany; Italy; United States,Adults primary,active_moderate_severe,83,,,RANDOMIZED PARALLEL,QUADRUPLE,Teprotumumab 20 mg/kg; Placebo,See official registry record,Registry-defined; verify per protocol,See arms,Percentage of Participants Who Were Proptosis Responders at Week 24,Percentage of Participants Who Were Overall Responders at Week 24; Percentage of Participants Who Were CAS Categorical Responders at Week 24 (Study Eye); Change From Baseline in Proptosis to Week 24 (Study Eye); Percentage of Participants Who Were Diplopia Responders at Week 24; Change From Baseline in the Graves' Ophthalmopathy Quality of Life (GO-QoL) Questionnaire Overall Score to Week 24,Posted result timepoint,"PRR 82.9% vs 9.5%, p<0.001; RD 73.45 points; overall response 78.0% vs 7.1%; CAS 0/1 58.5% vs 21.4%.",SAE 2/41 vs 1/42.,Pivotal phase 본체는 Week 24; extension durability는 별도 selected cohort.,"Douglas RS, Kahaly GJ, Patel A, Sile S, Thompson EHZ, Perdok R, Fleming JC, Fowler BT, Marcocci C, Marino M, Antonelli A, Dailey R, Harris GJ, Eckstein A, Schiffman J, Tang R, Nelson C, Salvi M, Wester S, Sherman JW, Vescio T, Holt RJ, Smith TJ. Teprotumumab for the Treatment of Active Thyroid Eye Disease. N Engl J Med. 2020 Jan 23;382(4):341-352. doi: 10.1056/NEJMoa1910434.; Jain AP, Gellada N, Ugradar S, Kumar A, Kahaly G, Douglas R. Teprotumumab reduces extraocular muscle and orbital fat volume in thyroid eye disease. Br J Ophthalmol. 2022 Feb;106(2):165-171. doi: 10.1136/bjophthalmol-2020-317806. Epub 2020 Nov 10.",Registry result + manual curation,ClinicalTrials.gov; NCT03298867,official_registry_full_record,2026-09-10,disease-directed drug/biologic/supplement trial; TED structural/clinical response이며 GD cure가 아님.
NCT03922321,ClinicalTrials.gov,https://clinicaltrials.gov/study/NCT03922321,RVT-1401,,Immunovant Sciences GmbH,Immunovant Sciences GmbH,Active moderate-to-severe TED,FcRn inhibition,PHASE2,COMPLETED,2019-04-22,2020-02-29,Canada,Adults primary,active_moderate_severe,7,,,NA SINGLE_GROUP,NONE,RVT-1401,See official registry record,Registry-defined; verify per protocol,See arms,"Number of Participants With Any Treatment-emergent Adverse Event (TEAE), Serious AE (SAE), Treatment-related Adverse Event (AE), and Death During the 6-week Treatment Period; Number of Participants With Clinically Significant Findings Related to Vital Signs; Number of Participants With a Change From Normal Physical Examination Findings at Baseline to Abnormal Physical Examination Findings at the End of the Study; Number of Participants With Clinically Significant Findings Related to Electrocardiograms (ECGs); Percent Change From Baseline in Total Immunoglobulin G (IgG), IgG1, IgG2, IgG3, and IgG4 Levels",Mean Change From Baseline in Proptosis in the Study Eye and Non-study Eye at Week 7; Number of Participants With an Overall Proptosis Response; Area Under the Concentration-time Curve From Time 0 to 168 Hours (AUC0-168h) of RVT-1401; Maximum Concentration (Cmax) of RVT-1401; Serum Concentration at the End of the Dosing Interval (Ctrough) of RVT-1401,Posted result timepoint,n=7; total IgG 약 65% 감소; anti-TSHR −10.59 IU/mL (n=3); proptosis responders 3/7.,7/7 TEAE; 6/7 treatment-related; SAE 0.,없음.,,Registry result + manual curation,ClinicalTrials.gov; NCT03922321,official_registry_full_record,2026-09-10,disease-directed drug/biologic/supplement trial; Single arm and very small N.
NCT03938545,ClinicalTrials.gov,https://clinicaltrials.gov/study/NCT03938545,RVT-1401 (Administered via subcutaneous injection),,Immunovant Sciences GmbH,Immunovant Sciences GmbH,Active moderate-to-severe TED,FcRn inhibition,PHASE2,TERMINATED,2019-07-23,2021-02-02,Canada; Germany; Italy; Spain; United States,Adults primary,active_moderate_severe,65,,,RANDOMIZED PARALLEL,DOUBLE,Regimen A-RVT-1401; Regimen B-RVT-1401; Regimen C-RVT-1401; Placebo,See official registry record,Registry-defined; verify per protocol,See arms,Percentage of Participants With Proptosis Response at Week 13; Number of Participants With Treatment-emergent Adverse Events (TEAEs) and Treatment-emergent Serious Adverse Events (SAEs),"Least Square Mean Percent Change From Baseline in Binding Anti-thyroid-stimulating Hormone Receptor (TSHR) Antibody Levels to Week 13; Least Square Mean Percent Change From Baseline in Total IgG Levels; Least Square Mean Percent Change From Baseline in IgG Subclasses 1, 2, 3 and 4",Posted result timepoint,"PRR: 680 mg 30.0% (p=0.1993), 340 mg 30.8% (p=0.1016), 255 mg 0% (p=0.2963), placebo 8.3%.",Registry event-level safety 참조.,없음.,,Registry result + manual curation,ClinicalTrials.gov; NCT03938545,official_registry_full_record,2026-09-10,Sponsor decision based on premature unblinding of treatment allocations necessitated by program-wide review; disease-directed drug/biologic/supplement trial; Program review로 premature unblinding; demonstrated mechanistic failure로 단정하지 않음.
NCT03948191,ClinicalTrials.gov,https://clinicaltrials.gov/study/NCT03948191,Methylprednisolone; 99Tc-MDP(99Technetium-Methylenediphosphonate Injection),,Dalian University,Dalian University,Active moderate-to-severe TED,Glucocorticoid,PHASE4,COMPLETED,2017-10-16,2018-12-30,China,Adults primary,active_moderate_severe,50,,,RANDOMIZED PARALLEL,TRIPLE,Methylprednisolone(ivMP); 99Tc-MDP,See official registry record,Registry-defined; verify per protocol,See arms,Responder Status at Week 12,Overall Average Continuous Change in CAS From Baseline to Week 24; Overall Average Continuous Change in Proptosis From Baseline to Week 24; Overall Average Change in Diplopia grading From Baseline to Week 24; Overall Average Change in extra-ocular muscular thickening From Baseline in thickening extra-ocular muscular improvement in Orbital CT to Week 24; Overall Average Change in Graves' Ophthalmopathy Quality of Life (GO-QOL) Scale From baseline to Week 24 follow-up,Protocol-defined,No posted in-scope efficacy result at cutoff.,No manually curated public result at cutoff.,Not established from posted results.,,Official registry protocol,ClinicalTrials.gov; NCT03948191,official_registry_full_record,2026-09-10,disease-directed standard-of-care or regimen-optimization trial
NCT04598815,ClinicalTrials.gov,https://clinicaltrials.gov/study/NCT04598815,Sirolimus,,University of Pisa,University of Pisa,Active moderate-to-severe TED,mTOR inhibition,PHASE2,UNKNOWN,2023-06-01,2024-05-31,Italy,Adults primary,active_moderate_severe,54,,,RANDOMIZED PARALLEL,QUADRUPLE,Sirolimus; Methylprendnisolone,See official registry record,Registry-defined; verify per protocol,See arms,GO overall response,GO overall response; GO overall response; GO overall response; GO relapse; GO relapse,Protocol-defined,No posted in-scope efficacy result at cutoff.,No manually curated public result at cutoff.,Not established from posted results.,,Official registry protocol,ClinicalTrials.gov; NCT04598815,official_registry_full_record,2026-09-10,disease-directed drug/biologic/supplement trial
NCT04737330,ClinicalTrials.gov,https://clinicaltrials.gov/study/NCT04737330,Secukinumab,,Novartis Pharmaceuticals,Novartis Pharmaceuticals,Active moderate-to-severe TED,IL-17A inhibition,PHASE3,TERMINATED,2021-11-29,2023-05-16,Germany,Adults primary,active_moderate_severe,28,,,RANDOMIZED PARALLEL,DOUBLE,Secukinumab 300 mg; Placebo,See official registry record,Registry-defined; verify per protocol,See arms,Plan A - Percentage of Participants Achieving Overall Response; Plan B - Percentage of Participants Achieving Response in Reduction of Proptosis,Plan A - Percentage of Participants Achieving Response in Reduction of Clinical Activity Score (CAS); Plan A - Percentage of Participants Achieving Response in Reduction of Proptosis; Plan A - Percentage of Participants Achieving Response in Diplopia; Plan A - Mean Change From Baseline to Week 16 in Clinical Activity Score (CAS) in the Study Eye; Plan A - Mean Change From Baseline to Week 16 in Millimeters (mm) of Proptosis in the Study Eye,Posted result timepoint,Overall response 0/14 vs 0/14; CAS response 0/14 vs 3/14; PRR 0/14 vs 0/14.,Safety concern 없이 futility termination.,없음.,,Registry result + manual curation,ClinicalTrials.gov; NCT04737330,official_registry_full_record,2026-09-10,Analysis of blinded patient data showed a very low probability of the study meeting the primary efficacy endpoints. No safety concerns were identified; disease-directed drug/biologic/supplement trial; Clear negative/futility trial.
NCT04776993,ClinicalTrials.gov,https://clinicaltrials.gov/study/NCT04776993,Methimazole,,University of Pisa,University of Pisa,Active moderate-to-severe TED,Antithyroid drug,PHASE3,UNKNOWN,2023-03-02,2024-09-01,Italy,Adults primary,active_moderate_severe,52,,,RANDOMIZED PARALLEL,NONE,Methimazole; Thyroid ablation,See official registry record,Registry-defined; verify per protocol,See arms,Overall GO outcome,"Overall GO outcome; Overall GO outcome; Response of individual GO parameters: proptosis, CAS, eyelid width, diplopia, and visual acuity; Quality of life questionnaire",Protocol-defined,No posted in-scope efficacy result at cutoff.,No manually curated public result at cutoff.,Not established from posted results.,,Official registry protocol,ClinicalTrials.gov; NCT04776993,official_registry_full_record,2026-09-10,disease-directed standard-of-care or regimen-optimization trial
NCT04936854,ClinicalTrials.gov,https://clinicaltrials.gov/study/NCT04936854,Sirolimus 1 mg Oral Tablet; Methylprednisolone,,Haukeland University Hospital,Haukeland University Hospital,Active moderate-to-severe TED,mTOR inhibition,PHASE2,RECRUITING,2023-01-01,2028-01,Norway,Adults primary,active_moderate_severe,60,,,RANDOMIZED PARALLEL,SINGLE,Sirolimus; Corticosteroids,See official registry record,Registry-defined; verify per protocol,See arms,Percentage of participants who were CAS categorical responders at week 12,Percentage of participants who were proptosis responders at week 12; Percentage of participants who were eyelid retraction responders at week 12; Percentage of participants who were diplopia responders at week 12,Protocol-defined,No posted in-scope efficacy result at cutoff.,No manually curated public result at cutoff.,Not established from posted results.,"Roos JCP, Murthy R. Sirolimus (rapamycin) for the targeted treatment of the fibrotic sequelae of Graves' orbitopathy. Eye (Lond). 2019 Apr;33(4):679-682. doi: 10.1038/s41433-019-0340-3. Epub 2019 Feb 12.; Chang S, Perry JD, Kosmorsky GS, Braun WE. Rapamycin for treatment of refractory dysthyroid compressive optic neuropathy. Ophthalmic Plast Reconstr Surg. 2007 May-Jun;23(3):225-6. doi: 10.1097/IOP.0b013e3180500d57.; Roos JCP, Eglitis V, Murthy R. Inhibition of Fibrotic Contraction by Sirolimus (Rapamycin) in an Ex Vivo Model of Thyroid Eye Disease. Ophthalmic Plast Reconstr Surg. 2021 Jul-Aug 01;37(4):366-371. doi: 10.1097/IOP.0000000000001876.",Official registry protocol,ClinicalTrials.gov; NCT04936854,official_registry_full_record,2026-09-10,disease-directed standard-of-care or regimen-optimization trial
NCT05015127,ClinicalTrials.gov,https://clinicaltrials.gov/study/NCT05015127,HBM9161 680 mg qw by q2w from week 13; HBM9161 680 mg qw by q2w from week 7,,Harbour BioMed (Guangzhou) Co. Ltd.,Harbour BioMed (Guangzhou) Co. Ltd.,Active moderate-to-severe TED,Other / mechanism not registry-specified,PHASE2; PHASE3,UNKNOWN,2021-09-22,2022-10,China,Adults primary,active_moderate_severe,36,,,RANDOMIZED PARALLEL,QUADRUPLE,HBM9161 680 mg qw by q2w from week 13; HBM9161 680 mg qw by q2w from week 7; Placebo; Placebo qw by HBM9161 680mg qw from week 12,See official registry record,Registry-defined; verify per protocol,See arms,Proptosis responder rates of the treatment groups and placebo group at Week 12,The percentage of subjects with a CAS value of 0 or 1 in the study eye; The change from Baseline in proptosis measurement in the study eye; Composite responder rate; Diplopia response rate; The change from baseline in the Graves' Ophthalmopathy Quality of Life (GO-QoL) Questionnaire visual function score and psychosocial function score,Protocol-defined,No posted in-scope efficacy result at cutoff.,No manually curated public result at cutoff.,Not established from posted results.,,Official registry protocol,ClinicalTrials.gov; NCT05015127,official_registry_full_record,2026-09-10,disease-directed drug/biologic/supplement trial
NCT05049603,ClinicalTrials.gov,https://clinicaltrials.gov/study/NCT05049603,Atorvastatin 20mg,,University of Pisa,University of Pisa,Active moderate-to-severe TED,Statin / pleiotropic anti-inflammatory,PHASE3,NOT_YET_RECRUITING,2024-01-01,2025-12-31,Italy,Adults primary,active_moderate_severe,102,,,RANDOMIZED PARALLEL,QUADRUPLE,Atorvastatin; Placebo,See official registry record,Registry-defined; verify per protocol,See arms,Outcome of GO,Outcome of GO; Outcome of GO; Quality of life (comparison between the two groups); Quality of life (comparison between the two groups); Quality of life (comparison between the two groups),Protocol-defined,No posted in-scope efficacy result at cutoff.,No manually curated public result at cutoff.,Not established from posted results.,,Official registry protocol,ClinicalTrials.gov; NCT05049603,official_registry_full_record,2026-09-10,disease-directed drug/biologic/supplement trial
NCT05176639,ClinicalTrials.gov,https://clinicaltrials.gov/study/NCT05176639,Veligrotug,,"Viridian Therapeutics, Inc.","Viridian Therapeutics, Inc.",Active moderate-to-severe TED,IGF-1R inhibition,PHASE3,COMPLETED,2022-11-16,2024-07-15,Australia; France; Germany; Poland; Spain; United Kingdom; United States,Adults primary,active_moderate_severe,113,,,RANDOMIZED PARALLEL,TRIPLE,Veligrotug; Placebo,See official registry record,Registry-defined; verify per protocol,See arms,Proptosis Responder Rate (PRR) in the Study Eye As Measured by Exophthalmometer,Change From Baseline in Proptosis in the Study Eye As Measured by Exophthalmometer; PRR in the Most Proptotic Eye As Measured by Magnetic Resonance Imaging (MRI)/Computed Tomography (CT); Change From Baseline in Proptosis in the Most Proptotic Eye As Measured by MRI/CT; Change From Baseline in CAS in the Study Eye; Overall Responder Rate (ORR) Comprising of PRR and Clinical Activity Responder Rate in the Study Eye,Posted result timepoint,"PRR 70.0% vs 5.26%, p<0.0001; proptosis LS change −2.90 vs −0.48 mm; overall response 66.83% vs 5.26%; diplopia response 59.07% vs 19.89%.",SAE 7/75 vs 0/38; muscle spasms 34/75 vs 3/38; infusion reaction 13/75 vs 2/38; hearing-related symptoms present.,Week 52에서 initial responders의 70%가 PRR 유지; evaluable follow-up subset 21/30.,,Registry result + manual curation,[230]; [713]; ClinicalTrials.gov; NCT05176639,official_registry_full_record,2026-09-10,disease-directed drug/biologic/supplement trial; Five infusions; durability denominator와 responder conditioning을 명시.
NCT05199103,ClinicalTrials.gov,https://clinicaltrials.gov/study/NCT05199103,rabbit anti-thymocyte globulin,,Medical University of Silesia,Medical University of Silesia,Active moderate-to-severe TED,Glucocorticoid,NA,UNKNOWN,2020-01-01,2023-12-31,Poland,Adults primary,active_moderate_severe,20,,,NA SINGLE_GROUP,NONE,Rabbit antithymocyte globulin (rATG),See official registry record,Registry-defined; verify per protocol,See arms,≥2 point change in Clinical Activity Score from baseline; change in proptosis; a diplopia response; change of distant best-corrected visual acuity; change of mean retinal sensitivity,changes in CD4/CD8 ratio; changes in TSH-receptor antibodies level; increase in 1 degree amplitude in Pattern visual evoked potential (VEP) by 1 µV,Protocol-defined,No posted in-scope efficacy result at cutoff.,No manually curated public result at cutoff.,Not established from posted results.,"Sarnat-Kucharczyk M, Swierkot M, Handzlik G, Kulawik G, Jagoda K, Grochola-Malecka I, Fryzewska J, Mrukwa-Kominek E, Chudek J. Antithymocyte Globulin as Second-Line Therapy in Graves Orbitopathy-Preliminary Results From a Prospective Single-Center Study. Front Endocrinol (Lausanne). 2022 May 9;13:871009. doi: 10.3389/fendo.2022.871009. eCollection 2022.",Official registry protocol,ClinicalTrials.gov; NCT05199103,official_registry_full_record,2026-09-10,disease-directed drug/biologic/supplement trial
NCT05276063,ClinicalTrials.gov,https://clinicaltrials.gov/study/NCT05276063,Linsitinib,,"Sling Therapeutics, Inc.","Sling Therapeutics, Inc.",Active moderate-to-severe TED,IGF-1R inhibition,PHASE2; PHASE3,COMPLETED,2022-07-01,2024-10-15,Canada; Italy; Spain; United Kingdom; United States,Adults primary,active_moderate_severe,90,,,RANDOMIZED PARALLEL,DOUBLE,Placebo; Low Dose; High Dose,See official registry record,Registry-defined; verify per protocol,See arms,Percentage of Subjects Who Are Proptosis Responders at Week 24,Percentage of Subjects Who Are Overall Responders at Week 24; Percentage of Subjects With a CAS Value of 0 or 1 at Week 24; Change From Baseline in the Graves' Ophthalmopathy Quality of Life (GO-QoL) Questionnaire Overall Score to Week 24.,Posted result timepoint,"PRR 150 mg BID 51.7% vs 18.8%, p=0.01, RD 0.345 (95% CI 0.098–0.593); 75 mg 38.9%, p=0.090; GO-QOL difference +10.776, p=0.002.","SAE 2/29 high, 0/30 low, 1/31 placebo; high-dose GI/fatigue/transaminase signals.",Week 24 beyond durability 공개 제한.,,Registry result + manual curation,[714]; [715]; ClinicalTrials.gov; NCT05276063,official_registry_full_record,2026-09-10,disease-directed drug/biologic/supplement trial; One-sided alpha 2.5%; mixed Graves/Hashimoto etiology but all had TED.
NCT05331300,ClinicalTrials.gov,https://clinicaltrials.gov/study/NCT05331300,LASN01; LASN01,,Lassen Therapeutics 1 PTY LTD,Lassen Therapeutics 1 PTY LTD,Active moderate-to-severe TED,IL-11R blockade,PHASE1; PHASE2,COMPLETED,2022-06-06,2024-11-27,Australia; Hong Kong,Adults primary,active_moderate_severe,75,,,RANDOMIZED SEQUENTIAL,DOUBLE,LASN01 - Parts A and B [Healthy Volunteers]; Placebo - Parts A and B [Healthy Volunteers]; LASN01 - Part C [Pulmonary Fibrosis]; Placebo - Part C [Pulmonary Fibrosis]; LASN01 - Part D [Thyroid Eye Disease]; Placebo - Part D [Thyroid Eye Disease],See official registry record,Registry-defined; verify per protocol,See arms,"Treatment emergent, treatment related, and serious adverse events; Changes in concomitant medications; Changes from Baseline in clinical laboratory evaluations following study drug administration; Changes from Baseline in vital signs following study drug administration; Changes from Baseline in 12-lead electrocardiogram (ECG) parameters following study drug administration",PK parameter assessed by serum LASN01 concentration at specified timepoints for maximum plasma concentration (Cmax); PK parameter assessed by serum LASN01 concentration at specified timepoints for time to peak concentration (T max); PK parameter assessed by serum LASN01 concentration at specified timepoints for area under curve (AUC); PK parameter assessed by serum LASN01 concentration at specified timepoints for clearance volume (CL); PK parameter assessed by serum LASN01 concentration at specified timepoints for terminal phase volume (Vz),Protocol-defined,No posted in-scope efficacy result at cutoff.,No manually curated public result at cutoff.,Not established from posted results.,,Official registry protocol,ClinicalTrials.gov; NCT05331300,official_registry_full_record,2026-09-10,named investigational disease-directed asset; comparator treatment does not determine asset class
NCT05394857,ClinicalTrials.gov,https://clinicaltrials.gov/study/NCT05394857,SHR-1314,,"Suzhou Suncadia Biopharmaceuticals Co., Ltd.","Suzhou Suncadia Biopharmaceuticals Co., Ltd.",Active moderate-to-severe TED,IL-6 / IL-6R blockade,PHASE2,TERMINATED,2022-09-13,2023-08-22,China,Adults primary,active_moderate_severe,7,,,NA SINGLE_GROUP,NONE,Treatment group,See official registry record,Registry-defined; verify per protocol,See arms,the proptosis responder rate,Proportion of patients achieving response in reduction of clinical activity score(CAS); Overall responder rate; The percentage of subjects with a CAS value of 0 or 1 in the study eye; The mean change from Baseline to Week 16 in proptosis measurement in the study eye; Diplopia response rate at Week16,Protocol-defined,No posted in-scope efficacy result at cutoff.,No manually curated public result at cutoff.,Not established from posted results.,,Official registry protocol,ClinicalTrials.gov; NCT05394857,official_registry_full_record,2026-09-10,Sponsor commercial considerations; disease-directed drug/biologic/supplement trial
NCT05429450,ClinicalTrials.gov,https://clinicaltrials.gov/study/NCT05429450,Methotrexate; Triamcinolone Acetonide,,Cairo University,Cairo University,Active moderate-to-severe TED,Calcineurin / conventional immunosuppression,PHASE2,COMPLETED,2020-07-01,2022-07-01,Egypt,Adults primary,active_moderate_severe,18,,,RANDOMIZED PARALLEL,DOUBLE,Methotrexate; Triamcinolone acetonide,See official registry record,Registry-defined; verify per protocol,See arms,Change in clinical activity score (CAS),Change in proptosis; Change in lid aperture; Percentage of overall responders,Protocol-defined,No posted in-scope efficacy result at cutoff.,No manually curated public result at cutoff.,Not established from posted results.,,Official registry protocol,ClinicalTrials.gov; NCT05429450,official_registry_full_record,2026-09-10,disease-directed drug/biologic/supplement trial
NCT05517421,ClinicalTrials.gov,https://clinicaltrials.gov/study/NCT05517421,Batoclimab,,Immunovant Sciences GmbH,Immunovant Sciences GmbH,Active moderate-to-severe TED,FcRn inhibition,PHASE3,COMPLETED,2022-11-23,2025-11-02,Canada; Georgia; Germany; Israel; Italy; Japan; Poland; United Kingdom; United States,Adults primary,active_moderate_severe,114,,,RANDOMIZED PARALLEL,TRIPLE,Batoclimab; Placebo,See official registry record,Registry-defined; verify per protocol,See arms,Percentage of proptosis responders,Percentage of participants with proptosis ≥2 mm reduction and Clinical Activity Score (CAS) of less than or equal to (≤) 3 from Baseline in the study eye; Percentage of participants with CAS of 0 or 1 in the study eye; Mean change from Baseline in CAS in the study eye; Percentage of participants with positive binding anti-thyroid stimulating hormone receptor (TSHR) antibody (Ab) at Baseline who achieve seroconversion; Percentage of participants with decrease of at least 1 grade from Baseline in Gorman score for diplopia,Protocol-defined,No posted in-scope efficacy result at cutoff.,No manually curated public result at cutoff.,Not established from posted results.,,Official registry protocol,ClinicalTrials.gov; NCT05517421,official_registry_full_record,2026-09-10,disease-directed drug/biologic/supplement trial
NCT05524571,ClinicalTrials.gov,https://clinicaltrials.gov/study/NCT05524571,Batoclimab,,Immunovant Sciences GmbH,Immunovant Sciences GmbH,Active moderate-to-severe TED,FcRn inhibition,PHASE3,COMPLETED,2023-01-05,2026-02-03,Australia; Belgium; Germany; Hungary; Latvia; New Zealand; Puerto Rico; Slovakia; Spain; Turkey (Türkiye); United States,Adults primary,active_moderate_severe,86,,,RANDOMIZED PARALLEL,TRIPLE,Batoclimab; Placebo,See official registry record,Registry-defined; verify per protocol,See arms,Percentage of proptosis responders,Percentage of participants with proptosis ≥2 mm reduction and Clinical Activity Score (CAS) of less than or equal to (≤) 3 from Baseline in the study eye; Percentage of participants with CAS of 0 or 1 in the study eye; Mean change from Baseline in CAS in the study eye; Percentage of participants with positive binding anti-thyroid stimulating hormone receptor (TSHR) antibody (Ab) at Baseline who achieve seroconversion; Percentage of participants with decrease of at least 1 grade from Baseline in Gorman score for diplopia,Protocol-defined,No posted in-scope efficacy result at cutoff.,No manually curated public result at cutoff.,Not established from posted results.,,Official registry protocol,ClinicalTrials.gov; NCT05524571,official_registry_full_record,2026-09-10,disease-directed drug/biologic/supplement trial
NCT05532072,ClinicalTrials.gov,https://clinicaltrials.gov/study/NCT05532072,Rapamycin; Methylprednisolone,,First Affiliated Hospital Xi'an Jiaotong University,First Affiliated Hospital Xi'an Jiaotong University,Active moderate-to-severe TED,mTOR inhibition,EARLY_PHASE1,UNKNOWN,2022-09,2023-09,China,Adults primary,active_moderate_severe,140,,,RANDOMIZED PARALLEL,TRIPLE,The group of Meprednone combined with Rapamycin; The group of Meprednone alone,See official registry record,Registry-defined; verify per protocol,See arms,"Number of participants who responded to treatment as assessed by CAS score, eye cleft width, eye movement, etc.; Number of participants with treatment-related adverse events assessed by physical examination, electrocardiogram, and serum biochemical markers.","Number of participants who responded to treatment as assessed by CAS score, eye cleft width, eye movement, etc.; Number of participants with disease recurrence as assessed by CAS score, eye movement, visual acuity, diplopia, etc.; Antibody titers; Antibody titers; GO-QoL Score",Protocol-defined,No posted in-scope efficacy result at cutoff.,No manually curated public result at cutoff.,Not established from posted results.,,Official registry protocol,ClinicalTrials.gov; NCT05532072,official_registry_full_record,2026-09-10,disease-directed standard-of-care or regimen-optimization trial
NCT05776121,ClinicalTrials.gov,https://clinicaltrials.gov/study/NCT05776121,ZB001 for injection; ZB001 for injection,,"Zenas BioPharma (USA), LLC","Zenas BioPharma (USA), LLC",Active moderate-to-severe TED,IGF-1R inhibition,PHASE1,COMPLETED,2023-05-10,2024-04-17,China,Adults primary,active_moderate_severe,17,,,NA SEQUENTIAL,NONE,ZB001 for injection,See official registry record,Registry-defined; verify per protocol,See arms,"Number of participants with Adverse Events, Serious Adverse Events, and Laboratory Evaluations as assessed by CTCAE v5.0; The exophthalmos response rates of study eye at Week 6 and Week 12 (defined as the proportion of patients whose exophthalmos measured by Hertel exophthalmos meter decreased ≥ 2mm from baseline)","Change from baseline in the study eye at Week 6, Week 12 and Week 24 of Exophthalmos measured by MRI/CT scan; Change from baseline in the study eye at Week 6, Week 12 and Week 24 of Orbital fat volume measured by MRI/CT scan; Change from baseline in the study eye at Week 6, Week 12 and Week 24 of Extraocular eye muscle volume measured by MRI/CT scan; Change from baseline in the study eye at Week 6, Week 12 and Week 24 of Facial fat volume measured by MRI/CT scan; Change from baseline in the study eye at Week 6, Week 12 and Week 24 of Digital and manual measurement of palpebral fissure height",Protocol-defined,No posted in-scope efficacy result at cutoff.,No manually curated public result at cutoff.,Not established from posted results.,,Official registry protocol,ClinicalTrials.gov; NCT05776121,official_registry_full_record,2026-09-10,named investigational disease-directed asset; comparator treatment does not determine asset class
NCT06088979,ClinicalTrials.gov,https://clinicaltrials.gov/study/NCT06088979,TOUR006 - 20 MG; TOUR006 - 50 MG,,"Tourmaline Bio, Inc., a Novartis Company","Tourmaline Bio, Inc., a Novartis Company",Active moderate-to-severe TED,IL-6 / IL-6R blockade,PHASE2,ACTIVE_NOT_RECRUITING,2024-02-19,2026-09,Brazil; France; Italy; Jordan; Latvia; New Zealand; Puerto Rico; Slovakia; South Korea; Spain; United States,Adults primary,active_moderate_severe,79,,,RANDOMIZED PARALLEL,QUADRUPLE,TOUR006 - 20 MG; TOUR006 - 50 MG; Placebo,See official registry record,Registry-defined; verify per protocol,See arms,Percentage of participants achieving a proptosis response defined as a ≥2 mm reduction in proptosis from baseline in the study eye without deterioration [≥2 mm increase] of proptosis in the fellow eye and without need for rescue therapy/intervention).,Percentage of participants achieving a proptosis response with 20mg TOUR006 administered SC every 8 weeks or 50mg TOUR006 administered SC every 8 weeks.; Percentage of participants attaining a complete or near complete response on the 7-point Clinical Activity Score (CAS).; Percentage of participants attaining ≥1 grade decrease in diplopia.; Incidence of Treatment Emergent Adverse Events by severity and Serious Adverse Events through Week 72.; Mean change from baseline in serum trough concentration of TOUR006.,Protocol-defined,No posted in-scope efficacy result at cutoff.,No manually curated public result at cutoff.,Not established from posted results.,,Official registry protocol,ClinicalTrials.gov; NCT06088979,official_registry_full_record,2026-09-10,disease-directed drug/biologic/supplement trial
NCT06112340,ClinicalTrials.gov,https://clinicaltrials.gov/study/NCT06112340,linsitinib,,"Sling Therapeutics, Inc.","Sling Therapeutics, Inc.",Active moderate-to-severe TED,IGF-1R inhibition,PHASE2; PHASE3,RECRUITING,2023-10-11,2026-06,United States,Adults primary,active_moderate_severe,75,,,RANDOMIZED PARALLEL,DOUBLE,Low Dose; High Dose,See official registry record,Registry-defined; verify per protocol,See arms,Percentage of Subjects who are Proptosis Responders at Week 24,Change from Baseline in Proptosis to Week 24 (Study Eye); Percentage of Subjects who are Overall Responders at Week 24; Percentage of Subjects who are CAS Categorical Responders at Week 24 (Study Eye); Change from Baseline in the Graves' Ophthalmopathy Quality of Life (GO-QoL) Questionnaire Overall Score to Week 24,Protocol-defined,No posted in-scope efficacy result at cutoff.,No manually curated public result at cutoff.,Not established from posted results.,,Official registry protocol,ClinicalTrials.gov; NCT06112340,official_registry_full_record,2026-09-10,disease-directed drug/biologic/supplement trial
NCT06226545,ClinicalTrials.gov,https://clinicaltrials.gov/study/NCT06226545,LASN01; LASN01; LASN01,,Lassen Therapeutics Inc.,Lassen Therapeutics Inc.,Active moderate-to-severe TED,IL-11R blockade,PHASE2,COMPLETED,2024-03-05,2025-04-22,Spain; United Kingdom; United States,Adults primary,active_moderate_severe,41,,,RANDOMIZED PARALLEL,DOUBLE,"Randomized low-dose LASN01 (anti-IGF-1R-naïve TED); Randomized high-dose LASN01 (anti-IGF-1R-naïve TED); Randomized placebo (anti-IGF-1R-naïve TED); Open-label high dose LASN01 (post-teprotumumab, US only)",See official registry record,Registry-defined; verify per protocol,See arms,Percentage of Participants Showing a Response in Proptosis Measured Using Hertel Exophthalmometer (≥2 mm Decrease From Baseline) in the Study Eye and Separately in Either Eye Without Increased Proptosis (≥2 mm Increase) in the Other Eye; For Randomized Treatment Arms: Number of Participants With Adverse Events Receiving LASN01 Compared to Placebo; For Open-label Treatment Arm: Number of Participants With Adverse Events Receiving LASN01,Percentage of Participants Showing a Response in Clinical Activity Score (CAS) in the Study Eye Compared to Baseline as Assessed by CAS Evaluation,Posted result timepoint,"CAS response 15/17 (88.2%) vs 4/9 (44.4%), p=0.028; PRR 6/17 (35.3%) vs 3/9 (33.3%).","Any TEAE 4/9, 6/8, 6/9; treatment-related 2/9, 2/8, 3/9; randomized groups SAE 0.",Week 37; long-term durability 확립 안 됨.,,Registry result + manual curation,[422]; [521]; ClinicalTrials.gov; NCT06226545,official_registry_full_record,2026-09-10,named investigational disease-directed asset; comparator treatment does not determine asset class; n=26 randomized; p-test unnamed; sponsor-funded/authored; post hoc proptosis exclusions highly exploratory.
NCT06248619,ClinicalTrials.gov,https://clinicaltrials.gov/study/NCT06248619,Teprotumumab,,Amgen,Amgen,Active moderate-to-severe TED,IGF-1R inhibition,PHASE3,ACTIVE_NOT_RECRUITING,2024-07-05,2025-12-23,Argentina; Australia; Canada; France; Germany; Italy; Japan; Spain; Taiwan; United Kingdom; United States,Adults primary,active_moderate_severe,89,,,RANDOMIZED PARALLEL,TRIPLE,Teprotumumab; Placebo,See official registry record,Registry-defined; verify per protocol,See arms,Proptosis responder rate (percentage of participants with a ≥ 2-mm reduction from baseline in proptosis in the study eye without deterioration [≥ 2-mm increase] of proptosis in the fellow eye).,"Mean change from Baseline in proptosis measurement in the study eye; Overall responder rate (percentage of participants with ≥ 2-point reduction in CAS AND ≥ 2-mm reduction in proptosis from Baseline, provided there is no corresponding deterioration [≥ 2-point/mm increase] in CAS or proptosis in the fellow eye); Percentage of participants with a CAS value of 0 or 1; Change from Baseline in diplopia as ordinal response categories; Diplopia responder rate, defined as the percentage of participants with Baseline binocular diplopia > 0 who have a reduction of ≥ 1 grade",Protocol-defined,No posted in-scope efficacy result at cutoff.,No manually curated public result at cutoff.,Not established from posted results.,,Official registry protocol,ClinicalTrials.gov; NCT06248619,official_registry_full_record,2026-09-10,disease-directed drug/biologic/supplement trial
NCT06307613,ClinicalTrials.gov,https://clinicaltrials.gov/study/NCT06307613,Efgartigimod PH20 SC,,argenx,argenx,Active moderate-to-severe TED,FcRn inhibition,PHASE3,TERMINATED,2024-03-27,2025-12-15,Australia; Belgium; Bulgaria; China; Czechia; Estonia; Germany; Greece; Hungary; Italy; Romania; Singapore; Spain; Thailand; United Kingdom; United States,Adults primary,active_moderate_severe,102,,,RANDOMIZED PARALLEL,QUADRUPLE,Efgartigimod arm; Placebo arm,See official registry record,Registry-defined; verify per protocol,See arms,Percentage of participants who were proptosis responders,Change in proptosis measurement in the study eye from baseline; Change in the total Graves' Orbitopathy Quality of Life (GO-QoL) score from baseline; Percentage of participants with a resolution of diplopia (responders),Protocol-defined,No posted in-scope efficacy result at cutoff.,No manually curated public result at cutoff.,Not established from posted results.,,Official registry protocol,ClinicalTrials.gov; NCT06307613,official_registry_full_record,2026-09-10,"The pre-defined interim analysis concluded that continuing the trials is unlikely to demonstrate the intended efficacy. This decision is not related to safety concerns, and the safety profile of efgartigimod remains unchanged.; disease-directed drug/biologic/supplement trial"
NCT06307626,ClinicalTrials.gov,https://clinicaltrials.gov/study/NCT06307626,Efgartigimod PH20 SC,,argenx,argenx,Active moderate-to-severe TED,FcRn inhibition,PHASE3,TERMINATED,2024-03-28,2025-12-15,Austria; Bulgaria; China; France; Georgia; Germany; Italy; Japan; Latvia; Poland; Serbia; Slovenia; Spain; Sweden; Switzerland; Turkey (Türkiye); United Kingdom; United States,Adults primary,active_moderate_severe,105,,,RANDOMIZED PARALLEL,QUADRUPLE,Efgartigimod arm; Placebo arm,See official registry record,Registry-defined; verify per protocol,See arms,Percentage of participants who were proptosis responders,Change in proptosis measurement in the study eye from baseline; Change in the total Graves' Orbitopathy Quality of Life (GO-QoL) score from baseline; Percentage of participants with a resolution of diplopia (responders),Protocol-defined,No posted in-scope efficacy result at cutoff.,No manually curated public result at cutoff.,Not established from posted results.,,Official registry protocol,ClinicalTrials.gov; NCT06307626,official_registry_full_record,2026-09-10,"The pre-defined interim analysis concluded that continuing the trials is unlikely to demonstrate the intended efficacy. This decision is not related to safety concerns, and the safety profile of efgartigimod remains unchanged; disease-directed drug/biologic/supplement trial"
NCT06392906,ClinicalTrials.gov,https://clinicaltrials.gov/study/NCT06392906,Short course radiation therapy; Standard course radiation therapy,,Janjira Petsuksiri,Janjira Petsuksiri,Active moderate-to-severe TED,Other / mechanism not registry-specified,PHASE3,RECRUITING,2024-07-11,2028-04-30,Thailand,Adults primary,active_moderate_severe,68,,,RANDOMIZED PARALLEL,NONE,1 week external beam radiation therapy; 2 week external beam radiation therapy,See official registry record,Registry-defined; verify per protocol,See arms,Clinical Activity Score (CAS) change,muscle and retrobulbar fat volume change; change in diplopia; change in quality of life; Radiation toxicities; Visual acuity (VA),Protocol-defined,No posted in-scope efficacy result at cutoff.,No manually curated public result at cutoff.,Not established from posted results.,"Hoang TD, Stocker DJ, Chou EL, Burch HB. 2022 Update on Clinical Management of Graves Disease and Thyroid Eye Disease. Endocrinol Metab Clin North Am. 2022 Jun;51(2):287-304. doi: 10.1016/j.ecl.2021.12.004. Epub 2022 May 11.; San Miguel I, Arenas M, Carmona R, Rutllan J, Medina-Rivero F, Lara P. Review of the treatment of Graves' ophthalmopathy: The role of the new radiation techniques. Saudi J Ophthalmol. 2018 Apr-Jun;32(2):139-145. doi: 10.1016/j.sjopt.2017.09.003. Epub 2017 Sep 21.; Bartalena L, Kahaly GJ, Baldeschi L, Dayan CM, Eckstein A, Marcocci C, Marino M, Vaidya B, Wiersinga WM; EUGOGO dagger. The 2021 European Group on Graves' orbitopathy (EUGOGO) clinical practice guidelines for the medical management of Graves' orbitopathy. Eur J Endocrinol. 2021 Aug 27;185(4):G43-G67. doi: 10.1530/EJE-21-0479.; Marcocci C, Bartalena L, Bogazzi F, Bruno-Bossio G, Lepri A, Pinchera A. Orbital radiotherapy combined with high dose systemic glucocorticoids for Graves' ophthalmopathy is more effective than radiotherapy alone: results of a prospective randomized study. J Endocrinol Invest. 1991 Nov;14(10):853-60. doi: 10.1007/BF03347943.; Torres Royo L, Antelo Redondo G, Arquez Pianetta M, Arenas Prat M. Low-Dose radiation therapy for benign pathologies. Rep Pract Oncol Radiother. 2020 Mar-Apr;25(2):250-254. doi: 10.1016/j.rpor.2020.02.004. Epub 2020 Feb 22.; Abdus-Salam AA, Olabumuyi AA, Jimoh MA, Folorunso SA, Orekoya AA. The role of radiation treatment in the management of inflammatory musculoskeletal conditions: a revisit. Radiat Oncol J. 2020 Sep;38(3):151-161. doi: 10.3857/roj.2020.00178. Epub 2020 Jun 18.; Weissmann T, Lettmaier S, Donaubauer AJ, Bert C, Schmidt M, Kruse F, Ott O, Hecht M, Fietkau R, Frey B, Putz F. Low- vs. high-dose radiotherapy in Graves' ophthalmopathy: a retrospective comparison of long-term results. Strahlenther Onkol. 2021 Oct;197(10):885-894. doi: 10.1007/s00066-021-01770-9. Epub 2021 Apr 16.; Johnson KT, Wittig A, Loesch C, Esser J, Sauerwein W, Eckstein AK. A retrospective study on the efficacy of total absorbed orbital doses of 12, 16 and 20 Gy combined with systemic steroid treatment in patients with Graves' orbitopathy. Graefes Arch Clin Exp Ophthalmol. 2010 Jan;248(1):103-9. doi: 10.1007/s00417-009-1214-3. Epub 2009 Oct 29.; Kahaly GJ, Rosler HP, Pitz S, Hommel G. Low- versus high-dose radiotherapy for Graves' ophthalmopathy: a randomized, single blind trial. J Clin Endocrinol Metab. 2000 Jan;85(1):102-8. doi: 10.1210/jcem.85.1.6257.; Kim M, Chang JH, Lee NK. Quantitative analysis of extraocular muscle volume and exophthalmos reduction after radiation therapy to treat Graves' ophthalmopathy: A pilot study. Eur J Ophthalmol. 2021 Mar;31(2):340-345. doi: 10.1177/1120672119873841. Epub 2019 Sep 9.; Lumyongsatien M, Keeratidamkerngsakul B, Pornpanich K, Vangveeravong S, Saonanon P, Wiwatwongwana D, Mahaisavariya P, Aryasit O, Pongpirul K. Development and psychometric properties of the Thai Graves' ophthalmopathy quality of life (GO-QOL) questionnaire. J Patient Rep Outcomes. 2019 Dec 31;4(1):1. doi: 10.1186/s41687-019-0164-8.",Official registry protocol,ClinicalTrials.gov; NCT06392906,official_registry_full_record,2026-09-10,disease-directed standard-of-care or regimen-optimization trial
NCT06401044,ClinicalTrials.gov,https://clinicaltrials.gov/study/NCT06401044,AMG 732,,Amgen,Amgen,Active moderate-to-severe TED,IGF-1R inhibition,PHASE1; PHASE2,ACTIVE_NOT_RECRUITING,2024-05-30,2027-01-06,Australia; Canada; France; Germany; Greece; Italy; Japan; Poland; Singapore; Spain; Taiwan; United States,Adults primary,active_moderate_severe,94,,,RANDOMIZED SEQUENTIAL,DOUBLE,Part A: AMG 732; Part A: Placebo; Part B: AMG 732 Low Dose; Part B: AMG 732 Medium Dose; Part B: AMG 732 High Dose; Part B: Placebo,See official registry record,Registry-defined; verify per protocol,See arms,Part A: Number of Participants With Treatment-emergent Adverse Events; Part B: Change from Baseline in Proptosis Measurement by an Exophthalmometer in the Study Eye,Part A: Maximum Observed Plasma Concentration (Cmax) of AMG 732; Part A: Time to Cmax (Tmax) of AMG 732; Part A: Area Under the Plasma Concentration-time Curve (AUC) of AMG 732; Part A: Half-life (t1/2) of AMG 732; Part A: Number of Participants With Anti-drug Antibodies (ADAs),Protocol-defined,No posted in-scope efficacy result at cutoff.,No manually curated public result at cutoff.,Not established from posted results.,,Official registry protocol,ClinicalTrials.gov; NCT06401044,official_registry_full_record,2026-09-10,named investigational disease-directed asset; comparator treatment does not determine asset class
NCT06510114,ClinicalTrials.gov,https://clinicaltrials.gov/study/NCT06510114,methylprednisolone(daily scheme); methylprednisolone(weekly scheme),,"Third Affiliated Hospital, Sun Yat-Sen University","Third Affiliated Hospital, Sun Yat-Sen University",Active moderate-to-severe TED,Glucocorticoid,PHASE4,NOT_YET_RECRUITING,2024-07,2026-06,,Adults primary,active_moderate_severe,150,,,RANDOMIZED PARALLEL,NONE,Group A; Group B,See official registry record,Registry-defined; verify per protocol,See arms,the overall response rate at 24 week,Changes of clinical activity score (CAS) from baseline to 24 week; changes of quality of life score (QoF-s) from baseline to 24 week; changes of exophthalmos from baseline to 24 week; changes of width of the eyelid from baseline to 24 week; changes of diplopia grade from baseline to 24 week,Protocol-defined,No posted in-scope efficacy result at cutoff.,No manually curated public result at cutoff.,Not established from posted results.,,Official registry protocol,ClinicalTrials.gov; NCT06510114,official_registry_full_record,2026-09-10,disease-directed standard-of-care or regimen-optimization trial
NCT06557850,ClinicalTrials.gov,https://clinicaltrials.gov/study/NCT06557850,Lu AG22515,,H. Lundbeck A/S,H. Lundbeck A/S,Active moderate-to-severe TED,CD40L blockade,PHASE1,ACTIVE_NOT_RECRUITING,2024-09-19,2026-03-17,Bosnia and Herzegovina; Bulgaria; Poland,Adults primary,active_moderate_severe,20,,,NA SINGLE_GROUP,NONE,Lu AG22515,See official registry record,Registry-defined; verify per protocol,See arms,Change in Proptosis from Baseline to Week 24 in the Trial Eye Using the Hertel Exophthalmometer,Cmax: Maximum Observed Serum Concentration of Lu AG22515; Tmax: Time to Maximum Observed Cmax of Lu AG22515; Ctrough: Minimum Observed Serum Concentration of Lu AG22515; AUC0-infinity: Area Under the Plasma Concentration Versus Time Curve From Zero to Infinity of Lu AG22515; t½: Apparent Elimination Half-life of Lu AG22515,Protocol-defined,No posted in-scope efficacy result at cutoff.,No manually curated public result at cutoff.,Not established from posted results.,,Official registry protocol,ClinicalTrials.gov; NCT06557850,official_registry_full_record,2026-09-10,named investigational disease-directed asset; comparator treatment does not determine asset class
NCT06569758,ClinicalTrials.gov,https://clinicaltrials.gov/study/NCT06569758,GenSci098; GenSci098 Placebo,,"Changchun GeneScience Pharmaceutical Co., Ltd.","Changchun GeneScience Pharmaceutical Co., Ltd.",Active moderate-to-severe TED,TSHR blockade / antagonism,PHASE1,RECRUITING,2024-09-24,2027-09-02,China,Adults primary,active_moderate_severe,76,,,RANDOMIZED SEQUENTIAL,QUADRUPLE,GenSci098; GenSci098 Placebo,See official registry record,Registry-defined; verify per protocol,See arms,"Incidence and severity of adverse events (AEs) (physical examination, vital signs, laboratory tests, 12-lead electrocardiogram [ECG]).","PK parameters after single and multiple subcutaneous doses of GenSci098: maximum concentration at steady state (Cmax,ss);; PK parameters after single and multiple subcutaneous doses of GenSci098: minimum concentration at steady state (Cmin,ss);; PK parameters after single and multiple subcutaneous doses of GenSci098: time to maximum concentration at steady state (Tmax,ss);; PK parameters after single and multiple subcutaneous doses of GenSci098: average concentration at steady state (Cav,ss);; PK parameters after single and multiple subcutaneous doses of GenSci098: area under the concentration-time curve at steady state (AUC0-τ,ss);",Protocol-defined,No posted in-scope efficacy result at cutoff.,No manually curated public result at cutoff.,Not established from posted results.,,Official registry protocol,ClinicalTrials.gov; NCT06569758,official_registry_full_record,2026-09-10,direct TSHR/anti-TSHR or TSHR-antigen-specific program in the core R&D scope
NCT06625411,ClinicalTrials.gov,https://clinicaltrials.gov/study/NCT06625411,VRDN-003,,"Viridian Therapeutics, Inc.","Viridian Therapeutics, Inc.",Active moderate-to-severe TED,IGF-1R inhibition,PHASE3,ACTIVE_NOT_RECRUITING,2024-08-27,2026-02-12,Germany; Hungary; Netherlands; Spain; United States,Adults primary,active_moderate_severe,132,,,RANDOMIZED PARALLEL,TRIPLE,VRDN-003 every 4 weeks; VRDN-003 every 8 weeks; Placebo every 4 weeks,See official registry record,Registry-defined; verify per protocol,See arms,Proptosis Responder Rate in the most proptotic eye as measured by exophtalmometer,Change from baseline in proptosis in the most proptotic eye as measured by exophthalmometer; Proptosis Responder Rate in the most proptotic eye as measured by MRI; Change from baseline in proptosis in the most proptotic eye as measured by MRI; Overall Responder Rate in the most proptotic eye as measured by exophthalmometer; Change from baseline in Clinical Activity Score (CAS) in the most proptotic eye (as measured by exophthalmometer),Protocol-defined,No posted in-scope efficacy result at cutoff.,No manually curated public result at cutoff.,Not established from posted results.,,Official registry protocol,ClinicalTrials.gov; NCT06625411,official_registry_full_record,2026-09-10,disease-directed drug/biologic/supplement trial
NCT06693856,ClinicalTrials.gov,https://clinicaltrials.gov/study/NCT06693856,High-Dose Methylprednisolone; Low-Dose Methylprednisolone,,Zou Junjie,Zou Junjie,Active moderate-to-severe TED,Glucocorticoid,NA,ENROLLING_BY_INVITATION,2025-01-01,2026-06-30,China,Adults primary,active_moderate_severe,120,,,RANDOMIZED SINGLE_GROUP,NONE,a high-dose group; a low-dose group,See official registry record,Registry-defined; verify per protocol,See arms,"Overall Response Rate, ORR",CAS and proptosis; Clinical Activity Score; proptosis,Protocol-defined,No posted in-scope efficacy result at cutoff.,No manually curated public result at cutoff.,Not established from posted results.,,Official registry protocol,ClinicalTrials.gov; NCT06693856,official_registry_full_record,2026-09-10,disease-directed standard-of-care or regimen-optimization trial
NCT06927375,ClinicalTrials.gov,https://clinicaltrials.gov/study/NCT06927375,Tocilizumab(400mg) combined with Flupentixol Melitracen(0.5mg:10mg); Tocilizumab(400mg),,Shanghai Ninth People's Hospital Affiliated to Shanghai Jiao Tong University,Shanghai Ninth People's Hospital Affiliated to Shanghai Jiao Tong University,Active moderate-to-severe TED,IL-6 / IL-6R blockade,PHASE4,RECRUITING,2024-12-12,2025-11-12,China,Adults primary,active_moderate_severe,60,,,RANDOMIZED PARALLEL,SINGLE,Tocilizumab combined with Flupentixol Melitracen; Tocilizumab,See official registry record,Registry-defined; verify per protocol,See arms,comprehensive score,Go-qol; TED-QoL; CAS Decrease by ≥2 Points; CAS Change Value; Diplopia Improvement,Protocol-defined,No posted in-scope efficacy result at cutoff.,No manually curated public result at cutoff.,Not established from posted results.,,Official registry protocol,ClinicalTrials.gov; NCT06927375,official_registry_full_record,2026-09-10,disease-directed drug/biologic/supplement trial
NCT06989918,ClinicalTrials.gov,https://clinicaltrials.gov/study/NCT06989918,MHB018A; MHB018A placebo,,Minghui Pharmaceutical (Hangzhou) Ltd,Minghui Pharmaceutical (Hangzhou) Ltd,Active moderate-to-severe TED,IGF-1R inhibition,PHASE3,RECRUITING,2025-07-22,2026-07-31,China,Adults primary,active_moderate_severe,108,,,RANDOMIZED PARALLEL,QUADRUPLE,MHB018A; MHB018A Placebo,See official registry record,Registry-defined; verify per protocol,See arms,Proptosis Responder Rate at Week 24,Overall response rate; Change in proptosis; Percentage of subjects with CAS of 0 or 1; Change in CAS; Diplopia response rate,Protocol-defined,No posted in-scope efficacy result at cutoff.,No manually curated public result at cutoff.,Not established from posted results.,,Official registry protocol,ClinicalTrials.gov; NCT06989918,official_registry_full_record,2026-09-10,named investigational disease-directed asset; comparator treatment does not determine asset class
NCT07152340,ClinicalTrials.gov,https://clinicaltrials.gov/study/NCT07152340,IBI311; Glucocorticoids,,Shanghai Changzheng Hospital,Shanghai Changzheng Hospital,Active moderate-to-severe TED,IGF-1R inhibition,PHASE4,RECRUITING,2025-04-10,2027-04-30,China,Adults primary,active_moderate_severe,64,,,NON_RANDOMIZED PARALLEL,NONE,IBI311; Glucocorticoid,See official registry record,Registry-defined; verify per protocol,See arms,Percentage of participants who were overall treatment responders ater 4 times and at the end of treatment; Percentage of participants who were CAS categorical responders after 4 times and at the end of the treatment; Percentage of participants who were diplopia responders after 4 times and at the end of the treatment; Percentage of participants who were proptosis responders after 4 times and and the end of the treatment; Percentage of participants who were ATA categorical responders after 4 times and at the end of the treatment,Incidence and characterization of nonserious treatment emergent adverse events (TEAEs) during the treatment; change of GO-QoL from baseline after 4 times and at the end of the treatment; Changes of the visual field in the dark areas from baseline after 4 times and at the end of the treatment,Protocol-defined,No posted in-scope efficacy result at cutoff.,No manually curated public result at cutoff.,Not established from posted results.,,Official registry protocol,ClinicalTrials.gov; NCT07152340,official_registry_full_record,2026-09-10,disease-directed standard-of-care or regimen-optimization trial
NCT07152366,ClinicalTrials.gov,https://clinicaltrials.gov/study/NCT07152366,IBI311; Glucocorticoids,,Shanghai Changzheng Hospital,Shanghai Changzheng Hospital,Active moderate-to-severe TED,IGF-1R inhibition,PHASE4,RECRUITING,2025-04-15,2027-05-31,China,Adults primary,active_moderate_severe,96,,,NON_RANDOMIZED PARALLEL,NONE,GC≥6g : IBI311; GC<6g : IBI311; GC<6g : Glucocorticoid,See official registry record,Registry-defined; verify per protocol,See arms,Percentage of participants who were overall treatment responders after 4 times and at the end of treatment; Percentage of participants who were CAS categorical responders after 4 times and at the end of the treatment; Incidence and characterization of nonserious treatment emergent adverse events (TEAEs) during the treatment,Percentage of participants who were diplopia responders after 4 times and at the end of the treatment; Percentage of participants who were proptosis responders after 4 times and and the end of the treatment; Percentage of participants who were ATA categorical responders after 4 times and at the end of the treatment; Change of GO-QoL from baseline after 4 times and at the end of the treatment; Changes of the visual field in the dark areas from baseline after 4 times and at the end of the treatment,Protocol-defined,No posted in-scope efficacy result at cutoff.,No manually curated public result at cutoff.,Not established from posted results.,,Official registry protocol,ClinicalTrials.gov; NCT07152366,official_registry_full_record,2026-09-10,disease-directed standard-of-care or regimen-optimization trial
NCT07211776,ClinicalTrials.gov,https://clinicaltrials.gov/study/NCT07211776,ZL-1109 (VRDN-003),,"Zai Lab (Shanghai) Co., Ltd.","Zai Lab (Shanghai) Co., Ltd.",Active moderate-to-severe TED,IGF-1R inhibition,PHASE3,ACTIVE_NOT_RECRUITING,2025-12-05,2027-03-14,China,Adults primary,active_moderate_severe,108,,,RANDOMIZED PARALLEL,TRIPLE,Randomized controlled period: ZL-1109 every 4 weeks; Randomized controlled period: ZL-1109 every 8 weeks; Randomized controlled period: Placebo every 4 weeks; OLE treatment period: ZL-1109 every 4 weeks,See official registry record,Registry-defined; verify per protocol,See arms,Proptosis Responder Rate in the study eye,Change from baseline in proptosis in the study eye; Overall Responder Rate in the study eye; Change from baseline in Clinical Activity Score (CAS) in the study eye; Proportion of participants with a Clinical Activity Score (CAS) of 0 or 1 in the study eye; Diplopia Responder Rate for participants with baseline Diplopia Score greater than 0,Protocol-defined,No posted in-scope efficacy result at cutoff.,No manually curated public result at cutoff.,Not established from posted results.,,Official registry protocol,ClinicalTrials.gov; NCT07211776,official_registry_full_record,2026-09-10,disease-directed drug/biologic/supplement trial
NCT07265258,ClinicalTrials.gov,https://clinicaltrials.gov/study/NCT07265258,Teprotumumab N01; Methylprednisolone,,Innovent Biologics (Suzhou) Co. Ltd.,Innovent Biologics (Suzhou) Co. Ltd.,Active moderate-to-severe TED,IGF-1R inhibition,PHASE4,RECRUITING,2026-07-30,2028-06-30,China,Adults primary,active_moderate_severe,92,,,RANDOMIZED PARALLEL,NONE,Intravenous glucocorticoid (IVGC) group; Teprotumumab N01 group,See official registry record,Registry-defined; verify per protocol,See arms,The proptosis responder rate of the study eye,Change from baseline in proptosis of the study eye; The overall response rate of the study eye; Change from baseline in proptosis of the study eye on MRI imaging; The proptosis response rate of the study eye; The composite effective rate of the study eye,Protocol-defined,No posted in-scope efficacy result at cutoff.,No manually curated public result at cutoff.,Not established from posted results.,"Zhang H, Sun J, Li Y, Huang Y, Zhang S, Zhong S, Deng J, Zhu B, Lu S, Zhang W, Han-Zhang H, Jin Y, Qian L, Zhou H, Fan X. Head-to-Head Comparison of an IGF-1R Inhibitor Versus Intravenous Glucocorticoid for Active Thyroid Eye Disease: Design of a Randomized Clinical Trial. Ophthalmol Ther. 2026 Jul 14. doi: 10.1007/s40123-026-01451-9. Online ahead of print.",Official registry protocol,ClinicalTrials.gov; NCT07265258,official_registry_full_record,2026-09-10,disease-directed standard-of-care or regimen-optimization trial
NCT07547930,ClinicalTrials.gov,https://clinicaltrials.gov/study/NCT07547930,Tofacitinib,,The First Affiliated Hospital of Xiamen University,The First Affiliated Hospital of Xiamen University,Active moderate-to-severe TED,JAK inhibition,PHASE2,RECRUITING,2026-04-24,2027-12-30,China,Adults primary,active_moderate_severe,8,,,NA SINGLE_GROUP,NONE,Tofacitinib Treatment Group,See official registry record,Registry-defined; verify per protocol,See arms,Overall Response Rate (ORR),Change in Proptosis; Change in Clinical Activity Score (CAS); Diplopia Response; Change in Graves' Orbitopathy Quality of Life (GO-QOL) Score; Incidence of Adverse Events,Protocol-defined,No posted in-scope efficacy result at cutoff.,No manually curated public result at cutoff.,Not established from posted results.,"Kim W, Seo MK, Kim YJ, Choi SH, Ku CR, Kim S, Lee EJ, Yoon JS. Role of the suppressor of cytokine signaling-3 in the pathogenesis of Graves' orbitopathy. Front Endocrinol (Lausanne). 2025 Mar 4;16:1527275. doi: 10.3389/fendo.2025.1527275. eCollection 2025.; Ghahvehchian H, Eshraghi B. Tofacitinib for Refractory Thyroid Eye Disease. JAMA Ophthalmol. 2025 Dec 1;143(12):1073-1075. doi: 10.1001/jamaophthalmol.2025.3974.; Wiersinga WM, Eckstein AK, Zarkovic M. Thyroid eye disease (Graves' orbitopathy): clinical presentation, epidemiology, pathogenesis, and management. Lancet Diabetes Endocrinol. 2025 Jul;13(7):600-614. doi: 10.1016/S2213-8587(25)00066-X. Epub 2025 May 2.; Bartalena L, Kahaly GJ, Baldeschi L, Dayan CM, Eckstein A, Marcocci C, Marino M, Vaidya B, Wiersinga WM; EUGOGO dagger. The 2021 European Group on Graves' orbitopathy (EUGOGO) clinical practice guidelines for the medical management of Graves' orbitopathy. Eur J Endocrinol. 2021 Aug 27;185(4):G43-G67. doi: 10.1530/EJE-21-0479.",Official registry protocol,ClinicalTrials.gov; NCT07547930,official_registry_full_record,2026-09-10,disease-directed drug/biologic/supplement trial
NCT07597200,ClinicalTrials.gov,https://clinicaltrials.gov/study/NCT07597200,Cizutamig will be dosed according to the protocol.,,Candid Therapeutics,Candid Therapeutics,Active moderate-to-severe TED,BCMA×CD3 T-cell engager / plasma-cell and B-lineage depletion,PHASE1,RECRUITING,2026-05-08,2028-05-31,China,Adults primary,active_moderate_severe,38,,,NA SINGLE_GROUP,NONE,Cizutamig,See official registry record,Registry-defined; verify per protocol,See arms,Incidence and severity of treatment-emergent adverse events through end of study; Changes from baseline in vital signs through end of study: body temperature; Changes from baseline in vital signs through end of study: heart rate; Changes from baseline in vital signs through end of study: respiratory rate; Changes from baseline in vital signs through end of study: blood pressure,Pharmacokinetic (PK) parameters for Cizutamig: Cmax; PK parameters for Cizutamig: time of maximum concentration; PK parameters for Cizutamig: area under the concentration-time curve; PK parameters for Cizutamig: clearance; PK parameters for Cizutamig: volume of distribution,Protocol-defined,No posted in-scope efficacy result at cutoff.,No manually curated public result at cutoff.,Not established from posted results.,,Official registry protocol,ClinicalTrials.gov; NCT07597200,official_registry_full_record,2026-09-10,named investigational disease-directed asset; comparator treatment does not determine asset class
NCT07622108,ClinicalTrials.gov,https://clinicaltrials.gov/study/NCT07622108,MHB018A; MHB018A placebo,,Minghui Pharmaceutical (Hangzhou) Ltd,Minghui Pharmaceutical (Hangzhou) Ltd,Active moderate-to-severe TED,IGF-1R inhibition,PHASE3,NOT_YET_RECRUITING,2026-12,2028-07,,Adults primary,active_moderate_severe,84,,,RANDOMIZED PARALLEL,QUADRUPLE,MHB018A; MHB018A Placebo,See official registry record,Registry-defined; verify per protocol,See arms,Proptosis response rate at Week 24,Overall response rate; Change in proptosis; Percentage of subjects with CAS of 0 or 1; Change in CAS; Diplopia response rate,Protocol-defined,No posted in-scope efficacy result at cutoff.,No manually curated public result at cutoff.,Not established from posted results.,,Official registry protocol,ClinicalTrials.gov; NCT07622108,official_registry_full_record,2026-09-10,named investigational disease-directed asset; comparator treatment does not determine asset class
NCT07622368,ClinicalTrials.gov,https://clinicaltrials.gov/study/NCT07622368,IBI3031,,Innovent Biologics (Suzhou) Co. Ltd.,Innovent Biologics (Suzhou) Co. Ltd.,Active moderate-to-severe TED,Dual IGF-1R/TSHR blockade,PHASE1,RECRUITING,2026-06-30,2027-06-15,China,Adults primary,active_moderate_severe,66,,,RANDOMIZED PARALLEL,TRIPLE,SAD Dose 4 - Placebo Control Group; MAD Dose 2- IBI3031A101 Treatment Group; SAD Dose 4 - IBI3031A101 Treatment Group; MAD Dose 1 - Placebo Control Group; MAD Dose 1- IBI3031A101 Treatment Group; MAD Dose 3 - Placebo Control Group; SAD Dose 5 - IBI3031A101 Treatment Group; MAD Dose 2 - Placebo Control Group; SAD - Dose 1 - Placebo Control Group; SAD Dose 3 - IBI3031A101 Treatment Group; SAD Dose 2 - IBI3031A101 Treatment Group; SAD Dose 5 - Placebo Control Group; SAD Dose 3 - Placebo Control Group; MAD Dose 3- IBI3031A101 Treatment Group; SAD - Dose 2 - Placebo Control Group; SAD Dose 1 - IBI3031A101 Treatment Group,See official registry record,Registry-defined; verify per protocol,See arms,"Number, incidence rate, severity, and association with the study drug of Adverse Events (AEs); Number, incidence rate, severity, and association with the study drug of Treatment-Emergent Adverse Events (TEAEs); Number, incidence rate, severity, and association with the study drug of Serious Adverse Events (SAEs); Change in systolic and diastolic blood pressure after dosing in each dose group(Unit of Measure: mmHg); Number of participants with clinically significant abnormal findings in complete physical examination(Unit of Measure: participants)",Area Under the Curve (AUC) of the serum concentration-time profile; Maximum Concentration (Cmax) of the drug in serum; Clearance (CL); Volume of Distribution (Vd); Elimination Half-life (t1/2),Protocol-defined,No posted in-scope efficacy result at cutoff.,No manually curated public result at cutoff.,Not established from posted results.,,Official registry protocol,ClinicalTrials.gov; NCT07622368,official_registry_full_record,2026-09-10,named investigational disease-directed asset; comparator treatment does not determine asset class
NCT07720635,ClinicalTrials.gov,https://clinicaltrials.gov/study/NCT07720635,KHN939,,"Beijing Kanghong Biological Medicine Co., Ltd.","Beijing Kanghong Biological Medicine Co., Ltd.",Active moderate-to-severe TED,Target not publicly verified,PHASE3,NOT_YET_RECRUITING,2026-08,2027-04,China,Adults primary,active_moderate_severe,60,,,RANDOMIZED PARALLEL,QUADRUPLE,KHN939 20 mg/kg; Placebo,See official registry record,Registry-defined; verify per protocol,See arms,The proptosis responder rate of the study eye,Proptosis responder rate in the study eye; Overall responder rate in the study eye; Change from baseline in proptosis measurement of the study eye; Change in Quality of Life (GO-QoL) Scores; Change from baseline in Clinical Activity Score (CAS) in the study eye,Protocol-defined,No posted in-scope efficacy result at cutoff.,No manually curated public result at cutoff.,Not established from posted results.,,Official registry protocol,ClinicalTrials.gov; NCT07720635,official_registry_full_record,2026-09-10,named investigational disease-directed asset; comparator treatment does not determine asset class
NCT07753603,ClinicalTrials.gov,https://clinicaltrials.gov/study/NCT07753603,linsitinib,,"Sling Therapeutics, Inc.","Sling Therapeutics, Inc.",Active moderate-to-severe TED,IGF-1R inhibition,PHASE3,RECRUITING,2026-08-04,2028-06-30,United States,Adults primary,active_moderate_severe,130,,,RANDOMIZED PARALLEL,QUADRUPLE,Double-mask Treatment Arm; Double-mask Placebo Arm; Open-label Extension Treatment Arm,See official registry record,Registry-defined; verify per protocol,See arms,Measure percentage of participants who are Proptosis Responders at Week 24,Mean change from Baseline in Proptosis to Week 24; Evaluate the effect of linsitinib 150 mg twice daily versus placebo on the overall responder rate at Week 24; Evaluate the effect of linsitinib 150 mg twice daily versus placebo on the mean change from Baseline to Week 24 in the GO-QoL questionnaire overall score.; Evaluate the effect of linsitinib 150 mg twice daily versus placebo on the percentage of participants with a CAS value of 0 or 1 at Week 24 in the primary study eye.,Protocol-defined,No posted in-scope efficacy result at cutoff.,No manually curated public result at cutoff.,Not established from posted results.,,Official registry protocol,ClinicalTrials.gov; NCT07753603,official_registry_full_record,2026-09-10,disease-directed drug/biologic/supplement trial
NCT07762105,ClinicalTrials.gov,https://clinicaltrials.gov/study/NCT07762105,Atorvastatin; methylprednisolone (IVMP),,Banu Aji Dibyasakti,Banu Aji Dibyasakti,Active moderate-to-severe TED,Glucocorticoid,PHASE1,NOT_YET_RECRUITING,2026-08-30,2027-07-30,Indonesia,Adults primary,active_moderate_severe,64,,,RANDOMIZED PARALLEL,DOUBLE,Methylprednisolone only; Methylprednisolone plus Atorvastatin,See official registry record,Registry-defined; verify per protocol,See arms,Individual rectus muscle diameters,"Composite ocular response; Clinical activity score; Exophthalmos, clinical; Exophthalmos, radiological; Vertical palpebral fissure height",Protocol-defined,No posted in-scope efficacy result at cutoff.,No manually curated public result at cutoff.,Not established from posted results.,,Official registry protocol,ClinicalTrials.gov; NCT07762105,official_registry_full_record,2026-09-10,disease-directed standard-of-care or regimen-optimization trial
NCT02059655,ClinicalTrials.gov,https://clinicaltrials.gov/study/NCT02059655,Bimatoprost; Eye drop solution,,Cardiff University,Cardiff University,Chronic/inactive TED,Other / mechanism not registry-specified,PHASE4,COMPLETED,2014-11,2016-03,United Kingdom,Adults primary,chronic_inactive,31,,,RANDOMIZED CROSSOVER,QUADRUPLE,Eye drop solution; Bimatoprost,See official registry record,Registry-defined; verify per protocol,See arms,The primary endpoint of this study will be comparison of the change in ophthalmometry readings over the two 3 month treatment periods.,Change in quality of life scores on the TED quality of life questionnaire (GO-QOL); Intraocular pressures; Side effects; Health economic outcomes,Protocol-defined,No posted in-scope efficacy result at cutoff.,No manually curated public result at cutoff.,Not established from posted results.,,Official registry protocol,ClinicalTrials.gov; NCT02059655,official_registry_full_record,2026-09-10,disease-directed drug/biologic/supplement trial
NCT02155049,ClinicalTrials.gov,https://clinicaltrials.gov/study/NCT02155049,bimatoprost 0.03%,,Rabin Medical Center,Rabin Medical Center,Chronic/inactive TED,Other / mechanism not registry-specified,PHASE3,COMPLETED,2014-11,2017-05,Israel,Adults primary,chronic_inactive,10,,,NA SINGLE_GROUP,NONE,Prostaglandin Analogues,See official registry record,Registry-defined; verify per protocol,See arms,Bimatoprost effect on soft tissue amount and exophthalmos in inactive TED patients.,Number of participants with adverse events.,Protocol-defined,No posted in-scope efficacy result at cutoff.,No manually curated public result at cutoff.,Not established from posted results.,,Official registry protocol,ClinicalTrials.gov; NCT02155049,official_registry_full_record,2026-09-10,disease-directed drug/biologic/supplement trial
NCT04583735,ClinicalTrials.gov,https://clinicaltrials.gov/study/NCT04583735,TEPEZZA,,Amgen,Amgen,Chronic/inactive TED,IGF-1R inhibition,PHASE4,COMPLETED,2021-09-02,2023-03-17,United States,Adults primary,chronic_inactive,62,,,RANDOMIZED PARALLEL,QUADRUPLE,TEPEZZA; Placebo,See official registry record,Registry-defined; verify per protocol,See arms,Change From Baseline in Proptosis of Study Eye at Week 24,,Posted result timepoint,"LS change −2.41 vs −0.92 mm; difference −1.48 (95% CI −2.28 to −0.69), p=0.0004.",SAE 1/41 vs 1/20; hyperglycemia 6/41 vs 2/20; hearing impairment 9/41 vs 2/20; muscle spasms 17/41 vs 2/20.,공개 randomized efficacy는 Week 24 중심.,,Registry result + manual curation,[190]; ClinicalTrials.gov; NCT04583735,official_registry_full_record,2026-09-10,"disease-directed drug/biologic/supplement trial; Sponsor participated in design, analysis, interpretation, and writing."
NCT06021054,ClinicalTrials.gov,https://clinicaltrials.gov/study/NCT06021054,Veligrotug,,"Viridian Therapeutics, Inc.","Viridian Therapeutics, Inc.",Chronic/inactive TED,IGF-1R inhibition,PHASE3,COMPLETED,2023-11-01,2024-11-04,Australia; France; Germany; Hungary; Poland; Spain; Turkey (Türkiye); United Kingdom; United States,Adults primary,chronic_inactive,188,,,RANDOMIZED PARALLEL,TRIPLE,Veligrotug; Placebo,See official registry record,Registry-defined; verify per protocol,See arms,Proptosis Responder Rate (PRR) in the Most Proptotic Eye as Measured by Exophthalmometer,"Change From Baseline in Proptosis in the Most Proptotic Eye as Measured by Exophthalmometer; PRR in the Most Proptotic Eye, as Measured by Magnetic Resonance Imaging (MRI)/Computed Tomography (CT); Change From Baseline in Proptosis in the Most Proptotic Eye as Measured by MRI/CT; Clinical Activity Responder Rate in the Most Proptotic Eye as Measured by Exophthalmometer; Overall Responder Rate (ORR) Comprising PRR and Clinical Activity Responder Rate in the Most Proptotic Eye as Measured by Exophthalmometer",Posted result timepoint,"PRR 57.28% vs 8.22%, p<0.0001; RD 49.06 points (95% CI 37.71–60.40); proptosis LS change −2.35 vs −0.46 mm; diplopia response 55.57% vs 24.70%.",Through Week 52: death 1/125 vs 0/63; SAE 10/125 vs 3/63; registry는 death cause/relatedness 미기재.,Efficacy durability beyond Week 15 not posted.,,Registry result + manual curation,[678]; [679]; [712]; ClinicalTrials.gov; NCT06021054,official_registry_full_record,2026-09-10,disease-directed drug/biologic/supplement trial; Death causality를 추론하지 않음; no peer-reviewed full Phase 3 paper found.
NCT06625398,ClinicalTrials.gov,https://clinicaltrials.gov/study/NCT06625398,VRDN-003,,"Viridian Therapeutics, Inc.","Viridian Therapeutics, Inc.",Chronic/inactive TED,IGF-1R inhibition,PHASE3,ACTIVE_NOT_RECRUITING,2024-08-27,2026-03-04,Germany; Hungary; Netherlands; Poland; Spain; United States,Adults primary,chronic_inactive,204,,,RANDOMIZED PARALLEL,TRIPLE,VRDN-003 every 4 weeks; VRDN-003 every 8 weeks; Placebo every 4 weeks,See official registry record,Registry-defined; verify per protocol,See arms,Title: Proptosis Responder Rate in the most proptotic eye as measured by exophtalmometer,Change from baseline in proptosis in the most proptotic eye as measured by exophthalmometer; Proptosis Responder Rate in the most proptotic eye as measured by MRI; Change from baseline in proptosis in the most proptotic eye as measured by MRI; Overall Responder Rate in the most proptotic eye as measured by exophthalmometer; Diplopia Responder Rate for participants with baseline Diplopia Score greater than 0,Protocol-defined,No posted in-scope efficacy result at cutoff.,No manually curated public result at cutoff.,Not established from posted results.,,Official registry protocol,ClinicalTrials.gov; NCT06625398,official_registry_full_record,2026-09-10,disease-directed drug/biologic/supplement trial
NCT07113262,ClinicalTrials.gov,https://clinicaltrials.gov/study/NCT07113262,IBI311,,Innovent Biologics (Suzhou) Co. Ltd.,Innovent Biologics (Suzhou) Co. Ltd.,Chronic/inactive TED,IGF-1R inhibition,PHASE3,RECRUITING,2025-09-10,2026-12-31,China,Adults primary,chronic_inactive,111,,,RANDOMIZED PARALLEL,QUADRUPLE,Teprotumumab N01 injection (code name IBI311); placebo,See official registry record,Registry-defined; verify per protocol,See arms,Proptosis response rate of the study eye,Change from baseline of proptosis in the study eye; Time to first achieve proptosis response in the study eye; Change from baseline in CAS in the study eye; Diplopia responder rate; Proptosis response rate of the fellow eye,Protocol-defined,No posted in-scope efficacy result at cutoff.,No manually curated public result at cutoff.,Not established from posted results.,,Official registry protocol,ClinicalTrials.gov; NCT07113262,official_registry_full_record,2026-09-10,disease-directed drug/biologic/supplement trial
NCT07152392,ClinicalTrials.gov,https://clinicaltrials.gov/study/NCT07152392,IBI311,,Shanghai Changzheng Hospital,Shanghai Changzheng Hospital,Chronic/inactive TED,IGF-1R inhibition,PHASE4,RECRUITING,2025-04-15,2027-07-01,China,Adults primary,chronic_inactive,50,,,NON_RANDOMIZED PARALLEL,NONE,IBI311; Follow-up,See official registry record,Registry-defined; verify per protocol,See arms,Percentage of participants who were diplopia responders after 4 times and at the end of the treatment; Percentage of participants who were proptosis responders after 4 times and and the end of the treatment; Incidence and characterization of nonserious treatment emergent adverse events (TEAEs) during the treatment,Percentage of participants who were ATA categorical responders after 4 times and at the end of the treatment; Change of GO-QoL from baseline after 4 times and at the end of the treatment; Changes of the visual field in the dark areas from baseline after 4 times and at the end of the treatment,Protocol-defined,No posted in-scope efficacy result at cutoff.,No manually curated public result at cutoff.,Not established from posted results.,,Official registry protocol,ClinicalTrials.gov; NCT07152392,official_registry_full_record,2026-09-10,disease-directed drug/biologic/supplement trial
NCT07257185,ClinicalTrials.gov,https://clinicaltrials.gov/study/NCT07257185,MHB018A injection; MHB018A injection Placebo,,Minghui Pharmaceutical (Hangzhou) Ltd,Minghui Pharmaceutical (Hangzhou) Ltd,Chronic/inactive TED,IGF-1R inhibition,PHASE3,RECRUITING,2026-03-17,2027-08-31,China,Adults primary,chronic_inactive,150,,,RANDOMIZED PARALLEL,QUADRUPLE,MHB018A Injection; MHB018A Injection Placebo,See official registry record,Registry-defined; verify per protocol,See arms,Proptosis Responder Rate at Week 24,Overall response rate; Change in proptosis; Percentage of subjects with CAS of 0 or 1; Change in CAS; Diplopia response rate,Protocol-defined,No posted in-scope efficacy result at cutoff.,No manually curated public result at cutoff.,Not established from posted results.,,Official registry protocol,ClinicalTrials.gov; NCT07257185,official_registry_full_record,2026-09-10,named investigational disease-directed asset; comparator treatment does not determine asset class
NCT07622121,ClinicalTrials.gov,https://clinicaltrials.gov/study/NCT07622121,MHB018A injection; MHB018A injection Placebo,,Minghui Pharmaceutical (Hangzhou) Ltd,Minghui Pharmaceutical (Hangzhou) Ltd,Chronic/inactive TED,IGF-1R inhibition,PHASE3,NOT_YET_RECRUITING,2026-12,2028-07,,Adults primary,chronic_inactive,135,,,RANDOMIZED PARALLEL,QUADRUPLE,MHB018A Injection; MHB018A Injection Placebo,See official registry record,Registry-defined; verify per protocol,See arms,Proptosis response rate at Week 24,Overall response rate; Change in proptosis; Percentage of subjects with CAS of 0 or 1; Change in CAS; Diplopia response rate,Protocol-defined,No posted in-scope efficacy result at cutoff.,No manually curated public result at cutoff.,Not established from posted results.,,Official registry protocol,ClinicalTrials.gov; NCT07622121,official_registry_full_record,2026-09-10,named investigational disease-directed asset; comparator treatment does not determine asset class
NCT07720648,ClinicalTrials.gov,https://clinicaltrials.gov/study/NCT07720648,KHN939,,"Beijing Kanghong Biological Medicine Co., Ltd.","Beijing Kanghong Biological Medicine Co., Ltd.",Chronic/inactive TED,Target not publicly verified,PHASE3,NOT_YET_RECRUITING,2026-08,2027-05,China,Adults primary,chronic_inactive,117,,,RANDOMIZED PARALLEL,QUADRUPLE,KHN939 20 mg/kg; Placebo,See official registry record,Registry-defined; verify per protocol,See arms,The proptosis responder rate of the study eye,Proptosis responder rate in the study eye; Change from baseline in proptosis measurement of the study eye; Change in Quality of Life (GO-QoL) Scores; Change from baseline in Clinical Activity Score (CAS) in the study eye; Change from baseline in diplopia score,Protocol-defined,No posted in-scope efficacy result at cutoff.,No manually curated public result at cutoff.,Not established from posted results.,,Official registry protocol,ClinicalTrials.gov; NCT07720648,official_registry_full_record,2026-09-10,named investigational disease-directed asset; comparator treatment does not determine asset class
NCT00145366,ClinicalTrials.gov,https://clinicaltrials.gov/study/NCT00145366,Recombinant human thyrotropin (Thyrogen),,Odense University Hospital,Odense University Hospital,GD / autoimmune hyperthyroidism,Other / mechanism not registry-specified,PHASE2,COMPLETED,2002-04,,Denmark,Adults primary; mixed disease population—GD-stratified inference required,not_applicable,110,,,RANDOMIZED CROSSOVER,DOUBLE,,See official registry record,Registry-defined; verify per protocol,See arms,"Ultrasonography/MR of the thyroid gland/benign goiter, in order to determine thyroid size after intervention.",,Protocol-defined,No posted in-scope efficacy result at cutoff.,No manually curated public result at cutoff.,Not established from posted results.,"Nielsen VE, Bonnema SJ, Boel-Jorgensen H, Grupe P, Hegedus L. Stimulation with 0.3-mg recombinant human thyrotropin prior to iodine 131 therapy to improve the size reduction of benign nontoxic nodular goiter: a prospective randomized double-blind trial. Arch Intern Med. 2006 Jul 24;166(14):1476-82. doi: 10.1001/archinte.166.14.1476.",Official registry protocol,ClinicalTrials.gov; NCT00145366,official_registry_full_record,2026-09-10,disease-directed drug/biologic/supplement trial
NCT00150111,ClinicalTrials.gov,https://clinicaltrials.gov/study/NCT00150111,Methimazole; Rituximab; Immunization with various vaccines,,Odense University Hospital,Odense University Hospital,GD / autoimmune hyperthyroidism,CD20 B-cell depletion,PHASE1; PHASE2,COMPLETED,2003-06,,Denmark,Adults primary,not_applicable,20,,,NON_RANDOMIZED PARALLEL,NONE,,See official registry record,Registry-defined; verify per protocol,See arms,"Time to relapse after cessation of treatment judged at 1, 3, 6, 9 and 12 months post cessation.",Safety; Changes in autoantibodies (monthly); Immunological changes (monthly); Response to vaccines (1 month post-immunization),Protocol-defined,No posted in-scope efficacy result at cutoff.,No manually curated public result at cutoff.,Not established from posted results.,"El Fassi D, Nielsen CH, Hasselbalch HC, Hegedus L. The rationale for B lymphocyte depletion in Graves' disease. Monoclonal anti-CD20 antibody therapy as a novel treatment option. Eur J Endocrinol. 2006 May;154(5):623-32. doi: 10.1530/eje.1.02140.",Official registry protocol,ClinicalTrials.gov; NCT00150111,official_registry_full_record,2026-09-10,disease-directed standard-of-care or regimen-optimization trial
NCT00150124,ClinicalTrials.gov,https://clinicaltrials.gov/study/NCT00150124,MTZ+LT4; Methimazole,,Steen Bonnema,Steen Bonnema,GD / autoimmune hyperthyroidism,Antithyroid drug,PHASE4,COMPLETED,2003-01,2008-12,Denmark,Adults primary; mixed disease population—GD-stratified inference required,not_applicable,100,,,RANDOMIZED PARALLEL,NONE,block-replacement therapy; methimazole,See official registry record,Registry-defined; verify per protocol,See arms,Thyroid function after one year of follow-up,Thyroid radioiodine 131I uptake; Thyroid volume after one year of follow-up,Protocol-defined,No posted in-scope efficacy result at cutoff.,No manually curated public result at cutoff.,Not established from posted results.,"Bonnema SJ, Grupe P, Boel-Jorgensen H, Brix TH, Hegedus L. A randomized trial evaluating a block-replacement regimen during radioiodine therapy. Eur J Clin Invest. 2011 Jul;41(7):693-702. doi: 10.1111/j.1365-2362.2010.02452.x. Epub 2010 Dec 22.",Official registry protocol,ClinicalTrials.gov; NCT00150124,official_registry_full_record,2026-09-10,disease-directed standard-of-care or regimen-optimization trial
NCT00150137,ClinicalTrials.gov,https://clinicaltrials.gov/study/NCT00150137,Methimazole,,Odense University Hospital,Odense University Hospital,GD / autoimmune hyperthyroidism,Antithyroid drug,PHASE4,COMPLETED,2003-01,,Denmark,Adults primary; mixed disease population—GD-stratified inference required,not_applicable,80,,,RANDOMIZED PARALLEL,NONE,,See official registry record,Registry-defined; verify per protocol,See arms,Thyroid function after one year of follow-up,Thyroid radioiodine 131I uptake; Thyroid volume after one year of follow-up,Protocol-defined,No posted in-scope efficacy result at cutoff.,No manually curated public result at cutoff.,Not established from posted results.,,Official registry protocol,ClinicalTrials.gov; NCT00150137,official_registry_full_record,2026-09-10,disease-directed standard-of-care or regimen-optimization trial
NCT00677469,ClinicalTrials.gov,https://clinicaltrials.gov/study/NCT00677469,Cholestyramine; Cholestyramine,,Shiraz University of Medical Sciences,Shiraz University of Medical Sciences,GD / autoimmune hyperthyroidism,Bile-acid sequestration / thyroid hormone clearance,NA,COMPLETED,2007-07,2008-01,Iran,Adults primary,not_applicable,45,,,RANDOMIZED PARALLEL,TRIPLE,I; II; III,See official registry record,Registry-defined; verify per protocol,See arms,,,Protocol-defined,No posted in-scope efficacy result at cutoff.,No manually curated public result at cutoff.,Not established from posted results.,"Kaykhaei MA, Shams M, Sadegholvad A, Dabbaghmanesh MH, Omrani GR. Low doses of cholestyramine in the treatment of hyperthyroidism. Endocrine. 2008 Aug-Dec;34(1-3):52-5. doi: 10.1007/s12020-008-9107-5. Epub 2008 Oct 23.",Official registry protocol,ClinicalTrials.gov; NCT00677469,official_registry_full_record,2026-09-10,disease-directed drug/biologic/supplement trial
NCT00917241,ClinicalTrials.gov,https://clinicaltrials.gov/study/NCT00917241,MMI combined with IID; MMI,,Xiao-Ming Mao,Xiao-Ming Mao,GD / autoimmune hyperthyroidism,Glucocorticoid,PHASE4,COMPLETED,2004-06,2008-12,,Adults primary,not_applicable,218,,,RANDOMIZED PARALLEL,NONE,MMI+IID group; MMI Group,See official registry record,Registry-defined; verify per protocol,See arms,relapse of hyperthyroidism,,Protocol-defined,No posted in-scope efficacy result at cutoff.,No manually curated public result at cutoff.,Not established from posted results.,"Mao XM, Li HQ, Li Q, Li DM, Xie XJ, Yin GP, Zhang P, Xu XH, Wu JD, Chen SW, Wang SK. Prevention of relapse of Graves' disease by treatment with an intrathyroid injection of dexamethasone. J Clin Endocrinol Metab. 2009 Dec;94(12):4984-91. doi: 10.1210/jc.2009-1252. Epub 2009 Oct 22.",Official registry protocol,ClinicalTrials.gov; NCT00917241,official_registry_full_record,2026-09-10,disease-directed drug/biologic/supplement trial
NCT01039818,ClinicalTrials.gov,https://clinicaltrials.gov/study/NCT01039818,Radioiodine; Radioiodine,,Hospital de Clinicas de Porto Alegre,Hospital de Clinicas de Porto Alegre,GD / autoimmune hyperthyroidism,Radioiodine,PHASE3,COMPLETED,1997-02,2011-08,Brazil,Adults primary,not_applicable,30,,,NON_RANDOMIZED PARALLEL,NONE,Radiodine-200µCi; Radiodine-250µCi,See official registry record,Registry-defined; verify per protocol,See arms,"Cure, defined as euthyroidism or permanent hypothyroidism based on FT4 measurements.",Euthyroidism; Permanent hypothyroidism,Protocol-defined,No posted in-scope efficacy result at cutoff.,No manually curated public result at cutoff.,Not established from posted results.,"Andrade VA, Gross JL, Maia AL. Effect of methimazole pretreatment on serum thyroid hormone levels after radioactive treatment in Graves' hyperthyroidism. J Clin Endocrinol Metab. 1999 Nov;84(11):4012-6. doi: 10.1210/jcem.84.11.6149.; Andrade VA, Gross JL, Maia AL. The effect of methimazole pretreatment on the efficacy of radioactive iodine therapy in Graves' hyperthyroidism: one-year follow-up of a prospective, randomized study. J Clin Endocrinol Metab. 2001 Aug;86(8):3488-93. doi: 10.1210/jcem.86.8.7707.; Andrade VA, Gross JL, Maia AL. Serum thyrotropin-receptor autoantibodies levels after I therapy in Graves' patients: effect of pretreatment with methimazole evaluated by a prospective, randomized study. Eur J Endocrinol. 2004 Oct;151(4):467-74. doi: 10.1530/eje.0.1510467.; Andrade VA, Gross JL, Maia AL. [Radioactive iodine therapy in Graves' hyperthyroidism]. Arq Bras Endocrinol Metabol. 2004 Feb;48(1):159-65. doi: 10.1590/s0004-27302004000100017. Epub 2004 Jun 1. Portuguese.; Dora JM, Escouto Machado W, Andrade VA, Scheffel RS, Maia AL. Increasing the radioiodine dose does not improve cure rates in severe graves' hyperthyroidism: a clinical trial with historical control. J Thyroid Res. 2013;2013:958276. doi: 10.1155/2013/958276. Epub 2013 Jul 31.",Official registry protocol,ClinicalTrials.gov; NCT01039818,official_registry_full_record,2026-09-10,disease-directed standard-of-care or regimen-optimization trial
NCT01295333,ClinicalTrials.gov,https://clinicaltrials.gov/study/NCT01295333,the early prophylactic introduction of low dose of LT4 (50 µg/d) at 15 days post-ablation; The initiation of LT4 as soon as the first biological signs of hypothyroidism.,,Assistance Publique Hopitaux De Marseille,Assistance Publique Hopitaux De Marseille,GD / autoimmune hyperthyroidism,Thyroid hormone replacement,PHASE3,COMPLETED,2011-05,2014-11,France,Adults primary,not_applicable,200,,,RANDOMIZED PARALLEL,SINGLE,conventional approach; experimental approach,See official registry record,Registry-defined; verify per protocol,See arms,will assess differences in terms of quality of life at 3 months using a specific questionnaire (ThyPRO).,"compare quality of life outcomes at different study visits (using ThyPRO and SF36), fatigue (MFIS) and depression (Beck), autoimmune parameters (signs of ophthalmopathy, TSH receptor antibodies assessment), efficacy and medico-economic data.",Protocol-defined,No posted in-scope efficacy result at cutoff.,No manually curated public result at cutoff.,Not established from posted results.,,Official registry protocol,ClinicalTrials.gov; NCT01295333,official_registry_full_record,2026-09-10,disease-directed drug/biologic/supplement trial
NCT01534169,ClinicalTrials.gov,https://clinicaltrials.gov/study/NCT01534169,Dexamethasone,,Xiao-Ming Mao,Xiao-Ming Mao,GD / autoimmune hyperthyroidism,Glucocorticoid,PHASE1,COMPLETED,2012-03,2012-03,China,Adults primary,not_applicable,50,,,NA SINGLE_GROUP,DOUBLE,Isotonic Na chloride,See official registry record,Registry-defined; verify per protocol,See arms,Function of Regulatory T Cells,The proportion of Th1 and Th2 cells,Protocol-defined,No posted in-scope efficacy result at cutoff.,No manually curated public result at cutoff.,Not established from posted results.,"Mao XM, Li HQ, Li Q, Li DM, Xie XJ, Yin GP, Zhang P, Xu XH, Wu JD, Chen SW, Wang SK. Prevention of relapse of Graves' disease by treatment with an intrathyroid injection of dexamethasone. J Clin Endocrinol Metab. 2009 Dec;94(12):4984-91. doi: 10.1210/jc.2009-1252. Epub 2009 Oct 22.; Hu Y, Tian W, Zhang LL, Liu H, Yin GP, He BS, Mao XM. Function of regulatory T-cells improved by dexamethasone in Graves' disease. Eur J Endocrinol. 2012 Apr;166(4):641-6. doi: 10.1530/EJE-11-0879. Epub 2012 Jan 4.",Official registry protocol,ClinicalTrials.gov; NCT01534169,official_registry_full_record,2026-09-10,disease-directed standard-of-care or regimen-optimization trial
NCT01560299,ClinicalTrials.gov,https://clinicaltrials.gov/study/NCT01560299,Methimazole; Methimazole; Methimazole,,Mashhad University of Medical Sciences,Mashhad University of Medical Sciences,GD / autoimmune hyperthyroidism,Antithyroid drug,NA,COMPLETED,2010-02,2012-01,Iran,Adults primary,not_applicable,150,,,RANDOMIZED FACTORIAL,NONE,group one; group two; group three,See official registry record,Registry-defined; verify per protocol,See arms,thyroid function tests over one year after radioiodine therapy,,Protocol-defined,No posted in-scope efficacy result at cutoff.,No manually curated public result at cutoff.,Not established from posted results.,,Official registry protocol,ClinicalTrials.gov; NCT01560299,official_registry_full_record,2026-09-10,disease-directed standard-of-care or regimen-optimization trial
NCT01611896,ClinicalTrials.gov,https://clinicaltrials.gov/study/NCT01611896,Selenium,,"Rigshospitalet, Denmark","Rigshospitalet, Denmark",GD / autoimmune hyperthyroidism,Selenium / antioxidant,NA,COMPLETED,2012-10,2021-06,Denmark,Adults primary,not_applicable,431,,,RANDOMIZED PARALLEL,QUADRUPLE,Selenium; Placebo,See official registry record,Registry-defined; verify per protocol,See arms,Proportion of participants with the composite outcome of 'ATD treatment failure',"Proportion of participants who receives ATD treatment (at any level) during the last 12 months (± 1 month) of the intervention period; Proportion of participants who has thyroid hyperfunction (TSH <0.1) during the last 12 months (± 1 month) of the intervention period; Proportion of participants who has been referred to ablative therapy (radioactive iodine or thyroid surgery) at some point during the entire intervention period; Thyroid-specific QoL during the first year after randomisation, and at the end of the intervention period (24-30 months), as measured by the global score in the ThyPRO questionnaire; Level of TRAb at 18 months, and at the end of the intervention period (24-30 months)",Protocol-defined,No posted in-scope efficacy result at cutoff.,No manually curated public result at cutoff.,Not established from posted results.,"Cramon PK, Winther KH, Boesen VB, Larsen CB, Bjorner JB, Nordqvist SF, Forman JL, Juul AB, Bach-Mortensen P, Knudsen N, Nolsoe RL, Vilsboll T, Andries A, Gram J, Nygaard B, Demircan K, Chillon TS, Schomburg L, Hegedus L, Bonnema SJ, Feldt-Rasmussen U, Rasmussen AK, Watt T. Selenium supplementation in individuals with newly diagnosed Graves' hyperthyroidism: a double-blind, multi-centre RCT. Eur Thyroid J. 2026 Jan 6;15(1):ETJ250264. doi: 10.1530/ETJ-25-0264. Print 2026 Jan 1.; Cramon P, Rasmussen AK, Bonnema SJ, Bjorner JB, Feldt-Rasmussen U, Groenvold M, Hegedus L, Watt T. Development and implementation of PROgmatic: A clinical trial management system for pragmatic multi-centre trials, optimised for electronic data capture and patient-reported outcomes. Clin Trials. 2014 Jun;11(3):344-354. doi: 10.1177/1740774513517778.; Watt T, Cramon P, Bjorner JB, Bonnema SJ, Feldt-Rasmussen U, Gluud C, Gram J, Hansen JL, Hegedus L, Knudsen N, Bach-Mortensen P, Nolsoe R, Nygaard B, Pociot F, Skoog M, Winkel P, Rasmussen AK. Selenium supplementation for patients with Graves' hyperthyroidism (the GRASS trial): study protocol for a randomized controlled trial. Trials. 2013 Apr 30;14:119. doi: 10.1186/1745-6215-14-119.",Official registry protocol,ClinicalTrials.gov; NCT01611896,official_registry_full_record,2026-09-10,disease-directed standard-of-care or regimen-optimization trial
NCT01950260,ClinicalTrials.gov,https://clinicaltrials.gov/study/NCT01950260,Levothyroxine,,Mayo Clinic,Mayo Clinic,GD / autoimmune hyperthyroidism,Radioiodine,PHASE2; PHASE3,COMPLETED,2013-09,2017-04,United States,Adults primary,not_applicable,61,,,RANDOMIZED PARALLEL,QUADRUPLE,Levothyroxine; Placebo,See official registry record,Registry-defined; verify per protocol,See arms,Number of Participants With Overt Hypothyroidism,Change in Hypothyroid-Health Related Quality of Life; Change in Thyroid Specific Quality of Life,Posted result timepoint,"11/30 vs 17/31, p=0.23; QoL nonsignificant.",SAE 1/30 vs 0/31.,장기 disease remission endpoint 아님.,,Registry result + manual curation,ClinicalTrials.gov; NCT01950260,official_registry_full_record,2026-09-10,disease-directed drug/biologic/supplement trial; Primary endpoint negative.
NCT02114619,ClinicalTrials.gov,https://clinicaltrials.gov/study/NCT02114619,Low dose of I-131; Intermediate dose; High dose,,Mashhad University of Medical Sciences,Mashhad University of Medical Sciences,GD / autoimmune hyperthyroidism,Radioiodine,NA,UNKNOWN,2013-05,2014-12,Iran,Adults primary,not_applicable,450,,,RANDOMIZED PARALLEL,TRIPLE,Low dose of I-131; Intermediate dose; High dose,See official registry record,Registry-defined; verify per protocol,See arms,"change of thyroid related hormones blood level from baseline at 1,3,6 and 12 month","Rate of hypothyroidism status at 1, 3,6 and 12 month post RAI therapy",Protocol-defined,No posted in-scope efficacy result at cutoff.,No manually curated public result at cutoff.,Not established from posted results.,,Official registry protocol,ClinicalTrials.gov; NCT02114619,official_registry_full_record,2026-09-10,disease-directed standard-of-care or regimen-optimization trial
NCT02384668,ClinicalTrials.gov,https://clinicaltrials.gov/study/NCT02384668,Cholecalciferol,,University of Aarhus,University of Aarhus,GD / autoimmune hyperthyroidism,Vitamin D pathway supplementation,NA,COMPLETED,2015-03-24,2020-12,Denmark,Adults primary,not_applicable,278,,,RANDOMIZED PARALLEL,TRIPLE,Cholecalciferol; Placebo,See official registry record,Registry-defined; verify per protocol,See arms,Proportion of participants without relapse within the first year after cessation of ATD treatment.,The proportion of participants who has been referred to radioactive iodine or thyroid surgery at any time during the entire intervention period.; The proportion of participants who have relapse of hyperthyroidism (TSH<0.1) after cessation of ATD therapy; The proportion of participants who re-initiates ATD treatment or is referred to radioactive iodine or thyroid surgery due to hyperthyroidism within 12 months after cessation of initial ATD treatment.; The proportion of participants who fails to stop ATD treatment within 24 months after initiation of ATD therapy.; Effects of D-vitamin supplementation according to plasma level of D-vitamin at inclusion to the study.,Protocol-defined,No posted in-scope efficacy result at cutoff.,No manually curated public result at cutoff.,Not established from posted results.,"Grove-Laugesen D, Ebbehoj E, Watt T, Hansen KW, Rejnmark L. Changes in bone density and microarchitecture following treatment of Graves' disease and the effects of vitamin D supplementation. A randomized clinical trial. Osteoporos Int. 2024 Dec;35(12):2153-2164. doi: 10.1007/s00198-024-07241-y. Epub 2024 Sep 12.; Grove-Laugesen D, Ebbehoj E, Watt T, Riis AL, Ostergard T, Bruun BJ, Juel Christiansen J, Hansen KW, Rejnmark L. Effect of Vitamin D Supplementation on Graves' Disease: The DAGMAR Trial. Thyroid. 2023 Sep;33(9):1110-1118. doi: 10.1089/thy.2023.0111. Epub 2023 Jun 26.; Bislev LS, Wamberg L, Rolighed L, Grove-Laugesen D, Rejnmark L. Effect of Daily Vitamin D3 Supplementation on Muscle Health: An Individual Participant Meta-analysis. J Clin Endocrinol Metab. 2022 Apr 19;107(5):1317-1327. doi: 10.1210/clinem/dgac004.; Grove-Laugesen D, Cramon PK, Malmstroem S, Ebbehoj E, Watt T, Hansen KW, Rejnmark L. Effects of Supplemental Vitamin D on Muscle Performance and Quality of Life in Graves' Disease: A Randomized Clinical Trial. Thyroid. 2020 May;30(5):661-671. doi: 10.1089/thy.2019.0634. Epub 2020 Feb 7.; Grove-Laugesen D, Malmstroem S, Ebbehoj E, Riis AL, Watt T, Hansen KW, Rejnmark L. Effect of 9 months of vitamin D supplementation on arterial stiffness and blood pressure in Graves' disease: a randomized clinical trial. Endocrine. 2019 Nov;66(2):386-397. doi: 10.1007/s12020-019-01997-8. Epub 2019 Jul 6.",Official registry protocol,ClinicalTrials.gov; NCT02384668,official_registry_full_record,2026-09-10,disease-directed drug/biologic/supplement trial
NCT02713256,ClinicalTrials.gov,https://clinicaltrials.gov/study/NCT02713256,CFZ533,,Novartis Pharmaceuticals,Novartis Pharmaceuticals,GD / autoimmune hyperthyroidism,CD40 blockade,PHASE2,COMPLETED,2016-04-19,2017-04-24,Germany; United States,Adults primary,not_applicable,15,,,NA SINGLE_GROUP,NONE,CFZ533 10mg/kg,See official registry record,Registry-defined; verify per protocol,See arms,Percentage of Participants Whose Thyroid Stimulating Hormone (TSH) Levels Normalize After 12 Week Treatment; Percentage of Participants Whose Total Triiodothyronine (Total T3) Levels Decrease After 12 Week Treatment; Percentage of Participants Whose Free Thyroxine (Free T4) Levels Decrease After 12 Week Treatment,,Posted result timepoint,13 evaluable: TSH normalization 0%; total T3 below ULN 38.5%; FT4 below ULN 30.8%.,SAE 1/15.,Off-treatment remission 자료 없음.,"Faustino LC, Kahaly GJ, Frommer L, Concepcion E, Stefan-Lifshitz M, Tomer Y. Precision Medicine in Graves' Disease: CD40 Gene Variants Predict Clinical Response to an Anti-CD40 Monoclonal Antibody. Front Endocrinol (Lausanne). 2021 Jun 4;12:691781. doi: 10.3389/fendo.2021.691781. eCollection 2021.; Kahaly GJ, Stan MN, Frommer L, Gergely P, Colin L, Amer A, Schuhmann I, Espie P, Rush JS, Basson C, He Y. A Novel Anti-CD40 Monoclonal Antibody, Iscalimab, for Control of Graves Hyperthyroidism-A Proof-of-Concept Trial. J Clin Endocrinol Metab. 2020 Mar 1;105(3):dgz013. doi: 10.1210/clinem/dgz013.",Registry result + manual curation,ClinicalTrials.gov; NCT02713256,official_registry_full_record,2026-09-10,"disease-directed drug/biologic/supplement trial; Single arm, small N."
NCT02727738,ClinicalTrials.gov,https://clinicaltrials.gov/study/NCT02727738,Selenium; Methimazole,,University of Pisa,University of Pisa,GD / autoimmune hyperthyroidism,Antithyroid drug,NA,COMPLETED,2014-01,2015-09,Italy,Adults primary,not_applicable,30,,,RANDOMIZED PARALLEL,NONE,Methimazole plus selenium; Methimazole,See official registry record,Registry-defined; verify per protocol,See arms,Control of hyperthyroidism; Clinical manifestations of hyperthyroidism-1; Clinical manifestations of hyperthyroidism-2; Clinical manifestations of hyperthyroidism-3; Clinical manifestations of hyperthyroidism-4,Control of hyperthyroidism; Clinical manifestations of hyperthyroidism-1; Selenium levels; Selenium levels; Oxidative stress parameters-1,Protocol-defined,No posted in-scope efficacy result at cutoff.,No manually curated public result at cutoff.,Not established from posted results.,,Official registry protocol,ClinicalTrials.gov; NCT02727738,official_registry_full_record,2026-09-10,disease-directed standard-of-care or regimen-optimization trial
NCT02904330,ClinicalTrials.gov,https://clinicaltrials.gov/study/NCT02904330,K1-70 intramuscular or K1-70 intravenous,,AV7 Limited,AV7 Limited,GD / autoimmune hyperthyroidism,TSHR blockade / antagonism,PHASE1,COMPLETED,2016-08,2021-04,United Kingdom,Adults primary,not_applicable,18,,,NA SINGLE_GROUP,NONE,Single dose,See official registry record,Registry-defined; verify per protocol,See arms,"Safety and tolerability will be measured using vital signs, ECG, blood samples for haematology, coagulation, clinical biochemistry and hormone panel, urinalysis, eye examinations, physical examinations and examination of injection or infusion site.",The concentration of K1-70 drug in the blood will be measured over time.; The concentration of K1-70 drug in the blood will be measured over time.; The concentration of K1-70 drug in the blood will be measured over time.; The concentration of K1-70 drug in the blood will be measured over time.; The concentration of K1-70 drug in the blood will be measured over time.,Protocol-defined,No posted in-scope efficacy result at cutoff.,No manually curated public result at cutoff.,Not established from posted results.,"Evans M, Sanders J, Tagami T, Sanders P, Young S, Roberts E, Wilmot J, Hu X, Kabelis K, Clark J, Holl S, Richards T, Collyer A, Furmaniak J, Smith BR. Monoclonal autoantibodies to the TSH receptor, one with stimulating activity and one with blocking activity, obtained from the same blood sample. Clin Endocrinol (Oxf). 2010 Sep;73(3):404-12. doi: 10.1111/j.1365-2265.2010.03831.x. Epub 2010 Jun 9.; Sanders P, Young S, Sanders J, Kabelis K, Baker S, Sullivan A, Evans M, Clark J, Wilmot J, Hu X, Roberts E, Powell M, Nunez Miguel R, Furmaniak J, Rees Smith B. Crystal structure of the TSH receptor (TSHR) bound to a blocking-type TSHR autoantibody. J Mol Endocrinol. 2011 Feb 15;46(2):81-99. doi: 10.1530/JME-10-0127. Print 2011 Apr.; Furmaniak J, Sanders J, Young S, Kabelis K, Sanders P, Evans M, Clark J, Wilmot J, Rees Smith B. In vivo effects of a human thyroid-stimulating monoclonal autoantibody (M22) and a human thyroid-blocking autoantibody (K1-70). Auto Immun Highlights. 2011 Sep 14;3(1):19-25. doi: 10.1007/s13317-011-0025-9. eCollection 2012 Apr.",Official registry protocol,ClinicalTrials.gov; NCT02904330,official_registry_full_record,2026-09-10,direct TSHR/anti-TSHR or TSHR-antigen-specific program in the core R&D scope
NCT02973802,ClinicalTrials.gov,https://clinicaltrials.gov/study/NCT02973802,ATX-GD-59,,Apitope International NV,Apitope International NV,GD / autoimmune hyperthyroidism,TSHR antigen-specific tolerance,PHASE1,COMPLETED,2016-09,2018-02-14,United Kingdom,Adults primary,not_applicable,12,,,NA SINGLE_GROUP,NONE,ATX-GD-59 treatment,See official registry record,Registry-defined; verify per protocol,See arms,"Occurrence of Treatment Emergent Adverse Events (TEAE), Serious Adverse Events (SAE), and Laboratory Abnormalities up to Week 22 Compared to Baseline.",Change in Serum Anti-TSHR Antibodies From Baseline to Week 22 - Measured by TSHR-binding Inhibitory Immunoglobulin (TBII); Change in Serum Anti-TSHR Antibodies From Baseline to Week 22 - Measured by Stimulatory TSHR Antibodies (TSAb); Change in Serum Anti-TSHR Antibodies From Baseline to Week 22 - Measured by Blocking TSHR Antibodies (TBAb); Change in Serum Free Triiodothyronine (fT3) From Baseline to Week 22.; Change in Serum Free Thyroxine (T4) From Baseline to Week 22.,Posted result timepoint,Week 22: TBII −0.6602 IU/L; TSAb −54 %SRR; FT3 −14.19%; FT4 −14.54%; TSH +0.309 mIU/L.,311 AEs: 293 mild/18 moderate; 180 treatment-related; 3 serious events in one participant; 153 injection-related events.,Full paper에서 2명이 1년 off-ATD euthyroid였으나 uncontrolled spontaneous remission 대안이 큼.,,Registry result + manual curation,[253]; ClinicalTrials.gov; NCT02973802,official_registry_full_record,2026-09-10,direct TSHR/anti-TSHR or TSHR-antigen-specific program in the core R&D scope; Open-label n=12; authors도 placebo-controlled proof 필요성을 명시.
NCT02993302,ClinicalTrials.gov,https://clinicaltrials.gov/study/NCT02993302,1α-D3,,Dr Cipto Mangunkusumo General Hospital,Dr Cipto Mangunkusumo General Hospital,GD / autoimmune hyperthyroidism,Vitamin D pathway supplementation,PHASE2,COMPLETED,2014-07,2015-03,,Adults primary,not_applicable,25,,,RANDOMIZED PARALLEL,DOUBLE,PTU-Oral 1α-D3; PTU-Placebos,See official registry record,Registry-defined; verify per protocol,See arms,CD80 Level; CD206 Level; IL-12/IL-10 Ratio; fT4 Levels,,Posted result timepoint,CD80 p=0.48; CD206 p=0.47; IL-12/IL-10 p=0.53.,Reported AE 없음.,없음.,"Tamura M, Matsuura B, Miyauchi S, Onji M. Dendritic cells produce interleukin-12 in hyperthyroid mice. Eur J Endocrinol. 1999 Dec;141(6):625-9. doi: 10.1530/eje.0.1410625.; Banchereau J, Steinman RM. Dendritic cells and the control of immunity. Nature. 1998 Mar 19;392(6673):245-52. doi: 10.1038/32588.; Liang S, Ristich V, Arase H, Dausset J, Carosella ED, Horuzsko A. Modulation of dendritic cell differentiation by HLA-G and ILT4 requires the IL-6--STAT3 signaling pathway. Proc Natl Acad Sci U S A. 2008 Jun 17;105(24):8357-62. doi: 10.1073/pnas.0803341105. Epub 2008 Jun 11.; Inoue N, Watanabe M, Morita M, Tatusmi K, Hidaka Y, Akamizu T, Iwatani Y. Association of functional polymorphisms in promoter regions of IL5, IL6 and IL13 genes with development and prognosis of autoimmune thyroid diseases. Clin Exp Immunol. 2011 Mar;163(3):318-23. doi: 10.1111/j.1365-2249.2010.04306.x. Epub 2011 Jan 14.; Khalilzadeh O, Anvari M, Esteghamati A, Momen-Heravi F, Mahmoudi M, Rashidi A, Amiri HM, Ranjbar M, Tabataba-Vakili S, Amirzargar A. The interleukin-1 family gene polymorphisms and Graves' disease. Ann Endocrinol (Paris). 2010 Sep;71(4):281-5. doi: 10.1016/j.ando.2010.01.005. Epub 2010 Apr 18.; Croizet K, Rabilloud R, Kostrouch Z, Nicolas JF, Rousset B. Culture of dendritic cells from a nonlymphoid organ, the thyroid gland: evidence for TNFalpha-dependent phenotypic changes of thyroid-derived dendritic cells. Lab Invest. 2000 Aug;80(8):1215-25. doi: 10.1038/labinvest.3780129.; Dedecjus M, Stasiolek M, Brzezinski J, Selmaj K, Lewinski A. Thyroid hormones influence human dendritic cells' phenotype, function, and subsets distribution. Thyroid. 2011 May;21(5):533-40. doi: 10.1089/thy.2010.0183. Epub 2010 Dec 29.; Hughes GC, Clark EA. Regulation of dendritic cells by female sex steroids: relevance to immunity and autoimmunity. Autoimmunity. 2007 Sep;40(6):470-81. doi: 10.1080/08916930701464764.; Duperrier K, Farre A, Bienvenu J, Bleyzac N, Bernaud J, Gebuhrer L, Rigal D, Eljaafari A. Cyclosporin A inhibits dendritic cell maturation promoted by TNF-alpha or LPS but not by double-stranded RNA or CD40L. J Leukoc Biol. 2002 Nov;72(5):953-61.; Berer A, Stockl J, Majdic O, Wagner T, Kollars M, Lechner K, Geissler K, Oehler L. 1,25-Dihydroxyvitamin D(3) inhibits dendritic cell differentiation and maturation in vitro. Exp Hematol. 2000 May;28(5):575-83. doi: 10.1016/s0301-472x(00)00143-0.; Wahono CS, Rusmini H, Soelistyoningsih D, Hakim R, Handono K, Endharti AT, Kalim H, Widjajanto E. Effects of 1,25(OH)2D3 in immune response regulation of systemic lupus erithematosus (SLE) patient with hypovitamin D. Int J Clin Exp Med. 2014 Jan 15;7(1):22-31. eCollection 2014.; Bartels LE, Jorgensen SP, Bendix M, Hvas CL, Agnholt J, Agger R, Dahlerup JF. 25-Hydroxy vitamin D3 modulates dendritic cell phenotype and function in Crohn's disease. Inflammopharmacology. 2013 Apr;21(2):177-86. doi: 10.1007/s10787-012-0168-y. Epub 2013 Jan 23.; Agmon-Levin N, Theodor E, Segal RM, Shoenfeld Y. Vitamin D in systemic and organ-specific autoimmune diseases. Clin Rev Allergy Immunol. 2013 Oct;45(2):256-66. doi: 10.1007/s12016-012-8342-y.; Zhou H, Xu C, Gu M. Vitamin D receptor (VDR) gene polymorphisms and Graves' disease: a meta-analysis. Clin Endocrinol (Oxf). 2009 Jun;70(6):938-45. doi: 10.1111/j.1365-2265.2008.03413.x. Epub 2008 Sep 8.; Budiyati AD, Setiyono A, Tarigan E and Wibowo H. The effect of alpha fetoprotein on NF-kB translocation in lipopolysaccharide induced monocyte-derived dendritic cell. Med J Indones. 2012; 21.; Hewison M. Vitamin D and the immune system: new perspectives on an old theme. Endocrinol Metab Clin North Am. 2010 Jun;39(2):365-79, table of contents. doi: 10.1016/j.ecl.2010.02.010.; Antico A, Tampoia M, Tozzoli R, Bizzaro N. Can supplementation with vitamin D reduce the risk or modify the course of autoimmune diseases? A systematic review of the literature. Autoimmun Rev. 2012 Dec;12(2):127-36. doi: 10.1016/j.autrev.2012.07.007. Epub 2012 Jul 7.; Hunt PJ, Marshall SE, Weetman AP, Bell JI, Wass JA, Welsh KI. Cytokine gene polymorphisms in autoimmune thyroid disease. J Clin Endocrinol Metab. 2000 May;85(5):1984-8. doi: 10.1210/jcem.85.5.6588.; Bartels LE, Bendix M, Hvas CL, Jorgensen SP, Agnholt J, Agger R, Dahlerup JF. Oral vitamin D3 supplementation reduces monocyte-derived dendritic cell maturation and cytokine production in Crohn's disease patients. Inflammopharmacology. 2014 Apr;22(2):95-103. doi: 10.1007/s10787-013-0197-1. Epub 2013 Dec 29.; Bartosik-Psujek H, Tabarkiewicz J, Pocinska K, Stelmasiak Z, Rolinski J. Immunomodulatory effects of vitamin D on monocyte-derived dendritic cells in multiple sclerosis. Mult Scler. 2010 Dec;16(12):1513-6. doi: 10.1177/1352458510379611. Epub 2010 Aug 25.; Abou-Raya A, Abou-Raya S, Helmii M. The effect of vitamin D supplementation on inflammatory and hemostatic markers and disease activity in patients with systemic lupus erythematosus: a randomized placebo-controlled trial. J Rheumatol. 2013 Mar;40(3):265-72. doi: 10.3899/jrheum.111594. Epub 2012 Dec 1.; Pani MA, Regulla K, Segni M, Hofmann S, Hufner M, Pasquino AM, Usadel KH, Badenhoop K. A polymorphism within the vitamin D-binding protein gene is associated with Graves' disease but not with Hashimoto's thyroiditis. J Clin Endocrinol Metab. 2002 Jun;87(6):2564-7. doi: 10.1210/jcem.87.6.8562.; Yasuda T, Okamoto Y, Hamada N, Miyashita K, Takahara M, Sakamoto F, Miyatsuka T, Kitamura T, Katakami N, Kawamori D, Otsuki M, Matsuoka TA, Kaneto H, Shimomura I. Serum vitamin D levels are decreased in patients without remission of Graves' disease. Endocrine. 2013 Feb;43(1):230-2. doi: 10.1007/s12020-012-9789-6. Epub 2012 Sep 15. No abstract available.; Kawakami-Tani T, Fukawa E, Tanaka H, Abe Y, Makino I. Effect of 1 alpha-hydroxyvitamin D3 on serum levels of thyroid hormones in hyperthyroid patients with untreated Graves' disease. Metabolism. 1997 Oct;46(10):1184-8. doi: 10.1016/s0026-0495(97)90214-6.; D Purnamasari PS, S Djauzi, S Setiati, A Harahap, J Prihartono. Effects of In Vitro 1,25 Dihydroxyvitamin D on Maturation of Dendritic Cells in Graves' Disease Patients. Asian J Pharm Clin Res. 2016; 9: 221-4; Handono K, Gani AA, Ekawati M and Wahono S. Serum level of vitamin D and autoantibodies level in systemic lupus erythematosus (SLE) patients. Journal of Pharmacy and Biological Sciences. 2012; 3: 16-20; Tamaru M, Matsuura B, Onji M. Increased levels of serum interleukin-12 in Graves' disease. Eur J Endocrinol. 1999 Aug;141(2):111-6. doi: 10.1530/eje.0.1410111.; D Purnamasari PS, S Djauzi. Sunlight-derived vitamin D affects interleukin-4 level, T helper 2 serum cytokines, in patients with Graves' disease: a prospective cohort study. Med J Indones. 2015; 24: 228-33",Registry result + manual curation,ClinicalTrials.gov; NCT02993302,official_registry_full_record,2026-09-10,disease-directed drug/biologic/supplement trial; Negative biomarker study.
NCT03303053,ClinicalTrials.gov,https://clinicaltrials.gov/study/NCT03303053,Cholestyramine Powder 4g; Prednisolone; Standard treatment,,"Clinical Research Centre, Malaysia","Clinical Research Centre, Malaysia",GD / autoimmune hyperthyroidism,Glucocorticoid,PHASE3,UNKNOWN,2017-05-11,2018-03-01,Malaysia,Adults primary,not_applicable,135,,,RANDOMIZED PARALLEL,NONE,Group1:Cholestyramine+standard treatment; Group2:Prednisolone+standard treatment; Group 3: Standard treatment alone,See official registry record,Registry-defined; verify per protocol,See arms,Percentage of patients whose Free T4 normalize between the groups; Percentage of patients whose Free T3 normalize between the groups,Adverse events between the groups; Reduction in Free T4 levels; Reduction in Free T3 levels,Protocol-defined,No posted in-scope efficacy result at cutoff.,No manually curated public result at cutoff.,Not established from posted results.,"Nakamura H, Noh JY, Itoh K, Fukata S, Miyauchi A, Hamada N. Comparison of methimazole and propylthiouracil in patients with hyperthyroidism caused by Graves' disease. J Clin Endocrinol Metab. 2007 Jun;92(6):2157-62. doi: 10.1210/jc.2006-2135. Epub 2007 Mar 27.; Hollowell JG, Staehling NW, Flanders WD, Hannon WH, Gunter EW, Spencer CA, Braverman LE. Serum TSH, T(4), and thyroid antibodies in the United States population (1988 to 1994): National Health and Nutrition Examination Survey (NHANES III). J Clin Endocrinol Metab. 2002 Feb;87(2):489-99. doi: 10.1210/jcem.87.2.8182.; Garmendia Madariaga A, Santos Palacios S, Guillen-Grima F, Galofre JC. The incidence and prevalence of thyroid dysfunction in Europe: a meta-analysis. J Clin Endocrinol Metab. 2014 Mar;99(3):923-31. doi: 10.1210/jc.2013-2409. Epub 2014 Jan 1.; Ross DS, Burch HB, Cooper DS, Greenlee MC, Laurberg P, Maia AL, Rivkees SA, Samuels M, Sosa JA, Stan MN, Walter MA. 2016 American Thyroid Association Guidelines for Diagnosis and Management of Hyperthyroidism and Other Causes of Thyrotoxicosis. Thyroid. 2016 Oct;26(10):1343-1421. doi: 10.1089/thy.2016.0229.; Dahl P, Danzi S, Klein I. Thyrotoxic cardiac disease. Curr Heart Fail Rep. 2008 Sep;5(3):170-6. doi: 10.1007/s11897-008-0026-9.; Frost L, Vestergaard P, Mosekilde L. Hyperthyroidism and risk of atrial fibrillation or flutter: a population-based study. Arch Intern Med. 2004 Aug 9-23;164(15):1675-8. doi: 10.1001/archinte.164.15.1675.; Sundaresh V, Brito JP, Wang Z, Prokop LJ, Stan MN, Murad MH, Bahn RS. Comparative effectiveness of therapies for Graves' hyperthyroidism: a systematic review and network meta-analysis. J Clin Endocrinol Metab. 2013 Sep;98(9):3671-7. doi: 10.1210/jc.2013-1954. Epub 2013 Jul 3.; Kaykhaei MA, Shams M, Sadegholvad A, Dabbaghmanesh MH, Omrani GR. Low doses of cholestyramine in the treatment of hyperthyroidism. Endocrine. 2008 Aug-Dec;34(1-3):52-5. doi: 10.1007/s12020-008-9107-5. Epub 2008 Oct 23.; Migneco A, Ojetti V, Testa A, De Lorenzo A, Gentiloni Silveri N. Management of thyrotoxic crisis. Eur Rev Med Pharmacol Sci. 2005 Jan-Feb;9(1):69-74.; Solomon BL, Wartofsky L, Burman KD. Adjunctive cholestyramine therapy for thyrotoxicosis. Clin Endocrinol (Oxf). 1993 Jan;38(1):39-43. doi: 10.1111/j.1365-2265.1993.tb00970.x.; Mercado M, Mendoza-Zubieta V, Bautista-Osorio R, Espinoza-de los Monteros AL. Treatment of hyperthyroidism with a combination of methimazole and cholestyramine. J Clin Endocrinol Metab. 1996 Sep;81(9):3191-3. doi: 10.1210/jcem.81.9.8784067.; Jude EB, Dale J, Kumar S, Dodson PM. Treatment of thyrotoxicosis resistant to carbimazole with corticosteroids. Postgrad Med J. 1996 Aug;72(850):489-91. doi: 10.1136/pgmj.72.850.489.; Baeza A, Aguayo J, Barria M, Pineda G. Rapid preoperative preparation in hyperthyroidism. Clin Endocrinol (Oxf). 1991 Nov;35(5):439-42. doi: 10.1111/j.1365-2265.1991.tb03562.x.; Page SR, Sheard CE, Herbert M, Hopton M, Jeffcoate WJ. A comparison of 20 or 40 mg per day of carbimazole in the initial treatment of hyperthyroidism. Clin Endocrinol (Oxf). 1996 Nov;45(5):511-6. doi: 10.1046/j.1365-2265.1996.00800.x.; Ozawa Y, Daida H, Shimizu T, Shishiba Y. Rapid improvement of thyroid function by using glucocorticoid indicated for the preoperative preparation of subtotal thyroidectomy in Graves' disease. Endocrinol Jpn. 1983 Feb;30(1):93-100. doi: 10.1507/endocrj1954.30.93.; Conn HO, Poynard T. Corticosteroids and peptic ulcer: meta-analysis of adverse events during steroid therapy. J Intern Med. 1994 Dec;236(6):619-32. doi: 10.1111/j.1365-2796.1994.tb00855.x.",Official registry protocol,ClinicalTrials.gov; NCT03303053,official_registry_full_record,2026-09-10,disease-directed standard-of-care or regimen-optimization trial
NCT05118542,ClinicalTrials.gov,https://clinicaltrials.gov/study/NCT05118542,Propylthiouracil; Methimazole,,Indonesia University,Indonesia University,GD / autoimmune hyperthyroidism,Antithyroid drug,PHASE3,COMPLETED,2019-01-01,2020-06-01,Indonesia,Adults primary,not_applicable,36,,,RANDOMIZED PARALLEL,TRIPLE,PTU Group; Methimazole Group,See official registry record,Registry-defined; verify per protocol,See arms,Pulse Wave Velocity; carotid intima media thickness,HOMA-IR; LDL-R; NFkB; sICAM-1; sVCAM-1,Protocol-defined,No posted in-scope efficacy result at cutoff.,No manually curated public result at cutoff.,Not established from posted results.,"Bano A, Chaker L, Mattace-Raso FUS, van der Lugt A, Ikram MA, Franco OH, Peeters RP, Kavousi M. Thyroid Function and the Risk of Atherosclerotic Cardiovascular Morbidity and Mortality: The Rotterdam Study. Circ Res. 2017 Dec 8;121(12):1392-1400. doi: 10.1161/CIRCRESAHA.117.311603. Epub 2017 Oct 31.; Rizos CV, Elisaf MS, Liberopoulos EN. Effects of thyroid dysfunction on lipid profile. Open Cardiovasc Med J. 2011;5:76-84. doi: 10.2174/1874192401105010076. Epub 2011 Feb 24.; Bilir C, Gokosmanoglu F, Caliskan M, Cinemre H, Akdemir R. Regression of the carotid intima media thickness by propylthiouracil therapy in Graves' hyperthyroidism. Am J Med Sci. 2012 Apr;343(4):273-6. doi: 10.1097/MAJ.0b013e31822a8284.; Inaba M, Henmi Y, Kumeda Y, Ueda M, Nagata M, Emoto M, Ishikawa T, Ishimura E, Nishizawa Y. Increased stiffness in common carotid artery in hyperthyroid Graves' disease patients. Biomed Pharmacother. 2002 Jul;56(5):241-6. doi: 10.1016/s0753-3322(02)00195-6.; Upala S, Wirunsawanya K, Jaruvongvanich V, Sanguankeo A. Effects of statin therapy on arterial stiffness: A systematic review and meta-analysis of randomized controlled trial. Int J Cardiol. 2017 Jan 15;227:338-341. doi: 10.1016/j.ijcard.2016.11.073. Epub 2016 Nov 9.; Wisnu W, Alwi I, Nafrialdi N, Pemayun TGD, Pantoro NI, Wijaya CN, Tahapary DL, Tarigan TJE, Subekti I. The Effects of Anti-thyroid Drugs on Lipoproteins and Insulin Resistance in Graves' Disease: A Randomized Clinical Trial. J Lipid Atheroscler. 2024 Sep;13(3):358-370. doi: 10.12997/jla.2024.13.3.358. Epub 2024 Jun 12.",Official registry protocol,ClinicalTrials.gov; NCT05118542,official_registry_full_record,2026-09-10,disease-directed standard-of-care or regimen-optimization trial
NCT05461820,ClinicalTrials.gov,https://clinicaltrials.gov/study/NCT05461820,Methimazole,,The First Affiliated Hospital with Nanjing Medical University,The First Affiliated Hospital with Nanjing Medical University,GD / autoimmune hyperthyroidism,Antithyroid drug,PHASE4,RECRUITING,2018-05-01,2023-12-31,China,Adults primary,not_applicable,240,,,RANDOMIZED PARALLEL,NONE,Conventional treatment group; Intensive treatment group,See official registry record,Registry-defined; verify per protocol,See arms,Cumulative recurrence rate between conventional treatment group and intensive treatment group after two years of withdrawal.; Number of patients with no adverse reactions during the treatment of Graves' disease,Cumulative recurrence rate of hyperthyroidism in conventional treatment group and intensive treatment group after stopping treatment for one year.; Effects of routine treatment and intensive treatment on titer and positive rate of thyroid autoantibodies; Effect of conventional therapy and intensive therapy on thyroid volume; Effects of conventional therapy and intensive therapy on cytokines,Protocol-defined,No posted in-scope efficacy result at cutoff.,No manually curated public result at cutoff.,Not established from posted results.,,Official registry protocol,ClinicalTrials.gov; NCT05461820,official_registry_full_record,2026-09-10,disease-directed standard-of-care or regimen-optimization trial
NCT05907668,ClinicalTrials.gov,https://clinicaltrials.gov/study/NCT05907668,IMVT-1401 (batoclimab),,Immunovant Sciences GmbH,Immunovant Sciences GmbH,GD / autoimmune hyperthyroidism,FcRn inhibition,PHASE2,COMPLETED,2023-05-15,2025-07-25,Germany,Adults primary,not_applicable,32,,,NA SINGLE_GROUP,NONE,Batoclimab,See official registry record,Registry-defined; verify per protocol,See arms,"Percentage of Participants Who Achieved Normalization of Free Triiodothyronine (FT3) and Free Thyroxine (FT4), or Have FT3 and/or FT4 Below the Lower Limit of Normal (LLN) at Week 24 Without Increase in ATD Dose Compared to Baseline","Percentage of Participants Who Achieved Normalization of FT3 and FT4 With ATD Dose ≤50% of the Baseline ATD Dose at Week 24; Percentage of Participants Who Are Off ATD Treatment and Achieved Normalization of FT3 and FT4, or Had FT3 and/or FT4 Below the LLN at Week 24",Posted result timepoint,Week 24 biochemical response without ATD increase 68.8% (95% CI 50.0–83.9); normalized FT3/FT4 with ATD ≤50% baseline 53.1%; off ATD with normalized FT3/FT4 31.3% (95% CI 16.1–50.0).,SAE 3/32; all 32 nonserious AEs; frequent injection-site and edema events.,Off-ATD normalization은 해당 시점의 상태이며 durable remission 추적 아님.,,Registry result + manual curation,ClinicalTrials.gov; NCT05907668; [683],official_registry_full_record,2026-09-10,"disease-directed drug/biologic/supplement trial; Single arm; abstract n=25는 earlier cut, registry n=32를 canonical로 사용."
NCT06068179,ClinicalTrials.gov,https://clinicaltrials.gov/study/NCT06068179,"Mycophenolate Mofetil, Oral, 250 Mg; methimazole, oral, 10mg",,The First Affiliated Hospital of Xiamen University,The First Affiliated Hospital of Xiamen University,GD / autoimmune hyperthyroidism,Mycophenolate immunosuppression,PHASE2; PHASE3,RECRUITING,2023-10-16,2025-10-08,China,Adults primary,not_applicable,205,,,RANDOMIZED PARALLEL,SINGLE,intervention group; control group,See official registry record,Registry-defined; verify per protocol,See arms,Remission rate,,Protocol-defined,No posted in-scope efficacy result at cutoff.,No manually curated public result at cutoff.,Not established from posted results.,"Davies TF, Andersen S, Latif R, Nagayama Y, Barbesino G, Brito M, Eckstein AK, Stagnaro-Green A, Kahaly GJ. Graves' disease. Nat Rev Dis Primers. 2020 Jul 2;6(1):52. doi: 10.1038/s41572-020-0184-y.; Burch HB, Cooper DS. Management of Graves Disease: A Review. JAMA. 2015 Dec 15;314(23):2544-54. doi: 10.1001/jama.2015.16535.; Smith TJ, Hegedus L. Graves' Disease. N Engl J Med. 2016 Oct 20;375(16):1552-1565. doi: 10.1056/NEJMra1510030. No abstract available.; Kahaly GJ. Management of Graves Thyroidal and Extrathyroidal Disease: An Update. J Clin Endocrinol Metab. 2020 Dec 1;105(12):3704-20. doi: 10.1210/clinem/dgaa646.; Wiersinga WM. Graves' Disease: Can It Be Cured? Endocrinol Metab (Seoul). 2019 Mar;34(1):29-38. doi: 10.3803/EnM.2019.34.1.29.; Ross DS, Burch HB, Cooper DS, Greenlee MC, Laurberg P, Maia AL, Rivkees SA, Samuels M, Sosa JA, Stan MN, Walter MA. 2016 American Thyroid Association Guidelines for Diagnosis and Management of Hyperthyroidism and Other Causes of Thyrotoxicosis. Thyroid. 2016 Oct;26(10):1343-1421. doi: 10.1089/thy.2016.0229.; Torlinska B, Hazlehurst JM, Nirantharakumar K, Thomas GN, Priestley JR, Finnikin SJ, Saunders P, Abrams KR, Boelaert K. wEight chanGes, caRdio-mEtabolic risks and morTality in patients with hyperthyroidism (EGRET): a protocol for a CPRD-HES linked cohort study. BMJ Open. 2021 Oct 1;11(10):e055219. doi: 10.1136/bmjopen-2021-055219.; Broen JCA, van Laar JM. Mycophenolate mofetil, azathioprine and tacrolimus: mechanisms in rheumatology. Nat Rev Rheumatol. 2020 Mar;16(3):167-178. doi: 10.1038/s41584-020-0374-8. Epub 2020 Feb 13.; Prussick L, Plotnikova N, Gottlieb A. Mycophenolate Mofetil in Severe Atopic Dermatitis: A Review. J Drugs Dermatol. 2016 Jun 1;15(6):715-8.; Barbesino G, Salvi M, Freitag SK. Future Projections in Thyroid Eye Disease. J Clin Endocrinol Metab. 2022 Aug 8;107(Suppl_1):S47-S56. doi: 10.1210/clinem/dgac252.; Kahaly GJ, Riedl M, Konig J, Pitz S, Ponto K, Diana T, Kampmann E, Kolbe E, Eckstein A, Moeller LC, Fuhrer D, Salvi M, Curro N, Campi I, Covelli D, Leo M, Marino M, Menconi F, Marcocci C, Bartalena L, Perros P, Wiersinga WM; European Group on Graves' Orbitopathy (EUGOGO). Mycophenolate plus methylprednisolone versus methylprednisolone alone in active, moderate-to-severe Graves' orbitopathy (MINGO): a randomised, observer-masked, multicentre trial. Lancet Diabetes Endocrinol. 2018 Apr;6(4):287-298. doi: 10.1016/S2213-8587(18)30020-2. Epub 2018 Jan 31.; Rajabi MT, Rafizadeh SM, Mohammadi A, Eshraghi B, Mohammadi N, Hosseini SS, Rajabi MB, Keshmirshekan MM, Shahriari M, Poursayed Lazarjani SZ, Parandin MM. Mycophenolate Mofetil (CellCept(R)) in Combination With Low Dose Prednisolone in Moderate to Severe Graves' Orbitopathy. Front Med (Lausanne). 2022 Feb 11;9:788228. doi: 10.3389/fmed.2022.788228. eCollection 2022.; Feng W, Hu Y, Zhang C, Shi H, Zhang P, Yang Y, Chen S, Cui W, Cui D. Efficacy and safety of mycophenolate mofetil in the treatment of moderate to severe Graves' orbitopathy: a meta-analysis. Bioengineered. 2022 Jun;13(6):14719-14729. doi: 10.1080/21655979.2022.2101191.",Official registry protocol,ClinicalTrials.gov; NCT06068179,official_registry_full_record,2026-09-10,disease-directed standard-of-care or regimen-optimization trial
NCT06240455,ClinicalTrials.gov,https://clinicaltrials.gov/study/NCT06240455,WP1302; WP1302 placebo; methimazole,,Worg Biotherapeutics Inc.,Worg Biotherapeutics Inc.,GD / autoimmune hyperthyroidism,TSHR antigen-specific tolerance,PHASE2,SUSPENDED,2026-03-31,2029-03-31,United States,Adults primary,not_applicable,176,,,RANDOMIZED PARALLEL,TRIPLE,WP1302 400μg; WP1302 800μg; WP1302 1200μg; WP1302 Placebo,See official registry record,Registry-defined; verify per protocol,See arms,Relapse rate,"Replase time; Number of participants with treatment-related adverse events as assessed by CTCAE v5.0; Total T3, free T4, and TSH levels; Pharmacokinetics (PK) parameters (AUC, Cmax); Incidence of anti-drug antibodies (ADAs)",Protocol-defined,No posted in-scope efficacy result at cutoff.,No manually curated public result at cutoff.,Not established from posted results.,,Official registry protocol,ClinicalTrials.gov; NCT06240455,official_registry_full_record,2026-09-10,Not feasible to recruit suitable subjects; named investigational disease-directed asset; comparator treatment does not determine asset class
NCT06540469,ClinicalTrials.gov,https://clinicaltrials.gov/study/NCT06540469,Iodine Supplementation in Whole Course of Treatment with ATDs; Iodine Supplementation During Maintenance Treatment with ATDs; Iodine Restriction in Whole Course of Treatment with ATDs; anti-Thyroid Drugs,,Shandong Provincial Hospital,Shandong Provincial Hospital,GD / autoimmune hyperthyroidism,Antithyroid drug,NA,NOT_YET_RECRUITING,2024-08-01,2027-07-31,,Adults primary,not_applicable,315,,,RANDOMIZED PARALLEL,NONE,Iodine Supplementation in Whole Course of Treatment with ATDs; Iodine Supplementation During Maintenance Treatment with ATDs; Iodine Restriction in Whole Course of Treatment with ATDs,See official registry record,Registry-defined; verify per protocol,See arms,Remission rate of hyperthyroidism,"Duration from initiation to withdrawal of ATDs; Duration from initiation of ATDs to thyroid function (including serum FT3, FT4 and TSH) normalization; Duration from initiation of ATDs to serum FT3 and FT4 normalization; Quality of life (QOL) in patients with Graves' hyperthyroidism; Adverse effects rate of ATDs treatment",Protocol-defined,No posted in-scope efficacy result at cutoff.,No manually curated public result at cutoff.,Not established from posted results.,,Official registry protocol,ClinicalTrials.gov; NCT06540469,official_registry_full_record,2026-09-10,disease-directed drug/biologic/supplement trial
NCT06727604,ClinicalTrials.gov,https://clinicaltrials.gov/study/NCT06727604,IMVT-1402; IMVT-1402,,Immunovant Sciences GmbH,Immunovant Sciences GmbH,GD / autoimmune hyperthyroidism,FcRn inhibition,PHASE2,RECRUITING,2024-12-17,2028-06,Belgium; Georgia; Germany; Hungary; Italy; Poland; Puerto Rico; Spain; United Kingdom; United States,Adults primary,not_applicable,240,,,RANDOMIZED PARALLEL,DOUBLE,Group 1 Period 1 and 2: IMVT-1402; Group 2 Period 1 and 2: IMVT-1402; Group 2 Period 1: IMVT-1402 and Period 2: Placebo; Group 3 Period 1 and 2: Placebo,See official registry record,Registry-defined; verify per protocol,See arms,"Percentage of participants who are euthyroid (local laboratory T3 [Total T3 or FT3], FT4, and TSH values within normal limits) and off ATD at Week 26","Percentage of participants who are euthyroid and off ATD at Week 52; Percentage of participants who are euthyroid, off ATD, and seronegative for TRAb at Week 52; Percentage of participants who are euthyroid and off ATD at Week 52 and remain euthyroid, off IMVT-1402, and off ATD for 6 months from Week 52 to Week 78; Percentage of participants who are euthyroid and off ATD at Week 52 and remain euthyroid, off IMVT-1402, and off ATD for 12 months from Week 52 to Week 104; Percentage of participants who have a TRAb value a specified amount and are euthyroid and off ATD at Week 26 and remain euthyroid, off IMVT-1402, and off ATD for 6 months from Week 26 to Week 52",Protocol-defined,No posted in-scope efficacy result at cutoff.,No manually curated public result at cutoff.,Not established from posted results.,,Official registry protocol,ClinicalTrials.gov; NCT06727604,official_registry_full_record,2026-09-10,disease-directed drug/biologic/supplement trial
NCT06980649,ClinicalTrials.gov,https://clinicaltrials.gov/study/NCT06980649,BHV-1300,,Biohaven Therapeutics Ltd.,Biohaven Therapeutics Ltd.,GD / autoimmune hyperthyroidism,IgG-directed extracellular protein degradation,PHASE1,RECRUITING,2025-08-21,2027-09,Australia; United States,Adults primary,not_applicable,15,,,NA SINGLE_GROUP,NONE,BHV-1300,See official registry record,Registry-defined; verify per protocol,See arms,"Number of participants with Serious AEs (SAEs), AEs leading to discontinuation, deaths; Number of participants with Grade 3-4 (CTCAE/DAIDS) treatment-emergent laboratory abnormalities",,Protocol-defined,No posted in-scope efficacy result at cutoff.,No manually curated public result at cutoff.,Not established from posted results.,,Official registry protocol,ClinicalTrials.gov; NCT06980649,official_registry_full_record,2026-09-10,disease-directed drug/biologic/supplement trial
NCT07018323,ClinicalTrials.gov,https://clinicaltrials.gov/study/NCT07018323,IMVT-1402; IMVT-1402,,Immunovant Sciences GmbH,Immunovant Sciences GmbH,GD / autoimmune hyperthyroidism,FcRn inhibition,PHASE2,RECRUITING,2025-06-19,2027-05,Australia; Brazil; Bulgaria; Chile; Czechia; Georgia; Greece; Israel; Italy; Japan; Latvia; Netherlands; New Zealand; Poland; South Korea; Spain; United Kingdom; United States,Adults primary,not_applicable,210,,,RANDOMIZED PARALLEL,DOUBLE,IMVT-1402 Dose 1; IMVT-1402 Dose 2; Placebo,See official registry record,Registry-defined; verify per protocol,See arms,Percentage of participants who are euthyroid and off ATD at Week 26 (Dose 1),"Percentage of participants who have triiodothyronine (T3) (Total of T3 or free triiodothyronine [FT3]) and free thyroxine (FT4) ≤ upper limit of normal (ULN) and are off ATD at Week 26 (Dose 1); Percentage of participants who are euthyroid, off ATD, and seronegative at Week 26 (Dose 1); Percentage of participants who are euthyroid and off ATD at Week 26 (Dose 2); Percentage of participants who have T3 (Total T3 or FT3) and FT4 ≤ ULN and are off ATD at Week 26 (Dose 2); Percentage of participants who are euthyroid, off ATD, and seronegative (Dose 2)",Protocol-defined,No posted in-scope efficacy result at cutoff.,No manually curated public result at cutoff.,Not established from posted results.,,Official registry protocol,ClinicalTrials.gov; NCT07018323,official_registry_full_record,2026-09-10,disease-directed drug/biologic/supplement trial
NCT07129642,ClinicalTrials.gov,https://clinicaltrials.gov/study/NCT07129642,Allogeneic CAR-T,,Shanghai Zhongshan Hospital,Shanghai Zhongshan Hospital,GD / autoimmune hyperthyroidism,CD19/BCMA-directed CAR-T,EARLY_PHASE1,RECRUITING,2025-08-10,2026-12-31,China,Adults primary,not_applicable,5,,,NA SINGLE_GROUP,NONE,Intervention Arm,See official registry record,Registry-defined; verify per protocol,See arms,Remission of Graves disease; Incidence of Adverse Events,Anti-Thyrotropin receptor antibody (TRAb); Thyroid stimulating immunoglobulin (TSI); thyroid peroxidase antibody (TPOAb); Thyroglobulin antibody (TgAb); Thyroid volume,Protocol-defined,No posted in-scope efficacy result at cutoff.,No manually curated public result at cutoff.,Not established from posted results.,,Official registry protocol,ClinicalTrials.gov; NCT07129642,official_registry_full_record,2026-09-10,disease-directed drug/biologic/supplement trial
NCT07164079,ClinicalTrials.gov,https://clinicaltrials.gov/study/NCT07164079,blackberry root; black tea,,Betul Uner,Betul Uner,GD / autoimmune hyperthyroidism,Other / mechanism not registry-specified,NA,COMPLETED,2024-12-12,2026-06-12,Turkey (Türkiye),Adults primary,not_applicable,42,,,RANDOMIZED PARALLEL,SINGLE,Blackberry root group; Black Tea group,See official registry record,Registry-defined; verify per protocol,See arms,Effect of Rubus sanctus root on thyroid hormones; Effect of Rubus sanctus use on disease-related autoimmune markers; Determination of anatomical and structural changes in the thyroid gland due to the use of Rubus sanctus,,Protocol-defined,No posted in-scope efficacy result at cutoff.,No manually curated public result at cutoff.,Not established from posted results.,"Yang H, Bi X, Tang H, Zeng J, Cong Y, Wu T, Chen Q. Clinical efficacy of Yingliu treatment for Graves disease. Int J Clin Exp Med. 2015 Apr 15;8(4):6145-53. eCollection 2015.; Jaradat N, Dwikat M, Amer J, Hawash M, Hussein F, Qneibi M, Issa L, Asab JA, Hallak H, Arar DN, Masri HZ, Obeid K, Sharabati M, Kittaneh R. Anticancer, Free Radicals, and Digestive Enzyme Inhibitory Activities of Rubus sanctus Schreb Root Four Solvent Fractions. Evid Based Complement Alternat Med. 2021 Jun 16;2021:6690646. doi: 10.1155/2021/6690646. eCollection 2021.",Official registry protocol,ClinicalTrials.gov; NCT07164079,official_registry_full_record,2026-09-10,disease-directed drug/biologic/supplement trial
NCT07261345,ClinicalTrials.gov,https://clinicaltrials.gov/study/NCT07261345,allogenic anti-CD19/BCMA CAR-T,,Shanghai Zhongshan Hospital,Shanghai Zhongshan Hospital,GD / autoimmune hyperthyroidism,CD19/BCMA-directed CAR-T,EARLY_PHASE1,RECRUITING,2025-12-19,2027-12,China,Adults primary,not_applicable,4,,,NA SINGLE_GROUP,NONE,Intervention Arm,See official registry record,Registry-defined; verify per protocol,See arms,Incidence and severity of treatment-emergent adverse events (AEs); Remission of Graves' disease,Proportion of participants with ≥50% reduction of anti-thyrotropin receptor antibody (TRAb); Proportion of participants with ≥50% reduction of thyroid stimulating immunoglobulin (TSI); Change of TRAb levels compared to baseline; Change of TSI levels compared to baseline; Change of thyroid gland volume compared to baseline,Protocol-defined,No posted in-scope efficacy result at cutoff.,No manually curated public result at cutoff.,Not established from posted results.,,Official registry protocol,ClinicalTrials.gov; NCT07261345,official_registry_full_record,2026-09-10,disease-directed drug/biologic/supplement trial
NCT07286006,ClinicalTrials.gov,https://clinicaltrials.gov/study/NCT07286006,IMVT-1402,,Immunovant Sciences GmbH,Immunovant Sciences GmbH,GD / autoimmune hyperthyroidism,FcRn inhibition,PHASE2,ENROLLING_BY_INVITATION,2026-01-26,2030-03,Australia; Bulgaria; Czechia; Latvia; Poland; South Korea; United States,Adults primary,not_applicable,372,,,NON_RANDOMIZED PARALLEL,NONE,Group A; Group B; Group C,See official registry record,Registry-defined; verify per protocol,See arms,"Percentage of Group A Participants who remain euthyroid, Off ATD, and Off IMVT-1402","Percentage of Group A Participants who are euthyroid and off ATD; Percentage of Group A Participants who are euthyroid and off ATD; Percentage of Group A Participants who are euthyroid, off ATD, and off IMVT-1402; Time to earliest date of euthyroidism, off ATD, and off IMVT-1402 to the earliest date of confirmed relapse in Group A Participants; Percentage of Group B Participants who remain euthyroid, off ATD, and off IMVT-1402",Protocol-defined,No posted in-scope efficacy result at cutoff.,No manually curated public result at cutoff.,Not established from posted results.,,Official registry protocol,ClinicalTrials.gov; NCT07286006,official_registry_full_record,2026-09-10,disease-directed drug/biologic/supplement trial
NCT07286656,ClinicalTrials.gov,https://clinicaltrials.gov/study/NCT07286656,GenSci098,,"Changchun GeneScience Pharmaceutical Co., Ltd.","Changchun GeneScience Pharmaceutical Co., Ltd.",GD / autoimmune hyperthyroidism,TSHR blockade / antagonism,PHASE1,RECRUITING,2025-11-21,2026-10-28,China,Adults primary,not_applicable,24,,,NA SEQUENTIAL,NONE,GenSci098,See official registry record,Registry-defined; verify per protocol,See arms,"Incidence and severity of adverse events (AEs) (physical examination, vital signs, laboratory tests, 12-lead electrocardiogram [ECG]).",,Protocol-defined,No posted in-scope efficacy result at cutoff.,No manually curated public result at cutoff.,Not established from posted results.,,Official registry protocol,ClinicalTrials.gov; NCT07286656,official_registry_full_record,2026-09-10,direct TSHR/anti-TSHR or TSHR-antigen-specific program in the core R&D scope
NCT07305818,ClinicalTrials.gov,https://clinicaltrials.gov/study/NCT07305818,MER511 (IV); MER511 (SC); MER511 (SC) for MAD,,Merida Biosciences,Merida Biosciences,GD / autoimmune hyperthyroidism,Direct anti-TSHR autoantibody depletion,PHASE1,RECRUITING,2025-12-19,2028-07-24,Spain; United States,Adults primary,not_applicable,100,,,RANDOMIZED SEQUENTIAL,DOUBLE,Part A (SAD) MER511 IV; Part A (SAD) placebo IV; Part A (SAD) MER511 SC; Part A (SAD) placebo SC; Part B (MAD) MER511 SC; - Part B (MAD) placebo SC,See official registry record,Registry-defined; verify per protocol,See arms,"Number of participants with TEAEs (Treatment-emergent adverse events); Number of participants with clinically significant changes in ECGs, vital signs, clinical laboratory values, and physical examination",Serum Cmax (Maximum observed concentration); Serum tmax (Time to maximum concentration); Serum AUCinf (area under concentration-time curve from time zero to infinity); Serum AUC0-tau (area under concentration-time curve during the dosing interval); Number of participants with ADAs (Anti-drug antibody),Protocol-defined,No posted in-scope efficacy result at cutoff.,No manually curated public result at cutoff.,Not established from posted results.,,Official registry protocol,ClinicalTrials.gov; NCT07305818,official_registry_full_record,2026-09-10,direct TSHR/anti-TSHR or TSHR-antigen-specific program in the core R&D scope
NCT07333677,ClinicalTrials.gov,https://clinicaltrials.gov/study/NCT07333677,In Vivo CAR-T Therapy,,Shanghai Zhongshan Hospital,Shanghai Zhongshan Hospital,GD / autoimmune hyperthyroidism,CD19/BCMA-directed CAR-T,EARLY_PHASE1,RECRUITING,2026-01-29,2027-06,China,Adults primary,not_applicable,5,,,NA SINGLE_GROUP,NONE,In Vivo CAR-T Therapy for Refractory Graves' Disease,See official registry record,Registry-defined; verify per protocol,See arms,Incidence and severity of Adverse Events (AEs); Remission of Graves' disease,Proportion of participants with ≥50% reduction of anti-thyrotropin receptor antibody (TRAb); Proportion of participants with ≥50% reduction of thyroid stimulating immunoglobulin (TSI); Change of TRAb levels compared to baseline; Change of TSI levels compared to baseline; Change of thyroid gland volume compared to baseline,Protocol-defined,No posted in-scope efficacy result at cutoff.,No manually curated public result at cutoff.,Not established from posted results.,,Official registry protocol,ClinicalTrials.gov; NCT07333677,official_registry_full_record,2026-09-10,disease-directed drug/biologic/supplement trial
NCT07570316,ClinicalTrials.gov,https://clinicaltrials.gov/study/NCT07570316,Efgartigimod PH20 SC,,argenx,argenx,GD / autoimmune hyperthyroidism,FcRn inhibition,PHASE3,RECRUITING,2026-06-10,2028-06,Georgia; United States,Adults primary,not_applicable,230,,,RANDOMIZED PARALLEL,QUADRUPLE,Part A - efgartigimod PH20 SC PFS; Part A - placebo PH20 SC PFS; Part B - efgartigimod PH20 SC PFS; Part B - placebo PH20 SC PFS; Part C - efgartigimod PH20 SC PFS,See official registry record,Registry-defined; verify per protocol,See arms,"Percentage of participants who are euthyroid (fT3, fT4, and TSH within normal ranges) off ATDs at week 24 in part A",Time to becoming euthyroid off ATDs in part A; Percentage of participants who are euthyroid and receiving MMI ≤5 mg/day or CBZ ≤7.5 mg/day at week 24 in part A; Percentage of participants with fT3 and fT4 levels below the ULN off ATDs at week 24 in part A; Percentage of participants who are euthyroid off ATDs and TRAb seronegative at week 24 in part A; Time to becoming euthyroid off ATDs and TRAb seronegative,Protocol-defined,No posted in-scope efficacy result at cutoff.,No manually curated public result at cutoff.,Not established from posted results.,,Official registry protocol,ClinicalTrials.gov; NCT07570316,official_registry_full_record,2026-09-10,disease-directed drug/biologic/supplement trial
NCT07596849,ClinicalTrials.gov,https://clinicaltrials.gov/study/NCT07596849,efgartigimod PH20 SC,,argenx,argenx,GD / autoimmune hyperthyroidism,FcRn inhibition,PHASE3,RECRUITING,2026-06-10,2028-06,Canada; Georgia; Japan,Adults primary,not_applicable,230,,,RANDOMIZED PARALLEL,QUADRUPLE,Part A - efgartigimod PH20 SC PFS; Part A - placebo PH20 SC PFS; Part B - efgartigimod PH20 SC PFS; Part B - placebo PH20 SC PFS; Part C - efgartigimod PH20 SC PFS,See official registry record,Registry-defined; verify per protocol,See arms,"Percentage of participants who are euthyroid (fT3, fT4, and TSH within normal ranges) off ATDs at week 24 in part A",Time to becoming euthyroid off ATDs in part A; Percentage of participants who are euthyroid and receiving MMI ≤5 mg/day or CBZ ≤7.5 mg/day at week 24 in part A; Percentage of participants with fT3 and fT4 levels below the ULN off ATDs at week 24 in part A; Percentage of participants who are euthyroid off ATDs and TRAb seronegative at week 24 in part A; Time to becoming euthyroid off ATDs and TRAb seronegative,Protocol-defined,No posted in-scope efficacy result at cutoff.,No manually curated public result at cutoff.,Not established from posted results.,,Official registry protocol,ClinicalTrials.gov; NCT07596849,official_registry_full_record,2026-09-10,disease-directed drug/biologic/supplement trial
NCT07661056,ClinicalTrials.gov,https://clinicaltrials.gov/study/NCT07661056,BHV-1300,,Biohaven Therapeutics Ltd.,Biohaven Therapeutics Ltd.,GD / autoimmune hyperthyroidism,IgG-directed extracellular protein degradation,PHASE3,RECRUITING,2026-06-26,2028-01,United States,Adults primary,not_applicable,300,,,RANDOMIZED PARALLEL,QUADRUPLE,BHV-1300; Placebo,See official registry record,Registry-defined; verify per protocol,See arms,"Number of participants on BHV-1300 vs placebo who are not on an antithyroid drug and with normal thyroid function (total T3, free T4 (FT4), & TSH within normal limits) at Week 26.","Number of participants on BHV-1300 vs placebo who are not on an antithyroid drug and with normal thyroid hormone (Total T3 and FT4) at Week 26.; Change from baseline in TRAb (TBII) of participants on BHV-1300 vs placebo at Week 6; Change from baseline in TRAb (TBII) of participants on BHV-1300 vs placebo at Week 26; Exposure-adjusted Cumulative ATD dose, of participants on BHV-1300 vs placebo at Week 26; Time to normal thyroid hormones (defined as Total T3 & FT4 within normal limits) and off ATD of participants on BHV-1300 vs placebo",Protocol-defined,No posted in-scope efficacy result at cutoff.,No manually curated public result at cutoff.,Not established from posted results.,,Official registry protocol,ClinicalTrials.gov; NCT07661056,official_registry_full_record,2026-09-10,disease-directed drug/biologic/supplement trial
NCT07682896,ClinicalTrials.gov,https://clinicaltrials.gov/study/NCT07682896,Experimental: YB-101,,"Yarrow Bioscience, Inc.","Yarrow Bioscience, Inc.",GD / autoimmune hyperthyroidism,TSHR blockade / antagonism,PHASE2,RECRUITING,2026-06-10,2027-12,Australia; United States,Adults primary,not_applicable,232,,,RANDOMIZED PARALLEL,DOUBLE,YB-101; Placebo YB-101,See official registry record,Registry-defined; verify per protocol,See arms,"Type and frequency of treatment-emergent adverse events (TEAEs) and treatment-emergent serious adverse events (TESAEs); Proportion of participants with normal free triiodothyronine (FT3), free thyroxine (FT4), and thyroid-stimulating hormone (TSH) who discontinued anti-thyroid drugs (ATDs), regardless of concomitant levothyroxine use",,Protocol-defined,No posted in-scope efficacy result at cutoff.,No manually curated public result at cutoff.,Not established from posted results.,,Official registry protocol,ClinicalTrials.gov; NCT07682896,official_registry_full_record,2026-09-10,direct TSHR/anti-TSHR or TSHR-antigen-specific program in the core R&D scope
NCT07722546,ClinicalTrials.gov,https://clinicaltrials.gov/study/NCT07722546,Felzartamab,,Biogen,Biogen,GD / autoimmune hyperthyroidism,CD38 plasma-cell depletion,PHASE2,RECRUITING,2026-07-30,2028-01-31,Puerto Rico; United States,Adults primary,not_applicable,60,,,RANDOMIZED PARALLEL,QUADRUPLE,Placebo; Felzartamab or Placebo; Felzartamab,See official registry record,Registry-defined; verify per protocol,See arms,Percentage of Participants who are Euthyroid and off Anti-Thyroid Drugs (ATD) at Week 24,Percentage of Participants who Have Down-Titrated to ≤ 50% of Their Baseline ATD and are Euthyroid at Week 12 and Week 24; Percentage of Participants who are Euthyroid at Week 12 and Week 24; Change From Baseline in Free Triiodothyronine (FT3); Change From Baseline in Free Thyroxine (FT4); Change From Baseline in Thyroid-Stimulating Hormone (TSH),Protocol-defined,No posted in-scope efficacy result at cutoff.,No manually curated public result at cutoff.,Not established from posted results.,,Official registry protocol,ClinicalTrials.gov; NCT07722546,official_registry_full_record,2026-09-10,disease-directed drug/biologic/supplement trial
NCT00430547,ClinicalTrials.gov,https://clinicaltrials.gov/study/NCT00430547,"Carbimazole, radio-active iodine (I131)",,Barwon Health,Barwon Health,GD cohort; TED development/progression endpoint,Antithyroid drug,NA,COMPLETED,2003-08,,Australia,Adults primary,prevention_progression,60,,,RANDOMIZED PARALLEL,NONE,,See official registry record,Registry-defined; verify per protocol,See arms,Onset or progression of ophthalmopathy following radio-active iodine therapy,,Protocol-defined,No posted in-scope efficacy result at cutoff.,No manually curated public result at cutoff.,Not established from posted results.,,Official registry protocol,ClinicalTrials.gov; NCT00430547,official_registry_full_record,2026-09-10,disease-directed standard-of-care or regimen-optimization trial
NCT01204359,ClinicalTrials.gov,https://clinicaltrials.gov/study/NCT01204359,Iodine 131,,Sun Yat-sen University,Sun Yat-sen University,GD with exophthalmos / post-RAI TED prevention,Radioiodine,PHASE3,UNKNOWN,2007-07,2016-07,China,Adults primary,broad_or_unspecified,627,,,RANDOMIZED PARALLEL,DOUBLE,follow-up,See official registry record,Registry-defined; verify per protocol,See arms,The rate of Hypothyroidism after Iodine 131 treatment,The side effect to Infiltrative exophthalmos after Iodine 131 treatment,Protocol-defined,No posted in-scope efficacy result at cutoff.,No manually curated public result at cutoff.,Not established from posted results.,,Official registry protocol,ClinicalTrials.gov; NCT01204359,official_registry_full_record,2026-09-10,disease-directed standard-of-care or regimen-optimization trial
NCT02373995,ClinicalTrials.gov,https://clinicaltrials.gov/study/NCT02373995,LAB4,,"Fondazione IRCCS Ca' Granda, Ospedale Maggiore Policlinico","Fondazione IRCCS Ca' Granda, Ospedale Maggiore Policlinico",GD with/without TED; broad activity/severity,Other / mechanism not registry-specified,PHASE1; PHASE2,UNKNOWN,2015-02,2015-07,Italy,Adults primary,heterogeneous_or_unspecified,60,,,RANDOMIZED PARALLEL,SINGLE,LAB4; Placebo,See official registry record,Registry-defined; verify per protocol,See arms,Microbiome modification (beneficial modification of the gut microbioma relates to a reduction at the end of treatment of at least 5% of the Firmicutes:Bacteroides ratio and 30% of the anti-TSHr antibody titer and of total IgG and IgA concentrations),Improvement immunological status (antibody responses will be analyzed to identify if microbial or food derived antigens are involved in triggering disease or associated with GO progression),Protocol-defined,No posted in-scope efficacy result at cutoff.,No manually curated public result at cutoff.,Not established from posted results.,"Bartalena L, Baldeschi L, Dickinson A, Eckstein A, Kendall-Taylor P, Marcocci C, Mourits M, Perros P, Boboridis K, Boschi A, Curro N, Daumerie C, Kahaly GJ, Krassas GE, Lane CM, Lazarus JH, Marino M, Nardi M, Neoh C, Orgiazzi J, Pearce S, Pinchera A, Pitz S, Salvi M, Sivelli P, Stahl M, von Arx G, Wiersinga WM; European Group on Graves' Orbitopathy (EUGOGO). Consensus statement of the European Group on Graves' orbitopathy (EUGOGO) on management of GO. Eur J Endocrinol. 2008 Mar;158(3):273-85. doi: 10.1530/EJE-07-0666. No abstract available.",Official registry protocol,ClinicalTrials.gov; NCT02373995,official_registry_full_record,2026-09-10,disease-directed drug/biologic/supplement trial
NCT01458600,ClinicalTrials.gov,https://clinicaltrials.gov/study/NCT01458600,Diclofenac; Methimazole; L-thyroxin; Propranolol; Metoprolol,,Mikael Lantz,Mikael Lantz,GD without clinical TED; TED prevention/progression,Antithyroid drug,PHASE4,COMPLETED,2006-09,2016-02,Sweden,Adults primary,prevention_progression,65,,,RANDOMIZED PARALLEL,SINGLE,diclofenac; without diclofenac,See official registry record,Registry-defined; verify per protocol,See arms,The frequency of ophthalmopathy after 24 months as judged by the following clinical signs,Activity of ophthalmopathy as judged by clinical activity score (CAS); The time from thyrotoxicosis to ophthalmopathy.; The frequency of corticosteroid requiring ophthalmopathy,Protocol-defined,No posted in-scope efficacy result at cutoff.,No manually curated public result at cutoff.,Not established from posted results.,,Official registry protocol,ClinicalTrials.gov; NCT01458600,official_registry_full_record,2026-09-10,disease-directed standard-of-care or regimen-optimization trial
NCT00004660,ClinicalTrials.gov,https://clinicaltrials.gov/study/NCT00004660,Radiotherapy; Sham treatment,,National Institute of Diabetes and Digestive and Kidney Diseases (NIDDK),National Institute of Diabetes and Digestive and Kidney Diseases (NIDDK),Mild TED,Other / mechanism not registry-specified,NA,COMPLETED,1993-06,1998-01,United States,Adults primary,mild_unspecified_activity,42,,,RANDOMIZED CROSSOVER,NONE,Radiotherapy; Sham treatment,See official registry record,Registry-defined; verify per protocol,See arms,Orbital Volume,,Protocol-defined,No posted in-scope efficacy result at cutoff.,No manually curated public result at cutoff.,Not established from posted results.,"Gorman CA, Garrity JA, Fatourechi V, Bahn RS, Petersen IA, Stafford SL, Earle JD, Forbes GS, Kline RW, Bergstralh EJ, Offord KP, Rademacher DM, Stanley NM, Bartley GB. A prospective, randomized, double-blind, placebo-controlled study of orbital radiotherapy for Graves' ophthalmopathy. Ophthalmology. 2001 Sep;108(9):1523-34. doi: 10.1016/s0161-6420(01)00632-7.",Official registry protocol,ClinicalTrials.gov; NCT00004660,official_registry_full_record,2026-09-10,disease-directed standard-of-care or regimen-optimization trial
NCT02112643,ClinicalTrials.gov,https://clinicaltrials.gov/study/NCT02112643,Sodium selenate; Sugar pill,,Columbia University,Columbia University,Mild TED,Selenium / antioxidant,PHASE3,WITHDRAWN,2015-10,2016-11-16,,Adults primary,mild_unspecified_activity,0,,,RANDOMIZED PARALLEL,TRIPLE,Selenium; Sugar pill,See official registry record,Registry-defined; verify per protocol,See arms,Difference in Quality of Life score; Difference in Quality of Life score; Change in Thyroid Eye Disease; Change in Thyroid Eye Disease,Difference in Clinical Activity Score; Difference in Clinical Activity Score; Difference in Quality of Life score; Difference in Quality of Life score; Difference in Quality of Life score,Protocol-defined,No posted in-scope efficacy result at cutoff.,No manually curated public result at cutoff.,Not established from posted results.,"Marcocci C, Kahaly GJ, Krassas GE, Bartalena L, Prummel M, Stahl M, Altea MA, Nardi M, Pitz S, Boboridis K, Sivelli P, von Arx G, Mourits MP, Baldeschi L, Bencivelli W, Wiersinga W; European Group on Graves' Orbitopathy. Selenium and the course of mild Graves' orbitopathy. N Engl J Med. 2011 May 19;364(20):1920-31. doi: 10.1056/NEJMoa1012985.",Official registry protocol,ClinicalTrials.gov; NCT02112643,official_registry_full_record,2026-09-10,Lack of funding; disease-directed drug/biologic/supplement trial
NCT02203682,ClinicalTrials.gov,https://clinicaltrials.gov/study/NCT02203682,Doxycycline hyclate,,Sun Yat-sen University,Sun Yat-sen University,Mild TED,Tetracycline/macrolide immunomodulation,PHASE2,UNKNOWN,2014-07,2022-07,China,Adults primary,mild_unspecified_activity,100,,,RANDOMIZED PARALLEL,QUADRUPLE,Doxycycline; Placebo,See official registry record,Registry-defined; verify per protocol,See arms,the rate of improvement,Clinical Activity Score (CAS); Proptosis measured by Hertel instrument; Eyelid aperture; Lid retraction; Lid lag,Protocol-defined,No posted in-scope efficacy result at cutoff.,No manually curated public result at cutoff.,Not established from posted results.,"Pan Y, Chen YX, Zhang J, Lin ML, Liu GM, Xu XL, Fan XQ, Zhong Y, Li Q, Ai SM, Xu W, Tan J, Zhou HF, Xu DD, Zhang HY, Xu B, Wang S, Ma JJ, Zhang S, Gan LY, Cui JT, Li L, Xie YY, Guo X, Pan-Doh N, Zhu ZT, Lu Y, Shi YX, Xia YW, Li ZY, Liang D. Doxycycline vs Placebo at 12 Weeks in Patients With Mild Thyroid-Associated Ophthalmopathy: A Randomized Clinical Trial. JAMA Ophthalmol. 2022 Nov 1;140(11):1076-1083. doi: 10.1001/jamaophthalmol.2022.3779.",Official registry protocol,ClinicalTrials.gov; NCT02203682,official_registry_full_record,2026-09-10,disease-directed drug/biologic/supplement trial
NCT04548284,ClinicalTrials.gov,https://clinicaltrials.gov/study/NCT04548284,Glucocorticoids,,Sun Yat-sen University,Sun Yat-sen University,Mild TED,Glucocorticoid,PHASE3,UNKNOWN,2021-05,2023-06,China,Adults primary,mild_unspecified_activity,142,,,RANDOMIZED PARALLEL,SINGLE,Periorbitally Injected Glucocorticoids; Observe,See official registry record,Registry-defined; verify per protocol,See arms,Change of Clinical Activity Score (CAS) score; Change of NOSPECS score,adverse events; Quality of life questionnaires (GO-QoL),Protocol-defined,No posted in-scope efficacy result at cutoff.,No manually curated public result at cutoff.,Not established from posted results.,,Official registry protocol,ClinicalTrials.gov; NCT04548284,official_registry_full_record,2026-09-10,disease-directed standard-of-care or regimen-optimization trial
NCT05126147,ClinicalTrials.gov,https://clinicaltrials.gov/study/NCT05126147,Hydroxychloroquine,,National Taiwan University Hospital,National Taiwan University Hospital,Mild TED,Hydroxychloroquine immunomodulation,PHASE4,RECRUITING,2022-03-21,2025-09-30,Taiwan,Adults primary,mild_unspecified_activity,108,,,RANDOMIZED PARALLEL,NONE,Hydroxychloroquine; Control,See official registry record,Registry-defined; verify per protocol,See arms,The change of ophthalmic outcome,The change of quality of life (GO-QoL); The change of muscle volume (cm^3) on computed tomography; The change of fat volume (cm^3) on computed tomography; The change of orbital volume (cm^3) on computed tomography; The change of muscle density on computed tomography,Protocol-defined,No posted in-scope efficacy result at cutoff.,No manually curated public result at cutoff.,Not established from posted results.,"Lin CH, Wei YH, Lu JY, Li HY, Lee CW, Yang CY, Chang CH, Wu WC, Wang CY, Shih SR. A randomized controlled trial on the effect of hydroxychloroquine in mild Graves' orbitopathy (GO-HCQ): study protocol. Trials. 2025 Aug 4;26(1):272. doi: 10.1186/s13063-025-09002-6.",Official registry protocol,ClinicalTrials.gov; NCT05126147,official_registry_full_record,2026-09-10,disease-directed drug/biologic/supplement trial
NCT06389578,ClinicalTrials.gov,https://clinicaltrials.gov/study/NCT06389578,Teprotumumab,,Amgen,Amgen,Mild TED,IGF-1R inhibition,PHASE1,COMPLETED,2022-07-14,2023-02-28,United States,Adults primary,mild_unspecified_activity,16,,,RANDOMIZED PARALLEL,NONE,Cohort 1; Cohort 2,See official registry record,Registry-defined; verify per protocol,See arms,Pharmacokinetics (PK): Area Under the Curve (AUC) of Teprotumumab; PK: Maximum Serum Concentration (Cmax) of Teprotumumab; Number of Participants With Adverse Events (AE),,Protocol-defined,No posted in-scope efficacy result at cutoff.,No manually curated public result at cutoff.,Not established from posted results.,,Official registry protocol,ClinicalTrials.gov; NCT06389578,official_registry_full_record,2026-09-10,disease-directed drug/biologic/supplement trial
NCT06413043,ClinicalTrials.gov,https://clinicaltrials.gov/study/NCT06413043,Selenium,,"All India Institute of Medical Sciences, Bhubaneswar","All India Institute of Medical Sciences, Bhubaneswar",Mild TED,Selenium / antioxidant,NA,UNKNOWN,2024-05-06,2025-08-05,India,Adults primary,mild_unspecified_activity,78,,,RANDOMIZED PARALLEL,NONE,ADD on Selenium; Placebo,See official registry record,Registry-defined; verify per protocol,See arms,To evaluate and compare the response of add on selenium in patients with grave's ophthalmopathy,"the effects of Grave's ophthalmopathy on Patient's perception of their position in life in the context of the culture and value systems in which they live and in relation to their goals, expectations, standards and concerns; To Assess the Colour Vison; To Assess the Fundus; To Examine Thyroid Function Test",Protocol-defined,No posted in-scope efficacy result at cutoff.,No manually curated public result at cutoff.,Not established from posted results.,"Bartalena L, Tanda ML. Current concepts regarding Graves' orbitopathy. J Intern Med. 2022 Nov;292(5):692-716. doi: 10.1111/joim.13524. Epub 2022 Jun 1.; Burch HB, Perros P, Bednarczuk T, Cooper DS, Dolman PJ, Leung AM, Mombaerts I, Salvi M, Stan MN. Management of thyroid eye disease: a Consensus Statement by the American Thyroid Association and the European Thyroid Association. Eur Thyroid J. 2022 Dec 8;11(6):e220189. doi: 10.1530/ETJ-22-0189. Print 2022 Dec 1.; Lanzolla G, Marino M, Marcocci C. Selenium in the Treatment of Graves' Hyperthyroidism and Eye Disease. Front Endocrinol (Lausanne). 2021 Jan 26;11:608428. doi: 10.3389/fendo.2020.608428. eCollection 2020.",Official registry protocol,ClinicalTrials.gov; NCT06413043,official_registry_full_record,2026-09-10,disease-directed standard-of-care or regimen-optimization trial
NCT05987423,ClinicalTrials.gov,https://clinicaltrials.gov/study/NCT05987423,Satralizumab,,Hoffmann-La Roche,Hoffmann-La Roche,"Moderate-to-severe TED, activity not registry-specified",IL-6 / IL-6R blockade,PHASE3,COMPLETED,2023-10-26,2025-07-08,Argentina; Australia; Austria; Germany; Hong Kong; Hungary; Italy; Japan; Singapore; United States,Adults primary,moderate_severe_unspecified_activity,131,,,RANDOMIZED PARALLEL,QUADRUPLE,Satralizumab; Placebo,See official registry record,Registry-defined; verify per protocol,See arms,Percentage of Participants in the Active TED Population Who Achieved ≥ 2 Millimeters (mm) Reduction in Proptosis From Baseline at Week 24 in the Study Eye,Percentage of Participants in the Overall Population Who Achieved ≥ 2 mm Reduction in Proptosis From Baseline at Week 24 in the Study Eye; Change From Baseline in Proptosis at Week 24 in Active TED Population for Study Eye; Change From Baseline in Proptosis at Week 24 in Overall Population for Study Eye; Percentage of Participants in Active TED Population Achieving ≥ 1 Grade Reduction/Improvement in Diplopia at Week 24; Percentage of Participants in the Overall Population Achieving ≥ 1 Grade Reduction/Improvement in Diplopia at Week 24,Posted result timepoint,"Active PRR 49.0% vs 31.2%, p=0.0715; RD 17.9 points (95.03% CI −1.6 to 37.3). Some secondary activity endpoints nominally positive.",SAE 3/67 vs 2/62; clear imbalance 없음.,Week 24 quantitative results only.,"Ezra D, Collins A, Haskova Z, Kuenzel T, Ida H, Triyatni M, Brittain C, Idowu O. Targeting IL-6 Receptor Signaling with Satralizumab in Thyroid Eye Disease: Design of the Phase 3 SatraGO-1 and SatraGO-2 Trials. Ophthalmol Ther. 2025 Dec;14(12):3119-3132. doi: 10.1007/s40123-025-01255-3. Epub 2025 Oct 9.",Registry result + manual curation,[699]; [701]; ClinicalTrials.gov; NCT05987423,official_registry_full_record,2026-09-10,disease-directed drug/biologic/supplement trial; Secondary p-values nominal/multiplicity-sensitive; primary failure를 우선.
NCT06106828,ClinicalTrials.gov,https://clinicaltrials.gov/study/NCT06106828,Satralizumab,,Hoffmann-La Roche,Hoffmann-La Roche,"Moderate-to-severe TED, activity not registry-specified",IL-6 / IL-6R blockade,PHASE3,COMPLETED,2023-11-15,2025-07-24,Canada; China; France; Israel; Poland; Portugal; South Korea; Spain; United Kingdom; United States,Adults primary,moderate_severe_unspecified_activity,127,,,RANDOMIZED PARALLEL,QUADRUPLE,Satralizumab; Placebo,See official registry record,Registry-defined; verify per protocol,See arms,Percentage of Participants in the Active TED Population Who Achieved ≥ 2 Millimeters (mm) Reduction in Proptosis From Baseline at Week 24 in the Study Eye,Percentage of Participants in the Overall Population Who Achieved ≥ 2 mm Reduction in Proptosis From Baseline at Week 24 in the Study Eye; Change From Baseline in Proptosis at Week 24 in Active TED Population for Study Eye; Change From Baseline in Proptosis at Week 24 in Overall Population for Study Eye; Percentage of Participants in Active TED Population Achieving ≥ 1 Grade Reduction/Improvement in Diplopia at Week 24; Percentage of Participants in the Overall Population Achieving ≥ 1 Grade Reduction/Improvement in Diplopia at Week 24,Posted result timepoint,"Active PRR 52.9% vs 23.4%, p=0.0011; RD 28.9 points (95.03% CI 11.5–46.2); adjusted proptosis difference −1.02 mm, p=0.0027.","SAE 2/64 vs 3/62; ALT 6/64 vs 1/62, AST 4/64 vs 1/62, neutrophils decreased 4/64 vs 1/62.",No efficacy durability beyond Week 24 posted.,"Ezra D, Collins A, Haskova Z, Kuenzel T, Ida H, Triyatni M, Brittain C, Idowu O. Targeting IL-6 Receptor Signaling with Satralizumab in Thyroid Eye Disease: Design of the Phase 3 SatraGO-1 and SatraGO-2 Trials. Ophthalmol Ther. 2025 Dec;14(12):3119-3132. doi: 10.1007/s40123-025-01255-3. Epub 2025 Oct 9.",Registry result + manual curation,[699]; [701]; ClinicalTrials.gov; NCT06106828,official_registry_full_record,2026-09-10,disease-directed drug/biologic/supplement trial; Secondary p-values multiplicity caution; satralizumab TED indication pending at cutoff.
NCT06769984,ClinicalTrials.gov,https://clinicaltrials.gov/study/NCT06769984,SCTT11,,Sinocelltech Ltd.,Sinocelltech Ltd.,"Moderate-to-severe TED, activity not registry-specified",Target not publicly verified,PHASE1; PHASE2,NOT_YET_RECRUITING,2025-02-19,2026-06-24,,Adults primary,moderate_severe_unspecified_activity,100,,,RANDOMIZED PARALLEL,DOUBLE,"SCTT11 dose 1, dose 2, dose 3, dose 4; Placebo dose 1, dose 2, dose 3, dose 4",See official registry record,Registry-defined; verify per protocol,See arms,"The occurrences of treatment-emergent adverse events (TEAE), treatment-related TEAE (TRAE), serious adverse events (SAE), and adverse events of special interest (AESI); Proptosis Responder Rate in the study eye",Change from baseline in proptosis in the study eye as measured by exophthalmometer; Change from baseline in Clinical Activity Score (CAS); Diplopia Responder Rate; Proportion of participants with a CAS of zero or one in the study eye; SCTT11 concentrations in the blood over time,Protocol-defined,No posted in-scope efficacy result at cutoff.,No manually curated public result at cutoff.,Not established from posted results.,,Official registry protocol,ClinicalTrials.gov; NCT06769984,official_registry_full_record,2026-09-10,named investigational disease-directed asset; comparator treatment does not determine asset class
NCT07438405,ClinicalTrials.gov,https://clinicaltrials.gov/study/NCT07438405,AMG 732,,Amgen,Amgen,"Moderate-to-severe TED, activity not registry-specified",IGF-1R inhibition,PHASE2,RECRUITING,2026-05-07,2028-01-29,Poland; Spain; Taiwan; United States,Adults primary,moderate_severe_unspecified_activity,30,,,NA SINGLE_GROUP,NONE,AMG 732,See official registry record,Registry-defined; verify per protocol,See arms,Number of Participants who are Proptosis Responders in the Trial Eye at Week 24 in Participants with TED who are Defined as Primary Nonresponders or Relapsed During the Safety Follow-up in the Parent Trial,Change from Baseline at Week 24 in Proptosis Measurement by an Exophthalmometer in the Trial Eye in Participants with TED who are Defined as Primary Nonresponders or Relapsed During the Safety Follow-up in the Parent Trial; Number of Participants who are Proptosis Responders in the Trial Eye at Week 24 in Participants with TED who had Relapse after Achieving Proptosis Response in the Parent Trial; Change from Baseline at Week 24 in Proptosis Measurement by an Exophthalmometer in the Trial Eye in Participants with TED who had Relapse after Achieving Proptosis Response in the Parent Trial; Number of Participants who are Proptosis Responders in the Trial Eye at Week 24 in Participants with TED who were Defined as Primary Nonresponders in the Parent Trial; Change from Baseline at Week 24 in Proptosis Measurement by an Exophthalmometer in the Trial Eye in Participants with TED who were Defined as Primary Nonresponders in the Parent Trial,Protocol-defined,No posted in-scope efficacy result at cutoff.,No manually curated public result at cutoff.,Not established from posted results.,,Official registry protocol,ClinicalTrials.gov; NCT07438405,official_registry_full_record,2026-09-10,named investigational disease-directed asset; comparator treatment does not determine asset class
NCT01269749,ClinicalTrials.gov,https://clinicaltrials.gov/study/NCT01269749,RAI treatment; ATD Group,,University of Florida,University of Florida,Pediatric GD / hyperthyroidism,Antithyroid drug,PHASE2,COMPLETED,2010-10,2016-06,United States,Pediatric/special population,not_applicable,19,,,NON_RANDOMIZED PARALLEL,NONE,RAI treatment; ATD Group,See official registry record,Registry-defined; verify per protocol,See arms,Dosimetry Studies,Cancer Risk Assessment,Posted result timepoint,"RAI 16, ATD 3; posted quantitative efficacy 없음.",4년 동안 reported death/SAE/other AE 0.,효능 durability 미평가.,,Registry result + manual curation,ClinicalTrials.gov; NCT01269749,official_registry_full_record,2026-09-10,disease-directed drug/biologic/supplement trial; 등록 결과의 부재는 무효과를 뜻하지 않음.
NCT07369063,ClinicalTrials.gov,https://clinicaltrials.gov/study/NCT07369063,"Ergocalciferol 50,000 IU; Methimazole",,Northwell Health,Northwell Health,Pediatric GD / hyperthyroidism,Antithyroid drug,PHASE2,RECRUITING,2025-08-01,2027-02-28,United States,Pediatric/special population,not_applicable,30,,,RANDOMIZED PARALLEL,NONE,High-Dose Vitamin D2 + Methimazole; Methimazole (with optional low dose Vitamin D2),See official registry record,Registry-defined; verify per protocol,See arms,Feasibility Metrics: Recruitment Rate; Feasibility Metrics: Adherence Rate; Feasibility Metrics: Data Completeness; Feasibility Metrics: Implementation Barriers,Time to Normalization and Thyroid function Trends,Protocol-defined,No posted in-scope efficacy result at cutoff.,No manually curated public result at cutoff.,Not established from posted results.,,Official registry protocol,ClinicalTrials.gov; NCT07369063,official_registry_full_record,2026-09-10,disease-directed standard-of-care or regimen-optimization trial
NCT01297699,ClinicalTrials.gov,https://clinicaltrials.gov/study/NCT01297699,Tocilizumab (RoActemra®); Sterile 0.9% Sodium Chloride,,Hospital Clinico Universitario de Santiago,Hospital Clinico Universitario de Santiago,Sight-threatening TED / dysthyroid optic neuropathy,IL-6 / IL-6R blockade,PHASE3,COMPLETED,2012-03,2015-10,Spain,Adults primary,sight_threatening,32,,,RANDOMIZED PARALLEL,DOUBLE,Tocilizumab; Sterile 0.9% Sodium Chloride,See official registry record,Registry-defined; verify per protocol,See arms,Drug efficacy will be established as a decrease in CAS (clinical activity score) by 2 or more points in a scale of 10.,"Clinical response of patients who respond to treatment with tocilizumab; Evaluate the patients quality of life associated with tocilizumab treatment, using SF-36; Determine time to recurrence during follow-up period; Safety as adverse events reported",Protocol-defined,No posted in-scope efficacy result at cutoff.,No manually curated public result at cutoff.,Not established from posted results.,,Official registry protocol,ClinicalTrials.gov; NCT01297699,official_registry_full_record,2026-09-10,disease-directed drug/biologic/supplement trial
NCT07594912,ClinicalTrials.gov,https://clinicaltrials.gov/study/NCT07594912,Teprotumumab N01; Intravenous Methylprednisolone (IVMP),,Sun Yat-sen University,Sun Yat-sen University,Sight-threatening TED / dysthyroid optic neuropathy,IGF-1R inhibition,PHASE2,NOT_YET_RECRUITING,2026-08,2027-12,China,Adults primary,sight_threatening,60,,,RANDOMIZED PARALLEL,NONE,Postoperative Sequential Teprotumumab N01; Postoperative Sequential Intravenous Methylprednisolone,See official registry record,Registry-defined; verify per protocol,See arms,Change in Best-Corrected Visual Acuity (BCVA) From Baseline to Week 24,Change in BCVA From Baseline to Week 12; Change in Visual Field Mean Deviation (VF-MD) Measured by Humphrey Field Analyzer; Clinical Activity Score (CAS); Proptosis Measured by Hertel Exophthalmometry; Change in Gorman Diplopia Score,Protocol-defined,No posted in-scope efficacy result at cutoff.,No manually curated public result at cutoff.,Not established from posted results.,,Official registry protocol,ClinicalTrials.gov; NCT07594912,official_registry_full_record,2026-09-10,disease-directed standard-of-care or regimen-optimization trial
NCT05002998,ClinicalTrials.gov,https://clinicaltrials.gov/study/NCT05002998,Teprotumumab,,Amgen,Amgen,"TED, active and chronic/inactive cohorts",IGF-1R inhibition,PHASE4,COMPLETED,2021-09-16,2025-12-19,France; Germany; Italy; Spain; United Kingdom; United States,Adults primary,mixed_active_inactive,313,,,RANDOMIZED PARALLEL,QUADRUPLE,Teprotumumab 4 Infusions; Teprotumumab 8 Infusions; Teprotumumab 16 Infusions,See official registry record,Registry-defined; verify per protocol,See arms,Percentage of Participants who experience at least 1 treatment-emergent adverse event (TEAE) and the percentage of participants who experience at least 1 treatment emergent AESI during treatment with teprotumumab; Percentage of Participants who receive re-treatment,,Protocol-defined,No posted in-scope efficacy result at cutoff.,No manually curated public result at cutoff.,Not established from posted results.,,Official registry protocol,ClinicalTrials.gov; NCT05002998,official_registry_full_record,2026-09-10,disease-directed drug/biologic/supplement trial
NCT06269393,ClinicalTrials.gov,https://clinicaltrials.gov/study/NCT06269393,IBI311,,Peking University People's Hospital,Peking University People's Hospital,"TED, active and chronic/inactive cohorts",IGF-1R inhibition,PHASE3,COMPLETED,2024-01-01,2025-04-03,China,Adults primary,mixed_active_inactive,53,,,RANDOMIZED PARALLEL,DOUBLE,Placebo; IBI311,See official registry record,Registry-defined; verify per protocol,See arms,"The proptosis responder rate (defined as percentage of subjects with a ≥ 2mm reduction from baseline in proptosis in the study eye, without deterioration [≥ 2 mm increase] of proptosis in the non-study eye) of the study eye.",Overall responder rate in proptosis of the study eye.; Percentage of subjects with a CAS value of 0 or 1; Diplopia responder rate (defined as percentage of subjects with a ≥ 1-grade improvement in diplopia),Protocol-defined,No posted in-scope efficacy result at cutoff.,No manually curated public result at cutoff.,Not established from posted results.,,Official registry protocol,ClinicalTrials.gov; NCT06269393,official_registry_full_record,2026-09-10,disease-directed drug/biologic/supplement trial
NCT06525506,ClinicalTrials.gov,https://clinicaltrials.gov/study/NCT06525506,IBI311 (20 mg); IBI311 (3-20 mg); IBI311 (10 mg); IBI311 (3-10mg/kg),,Innovent Biologics (Suzhou) Co. Ltd.,Innovent Biologics (Suzhou) Co. Ltd.,"TED, active and chronic/inactive cohorts",IGF-1R inhibition,PHASE2,COMPLETED,2024-09-04,2025-01-09,China,Adults primary,mixed_active_inactive,38,,,RANDOMIZED PARALLEL,TRIPLE,Arm 2: IBI311 (3-20 mg); Arm 4: IBI311 (20 mg); Arm 3: IBI311 (10 mg); Arm 1: IBI311 (3-10 mg),See official registry record,Registry-defined; verify per protocol,See arms,Mean change from Baseline in proptosis in the study eye.; Safety and Tolerability,The proptosis responder rate in the study eye; Mean change from Baseline in proptosis in the study eye.; The overall responder rate in the study eye.; Percentage of subjects with a CAS of 0 or 1 in the study eye.; Mean change from Baseline in CAS in the study eye.,Protocol-defined,No posted in-scope efficacy result at cutoff.,No manually curated public result at cutoff.,Not established from posted results.,,Official registry protocol,ClinicalTrials.gov; NCT06525506,official_registry_full_record,2026-09-10,disease-directed drug/biologic/supplement trial
NCT07262476,ClinicalTrials.gov,https://clinicaltrials.gov/study/NCT07262476,MHB018A injection,,Minghui Pharmaceutical (Hangzhou) Ltd,Minghui Pharmaceutical (Hangzhou) Ltd,"TED, active and chronic/inactive cohorts",IGF-1R inhibition,PHASE3,RECRUITING,2026-01-09,2029-01-31,China,Adults primary,mixed_active_inactive,258,,,NA SINGLE_GROUP,NONE,MHB018A Injection,See official registry record,Registry-defined; verify per protocol,See arms,Proptosis Responder Rate at Week 24,TED relapse rate; TED relapse time; Overall response rate; Change in proptosis; Percentage of subjects with CAS of 0 or 1,Protocol-defined,No posted in-scope efficacy result at cutoff.,No manually curated public result at cutoff.,Not established from posted results.,,Official registry protocol,ClinicalTrials.gov; NCT07262476,official_registry_full_record,2026-09-10,named investigational disease-directed asset; comparator treatment does not determine asset class
NCT07462130,ClinicalTrials.gov,https://clinicaltrials.gov/study/NCT07462130,NTB003; NTB003; NTB003; NTB003 and Placebo,,Nanjing Chia-tai Tianqing Pharmaceutical,Nanjing Chia-tai Tianqing Pharmaceutical,"TED, active and chronic/inactive cohorts",IGF-1R inhibition,PHASE1; PHASE2,NOT_YET_RECRUITING,2026-03-01,2027-05-31,,Adults primary,mixed_active_inactive,74,,,NON_RANDOMIZED SEQUENTIAL,NONE,Cohort 1; Cohort 2; Cohort 3; Cohort 4,See official registry record,Registry-defined; verify per protocol,See arms,Proptosis Responder Rate in the study eye,Change from baseline in proptosis in the study eye; Change from baseline in CAS; Overall Responder Rate; Diplopia response rate; Diplopia Resolution Rate,Protocol-defined,No posted in-scope efficacy result at cutoff.,No manually curated public result at cutoff.,Not established from posted results.,,Official registry protocol,ClinicalTrials.gov; NCT07462130,official_registry_full_record,2026-09-10,named investigational disease-directed asset; comparator treatment does not determine asset class
NCT07620405,ClinicalTrials.gov,https://clinicaltrials.gov/study/NCT07620405,MHB018A injection,,Minghui Pharmaceutical (Hangzhou) Ltd,Minghui Pharmaceutical (Hangzhou) Ltd,"TED, active and chronic/inactive cohorts",IGF-1R inhibition,PHASE3,NOT_YET_RECRUITING,2027-07,2030-01,,Adults primary,mixed_active_inactive,219,,,NA SINGLE_GROUP,NONE,MHB018A Injection,See official registry record,Registry-defined; verify per protocol,See arms,Proptosis Responder Rate at Week 24,TED relapse rate; TED relapse time; Overall response rate; Change in proptosis; Percentage of subjects with CAS of 0 or 1,Protocol-defined,No posted in-scope efficacy result at cutoff.,No manually curated public result at cutoff.,Not established from posted results.,,Official registry protocol,ClinicalTrials.gov; NCT07620405,official_registry_full_record,2026-09-10,named investigational disease-directed asset; comparator treatment does not determine asset class
NCT03708627,ClinicalTrials.gov,https://clinicaltrials.gov/study/NCT03708627,Bimatoprost Ophthalmic,,Johns Hopkins University,Johns Hopkins University,"TED, activity/severity not registry-specified",Other / mechanism not registry-specified,EARLY_PHASE1,RECRUITING,2017-11-01,2029-07-01,United States,Adults primary,unspecified,3,,,NON_RANDOMIZED PARALLEL,SINGLE,Bimatoprost in more proptotic eye; Control,See official registry record,Registry-defined; verify per protocol,See arms,Reduction in periorbital fat causing improvement in proptosis,,Protocol-defined,No posted in-scope efficacy result at cutoff.,No manually curated public result at cutoff.,Not established from posted results.,,Official registry protocol,ClinicalTrials.gov; NCT03708627,official_registry_full_record,2026-09-10,disease-directed drug/biologic/supplement trial
NCT05110040,ClinicalTrials.gov,https://clinicaltrials.gov/study/NCT05110040,immunosuppressive agent,,Sun Yat-sen University,Sun Yat-sen University,"TED, activity/severity not registry-specified",Other / mechanism not registry-specified,NA,UNKNOWN,2021-10-15,2024-12-01,China,Adults primary,unspecified,12,,,NA SINGLE_GROUP,NONE,immunosuppressive agents,See official registry record,Registry-defined; verify per protocol,See arms,change of macular sensibility,change of extraocular muscle volume and orbital fat volume by MRI; change of proptosis; change of QoL; change of eyelid aperture and lid lag,Protocol-defined,No posted in-scope efficacy result at cutoff.,No manually curated public result at cutoff.,Not established from posted results.,,Official registry protocol,ClinicalTrials.gov; NCT05110040,official_registry_full_record,2026-09-10,disease-directed drug/biologic/supplement trial
NCT06087731,ClinicalTrials.gov,https://clinicaltrials.gov/study/NCT06087731,Tocilizumab,,Sun Yat-sen University,Sun Yat-sen University,"TED, activity/severity not registry-specified",IL-6 / IL-6R blockade,PHASE2,WITHDRAWN,2023-09-23,2023-09-23,China,Adults primary,unspecified,0,,,NA SINGLE_GROUP,NONE,tocilizumab,See official registry record,Registry-defined; verify per protocol,See arms,volume and signal intensity of each extraocular muscles and soft tissue in MRI images; Clinical Activity Score; eyelid aperture; exophthalmos; eyelid lag,ocular motility; Graves' Ophthalmopathy Quality of Life Scale; inflammatory markers changes,Protocol-defined,No posted in-scope efficacy result at cutoff.,No manually curated public result at cutoff.,Not established from posted results.,,Official registry protocol,ClinicalTrials.gov; NCT06087731,official_registry_full_record,2026-09-10,For some personal reasons.; disease-directed drug/biologic/supplement trial
NCT06812325,ClinicalTrials.gov,https://clinicaltrials.gov/study/NCT06812325,VRDN-003,,"Viridian Therapeutics, Inc.","Viridian Therapeutics, Inc.","TED, any CAS / mixed activity",IGF-1R inhibition,PHASE3,ACTIVE_NOT_RECRUITING,2025-02-03,2026-04-22,France; Germany; Poland; Spain; Turkey (Türkiye); United Kingdom; United States,Adults primary,mixed_activity,320,,,RANDOMIZED PARALLEL,TRIPLE,VRDN-003 every 4 weeks; VRDN-003 every 8 weeks,See official registry record,Registry-defined; verify per protocol,See arms,Treatment Emergent Adverse Event (TEAE) incidence rate through Week 24,Change from baseline in proptosis in the study eye at Week 24 as measured by exophthalmometer; TEAE incident rate through study completion,Protocol-defined,No posted in-scope efficacy result at cutoff.,No manually curated public result at cutoff.,Not established from posted results.,,Official registry protocol,ClinicalTrials.gov; NCT06812325,official_registry_full_record,2026-09-10,disease-directed drug/biologic/supplement trial
NCT07155668,ClinicalTrials.gov,https://clinicaltrials.gov/study/NCT07155668,VRDN-003,,"Viridian Therapeutics, Inc.","Viridian Therapeutics, Inc.","TED, any CAS / mixed activity",IGF-1R inhibition,PHASE3,COMPLETED,2025-07-01,2026-05-28,United States,Adults primary,mixed_activity,87,,,RANDOMIZED PARALLEL,NONE,VRDN-003 every 4 weeks using autoinjector; VRDN-003 every 8 weeks using autoinjector; VRDN-003 every 8 weeks using vial and syringe,See official registry record,Registry-defined; verify per protocol,See arms,Treatment Emergent Adverse Event (TEAE) incidence rate,Pharmacokinetic outcome measures; Pharmacokinetic outcome measures,Protocol-defined,No posted in-scope efficacy result at cutoff.,No manually curated public result at cutoff.,Not established from posted results.,,Official registry protocol,ClinicalTrials.gov; NCT07155668,official_registry_full_record,2026-09-10,disease-directed drug/biologic/supplement trial
NCT06179875,ClinicalTrials.gov,https://clinicaltrials.gov/study/NCT06179875,Veligrotug,,"Viridian Therapeutics, Inc.","Viridian Therapeutics, Inc.","TED, mixed feeder population",IGF-1R inhibition,PHASE3,COMPLETED,2024-01-31,2025-04-25,France; Germany; Netherlands; Poland; Spain; Turkey (Türkiye); United Kingdom; United States,Adults primary,mixed_feeder_population,139,,,NA PARALLEL,NONE,Veligrotug/Veligrotug; Placebo/Veligrotug,See official registry record,Registry-defined; verify per protocol,See arms,Proptosis Responder Rate (PRR) in the Most Proptotic Eye as Measured by Exophthalmometer,Change From Baseline in Proptosis in the Most Proptotic Eye as Measured by Exophthalmometer; PRR in the Most Proptotic Eye as Measured by Magnetic Resonance Imaging (MRI)/Computed Tomography (CT); Change From Baseline in Proptosis in the Most Proptotic Eye as Measured by MRI/CT; Clinical Activity Responder Rate in the Most Proptotic Eye as Measured by Exophthalmometer; ORR Comprising PRR and Clinical Activity Responder Rate in the Most Proptotic Eye as Measured by Exophthalmometer,Posted result timepoint,Week 15 PRR 21.1% prior-veligrotug nonresponders vs 51.2% prior-placebo receiving first veligrotug; proptosis change −1.235 vs −2.418 mm.,SAE 0/57 vs 1/82; deaths 0.,Week 15 within-cohort only.,,Registry result + manual curation,ClinicalTrials.gov; NCT06179875,official_registry_full_record,2026-09-10,disease-directed drug/biologic/supplement trial; Selected cohorts; live cut confirmed enrollment 139 and no registry drift.
