blind_order,blind_id,claim_id,claim_type,machine_status,checks_total,checks_failed,failed_checks,evidence_locator,source_ids,exact_anchor_count,evidence_digest,claim_text,value
1,BLIND-0001,POP-PEDIATRIC-001,analytical_population_boundary,PASS,6,0,NA (no failed structural checks),soc_outcomes_v2.csv::category=Pediatric GD or pediatric TED across five regions,NA (internal canonical evidence),1,CANONICAL:soc_outcomes_v2.csv::category=Pediatric GD or pediatric TED across five regions,"Pediatrics는 adult primary pathway와 분리하고 remission assumptions, RAI age/dose constraints 및 prolonged ATD strategy를 별도 기록한다.","Pediatrics는 adult primary pathway와 분리하고 remission assumptions, RAI age/dose constraints 및 prolonged ATD strategy를 별도 기록한다."
2,BLIND-0002,DIRECT-LCA-PLANNED-N,direct_program_mechanism_or_status,PASS,6,0,NA (no failed structural checks),claim_evidence_anchors_v2.csv::DIRECT_ANCHOR:LCA0321-CTIS-PLANNED-N,2,1,LCA0321-CTIS-PLANNED-N: Participants planned 48,LCA-0321 Phase 1의 planned enrollment는 48명이며 analyzed N으로 대체할 수 없다.,LCA-0321 Phase 1의 planned enrollment는 48명이며 analyzed N으로 대체할 수 없다.
3,BLIND-0003,REG-JP-LUMVOA-AUTH,regional_authorization_status,PASS,9,0,NA (no failed structural checks),soc_outcomes_v2.csv::soc_id=SOC-JP-TED-LUMVOA; field=authorization_status_scope,748,1,CANONICAL:soc_outcomes_v2.csv::soc_id=SOC-JP-TED-LUMVOA;field=authorization_status_scope,Japan Lumvoa authorization: unresolved (no relevant official PMDA/MHLW product record identified; this does not prove non-authorization),unresolved (no relevant official PMDA/MHLW product record identified; this does not prove non-authorization)
4,BLIND-0004,ASSET-036,complete_asset_inventory_row,PASS,8,0,NA (no failed structural checks),pipeline_assets_v2.csv::asset=Secukinumab,819,1,CANONICAL:pipeline_assets_v2.csv::asset=Secukinumab;row_sha256=7a3fc4dd30b459aeb43b86ee6e90d699f13d7e2467985d245875a8ec6a5978aa,Secukinumab: indication=Active moderate-to-severe TED; target=IL-17A; highest_stage=Highest registered phase: PHASE3; status=Registered statuses: TERMINATED; tier=Completeness; evidence_confidence=Low (registry-level completeness row; not an efficacy judgment).,Highest registered phase: PHASE3 | Registered statuses: TERMINATED | Low (registry-level completeness row; not an efficacy judgment)
5,BLIND-0005,DIRECT-MER-EVIDENCE-BOUNDARY,direct_program_mechanism_or_status,PASS,6,0,NA (no failed structural checks),claim_evidence_anchors_v2.csv::DIRECT_ANCHOR:MER511-NEXUS-AGE-PKPD;DIRECT_ANCHOR:MER511-NEXUS-RECRUITING;CANONICAL:clinical_trials_v2.csv::trial_id=NCT07305818;has_posted_results=No,7; 898,3,"MER511-NEXUS-AGE-PKPD: This Phase 1, first-in-human, multicenter study will evaluate the safety, tolerability, pharmacokinetics (PK), pharmacodynamics (PD), and im || MER511-NEXUS-RECRUITING: - Status: RECRUITING || CANONICAL:clinical_trials_v2.csv::trial_id=NCT07305818;has_posted_results=No","NEXUS protocol objectives는 safety, tolerability, PK, PD, immunogenicity이며 frozen registry record에는 posted results가 없다; clinical efficacy와 durable remission은 미확정이다.","NEXUS protocol objectives는 safety, tolerability, PK, PD, immunogenicity이며 frozen registry record에는 posted results가 없다; clinical efficacy와 durable remission은 미확정이다."
6,BLIND-0006,ASSET-033,complete_asset_inventory_row,PASS,8,0,NA (no failed structural checks),pipeline_assets_v2.csv::asset=Rituximab,755; 760; 762; 791,1,CANONICAL:pipeline_assets_v2.csv::asset=Rituximab;row_sha256=b2be0b0a5c4cd86e163afb76ee491438d68f6fe12529c3f7a6c5efc00a449999,Rituximab: indication=Active TED; Active moderate-to-severe TED; GD / autoimmune hyperthyroidism; target=CD20; highest_stage=Highest registered phase: PHASE4; status=Registered statuses: COMPLETED; tier=Completeness; evidence_confidence=Low (registry-level completeness row; not an efficacy judgment).,Highest registered phase: PHASE4 | Registered statuses: COMPLETED | Low (registry-level completeness row; not an efficacy judgment)
7,BLIND-0007,METHOD-008,internal_status_count,PASS,7,0,NA (no failed structural checks),clinical_trials_v2.csv::field=overall_status; value=UNKNOWN,NA (internal canonical evidence),1,CANONICAL:clinical_trials_v2.csv::field=overall_status | value=UNKNOWN,UNKNOWN status trial은 22개였다.,22
8,BLIND-0008,METHOD-009,internal_status_count,PASS,7,0,NA (no failed structural checks),clinical_trials_v2.csv::field=overall_status; value=NOT_YET_RECRUITING,NA (internal canonical evidence),1,CANONICAL:clinical_trials_v2.csv::field=overall_status | value=NOT_YET_RECRUITING,NOT_YET_RECRUITING status trial은 14개였다.,14
9,BLIND-0009,TRIAL-001-INTERPRETATION,trial_primary_interpretation,PASS,12,0,NA (no failed structural checks),result_trial_curation_v2.csv::trial_id=NCT00595335; field=primary_interpretation,762,1,TRIAL-RESULT-NCT00595335: 6개월 CAS 변화와 failure rate에서 rituximab이 methylprednisolone 대비 우월하지 않았다.,NCT00595335: 6개월 CAS 변화와 failure rate에서 rituximab이 methylprednisolone 대비 우월하지 않았다.,negative_randomized
10,BLIND-0010,DIRECT-MER-TSH-SPARING,direct_program_mechanism_or_status,PASS,6,0,NA (no failed structural checks),claim_evidence_anchors_v2.csv::DIRECT_ANCHOR:MER511-SPONSOR-TSH-SPARING-HYPOTHESIS;DIRECT_ANCHOR:MER511-OR31-TSH-SIGNALING;DIRECT_ANCHOR:MER511-OR31-SELECTIVE-DEPLETION-MOUSE,6; 8,3,"MER511-SPONSOR-TSH-SPARING-HYPOTHESIS: By directly targeting the underlying drivers of Graves’ diseases, MER511 aims to directly target the autoantibodies that cause this difficul || MER511-OR31-TSH-SIGNALING: Additionally, MER511 does not bind TSH or impact TSH signaling, thus enabling the res toration of normal thyroid function in patients. || MER511-OR31-SELECTIVE-DEPLETION-MOUSE: In a human ized FcγR/FcRn mouse model, MER511 rapidly depleted passively transferred patient-derived monoclonal autoanti bodies (M22), and u","MER511의 TSH non-binding, TSH-signaling preservation 및 total-IgG sparing은 sponsor/preclinical claim이며 사람에서 검증되지 않았다.","MER511의 TSH non-binding, TSH-signaling preservation 및 total-IgG sparing은 sponsor/preclinical claim이며 사람에서 검증되지 않았다."
11,BLIND-0011,SOC-CONFLICT-KR-RAI,source_conflict_disclosure,PASS,6,0,NA (no failed structural checks),"source_anchors_v2.csv::anchors=KR-KTA2025-RAI-R5.3-NARRATIVE,KR-KTA2025-RAI-R5.3-TABLE",28,2,"KR-KTA2025-RAI-R5.3-NARRATIVE: 5.3. In patients with inactive moderate-to-severe TED, prophylactic 
corticosteroid therapy may be considered during RAI treatment 
when add || KR-KTA2025-RAI-R5.3-TABLE: Inactive No steroid prophylaxis 
required
Consider steroid 
prophylaxis
No steroid prophylaxis 
required
Steroid prophylaxis 
recommended","Korean RAI Recommendation 5.3은 narrative의 ‘may be considered’와 Table 3의 ‘Steroid prophylaxis recommended’를 모두 보존하며, strength discrepancy를 conclusion-neutral Severity 3로 공개한다.","Korean RAI Recommendation 5.3은 narrative의 ‘may be considered’와 Table 3의 ‘Steroid prophylaxis recommended’를 모두 보존하며, strength discrepancy를 conclusion-neutral Severity 3로 공개한다."
12,BLIND-0012,METHOD-019,internal_methodological_statement,PASS,6,0,NA (no failed structural checks),clinical_trials_v2.csv + pipeline_assets_v2.csv::trials: overall_status in TERMINATED/WITHDRAWN/SUSPENDED; assets: target startswith 'Not ',NA (internal canonical evidence),1,CANONICAL:clinical_trials_v2.csv + pipeline_assets_v2.csv::trials: overall_status in TERMINATED/WITHDRAWN/SUSPENDED | assets: target startswith 'Not ',"TERMINATED 11개, WITHDRAWN 5개, SUSPENDED 1개 trial과 target-unverified/registry-unspecified asset 4개를 inventory에 유지했다.","TERMINATED 11개, WITHDRAWN 5개, SUSPENDED 1개 trial과 target-unverified/registry-unspecified asset 4개를 inventory에 유지했다."
13,BLIND-0013,RND-FRAME-001,internal_rd_scoring_definition,PASS,7,0,NA (no failed structural checks),"pipeline_assets_v2.csv::fields=potential_driver_specificity_0_3,potential_durability_0_3,potential_selectivity_0_3,potential_translatability_0_3,potential_developability_0_3,weighted_potential_0_3,r_and_d_score_scope",NA (internal canonical evidence),1,"CANONICAL:pipeline_assets_v2.csv::fields=potential_driver_specificity_0_3,potential_durability_0_3,potential_selectivity_0_3,potential_translatability_0_3,potential_developability_0_3,weighted_potential_0_3,r_and_d_score_scope","R&D potential은 driver proximity, potential durability, selectivity, translational/PD tractability, developability를 합성한 hypothesis-weighted 0–3 score이며 임상 성공 확률, 투자 등급 또는 cross-trial efficacy ranking이 아니다.","R&D potential은 driver proximity, potential durability, selectivity, translational/PD tractability, developability를 합성한 hypothesis-weighted 0–3 score이며 임상 성공 확률, 투자 등급 또는 cross-trial efficacy ranking이 아니다."
14,BLIND-0014,METHOD-002,internal_inventory_count,PASS,6,0,NA (no failed structural checks),qa_summary.json::registry.triaged,NA (internal canonical evidence),1,CANONICAL:qa_summary.json::registry.triaged,사전 정의된 scope로 193개 record를 audit triage했다.,193
15,BLIND-0015,ASSET-023,complete_asset_inventory_row,PASS,8,0,NA (no failed structural checks),pipeline_assets_v2.csv::asset=LCA-0321,1; 2,1,CANONICAL:pipeline_assets_v2.csv::asset=LCA-0321;row_sha256=d3f83cca2442583eef2496263861fa58cb9fc373d4923b6d67bc0f7887b7c559,"LCA-0321: indication=GD; TED; target=anti-TSHR autoantibodies; highest_stage=Phase 1; status=Ongoing, recruiting; tier=Core; evidence_confidence=Low.","Phase 1 | Ongoing, recruiting | Low"
16,BLIND-0016,METHOD-006,internal_status_count,PASS,7,0,NA (no failed structural checks),clinical_trials_v2.csv::field=overall_status; value=COMPLETED,NA (internal canonical evidence),1,CANONICAL:clinical_trials_v2.csv::field=overall_status | value=COMPLETED,COMPLETED status trial은 66개였다.,66
17,BLIND-0017,METHOD-015,randomization_semantics_count,PASS,6,0,NA (no failed structural checks),"clinical_trials_v2.csv::fields=registry_allocation,n_randomized,randomization_basis",NA (internal canonical evidence),1,"CANONICAL:clinical_trials_v2.csv::fields=registry_allocation,n_randomized,randomization_basis",Randomized trials with posted participant flow: 17개; n_randomized는 first-period participant-flow STARTED 합계로 정의했다.,17
18,BLIND-0018,TRIAL-021-DURABILITY,trial_durability_result_or_limit,PASS,12,0,NA (no failed structural checks),result_trial_curation_v2.csv::trial_id=NCT06021054; field=durability,845,1,TRIAL-RESULT-NCT06021054: THRIVE-2에서 chronic TED Week 15 PRR가 크게 개선되었다.,NCT06021054: Efficacy durability beyond Week 15 not posted.,Efficacy durability beyond Week 15 not posted.
19,BLIND-0019,TRIAL-022-SAFETY,trial_safety_result,PASS,12,0,NA (no failed structural checks),result_trial_curation_v2.csv::trial_id=NCT06106828; field=safety,849,1,TRIAL-RESULT-NCT06106828: SatraGO-2는 active-TED Week 24 primary PRR를 충족했다.,"NCT06106828: SAE 2/64 vs 3/62; ALT 6/64 vs 1/62, AST 4/64 vs 1/62, neutrophils decreased 4/64 vs 1/62.","SAE 2/64 vs 3/62; ALT 6/64 vs 1/62, AST 4/64 vs 1/62, neutrophils decreased 4/64 vs 1/62."
20,BLIND-0020,ASSET-002,complete_asset_inventory_row,PASS,8,0,NA (no failed structural checks),pipeline_assets_v2.csv::asset=Allogeneic CD19/BCMA CAR-T,884; 893,1,CANONICAL:pipeline_assets_v2.csv::asset=Allogeneic CD19/BCMA CAR-T;row_sha256=c880f030057d4251c8b04e09d59031ae74bd6a7f196117714ad3a107abae1da0,Allogeneic CD19/BCMA CAR-T: indication=GD / autoimmune hyperthyroidism; target=CD19/BCMA; highest_stage=Highest registered phase: EARLY_PHASE1; status=Registered statuses: RECRUITING; tier=Completeness; evidence_confidence=Low (registry-level completeness row; not an efficacy judgment).,Highest registered phase: EARLY_PHASE1 | Registered statuses: RECRUITING | Low (registry-level completeness row; not an efficacy judgment)
21,BLIND-0021,TRIAL-015-SAFETY,trial_safety_result,PASS,12,0,NA (no failed structural checks),result_trial_curation_v2.csv::trial_id=NCT04583735; field=safety,817,1,TRIAL-RESULT-NCT04583735: chronic/low-activity TED에서도 teprotumumab은 Week 24 proptosis를 유의하게 개선했다.,NCT04583735: SAE 1/41 vs 1/20; hyperglycemia 6/41 vs 2/20; hearing impairment 9/41 vs 2/20; muscle spasms 17/41 vs 2/20.,SAE 1/41 vs 1/20; hyperglycemia 6/41 vs 2/20; hearing impairment 9/41 vs 2/20; muscle spasms 17/41 vs 2/20.
22,BLIND-0022,ASSET-044,complete_asset_inventory_row,PASS,8,0,NA (no failed structural checks),pipeline_assets_v2.csv::asset=Unspecified immunosuppressive agent,826,1,CANONICAL:pipeline_assets_v2.csv::asset=Unspecified immunosuppressive agent;row_sha256=7469022e3b1f29c4c16ae7aba9b17d44ab04805a0848ddec6e37aa4db625be4a,"Unspecified immunosuppressive agent: indication=TED, activity/severity not registry-specified; target=Not registry-specified; highest_stage=Highest registered phase: NA; status=Registered statuses: UNKNOWN; tier=Watchlist; evidence_confidence=Low (registry-level completeness row; not an efficacy judgment).",Highest registered phase: NA | Registered statuses: UNKNOWN | Low (registry-level completeness row; not an efficacy judgment)
23,BLIND-0023,SOC-FRAME-001,internal_soc_coverage,PASS,6,0,NA (no failed structural checks),soc_outcomes_v2.csv::all rows; region_code×category,NA (internal canonical evidence),1,CANONICAL:soc_outcomes_v2.csv::all rows | region_code×category,Regional SoC matrix는 5개 region 각각에 15개 category를 유지해 총 75개 row를 포함한다.,Regional SoC matrix는 5개 region 각각에 15개 category를 유지해 총 75개 row를 포함한다.
24,BLIND-0024,TRIAL-011-INTERPRETATION,trial_primary_interpretation,PASS,12,0,NA (no failed structural checks),result_trial_curation_v2.csv::trial_id=NCT03298867; field=primary_interpretation,807,1,TRIAL-RESULT-NCT03298867: OPTIC에서 teprotumumab은 Week 24 proptosis response를 크게 높였다.,NCT03298867: OPTIC에서 teprotumumab은 Week 24 proptosis response를 크게 높였다.,positive_randomized
25,BLIND-0025,DIRECT-LCA-EVIDENCE-BOUNDARY,direct_program_mechanism_or_status,PASS,6,0,NA (no failed structural checks),claim_evidence_anchors_v2.csv::DIRECT_ANCHOR:LCA0321-SPONSOR-DESIGN;DIRECT_ANCHOR:LCA0321-CTIS-PHASE-STATUS;DIRECT_ANCHOR:LCA0321-CTIS-SAD-MAD-TITLE,1; 2,3,"LCA0321-SPONSOR-DESIGN: LCA-0321 is designed to specifically bind and rapidly eliminate the disease-causing Thyroid Stimulating Hormone Receptor (TSHR) autoantibodi || LCA0321-CTIS-PHASE-STATUS: 2025-524053-14-00 Protocol LCA-0321-01 Human pharmacology (Phase I) - First administration to humans Ongoing, recruiting || LCA0321-CTIS-SAD-MAD-TITLE: # Phase 1 Single Ascending and Multiple Ascending Dose Study with LCA-0321","Frozen evidence package에는 LCA-0321의 human efficacy, immunogenicity, autoantibody rebound, normal TSH physiology preservation, TED–biochemical concordance 또는 off-treatment durability를 확립한 human result가 포함되지 않았다.","Frozen evidence package에는 LCA-0321의 human efficacy, immunogenicity, autoantibody rebound, normal TSH physiology preservation, TED–biochemical concordance 또는 off-treatment durability를 확립한 human result가 포함되지 않았다."
26,BLIND-0026,TRIAL-022-EFFICACY,trial_efficacy_result,PASS,12,0,NA (no failed structural checks),result_trial_curation_v2.csv::trial_id=NCT06106828; field=efficacy,849,1,TRIAL-RESULT-NCT06106828: SatraGO-2는 active-TED Week 24 primary PRR를 충족했다.,"NCT06106828: Active PRR 52.9% vs 23.4%, p=0.0011; RD 28.9 points (95.03% CI 11.5–46.2); adjusted proptosis difference −1.02 mm, p=0.0027.","Active PRR 52.9% vs 23.4%, p=0.0011; RD 28.9 points (95.03% CI 11.5–46.2); adjusted proptosis difference −1.02 mm, p=0.0027."
27,BLIND-0027,TRIAL-003-INTERPRETATION,trial_primary_interpretation,PASS,12,0,NA (no failed structural checks),result_trial_curation_v2.csv::trial_id=NCT01269749; field=primary_interpretation,769,1,TRIAL-RESULT-NCT01269749: pediatric RAI/ATD 연구지만 posted outcome-measurement row가 없어 efficacy 또는 remission을 추론할 수 없다.,NCT01269749: pediatric RAI/ATD 연구지만 posted outcome-measurement row가 없어 efficacy 또는 remission을 추론할 수 없다.,no_posted_efficacy
28,BLIND-0028,TRIAL-009-EFFICACY,trial_efficacy_result,PASS,12,0,NA (no failed structural checks),result_trial_curation_v2.csv::trial_id=NCT02973802; field=efficacy,800,1,TRIAL-RESULT-NCT02973802: ATX-GD-59 Phase 1에서 thyroid/antibody biomarker 개선 신호가 있었지만 remission proof는 아니다.,NCT02973802: Week 22: TBII −0.6602 IU/L; TSAb −54 %SRR; FT3 −14.19%; FT4 −14.54%; TSH +0.309 mIU/L.,Week 22: TBII −0.6602 IU/L; TSAb −54 %SRR; FT3 −14.19%; FT4 −14.54%; TSH +0.309 mIU/L.
29,BLIND-0029,ENDPOINT-001,analytical_endpoint_definition,PASS,6,0,NA (no failed structural checks),soc_outcomes_v2.csv::field=endpoint_semantics across 75 regional rows,NA (internal canonical evidence),1,CANONICAL:soc_outcomes_v2.csv::field=endpoint_semantics across 75 regional rows,Biochemical control은 치료 중 FT4/FT3가 정상화된 상태이며 off-treatment remission과 동일하지 않다.,NA (not a scalar claim)
30,BLIND-0030,TRIAL-025-INTERPRETATION,trial_primary_interpretation,PASS,12,0,NA (no failed structural checks),result_trial_curation_v2.csv::trial_id=NCT06384547; field=primary_interpretation,859,1,TRIAL-RESULT-NCT06384547: STRIVE는 placebo 없는 active-dose safety comparison으로 efficacy 또는 dose response를 확립하지 못한다.,NCT06384547: STRIVE는 placebo 없는 active-dose safety comparison으로 efficacy 또는 dose response를 확립하지 못한다.,active_dose_uncontrolled
31,BLIND-0031,TRIAL-012-DURABILITY,trial_durability_result_or_limit,PASS,12,0,NA (no failed structural checks),result_trial_curation_v2.csv::trial_id=NCT03461211; field=durability,809,1,TRIAL-RESULT-NCT03461211: OPTIC-X는 prior-placebo crossover와 selected retreatment/nonresponder cohorts에서 추가 response를 보였다.,NCT03461211: Crossover responders 중 Week 48 PRR maintenance 29/32.,Crossover responders 중 Week 48 PRR maintenance 29/32.
32,BLIND-0032,TRIAL-025-SAFETY,trial_safety_result,PASS,12,0,NA (no failed structural checks),result_trial_curation_v2.csv::trial_id=NCT06384547; field=safety,859,1,TRIAL-RESULT-NCT06384547: STRIVE는 placebo 없는 active-dose safety comparison으로 efficacy 또는 dose response를 확립하지 못한다.,NCT06384547: Week 52 TEAE 159/173 vs 55/58; SAE 10/173 vs 3/58; deaths 0; class-like muscle spasm/hearing/reproductive events.,Week 52 TEAE 159/173 vs 55/58; SAE 10/173 vs 3/58; deaths 0; class-like muscle spasm/hearing/reproductive events.
33,BLIND-0033,SOC-FRAME-004,analytical_unresolved_status_boundary,PASS,6,0,NA (no failed structural checks),"soc_outcomes_v2.csv::fields=authorization_status_scope,reimbursement_access,uncertainty; unresolved semantics",NA (internal canonical evidence),1,"CANONICAL:soc_outcomes_v2.csv::fields=authorization_status_scope,reimbursement_access,uncertainty | unresolved semantics",unresolved는 documented official-source pass에서 positive official evidence를 확정하지 못했다는 뜻이며 ‘not authorized’ 또는 ‘not reimbursed’를 의미하지 않는다.,unresolved는 documented official-source pass에서 positive official evidence를 확정하지 못했다는 뜻이며 ‘not authorized’ 또는 ‘not reimbursed’를 의미하지 않는다.
34,BLIND-0034,REG-KR-TEPEZZA-AUTH,regional_authorization_status,PASS,9,0,NA (no failed structural checks),soc_outcomes_v2.csv::soc_id=SOC-KR-TED-TEPEZZA; field=authorization_status_scope,745,1,CANONICAL:soc_outcomes_v2.csv::soc_id=SOC-KR-TED-TEPEZZA;field=authorization_status_scope,South Korea Tepezza authorization: unresolved (no relevant official MFDS/NEDrug product record identified; this does not prove non-authorization),unresolved (no relevant official MFDS/NEDrug product record identified; this does not prove non-authorization)
35,BLIND-0035,ASSET-032,complete_asset_inventory_row,PASS,8,0,NA (no failed structural checks),pipeline_assets_v2.csv::asset=Rilzabrutinib,880,1,CANONICAL:pipeline_assets_v2.csv::asset=Rilzabrutinib;row_sha256=cd567645a8657db4845de069ab1f8f04e975b9786fe6c00e516f0e66647e5f4c,Rilzabrutinib: indication=Active TED; target=BTK; highest_stage=Highest registered phase: PHASE2; status=Registered statuses: RECRUITING; tier=Completeness; evidence_confidence=Low (registry-level completeness row; not an efficacy judgment).,Highest registered phase: PHASE2 | Registered statuses: RECRUITING | Low (registry-level completeness row; not an efficacy judgment)
36,BLIND-0036,TRIAL-017-SAFETY,trial_safety_result,PASS,12,0,NA (no failed structural checks),result_trial_curation_v2.csv::trial_id=NCT05176639; field=safety,829,1,TRIAL-RESULT-NCT05176639: THRIVE에서 veligrotug은 Week 15에 큰 proptosis/overall response 효과를 보였다.,NCT05176639: SAE 7/75 vs 0/38; muscle spasms 34/75 vs 3/38; infusion reaction 13/75 vs 2/38; hearing-related symptoms present.,SAE 7/75 vs 0/38; muscle spasms 34/75 vs 3/38; infusion reaction 13/75 vs 2/38; hearing-related symptoms present.
37,BLIND-0037,ASSET-014,complete_asset_inventory_row,PASS,8,0,NA (no failed structural checks),pipeline_assets_v2.csv::asset=IBI3031,619; 913,1,CANONICAL:pipeline_assets_v2.csv::asset=IBI3031;row_sha256=2223939c18838bc09a67543e59661384d1c1950d99c136b0b5b96c277cd49340,IBI3031: indication=TED; target=IGF-1R and TSHR; highest_stage=Phase 1; status=Recruiting/early; tier=Core-adjacent; evidence_confidence=Low.,Phase 1 | Recruiting/early | Low
38,BLIND-0038,TRIAL-FRAME-001,internal_trial_reporting_boundary,PASS,6,0,NA (no failed structural checks),"result_trial_curation_v2.csv::all 25 rows; fields=disposition,efficacy,safety,durability,caveats",NA (internal canonical evidence),1,"CANONICAL:result_trial_curation_v2.csv::all 25 rows | fields=disposition,efficacy,safety,durability,caveats","Result-bearing 25개 trial을 positive/negative 이분법으로 축약하지 않고 disposition, efficacy, safety, durability와 caveat를 분리했다.","Result-bearing 25개 trial을 positive/negative 이분법으로 축약하지 않고 disposition, efficacy, safety, durability와 caveat를 분리했다."
39,BLIND-0039,TRIAL-024-INTERPRETATION,trial_primary_interpretation,PASS,12,0,NA (no failed structural checks),result_trial_curation_v2.csv::trial_id=NCT06226545; field=primary_interpretation,853,1,TRIAL-RESULT-NCT06226545: LASN01은 Week 37 CAS response 신호를 보였지만 PRR는 placebo와 유사했다.,NCT06226545: LASN01은 Week 37 CAS response 신호를 보였지만 PRR는 placebo와 유사했다.,mixed_small_randomized
40,BLIND-0040,ASSET-016,complete_asset_inventory_row,PASS,8,0,NA (no failed structural checks),pipeline_assets_v2.csv::asset=IMVT-1402,875; 882; 896,1,CANONICAL:pipeline_assets_v2.csv::asset=IMVT-1402;row_sha256=82db253cb9d50df59a60563b08f39b3974ad0e717a205f696b47c951982fd413,IMVT-1402: indication=GD / autoimmune hyperthyroidism; target=FcRn; highest_stage=Highest registered phase: PHASE2; status=Registered statuses: RECRUITING; ENROLLING_BY_INVITATION; tier=Completeness; evidence_confidence=Low (registry-level completeness row; not an efficacy judgment).,Highest registered phase: PHASE2 | Registered statuses: RECRUITING; ENROLLING_BY_INVITATION | Low (registry-level completeness row; not an efficacy judgment)
41,BLIND-0041,ASSET-SUMMARY-TARGET-UNKNOWN,internal_asset_retention_count,PASS,7,0,NA (no failed structural checks),pipeline_assets_v2.csv::field=target startswith 'Not ',NA (internal canonical evidence),1,CANONICAL:pipeline_assets_v2.csv::field=target startswith 'Not ',"Publicly or registry-unverified target label을 가진 asset 4개도 inventory에 유지했다: KHN939, SCTT11, Technetium-99 methylene diphosphonate (99Tc-MDP), Unspecified immunosuppressive agent.",4
42,BLIND-0042,ASSET-040,complete_asset_inventory_row,PASS,8,0,NA (no failed structural checks),pipeline_assets_v2.csv::asset=Teprotumumab,190; 191; 274; 780; 807; 809; 817; 823; 855; 860; 869; 873; 885; 895; 899; 907,1,CANONICAL:pipeline_assets_v2.csv::asset=Teprotumumab;row_sha256=fb3a63174e22fbb733c118b9bdf3cfc461f41d710a1cd3b3866217727ac21080,Teprotumumab: indication=TED (US); target=IGF-1R; highest_stage=Approved US; status=Approved; tier=Comparator; evidence_confidence=High for TED.,Approved US | Approved | High for TED
43,BLIND-0043,SOC-FRAME-002,analytical_soc_boundary,PASS,6,0,NA (no failed structural checks),"soc_outcomes_v2.csv::categories=Adult ATD,Adult RAI,Adult thyroidectomy",NA (internal canonical evidence),1,"CANONICAL:soc_outcomes_v2.csv::categories=Adult ATD,Adult RAI,Adult thyroidectomy","GD의 Adult ATD, Adult RAI, Adult thyroidectomy는 각 region에서 별도 pathway로 유지되며 biochemical control, destructive/surgical control, remission을 합치지 않는다.","GD의 Adult ATD, Adult RAI, Adult thyroidectomy는 각 region에서 별도 pathway로 유지되며 biochemical control, destructive/surgical control, remission을 합치지 않는다."
44,BLIND-0044,REG-US-TEPEZZA-ACCESS,regional_reimbursement_access_status,PASS,9,0,NA (no failed structural checks),soc_outcomes_v2.csv::soc_id=SOC-US-TED-TEPEZZA; field=reimbursement_access,NA (internal canonical evidence),1,CANONICAL:soc_outcomes_v2.csv::soc_id=SOC-US-TED-TEPEZZA;field=reimbursement_access,United States Tepezza reimbursement/access: unresolved (본 curated source set에서 region-wide reimbursement/coverage를 공식 근거로 확정하지 않음; 개별 payer·기관 확인 필요),unresolved (본 curated source set에서 region-wide reimbursement/coverage를 공식 근거로 확정하지 않음; 개별 payer·기관 확인 필요)
45,BLIND-0045,ASSET-030,complete_asset_inventory_row,PASS,8,0,NA (no failed structural checks),pipeline_assets_v2.csv::asset=Otelixizumab,767,1,CANONICAL:pipeline_assets_v2.csv::asset=Otelixizumab;row_sha256=8434074732239db44a023205f935072c75c3816dcc0f5b21cf1c60cd345ba0a6,Otelixizumab: indication=Active TED; target=CD3; highest_stage=Highest registered phase: PHASE2; status=Registered statuses: TERMINATED; tier=Completeness; evidence_confidence=Low (registry-level completeness row; not an efficacy judgment).,Highest registered phase: PHASE2 | Registered statuses: TERMINATED | Low (registry-level completeness row; not an efficacy judgment)
46,BLIND-0046,TRIAL-011-EFFICACY,trial_efficacy_result,PASS,12,0,NA (no failed structural checks),result_trial_curation_v2.csv::trial_id=NCT03298867; field=efficacy,807,1,TRIAL-RESULT-NCT03298867: OPTIC에서 teprotumumab은 Week 24 proptosis response를 크게 높였다.,"NCT03298867: PRR 82.9% vs 9.5%, p<0.001; RD 73.45 points; overall response 78.0% vs 7.1%; CAS 0/1 58.5% vs 21.4%.","PRR 82.9% vs 9.5%, p<0.001; RD 73.45 points; overall response 78.0% vs 7.1%; CAS 0/1 58.5% vs 21.4%."
47,BLIND-0047,TRIAL-021-INTERPRETATION,trial_primary_interpretation,PASS,12,0,NA (no failed structural checks),result_trial_curation_v2.csv::trial_id=NCT06021054; field=primary_interpretation,845,1,TRIAL-RESULT-NCT06021054: THRIVE-2에서 chronic TED Week 15 PRR가 크게 개선되었다.,NCT06021054: THRIVE-2에서 chronic TED Week 15 PRR가 크게 개선되었다.,positive_randomized
48,BLIND-0048,METHOD-011,internal_status_count,PASS,7,0,NA (no failed structural checks),clinical_trials_v2.csv::field=overall_status; value=ACTIVE_NOT_RECRUITING,NA (internal canonical evidence),1,CANONICAL:clinical_trials_v2.csv::field=overall_status | value=ACTIVE_NOT_RECRUITING,ACTIVE_NOT_RECRUITING status trial은 8개였다.,8
49,BLIND-0049,METHOD-018,internal_methodological_statement,PASS,7,0,NA (no failed structural checks),clinical_trials_v2.csv::has_posted_results=Yes; field=n_analyzed,NA (internal canonical evidence),1,CANONICAL:clinical_trials_v2.csv::has_posted_results=Yes | field=n_analyzed,25개 result-bearing trial의 n_analyzed는 endpoint-specific이며 enrollment 또는 randomized flow N으로 대체하지 않았다.,25개 result-bearing trial의 n_analyzed는 endpoint-specific이며 enrollment 또는 randomized flow N으로 대체하지 않았다.
50,BLIND-0050,DIRECT-MER-MECHANISM,direct_program_mechanism_or_status,PASS,6,0,NA (no failed structural checks),claim_evidence_anchors_v2.csv::DIRECT_ANCHOR:MER511-SPONSOR-PRECISION-DESIGN;DIRECT_ANCHOR:MER511-OR31-CONSTRUCT;DIRECT_ANCHOR:MER511-OR31-AAB-B-CELL-MECHANISM,6; 8,3,"MER511-SPONSOR-PRECISION-DESIGN: Merida is developing MER511, a precision biologic designed to selectively eliminate pathogenic autoantibodies and their B-cell sources while || MER511-OR31-CONSTRUCT: MER511, a monomeric TSHR-IgG Fc fusion protein that combines the TSHR ectodomain with a mutated Fc domain that specifically increases affini || MER511-OR31-AAB-B-CELL-MECHANISM: MER511 specifically binds and neutralizes patient-derived anti-TSHR autoantibodies, leading to clearance and deg radation via FcγRIIB in LSE",MER511은 anti-TSHR autoantibodies를 neutralize/clear하고 antigen-specific B-cell function을 억제하도록 설계된 TSHR-IgG Fc fusion precision biologic이다.,MER511은 anti-TSHR autoantibodies를 neutralize/clear하고 antigen-specific B-cell function을 억제하도록 설계된 TSHR-IgG Fc fusion precision biologic이다.
51,BLIND-0051,METHOD-007,internal_status_count,PASS,7,0,NA (no failed structural checks),clinical_trials_v2.csv::field=overall_status; value=RECRUITING,NA (internal canonical evidence),1,CANONICAL:clinical_trials_v2.csv::field=overall_status | value=RECRUITING,RECRUITING status trial은 39개였다.,39
52,BLIND-0052,ASSET-045,complete_asset_inventory_row,PASS,8,0,NA (no failed structural checks),pipeline_assets_v2.csv::asset=Veligrotug (Lumvoa),230; 373; 726; 727; 829; 845; 852; 859,1,CANONICAL:pipeline_assets_v2.csv::asset=Veligrotug (Lumvoa);row_sha256=499589f3bf08bfc18cca9d333f0d33ab24e528c4c1018bbbb58956ef4d7bc0af,Veligrotug (Lumvoa): indication=TED regardless of activity or duration (US); target=IGF-1R; highest_stage=Approved US; status=FDA approved 2026-06-26; tier=Comparator; evidence_confidence=High for TED.,Approved US | FDA approved 2026-06-26 | High for TED
53,BLIND-0053,TRIAL-012-INTERPRETATION,trial_primary_interpretation,PASS,12,0,NA (no failed structural checks),result_trial_curation_v2.csv::trial_id=NCT03461211; field=primary_interpretation,809,1,TRIAL-RESULT-NCT03461211: OPTIC-X는 prior-placebo crossover와 selected retreatment/nonresponder cohorts에서 추가 response를 보였다.,NCT03461211: OPTIC-X는 prior-placebo crossover와 selected retreatment/nonresponder cohorts에서 추가 response를 보였다.,open_label_extension
54,BLIND-0054,ASSET-019,complete_asset_inventory_row,PASS,8,0,NA (no failed structural checks),pipeline_assets_v2.csv::asset=Kamuvudine-9 (K9),864,1,CANONICAL:pipeline_assets_v2.csv::asset=Kamuvudine-9 (K9);row_sha256=dbc1f2ee16bfb083849112be766e41b6c1cb12e2da3a2ff1932b11ca324b0c14,Kamuvudine-9 (K9): indication=TED; target=P2X7/NLRP3 axis; highest_stage=Phase 2 terminated; status=Terminated for low enrollment; tier=Adjacent; evidence_confidence=Low.,Phase 2 terminated | Terminated for low enrollment | Low
55,BLIND-0055,REG-EU-LUMVOA-AUTH,regional_authorization_status,PASS,9,0,NA (no failed structural checks),soc_outcomes_v2.csv::soc_id=SOC-EU-TED-LUMVOA; field=authorization_status_scope,747,1,CANONICAL:soc_outcomes_v2.csv::soc_id=SOC-EU-TED-LUMVOA;field=authorization_status_scope,EU/EEA Lumvoa authorization: unresolved (no relevant official EMA product record identified in the documented search; this does not prove non-authorization),unresolved (no relevant official EMA product record identified in the documented search; this does not prove non-authorization)
56,BLIND-0056,TRIAL-020-EFFICACY,trial_efficacy_result,PASS,12,0,NA (no failed structural checks),result_trial_curation_v2.csv::trial_id=NCT05987423; field=efficacy,844,1,TRIAL-RESULT-NCT05987423: SatraGO-1 active-TED Week 24 primary PRR는 실패했다.,"NCT05987423: Active PRR 49.0% vs 31.2%, p=0.0715; RD 17.9 points (95.03% CI −1.6 to 37.3). Some secondary activity endpoints nominally positive.","Active PRR 49.0% vs 31.2%, p=0.0715; RD 17.9 points (95.03% CI −1.6 to 37.3). Some secondary activity endpoints nominally positive."
57,BLIND-0057,DOC-CONTROL-001,internal_document_control,PASS,6,0,NA (no failed structural checks),plan2.md::frozen-contract::frozen data cut,NA (internal canonical evidence),1,INTERNAL_PLAN:plan2.md::frozen-contract::frozen data cut,2026-09-10 (frozen; later registry/regulatory changes excluded).,2026-09-10 (frozen; later registry/regulatory changes excluded).
58,BLIND-0058,ASSET-010,complete_asset_inventory_row,PASS,8,0,NA (no failed structural checks),pipeline_assets_v2.csv::asset=Felzartamab,918,1,CANONICAL:pipeline_assets_v2.csv::asset=Felzartamab;row_sha256=61edf6dd6c911afb98ef12c747fd9c7f13cbf523f6c6213ec752c8fe525d17d8,Felzartamab: indication=GD / autoimmune hyperthyroidism; target=CD38; highest_stage=Highest registered phase: PHASE2; status=Registered statuses: RECRUITING; tier=Completeness; evidence_confidence=Low (registry-level completeness row; not an efficacy judgment).,Highest registered phase: PHASE2 | Registered statuses: RECRUITING | Low (registry-level completeness row; not an efficacy judgment)
59,BLIND-0059,ENDPOINT-004,analytical_endpoint_definition,PASS,6,0,NA (no failed structural checks),soc_outcomes_v2.csv::field=endpoint_semantics across 75 regional rows,NA (internal canonical evidence),1,CANONICAL:soc_outcomes_v2.csv::field=endpoint_semantics across 75 regional rows,Durable off-treatment remission은 사전 정의된 추적 기간 동안 치료 없이 euthyroidism이 지속되고 relapse가 없는 상태다.,NA (not a scalar claim)
60,BLIND-0060,REG-KR-LUMVOA-AUTH,regional_authorization_status,PASS,9,0,NA (no failed structural checks),soc_outcomes_v2.csv::soc_id=SOC-KR-TED-LUMVOA; field=authorization_status_scope,750,1,CANONICAL:soc_outcomes_v2.csv::soc_id=SOC-KR-TED-LUMVOA;field=authorization_status_scope,South Korea Lumvoa authorization: unresolved (no relevant official Korean product record identified; this does not prove non-authorization),unresolved (no relevant official Korean product record identified; this does not prove non-authorization)
61,BLIND-0061,METHOD-001,internal_inventory_count,PASS,6,0,NA (no failed structural checks),registry_cut_reconciliation_2026-09-10.json::field=cut_record_count,NA (internal canonical evidence),1,CANONICAL:registry_cut_reconciliation_2026-09-10.json::field=cut_record_count,Frozen ClinicalTrials.gov query는 324개 record를 포함했다.,324
62,BLIND-0062,TRIAL-022-INTERPRETATION,trial_primary_interpretation,PASS,12,0,NA (no failed structural checks),result_trial_curation_v2.csv::trial_id=NCT06106828; field=primary_interpretation,849,1,TRIAL-RESULT-NCT06106828: SatraGO-2는 active-TED Week 24 primary PRR를 충족했다.,NCT06106828: SatraGO-2는 active-TED Week 24 primary PRR를 충족했다.,positive_randomized
63,BLIND-0063,ASSET-028,complete_asset_inventory_row,PASS,8,0,NA (no failed structural checks),pipeline_assets_v2.csv::asset=MHB018A,459; 460; 461; 881; 892; 894; 910; 911; 912,1,CANONICAL:pipeline_assets_v2.csv::asset=MHB018A;row_sha256=552cd7cedb660890d1e69bbee170970231112e93e8e33096f2fb234fca455cad,"MHB018A: indication=Active moderate-to-severe TED; Chronic/inactive TED; TED, active and chronic/inactive cohorts; target=IGF-1R; highest_stage=Highest registered phase: PHASE3; status=Registered statuses: RECRUITING; NOT_YET_RECRUITING; tier=Completeness; evidence_confidence=Low (registry-level completeness row; not an efficacy judgment).",Highest registered phase: PHASE3 | Registered statuses: RECRUITING; NOT_YET_RECRUITING | Low (registry-level completeness row; not an efficacy judgment)
64,BLIND-0064,TRIAL-004-INTERPRETATION,trial_primary_interpretation,PASS,12,0,NA (no failed structural checks),result_trial_curation_v2.csv::trial_id=NCT01868997; field=primary_interpretation,780,1,TRIAL-RESULT-NCT01868997: active TED에서 teprotumumab은 Week 24 composite response와 proptosis를 유의하게 개선했다.,NCT01868997: active TED에서 teprotumumab은 Week 24 composite response와 proptosis를 유의하게 개선했다.,positive_randomized
65,BLIND-0065,ASSET-037,complete_asset_inventory_row,PASS,8,0,NA (no failed structural checks),pipeline_assets_v2.csv::asset=SHR-1314,833,1,CANONICAL:pipeline_assets_v2.csv::asset=SHR-1314;row_sha256=646f66804a8fe65633317315a28b373218bba404d836db4ea8f1c39373d4ec56,SHR-1314: indication=Active moderate-to-severe TED; target=IL-6 pathway; highest_stage=Highest registered phase: PHASE2; status=Registered statuses: TERMINATED; tier=Completeness; evidence_confidence=Low (registry-level completeness row; not an efficacy judgment).,Highest registered phase: PHASE2 | Registered statuses: TERMINATED | Low (registry-level completeness row; not an efficacy judgment)
66,BLIND-0066,ASSET-022,complete_asset_inventory_row,PASS,8,0,NA (no failed structural checks),pipeline_assets_v2.csv::asset=LASN01,422; 521; 832; 853,1,CANONICAL:pipeline_assets_v2.csv::asset=LASN01;row_sha256=41fe4126561d9dce93a3ec41b83197b4a54edf29a220410c06957f67f8a8f40d,LASN01: indication=TED; target=IL-11R; highest_stage=Phase 2; status=Completed; tier=Adjacent; evidence_confidence=Low–moderate.,Phase 2 | Completed | Low–moderate
67,BLIND-0067,TRIAL-010-INTERPRETATION,trial_primary_interpretation,PASS,12,0,NA (no failed structural checks),result_trial_curation_v2.csv::trial_id=NCT02993302; field=primary_interpretation,801,1,TRIAL-RESULT-NCT02993302: PTU+alfacalcidol은 prespecified immune biomarkers를 개선하지 못했다.,NCT02993302: PTU+alfacalcidol은 prespecified immune biomarkers를 개선하지 못했다.,negative_biomarker
68,BLIND-0068,HIST-NICE-08OCT,historical_failed_claim,PASS,6,0,NA (no failed structural checks),source_anchors_v2.csv::SOURCE_ANCHOR:UK-NICE-TEPEZZA-EXPECTED-DATE-TBC;SOURCE_ANCHOR:UK-NICE-TEPEZZA-PROVISIONAL-SCHEDULE;SOURCE_ANCHOR:UK-NICE-TEPEZZA-DRAFT-NOT-FINAL,732; 733,3,"UK-NICE-TEPEZZA-EXPECTED-DATE-TBC: Expected publication date: TBC || UK-NICE-TEPEZZA-PROVISIONAL-SCHEDULE: Provisional Schedule Draft guidance: 08 September 2026 - 29 September 2026 Committee meeting: 3: 05 January 2027 || UK-NICE-TEPEZZA-DRAFT-NOT-FINAL: Note that this document is not NICE's final guidance on teprotumumab. The 
recommendations in section 1 may change after consultation.",NICE final guidance publication date is definitively 08 October 2026.,NICE final guidance publication date is definitively 08 October 2026.
69,BLIND-0069,TRIAL-013-INTERPRETATION,trial_primary_interpretation,PASS,12,0,NA (no failed structural checks),result_trial_curation_v2.csv::trial_id=NCT03922321; field=primary_interpretation,812,1,TRIAL-RESULT-NCT03922321: RVT-1401 pilot은 strong IgG PD를 보였으나 clinical efficacy inference는 약하다.,NCT03922321: RVT-1401 pilot은 strong IgG PD를 보였으나 clinical efficacy inference는 약하다.,single_arm_pd
70,BLIND-0070,POP-OLDER-001,analytical_population_boundary,PASS,6,0,NA (no failed structural checks),soc_outcomes_v2.csv::category=Older adults across five regions,NA (internal canonical evidence),1,CANONICAL:soc_outcomes_v2.csv::category=Older adults across five regions,"Older adults는 adult primary pathway와 분리하고 cardiovascular, glycemic, hearing, glucocorticoid 및 procedural toxicity modifiers를 별도 기록한다.","Older adults는 adult primary pathway와 분리하고 cardiovascular, glycemic, hearing, glucocorticoid 및 procedural toxicity modifiers를 별도 기록한다."
71,BLIND-0071,TRIAL-021-EFFICACY,trial_efficacy_result,PASS,12,0,NA (no failed structural checks),result_trial_curation_v2.csv::trial_id=NCT06021054; field=efficacy,845,1,TRIAL-RESULT-NCT06021054: THRIVE-2에서 chronic TED Week 15 PRR가 크게 개선되었다.,"NCT06021054: PRR 57.28% vs 8.22%, p<0.0001; RD 49.06 points (95% CI 37.71–60.40); proptosis LS change −2.35 vs −0.46 mm; diplopia response 55.57% vs 24.70%.","PRR 57.28% vs 8.22%, p<0.0001; RD 49.06 points (95% CI 37.71–60.40); proptosis LS change −2.35 vs −0.46 mm; diplopia response 55.57% vs 24.70%."
72,BLIND-0072,ASSET-038,complete_asset_inventory_row,PASS,8,0,NA (no failed structural checks),pipeline_assets_v2.csv::asset=Sirolimus (rapamycin),818; 822; 839,1,CANONICAL:pipeline_assets_v2.csv::asset=Sirolimus (rapamycin);row_sha256=53e7d3b8bd9b5ddf7253c6405d23765e9250c9ba1fb4afebbe3619e82dd9ab6f,Sirolimus (rapamycin): indication=Active moderate-to-severe TED; target=mTOR; highest_stage=Highest registered phase: PHASE2; status=Registered statuses: UNKNOWN; RECRUITING; tier=Completeness; evidence_confidence=Low (registry-level completeness row; not an efficacy judgment).,Highest registered phase: PHASE2 | Registered statuses: UNKNOWN; RECRUITING | Low (registry-level completeness row; not an efficacy judgment)
73,BLIND-0073,ASSET-041,complete_asset_inventory_row,PASS,8,0,NA (no failed structural checks),pipeline_assets_v2.csv::asset=Tocilizumab,772; 821; 847; 878,1,CANONICAL:pipeline_assets_v2.csv::asset=Tocilizumab;row_sha256=1716acfae4823a571b87c821bf5988cf2a94a2e0b9fb2b96058ff9271b2e8b16,"Tocilizumab: indication=Active TED; Active moderate-to-severe TED; Sight-threatening TED / dysthyroid optic neuropathy; TED, activity/severity not registry-specified; target=IL-6R; highest_stage=Highest registered phase: PHASE4; status=Registered statuses: UNKNOWN; RECRUITING; COMPLETED; WITHDRAWN; tier=Completeness; evidence_confidence=Low (registry-level completeness row; not an efficacy judgment).",Highest registered phase: PHASE4 | Registered statuses: UNKNOWN; RECRUITING; COMPLETED; WITHDRAWN | Low (registry-level completeness row; not an efficacy judgment)
74,BLIND-0074,ASSET-018,complete_asset_inventory_row,PASS,8,0,NA (no failed structural checks),pipeline_assets_v2.csv::asset=K1-70,164; 799,1,CANONICAL:pipeline_assets_v2.csv::asset=K1-70;row_sha256=0d0b512fae8dfef2fe6e04436cd9ae381159897d828d00feeaeb599c62b068ec,K1-70: indication=GD; TED; target=TSHR; highest_stage=Phase 1; status=Early clinical; tier=Core; evidence_confidence=Moderate.,Phase 1 | Early clinical | Moderate
75,BLIND-0075,TRIAL-009-INTERPRETATION,trial_primary_interpretation,PASS,12,0,NA (no failed structural checks),result_trial_curation_v2.csv::trial_id=NCT02973802; field=primary_interpretation,800,1,TRIAL-RESULT-NCT02973802: ATX-GD-59 Phase 1에서 thyroid/antibody biomarker 개선 신호가 있었지만 remission proof는 아니다.,NCT02973802: ATX-GD-59 Phase 1에서 thyroid/antibody biomarker 개선 신호가 있었지만 remission proof는 아니다.,exploratory_single_arm
76,BLIND-0076,TRIAL-021-SAFETY,trial_safety_result,PASS,12,0,NA (no failed structural checks),result_trial_curation_v2.csv::trial_id=NCT06021054; field=safety,845,1,TRIAL-RESULT-NCT06021054: THRIVE-2에서 chronic TED Week 15 PRR가 크게 개선되었다.,NCT06021054: Through Week 52: death 1/125 vs 0/63; SAE 10/125 vs 3/63; registry는 death cause/relatedness 미기재.,Through Week 52: death 1/125 vs 0/63; SAE 10/125 vs 3/63; registry는 death cause/relatedness 미기재.
77,BLIND-0077,SOC-CONFLICT-JP-BCQ2,pregnancy_timing_guidance,PASS,6,0,NA (no failed structural checks),source_anchors_v2.csv::anchor=JP-JTA2019-BCQ2,741,1,"JP-JTA2019-BCQ2: BCQ2 抗甲状腺薬治療 の第一選択 は何か？ 
●抗甲状腺薬 の第一選択 は， 妊娠初 期（器官形成期 の妊娠 4 週 0 日 から 15 週 6 日 ）を除き， M M I 
とする． 
",Japan BCQ2의 broader first-choice exception은 임신 4w0d–15w6d이며 FCQ1 avoidance interval과 병합하지 않는다.,Japan BCQ2의 broader first-choice exception은 임신 4w0d–15w6d이며 FCQ1 avoidance interval과 병합하지 않는다.
78,BLIND-0078,TRIAL-016-EFFICACY,trial_efficacy_result,PASS,12,0,NA (no failed structural checks),result_trial_curation_v2.csv::trial_id=NCT04737330; field=efficacy,819,1,TRIAL-RESULT-NCT04737330: secukinumab은 futility로 종료되었고 Week 16 response가 관찰되지 않았다.,NCT04737330: Overall response 0/14 vs 0/14; CAS response 0/14 vs 3/14; PRR 0/14 vs 0/14.,Overall response 0/14 vs 0/14; CAS response 0/14 vs 3/14; PRR 0/14 vs 0/14.
79,BLIND-0079,ASSET-042,complete_asset_inventory_row,PASS,8,0,NA (no failed structural checks),pipeline_assets_v2.csv::asset=Tofacitinib,905,1,CANONICAL:pipeline_assets_v2.csv::asset=Tofacitinib;row_sha256=33836bfc423ce42d8f0c9a146654e8c15ceb15dce7dbc717d24fbe92da64167b,Tofacitinib: indication=Active moderate-to-severe TED; target=JAK family; highest_stage=Highest registered phase: PHASE2; status=Registered statuses: RECRUITING; tier=Completeness; evidence_confidence=Low (registry-level completeness row; not an efficacy judgment).,Highest registered phase: PHASE2 | Registered statuses: RECRUITING | Low (registry-level completeness row; not an efficacy judgment)
80,BLIND-0080,ENDPOINT-002,analytical_endpoint_definition,PASS,6,0,NA (no failed structural checks),soc_outcomes_v2.csv::field=endpoint_semantics across 75 regional rows,NA (internal canonical evidence),1,CANONICAL:soc_outcomes_v2.csv::field=endpoint_semantics across 75 regional rows,ATD-sparing response는 ATD 증량 없이 normalization 또는 ATD dose 감소를 뜻하며 durable remission을 자동 의미하지 않는다.,NA (not a scalar claim)
81,BLIND-0081,ASSET-008,complete_asset_inventory_row,PASS,8,0,NA (no failed structural checks),pipeline_assets_v2.csv::asset=Cizutamig (CND106),564; 645; 909,1,CANONICAL:pipeline_assets_v2.csv::asset=Cizutamig (CND106);row_sha256=968534098754e91f6f5b9a7644fdef6c3f4ead8dfd94918d7212059669aa823c,Cizutamig (CND106): indication=Autoantibody-mediated disease; relevance to GD/TED; target=BCMA×CD3; highest_stage=Phase 1; status=Early clinical; tier=Adjacent; evidence_confidence=Low.,Phase 1 | Early clinical | Low
82,BLIND-0082,REG-KR-LUMVOA-ACCESS,regional_reimbursement_access_status,PASS,9,0,NA (no failed structural checks),soc_outcomes_v2.csv::soc_id=SOC-KR-TED-LUMVOA; field=reimbursement_access,750,1,CANONICAL:soc_outcomes_v2.csv::soc_id=SOC-KR-TED-LUMVOA;field=reimbursement_access,South Korea Lumvoa reimbursement/access: unresolved (no relevant official Korean reimbursement record identified; this does not prove non-reimbursement),unresolved (no relevant official Korean reimbursement record identified; this does not prove non-reimbursement)
83,BLIND-0083,ASSET-SUMMARY-TIERS,internal_asset_tier_count,PASS,6,0,NA (no failed structural checks),pipeline_assets_v2.csv::field=core_adjacent_tier,NA (internal canonical evidence),1,CANONICAL:pipeline_assets_v2.csv::field=core_adjacent_tier,"Asset tier 분포는 Core 5, Core-adjacent 1, Comparator 5, Adjacent 6, Watchlist 3, Completeness 28였다.","{""Adjacent"": 6, ""Comparator"": 5, ""Completeness"": 28, ""Core"": 5, ""Core-adjacent"": 1, ""Watchlist"": 3}"
84,BLIND-0084,ENDPOINT-003,analytical_endpoint_definition,PASS,6,0,NA (no failed structural checks),soc_outcomes_v2.csv::field=endpoint_semantics across 75 regional rows,NA (internal canonical evidence),1,CANONICAL:soc_outcomes_v2.csv::field=endpoint_semantics across 75 regional rows,"Off-ATD normalization은 특정 시점에 ATD 없이 FT3/FT4가 정상인 상태이며, 충분한 추적이 없으면 durable remission으로 부르지 않는다.",NA (not a scalar claim)
85,BLIND-0085,REG-US-LUMVOA-AUTH,regional_authorization_status,PASS,8,0,NA (no failed structural checks),soc_outcomes_v2.csv::soc_id=SOC-US-TED-LUMVOA; field=authorization_status_scope,373; 726,4,"US-LUMVOA-LABEL-INDICATION-DOSE: 1 INDICATIONS AND USAGE
LUMVOA is indicated for the treatment of thyroid eye disease regardless of thyroid eye disease 
activity or duration || US-FDA-LUMVOA-BLA-APPROVAL: BLA 761530
BLA APPROVAL
Viridian Therapeutics, Inc.
Attention: Martin Kwok, PharmD, RAC
Senior Director, Regulatory Affairs
221 Crescent Str || US-FDA-LUMVOA-APPROVAL-DATE: ALEXANDER GOROVETS
06/26/2026 02:09:44 PM",United States Lumvoa authorization: approved by FDA on 2026-06-26; BLA 761530; TED regardless of activity or duration,approved by FDA on 2026-06-26; BLA 761530; TED regardless of activity or duration
86,BLIND-0086,LIMIT-005,QA_limitation,PASS,6,0,NA (no failed structural checks),plan2.md::claim-QA contract,NA (internal canonical evidence),1,CANONICAL:plan2.md::claim-QA contract,Stance-hidden QA는 within-agent bias-reduction이며 independent validation이 아니다.,Stance-hidden QA는 within-agent bias-reduction이며 independent validation이 아니다.
87,BLIND-0087,DOC-CONTROL-002,internal_document_control,PASS,6,0,NA (no failed structural checks),plan2.md::frozen-contract::geographic and population scope,NA (internal canonical evidence),1,INTERNAL_PLAN:plan2.md::frozen-contract::geographic and population scope,"United States, EU/EEA, United Kingdom, South Korea, Japan을 포함하며 adults가 primary이고 pediatrics, pregnancy/lactation, older adults, relapsed/refractory populations는 분리한다.","United States, EU/EEA, United Kingdom, South Korea, Japan을 포함하며 adults가 primary이고 pediatrics, pregnancy/lactation, older adults, relapsed/refractory populations는 분리한다."
88,BLIND-0088,POP-PREGNANCY-001,analytical_population_boundary,PASS,6,0,NA (no failed structural checks),soc_outcomes_v2.csv::category=Pregnancy/lactation GD across five regions,NA (internal canonical evidence),1,CANONICAL:soc_outcomes_v2.csv::category=Pregnancy/lactation GD across five regions,"Pregnancy/lactation은 adult primary pathway와 분리하고 trimester-specific ATD choice, fetal/infant risk 및 maternal biochemical control을 별도 기록한다.","Pregnancy/lactation은 adult primary pathway와 분리하고 trimester-specific ATD choice, fetal/infant risk 및 maternal biochemical control을 별도 기록한다."
89,BLIND-0089,ASSET-029,complete_asset_inventory_row,PASS,8,0,NA (no failed structural checks),pipeline_assets_v2.csv::asset=NTB003 / BCG009,404; 495; 904,1,CANONICAL:pipeline_assets_v2.csv::asset=NTB003 / BCG009;row_sha256=d902b3738f7256ea22a7f7905ee1637fe210cdf77a83aadf2bd5362a5ae0c718,"NTB003 / BCG009: indication=TED, active and chronic/inactive cohorts; target=IGF-1R; highest_stage=Highest registered phase: PHASE1; PHASE2; status=Registered statuses: NOT_YET_RECRUITING; tier=Completeness; evidence_confidence=Low (registry-level completeness row; not an efficacy judgment).",Highest registered phase: PHASE1; PHASE2 | Registered statuses: NOT_YET_RECRUITING | Low (registry-level completeness row; not an efficacy judgment)
90,BLIND-0090,LIMIT-001,methodological_limitation,PASS,6,0,NA (no failed structural checks),registry_cut_reconciliation_2026-09-10.json::frozen query and reconciliation scope,NA (internal canonical evidence),1,CANONICAL:registry_cut_reconciliation_2026-09-10.json::frozen query and reconciliation scope,"Registry landscape는 미등록 preclinical assets, unpublished failures 및 비공개 sponsor changes를 포착하지 못할 수 있다.","Registry landscape는 미등록 preclinical assets, unpublished failures 및 비공개 sponsor changes를 포착하지 못할 수 있다."
91,BLIND-0091,METHOD-010,internal_status_count,PASS,7,0,NA (no failed structural checks),clinical_trials_v2.csv::field=overall_status; value=TERMINATED,NA (internal canonical evidence),1,CANONICAL:clinical_trials_v2.csv::field=overall_status | value=TERMINATED,TERMINATED status trial은 11개였다.,11
92,BLIND-0092,TRIAL-018-SAFETY,trial_safety_result,PASS,12,0,NA (no failed structural checks),result_trial_curation_v2.csv::trial_id=NCT05276063; field=safety,831,1,TRIAL-RESULT-NCT05276063: linsitinib high dose는 Week 24 PRR와 overall response를 유의하게 개선했으나 low dose primary comparison은 유의하지 않았다.,"NCT05276063: SAE 2/29 high, 0/30 low, 1/31 placebo; high-dose GI/fatigue/transaminase signals.","SAE 2/29 high, 0/30 low, 1/31 placebo; high-dose GI/fatigue/transaminase signals."
93,BLIND-0093,REG-EU-LUMVOA-ACCESS,regional_reimbursement_access_status,PASS,9,0,NA (no failed structural checks),soc_outcomes_v2.csv::soc_id=SOC-EU-TED-LUMVOA; field=reimbursement_access,NA (internal canonical evidence),1,CANONICAL:soc_outcomes_v2.csv::soc_id=SOC-EU-TED-LUMVOA;field=reimbursement_access,EU/EEA Lumvoa reimbursement/access: unresolved,unresolved
94,BLIND-0094,TRIAL-019-INTERPRETATION,trial_primary_interpretation,PASS,12,0,NA (no failed structural checks),result_trial_curation_v2.csv::trial_id=NCT05907668; field=primary_interpretation,843,1,TRIAL-RESULT-NCT05907668: batoclimab+background ATD에서 biochemical control 및 ATD reduction 신호가 있었지만 remission/cure 증거는 아니다.,NCT05907668: batoclimab+background ATD에서 biochemical control 및 ATD reduction 신호가 있었지만 remission/cure 증거는 아니다.,single_arm_biochemical
95,BLIND-0095,ASSET-026,complete_asset_inventory_row,PASS,8,0,NA (no failed structural checks),pipeline_assets_v2.csv::asset=Lu AG22515,868,1,CANONICAL:pipeline_assets_v2.csv::asset=Lu AG22515;row_sha256=c6f63087e1a55e64581de484461c040703bf53ca8d0febf8732ec29b3e172d54,Lu AG22515: indication=TED; target=CD40L; highest_stage=Phase 1/2; status=Clinical development; tier=Adjacent; evidence_confidence=Low.,Phase 1/2 | Clinical development | Low
96,BLIND-0096,LIMIT-003,methodological_limitation,PASS,6,0,NA (no failed structural checks),"soc_outcomes_v2.csv::fields=authorization_status_scope,reimbursement_access,uncertainty",NA (internal canonical evidence),1,"CANONICAL:soc_outcomes_v2.csv::fields=authorization_status_scope,reimbursement_access,uncertainty",Query-level negative search는 authorization 또는 reimbursement 부재를 입증하지 않으므로 해당 status를 unresolved로 유지했다.,Query-level negative search는 authorization 또는 reimbursement 부재를 입증하지 않으므로 해당 status를 unresolved로 유지했다.
97,BLIND-0097,POTENTIAL-04,internal_rd_potential_confidence,PASS,7,0,NA (no failed structural checks),"pipeline_assets_v2.csv::asset=K1-70;fields=weighted_potential_0_3,evidence_confidence",NA (internal canonical evidence),1,"CANONICAL:pipeline_assets_v2.csv::asset=K1-70;fields=weighted_potential_0_3,evidence_confidence",K1-70: hypothesis-weighted R&D potential=2.05/3; evidence confidence=Moderate.,2.05
98,BLIND-0098,ASSET-011,complete_asset_inventory_row,PASS,8,0,NA (no failed structural checks),pipeline_assets_v2.csv::asset=GenSci098 / YB-101,541; 870; 897; 915,1,CANONICAL:pipeline_assets_v2.csv::asset=GenSci098 / YB-101;row_sha256=15084e27f6c75fa8ee24ae640744609c3a91e46bf44de578cf7803acc53a8fe7,GenSci098 / YB-101: indication=GD; target=TSHR; highest_stage=Phase 2; status=Active development; tier=Core; evidence_confidence=Moderate.,Phase 2 | Active development | Moderate
99,BLIND-0099,SOC-FRAME-003,analytical_population_boundary,PASS,6,0,NA (no failed structural checks),soc_outcomes_v2.csv::special-population categories,NA (internal canonical evidence),1,CANONICAL:soc_outcomes_v2.csv::special-population categories,"Pediatrics, pregnancy, lactation, older adults, relapsed/refractory GD 및 relapsed/refractory TED는 adult primary pathway와 분리했다.","Pediatrics, pregnancy, lactation, older adults, relapsed/refractory GD 및 relapsed/refractory TED는 adult primary pathway와 분리했다."
100,BLIND-0100,METHOD-017,randomization_semantics_count,PASS,6,0,NA (no failed structural checks),"clinical_trials_v2.csv::fields=registry_allocation,n_randomized,randomization_basis",NA (internal canonical evidence),1,"CANONICAL:clinical_trials_v2.csv::fields=registry_allocation,n_randomized,randomization_basis",Nonrandomized or allocation-NA trials: 43개; n_randomized를 NA로 유지했다.,43
101,BLIND-0101,ASSET-039,complete_asset_inventory_row,PASS,8,0,NA (no failed structural checks),pipeline_assets_v2.csv::asset=Technetium-99 methylene diphosphonate (99Tc-MDP),814,1,CANONICAL:pipeline_assets_v2.csv::asset=Technetium-99 methylene diphosphonate (99Tc-MDP);row_sha256=0d61f0eedc9bf9676bf4c14642c907e2d0d1b17dc6035eaf7e756d80c74f9251,Technetium-99 methylene diphosphonate (99Tc-MDP): indication=Active moderate-to-severe TED; target=Not registry-specified; highest_stage=Highest registered phase: PHASE4; status=Registered statuses: COMPLETED; tier=Completeness; evidence_confidence=Low (registry-level completeness row; not an efficacy judgment).,Highest registered phase: PHASE4 | Registered statuses: COMPLETED | Low (registry-level completeness row; not an efficacy judgment)
102,BLIND-0102,TRIAL-005-INTERPRETATION,trial_primary_interpretation,PASS,12,0,NA (no failed structural checks),result_trial_curation_v2.csv::trial_id=NCT01950260; field=primary_interpretation,782,1,TRIAL-RESULT-NCT01950260: RAI 후 조기 levothyroxine은 8주 overt hypothyroidism primary endpoint를 유의하게 줄이지 못했다.,NCT01950260: RAI 후 조기 levothyroxine은 8주 overt hypothyroidism primary endpoint를 유의하게 줄이지 못했다.,negative_primary
103,BLIND-0103,POTENTIAL-03,internal_rd_potential_confidence,PASS,7,0,NA (no failed structural checks),"pipeline_assets_v2.csv::asset=GenSci098 / YB-101;fields=weighted_potential_0_3,evidence_confidence",NA (internal canonical evidence),1,"CANONICAL:pipeline_assets_v2.csv::asset=GenSci098 / YB-101;fields=weighted_potential_0_3,evidence_confidence",GenSci098 / YB-101: hypothesis-weighted R&D potential=2.05/3; evidence confidence=Moderate.,2.05
104,BLIND-0104,POTENTIAL-06,internal_rd_potential_confidence,PASS,7,0,NA (no failed structural checks),"pipeline_assets_v2.csv::asset=IBI3031;fields=weighted_potential_0_3,evidence_confidence",NA (internal canonical evidence),1,"CANONICAL:pipeline_assets_v2.csv::asset=IBI3031;fields=weighted_potential_0_3,evidence_confidence",IBI3031: hypothesis-weighted R&D potential=1.6/3; evidence confidence=Low.,1.6
105,BLIND-0105,REG-JP-LUMVOA-ACCESS,regional_reimbursement_access_status,PASS,9,0,NA (no failed structural checks),soc_outcomes_v2.csv::soc_id=SOC-JP-TED-LUMVOA; field=reimbursement_access,NA (internal canonical evidence),1,CANONICAL:soc_outcomes_v2.csv::soc_id=SOC-JP-TED-LUMVOA;field=reimbursement_access,Japan Lumvoa reimbursement/access: unresolved,unresolved
106,BLIND-0106,REG-UK-LUMVOA-AUTH,regional_authorization_status,PASS,9,0,NA (no failed structural checks),soc_outcomes_v2.csv::soc_id=SOC-UK-TED-LUMVOA; field=authorization_status_scope,749,1,CANONICAL:soc_outcomes_v2.csv::soc_id=SOC-UK-TED-LUMVOA;field=authorization_status_scope,United Kingdom Lumvoa authorization: unresolved (no relevant official UK product or appraisal record identified; this does not prove non-authorization),unresolved (no relevant official UK product or appraisal record identified; this does not prove non-authorization)
107,BLIND-0107,TRIAL-019-EFFICACY,trial_efficacy_result,PASS,12,0,NA (no failed structural checks),result_trial_curation_v2.csv::trial_id=NCT05907668; field=efficacy,843,1,TRIAL-RESULT-NCT05907668: batoclimab+background ATD에서 biochemical control 및 ATD reduction 신호가 있었지만 remission/cure 증거는 아니다.,NCT05907668: Week 24 biochemical response without ATD increase 68.8% (95% CI 50.0–83.9); normalized FT3/FT4 with ATD ≤50% baseline 53.1%; off ATD with normalized FT3/FT4 31.3% (95% CI 16.1–50.0).,Week 24 biochemical response without ATD increase 68.8% (95% CI 50.0–83.9); normalized FT3/FT4 with ATD ≤50% baseline 53.1%; off ATD with normalized FT3/FT4 31.3% (95% CI 16.1–50.0).
108,BLIND-0108,TRIAL-017-EFFICACY,trial_efficacy_result,PASS,12,0,NA (no failed structural checks),result_trial_curation_v2.csv::trial_id=NCT05176639; field=efficacy,829,1,TRIAL-RESULT-NCT05176639: THRIVE에서 veligrotug은 Week 15에 큰 proptosis/overall response 효과를 보였다.,"NCT05176639: PRR 70.0% vs 5.26%, p<0.0001; proptosis LS change −2.90 vs −0.48 mm; overall response 66.83% vs 5.26%; diplopia response 59.07% vs 19.89%.","PRR 70.0% vs 5.26%, p<0.0001; proptosis LS change −2.90 vs −0.48 mm; overall response 66.83% vs 5.26%; diplopia response 59.07% vs 19.89%."
109,BLIND-0109,ASSET-005,complete_asset_inventory_row,PASS,8,0,NA (no failed structural checks),pipeline_assets_v2.csv::asset=Batoclimab,683; 812; 813; 824; 836; 837; 838; 843,1,CANONICAL:pipeline_assets_v2.csv::asset=Batoclimab;row_sha256=5af2caa9f1531c3dae999b5bf4dee6db8fb1599192a11458f0cfd00faf6c2dba,Batoclimab: indication=GD; TED; target=FcRn; highest_stage=Phase 2; status=Completed/earlier program interrupted; tier=Adjacent; evidence_confidence=Moderate.,Phase 2 | Completed/earlier program interrupted | Moderate
110,BLIND-0110,DOC-CONTROL-004,internal_document_control,PASS,6,0,NA (no failed structural checks),plan2.md::frozen-contract::provisional QA state,NA (internal canonical evidence),1,INTERNAL_PLAN:plan2.md::frozen-contract::provisional QA state,이 문서는 first-pass report이며 stance-hidden second-pass verdict가 pending이다; final release에는 support verdict claim만 표시한다.,이 문서는 first-pass report이며 stance-hidden second-pass verdict가 pending이다; final release에는 support verdict claim만 표시한다.
111,BLIND-0111,TRIAL-007-INTERPRETATION,trial_primary_interpretation,PASS,12,0,NA (no failed structural checks),result_trial_curation_v2.csv::trial_id=NCT02713256; field=primary_interpretation,796,1,TRIAL-RESULT-NCT02713256: iscalimab 단일군에서 Week 12 TSH normalization은 0%였다.,NCT02713256: iscalimab 단일군에서 Week 12 TSH normalization은 0%였다.,single_arm_weak
112,BLIND-0112,ASSET-013,complete_asset_inventory_row,PASS,8,0,NA (no failed structural checks),pipeline_assets_v2.csv::asset=Hydroxychloroquine,828,1,CANONICAL:pipeline_assets_v2.csv::asset=Hydroxychloroquine;row_sha256=17f3b0852693dbb38a2d215b2f4e04ba5771c7aa69b78936cb1db9d361e57367,Hydroxychloroquine: indication=Mild TED; target=Pleiotropic immune pathways; highest_stage=Highest registered phase: PHASE4; status=Registered statuses: RECRUITING; tier=Completeness; evidence_confidence=Low (registry-level completeness row; not an efficacy judgment).,Highest registered phase: PHASE4 | Registered statuses: RECRUITING | Low (registry-level completeness row; not an efficacy judgment)
113,BLIND-0113,ENDPOINT-008,analytical_endpoint_definition,PASS,6,0,NA (no failed structural checks),soc_outcomes_v2.csv::field=endpoint_semantics across 75 regional rows,NA (internal canonical evidence),1,CANONICAL:soc_outcomes_v2.csv::field=endpoint_semantics across 75 regional rows,"TED의 PRR, CAS, diplopia, GO-QOL, overall response 및 imaging endpoint는 GD biochemical remission과 교환 가능하지 않다.",NA (not a scalar claim)
114,BLIND-0114,ASSET-021,complete_asset_inventory_row,PASS,8,0,NA (no failed structural checks),pipeline_assets_v2.csv::asset=Lanreotide,758,1,CANONICAL:pipeline_assets_v2.csv::asset=Lanreotide;row_sha256=1dc34e238453776131b47ce94bcc4962bd55c2e468a7d0c239731ecd09a91a8a,Lanreotide: indication=Active TED; target=Somatostatin receptors; highest_stage=Highest registered phase: PHASE2; status=Registered statuses: TERMINATED; tier=Completeness; evidence_confidence=Low (registry-level completeness row; not an efficacy judgment).,Highest registered phase: PHASE2 | Registered statuses: TERMINATED | Low (registry-level completeness row; not an efficacy judgment)
115,BLIND-0115,METHOD-005,internal_inventory_count,PASS,6,0,NA (no failed structural checks),registry_cut_reconciliation_2026-09-10.json::field=drift_row_count,NA (internal canonical evidence),1,CANONICAL:registry_cut_reconciliation_2026-09-10.json::field=drift_row_count,Baseline과 frozen cut 사이 tracked registry drift는 0건이었다.,0
116,BLIND-0116,ASSET-034,complete_asset_inventory_row,PASS,8,0,NA (no failed structural checks),pipeline_assets_v2.csv::asset=Satralizumab,675; 699; 701; 844; 849,1,CANONICAL:pipeline_assets_v2.csv::asset=Satralizumab;row_sha256=5b521d4b29fc033735c2cd5f565f45f698458c0e3b5d82d5504154dd8d91b53c,Satralizumab: indication=TED; target=IL-6R; highest_stage=Regulatory review US; status=Pending at cutoff; not FDA-approved for TED; tier=Adjacent; evidence_confidence=Moderate.,Regulatory review US | Pending at cutoff; not FDA-approved for TED | Moderate
117,BLIND-0117,DIRECT-OTHER-05,direct_program_inventory_status,PASS,7,0,NA (no failed structural checks),pipeline_assets_v2.csv::asset=WP1302,854,1,"CANONICAL:pipeline_assets_v2.csv::asset=WP1302;fields=target,highest_stage,status,trial_ids",WP1302: target=TSHR-reactive T cells; highest_stage=Highest registered phase: PHASE2; status=Registered statuses: SUSPENDED; trial_ids=NCT06240455.,Highest registered phase: PHASE2 | Registered statuses: SUSPENDED
118,BLIND-0118,TRIAL-001-EFFICACY,trial_efficacy_result,PASS,12,0,NA (no failed structural checks),result_trial_curation_v2.csv::trial_id=NCT00595335; field=efficacy,762,1,TRIAL-RESULT-NCT00595335: 6개월 CAS 변화와 failure rate에서 rituximab이 methylprednisolone 대비 우월하지 않았다.,"NCT00595335: CAS change −1.2 (n=13) vs −1.5 (n=12), p=0.73; failure 69% vs 75%, p=0.75.","CAS change −1.2 (n=13) vs −1.5 (n=12), p=0.73; failure 69% vs 75%, p=0.75."
119,BLIND-0119,REG-EU-TEPEZZA-AUTH,regional_authorization_status,PASS,8,0,NA (no failed structural checks),soc_outcomes_v2.csv::soc_id=SOC-EU-TED-TEPEZZA; field=authorization_status_scope,729,3,"EU-EMA-TEPEZZA-INDICATION: Tepezza is a medicine used to treat adults with moderate to severe thyroid eye disease (TED, also known as Graves’ eye disease), an autoimmu || EU-EMA-TEPEZZA-AUTH-DATE: Tepezza received a marketing authorisation valid throughout the EU on 19 June 2025. || CANONICAL:soc_outcomes_v2.csv::soc_id=SOC-EU-TED-TEPEZZA;field=authorization_status_scope",EU/EEA Tepezza authorization: EU marketing authorization valid throughout the EU from 2025-06-19 for adults with moderate-to-severe TED,EU marketing authorization valid throughout the EU from 2025-06-19 for adults with moderate-to-severe TED
120,BLIND-0120,REG-JP-TEPEZZA-ACCESS,regional_reimbursement_access_status,PASS,9,0,NA (no failed structural checks),soc_outcomes_v2.csv::soc_id=SOC-JP-TED-TEPEZZA; field=reimbursement_access,752,1,CANONICAL:soc_outcomes_v2.csv::soc_id=SOC-JP-TED-TEPEZZA;field=reimbursement_access,Japan Tepezza reimbursement/access: unresolved (official reimbursement/price-list locator not verified in this pass),unresolved (official reimbursement/price-list locator not verified in this pass)
121,BLIND-0121,REG-UK-TEPEZZA-ACCESS,regional_reimbursement_access_status,PASS,9,0,NA (no failed structural checks),soc_outcomes_v2.csv::soc_id=SOC-UK-TED-TEPEZZA; field=reimbursement_access,732; 733,5,UK-NICE-TEPEZZA-EXPECTED-DATE-TBC: Expected publication date: TBC || UK-NICE-TEPEZZA-IN-PROGRESS: Status: In progress Technology type: Medicine Decision: Selected Decision publication date: 10 April 2024 Prioritisation programme: Medicine || UK-NICE-TEPEZZA-PROVISIONAL-SCHEDULE: Provisional Schedule Draft guidance: 08 September 2026 - 29 September 2026 Committee meeting: 3: 05 January 2027,United Kingdom Tepezza reimbursement/access: unresolved for NHS access; NICE appraisal status in progress at the cutoff,unresolved for NHS access; NICE appraisal status in progress at the cutoff
122,BLIND-0122,DIRECT-OTHER-02,direct_program_inventory_status,PASS,7,0,NA (no failed structural checks),pipeline_assets_v2.csv::asset=K1-70,164; 799,1,"CANONICAL:pipeline_assets_v2.csv::asset=K1-70;fields=target,highest_stage,status,trial_ids",K1-70: target=TSHR; highest_stage=Phase 1; status=Early clinical; trial_ids=NCT02904330; Japanese Phase 1 publication.,Phase 1 | Early clinical
123,BLIND-0123,METHOD-014,internal_status_count,PASS,7,0,NA (no failed structural checks),clinical_trials_v2.csv::field=overall_status; value=SUSPENDED,NA (internal canonical evidence),1,CANONICAL:clinical_trials_v2.csv::field=overall_status | value=SUSPENDED,SUSPENDED status trial은 1개였다.,1
124,BLIND-0124,POTENTIAL-01,internal_rd_potential_confidence,PASS,7,0,NA (no failed structural checks),"pipeline_assets_v2.csv::asset=LCA-0321;fields=weighted_potential_0_3,evidence_confidence",NA (internal canonical evidence),1,"CANONICAL:pipeline_assets_v2.csv::asset=LCA-0321;fields=weighted_potential_0_3,evidence_confidence",LCA-0321: hypothesis-weighted R&D potential=2.35/3; evidence confidence=Low.,2.35
125,BLIND-0125,ENDPOINT-005,analytical_endpoint_definition,PASS,6,0,NA (no failed structural checks),soc_outcomes_v2.csv::field=endpoint_semantics across 75 regional rows,NA (internal canonical evidence),1,CANONICAL:soc_outcomes_v2.csv::field=endpoint_semantics across 75 regional rows,Relapse는 ATD 중단 후 재발을 뜻하며 RAI 후 persistent hyperthyroidism과 별도 failure state로 기록한다.,NA (not a scalar claim)
126,BLIND-0126,ASSET-047,complete_asset_inventory_row,PASS,8,0,NA (no failed structural checks),pipeline_assets_v2.csv::asset=WP1302,854,1,CANONICAL:pipeline_assets_v2.csv::asset=WP1302;row_sha256=f4c0ec8eb4a9fff3296c8a224c3aa1d8037178cfc637b3d7cec69f3ae6c5ad7e,WP1302: indication=GD / autoimmune hyperthyroidism; target=TSHR-reactive T cells; highest_stage=Highest registered phase: PHASE2; status=Registered statuses: SUSPENDED; tier=Completeness; evidence_confidence=Low (registry-level completeness row; not an efficacy judgment).,Highest registered phase: PHASE2 | Registered statuses: SUSPENDED | Low (registry-level completeness row; not an efficacy judgment)
127,BLIND-0127,CONCLUSION-002,direct_program_stage_confidence_summary,PASS,6,0,NA (no failed structural checks),"claim_evidence_anchors_v2.csv; pipeline_assets_v2.csv::assets=LCA-0321,MER511; fields=target,highest_stage,evidence_confidence",1; 2; 6; 7; 8; 898,6,"LCA0321-SPONSOR-IDENTITY-MECHANISM: | LCA-0321 | a-TSHR AAbs LYTAC degrader | Graves’ Disease | | | | | || LCA0321-CTIS-PHASE-STATUS: 2025-524053-14-00 Protocol LCA-0321-01 Human pharmacology (Phase I) - First administration to humans Ongoing, recruiting || MER511-SPONSOR-PRECISION-DESIGN: Merida is developing MER511, a precision biologic designed to selectively eliminate pathogenic autoantibodies and their B-cell sources while","LCA-0321과 MER511은 anti-TSHR autoantibody axis를 직접 겨냥하는 Phase 1 programs이며, canonical analytic table의 evidence confidence는 각각 Low와 Low–moderate다.",LCA-0321: Phase 1/Low; MER511: Phase 1/Low–moderate
128,BLIND-0128,TRIAL-015-EFFICACY,trial_efficacy_result,PASS,12,0,NA (no failed structural checks),result_trial_curation_v2.csv::trial_id=NCT04583735; field=efficacy,817,1,TRIAL-RESULT-NCT04583735: chronic/low-activity TED에서도 teprotumumab은 Week 24 proptosis를 유의하게 개선했다.,"NCT04583735: LS change −2.41 vs −0.92 mm; difference −1.48 (95% CI −2.28 to −0.69), p=0.0004.","LS change −2.41 vs −0.92 mm; difference −1.48 (95% CI −2.28 to −0.69), p=0.0004."
129,BLIND-0129,DIRECT-LCA-PHASE-STATUS,direct_program_mechanism_or_status,PASS,6,0,NA (no failed structural checks),claim_evidence_anchors_v2.csv::DIRECT_ANCHOR:LCA0321-CTIS-PHASE-STATUS;DIRECT_ANCHOR:LCA0321-CTIS-SAD-MAD-TITLE,2,2,"LCA0321-CTIS-PHASE-STATUS: 2025-524053-14-00 Protocol LCA-0321-01 Human pharmacology (Phase I) - First administration to humans Ongoing, recruiting || LCA0321-CTIS-SAD-MAD-TITLE: # Phase 1 Single Ascending and Multiple Ascending Dose Study with LCA-0321","CTIS 2025-524053-14-00/LCA-0321-01은 Phase 1 first-in-human SAD/MAD이며 frozen cut에서 ongoing, recruiting이었다.","CTIS 2025-524053-14-00/LCA-0321-01은 Phase 1 first-in-human SAD/MAD이며 frozen cut에서 ongoing, recruiting이었다."
130,BLIND-0130,HIST-KR-RAI-UNIFORM,historical_failed_claim,PASS,6,0,NA (no failed structural checks),source_anchors_v2.csv::SOURCE_ANCHOR:KR-KTA2025-RAI-R5.3-NARRATIVE;SOURCE_ANCHOR:KR-KTA2025-RAI-R5.3-TABLE,28,2,"KR-KTA2025-RAI-R5.3-NARRATIVE: 5.3. In patients with inactive moderate-to-severe TED, prophylactic 
corticosteroid therapy may be considered during RAI treatment 
when add || KR-KTA2025-RAI-R5.3-TABLE: Inactive No steroid prophylaxis 
required
Consider steroid 
prophylaxis
No steroid prophylaxis 
required
Steroid prophylaxis 
recommended",Korean Recommendation 5.3 uniformly states that steroid prophylaxis is recommended for inactive moderate-to-severe TED with additional risk factors.,Korean Recommendation 5.3 uniformly states that steroid prophylaxis is recommended for inactive moderate-to-severe TED with additional risk factors.
131,BLIND-0131,TRIAL-023-INTERPRETATION,trial_primary_interpretation,PASS,12,0,NA (no failed structural checks),result_trial_curation_v2.csv::trial_id=NCT06179875; field=primary_interpretation,852,1,TRIAL-RESULT-NCT06179875: feeder-trial nonresponders의 open-label treatment 결과이며 randomized comparative efficacy로 해석할 수 없다.,NCT06179875: feeder-trial nonresponders의 open-label treatment 결과이며 randomized comparative efficacy로 해석할 수 없다.,selected_open_label
132,BLIND-0132,ASSET-017,complete_asset_inventory_row,PASS,8,0,NA (no failed structural checks),pipeline_assets_v2.csv::asset=Iscalimab (CFZ533),796,1,CANONICAL:pipeline_assets_v2.csv::asset=Iscalimab (CFZ533);row_sha256=803cc28c73323d18ef916c90a6fa75e9a6351d94ecea84ac2da0ea862542a4fb,Iscalimab (CFZ533): indication=GD / autoimmune hyperthyroidism; target=CD40; highest_stage=Highest registered phase: PHASE2; status=Registered statuses: COMPLETED; tier=Completeness; evidence_confidence=Low (registry-level completeness row; not an efficacy judgment).,Highest registered phase: PHASE2 | Registered statuses: COMPLETED | Low (registry-level completeness row; not an efficacy judgment)
133,BLIND-0133,TRIAL-016-INTERPRETATION,trial_primary_interpretation,PASS,12,0,NA (no failed structural checks),result_trial_curation_v2.csv::trial_id=NCT04737330; field=primary_interpretation,819,1,TRIAL-RESULT-NCT04737330: secukinumab은 futility로 종료되었고 Week 16 response가 관찰되지 않았다.,NCT04737330: secukinumab은 futility로 종료되었고 Week 16 response가 관찰되지 않았다.,negative_futility
134,BLIND-0134,ASSET-006,complete_asset_inventory_row,PASS,8,0,NA (no failed structural checks),pipeline_assets_v2.csv::asset=BHV-1300,879; 914,1,CANONICAL:pipeline_assets_v2.csv::asset=BHV-1300;row_sha256=a1b7d1a81935a96a122ed0875220172305bb41bdafb966341db684e92bc2beb9,BHV-1300: indication=GD / autoimmune hyperthyroidism; target=IgG/extracellular degradation pathway; highest_stage=Highest registered phase: PHASE3; status=Registered statuses: RECRUITING; tier=Completeness; evidence_confidence=Low (registry-level completeness row; not an efficacy judgment).,Highest registered phase: PHASE3 | Registered statuses: RECRUITING | Low (registry-level completeness row; not an efficacy judgment)
135,BLIND-0135,CONCLUSION-001,bounded_evidence_summary,PASS,6,0,NA (no failed structural checks),result_trial_curation_v2.csv; soc_outcomes_v2.csv::trial_id=NCT01868997; soc_id in SOC-US/EU/UK/JP-TED-TEPEZZA,728; 729; 731; 735; 780,5,"TRIAL-RESULT-NCT01868997: active TED에서 teprotumumab은 Week 24 composite response와 proptosis를 유의하게 개선했다. || US-TEPEZZA-LABEL-INDICATION: TEPEZZA is indicated for the treatment of Thyroid Eye Disease regardless of Thyroid Eye Disease activity or duration. || EU-EMA-TEPEZZA-INDICATION: Tepezza is a medicine used to treat adults with moderate to severe thyroid eye disease (TED, also known as Graves’ eye disease), an autoimmu","IGF-1R class에는 randomized TED trial evidence와 US, EU/EEA, UK, Japan의 regulatory authorization evidence가 존재하지만, 이를 GD pathogenic autoimmunity 제거 또는 durable off-treatment remission의 증거로 전환하지 않는다.",randomized TED evidence plus four-region authorization evidence; no GD-remission extrapolation
136,BLIND-0136,REG-KR-TEPEZZA-ACCESS,regional_reimbursement_access_status,PASS,9,0,NA (no failed structural checks),soc_outcomes_v2.csv::soc_id=SOC-KR-TED-TEPEZZA; field=reimbursement_access,746,1,CANONICAL:soc_outcomes_v2.csv::soc_id=SOC-KR-TED-TEPEZZA;field=reimbursement_access,South Korea Tepezza reimbursement/access: unresolved (no relevant official HIRA reimbursement record identified; this does not prove non-reimbursement),unresolved (no relevant official HIRA reimbursement record identified; this does not prove non-reimbursement)
137,BLIND-0137,DOC-CONTROL-003,internal_document_control,PASS,6,0,NA (no failed structural checks),plan2.md::frozen-contract::analysis boundary,NA (internal canonical evidence),1,INTERNAL_PLAN:plan2.md::frozen-contract::analysis boundary,"Quantitative meta-analysis, naïve pooling, cross-trial efficacy ranking을 수행하지 않으며 R&D potential과 evidence confidence를 분리한다.","Quantitative meta-analysis, naïve pooling, cross-trial efficacy ranking을 수행하지 않으며 R&D potential과 evidence confidence를 분리한다."
138,BLIND-0138,ASSET-025,complete_asset_inventory_row,PASS,8,0,NA (no failed structural checks),pipeline_assets_v2.csv::asset=Lonigutamab,840,1,CANONICAL:pipeline_assets_v2.csv::asset=Lonigutamab;row_sha256=35f95fd1e31bba37dabc318e7a2f6e542b41bfaf320dd130b6e63abf8c99125d,Lonigutamab: indication=Active TED; target=IGF-1R; highest_stage=Highest registered phase: PHASE1; PHASE2; status=Registered statuses: COMPLETED; tier=Completeness; evidence_confidence=Low (registry-level completeness row; not an efficacy judgment).,Highest registered phase: PHASE1; PHASE2 | Registered statuses: COMPLETED | Low (registry-level completeness row; not an efficacy judgment)
139,BLIND-0139,ASSET-046,complete_asset_inventory_row,PASS,8,0,NA (no failed structural checks),pipeline_assets_v2.csv::asset=VRDN-003,871; 872; 877; 889; 891,1,CANONICAL:pipeline_assets_v2.csv::asset=VRDN-003;row_sha256=d1992a3af28d79aee6cdac2e67c7c62748e60c641ad556f2c23dd39fd14e98db,"VRDN-003: indication=Active moderate-to-severe TED; Chronic/inactive TED; TED, any CAS / mixed activity; target=IGF-1R; highest_stage=Highest registered phase: PHASE3; status=Registered statuses: ACTIVE_NOT_RECRUITING; COMPLETED; tier=Completeness; evidence_confidence=Low (registry-level completeness row; not an efficacy judgment).",Highest registered phase: PHASE3 | Registered statuses: ACTIVE_NOT_RECRUITING; COMPLETED | Low (registry-level completeness row; not an efficacy judgment)
140,BLIND-0140,ASSET-043,complete_asset_inventory_row,PASS,8,0,NA (no failed structural checks),pipeline_assets_v2.csv::asset=TOUR006,848,1,CANONICAL:pipeline_assets_v2.csv::asset=TOUR006;row_sha256=fcc28e5dd767a2b521ce2acc35ad59d8450bab794ed7c2269936a509f79e2965,TOUR006: indication=Active moderate-to-severe TED; target=IL-6 pathway; highest_stage=Highest registered phase: PHASE2; status=Registered statuses: ACTIVE_NOT_RECRUITING; tier=Completeness; evidence_confidence=Low (registry-level completeness row; not an efficacy judgment).,Highest registered phase: PHASE2 | Registered statuses: ACTIVE_NOT_RECRUITING | Low (registry-level completeness row; not an efficacy judgment)
141,BLIND-0141,DIRECT-OTHER-01,direct_program_inventory_status,PASS,7,0,NA (no failed structural checks),pipeline_assets_v2.csv::asset=GenSci098 / YB-101,541; 870; 897; 915,1,"CANONICAL:pipeline_assets_v2.csv::asset=GenSci098 / YB-101;fields=target,highest_stage,status,trial_ids",GenSci098 / YB-101: target=TSHR; highest_stage=Phase 2; status=Active development; trial_ids=NCT06569758; NCT07286656; NCT07682896.,Phase 2 | Active development
142,BLIND-0142,ASSET-009,complete_asset_inventory_row,PASS,8,0,NA (no failed structural checks),pipeline_assets_v2.csv::asset=Efgartigimod PH20 SC,857; 858; 906; 908,1,CANONICAL:pipeline_assets_v2.csv::asset=Efgartigimod PH20 SC;row_sha256=bf8fec70369352e74fd5a3601cab61988ddfe6c9a3dade8c06c921021a90c494,Efgartigimod PH20 SC: indication=Active moderate-to-severe TED; GD / autoimmune hyperthyroidism; target=FcRn; highest_stage=Highest registered phase: PHASE3; status=Registered statuses: TERMINATED; RECRUITING; tier=Completeness; evidence_confidence=Low (registry-level completeness row; not an efficacy judgment).,Highest registered phase: PHASE3 | Registered statuses: TERMINATED; RECRUITING | Low (registry-level completeness row; not an efficacy judgment)
143,BLIND-0143,TRIAL-017-INTERPRETATION,trial_primary_interpretation,PASS,12,0,NA (no failed structural checks),result_trial_curation_v2.csv::trial_id=NCT05176639; field=primary_interpretation,829,1,TRIAL-RESULT-NCT05176639: THRIVE에서 veligrotug은 Week 15에 큰 proptosis/overall response 효과를 보였다.,NCT05176639: THRIVE에서 veligrotug은 Week 15에 큰 proptosis/overall response 효과를 보였다.,positive_randomized
144,BLIND-0144,REG-US-TEPEZZA-AUTH,regional_authorization_status,PASS,8,0,NA (no failed structural checks),soc_outcomes_v2.csv::soc_id=SOC-US-TED-TEPEZZA; field=authorization_status_scope,728,2,US-TEPEZZA-LABEL-INDICATION: TEPEZZA is indicated for the treatment of Thyroid Eye Disease regardless of Thyroid Eye Disease activity or duration. || CANONICAL:soc_outcomes_v2.csv::soc_id=SOC-US-TED-TEPEZZA;field=authorization_status_scope,United States Tepezza authorization: approved in the United States; labeled for TED regardless of activity or duration,approved in the United States; labeled for TED regardless of activity or duration
145,BLIND-0145,ASSET-003,complete_asset_inventory_row,PASS,8,0,NA (no failed structural checks),pipeline_assets_v2.csv::asset=AMG 732,862; 903,1,CANONICAL:pipeline_assets_v2.csv::asset=AMG 732;row_sha256=6addc9644414ce322c1e98c0d98074d56a7bb15721410a3775c44b4ae297aa12,AMG 732: indication=TED; target=IGF-1R; highest_stage=Phase 2; status=Active; tier=Comparator; evidence_confidence=Low.,Phase 2 | Active | Low
146,BLIND-0146,METHOD-013,internal_status_count,PASS,7,0,NA (no failed structural checks),clinical_trials_v2.csv::field=overall_status; value=ENROLLING_BY_INVITATION,NA (internal canonical evidence),1,CANONICAL:clinical_trials_v2.csv::field=overall_status | value=ENROLLING_BY_INVITATION,ENROLLING_BY_INVITATION status trial은 2개였다.,2
147,BLIND-0147,DIRECT-MER-PHASE-STATUS,direct_program_mechanism_or_status,PASS,6,0,NA (no failed structural checks),claim_evidence_anchors_v2.csv::DIRECT_ANCHOR:MER511-NEXUS-OFFICIAL-TITLE;DIRECT_ANCHOR:MER511-NEXUS-RECRUITING;DIRECT_ANCHOR:MER511-NEXUS-ROUTES-PURPOSE;DIRECT_ANCHOR:MER511-NEXUS-AGE-PKPD,7; 898,4,"MER511-NEXUS-OFFICIAL-TITLE: - Official title: A Phase 1, First-in-Human, Placebo-Controlled, Single and Multiple Ascending Dose Study to Evaluate Safety, Tolerability,  || MER511-NEXUS-RECRUITING: - Status: RECRUITING || MER511-NEXUS-ROUTES-PURPOSE: The purpose of this study is to evaluate how well MER511 is tolerated and what side effects may occur in adults who have Graves' disease. Th",NEXUS NCT07305818은 18–55세 adult GD에서 IV/SC MER511 SAD/MAD를 평가하는 placebo-controlled Phase 1 first-in-human study이며 frozen cut에서 recruiting이었다.,NEXUS NCT07305818은 18–55세 adult GD에서 IV/SC MER511 SAD/MAD를 평가하는 placebo-controlled Phase 1 first-in-human study이며 frozen cut에서 recruiting이었다.
148,BLIND-0148,TRIAL-004-EFFICACY,trial_efficacy_result,PASS,12,0,NA (no failed structural checks),result_trial_curation_v2.csv::trial_id=NCT01868997; field=efficacy,780,1,TRIAL-RESULT-NCT01868997: active TED에서 teprotumumab은 Week 24 composite response와 proptosis를 유의하게 개선했다.,"NCT01868997: Composite response 29/42 vs 9/45, p<0.001; OR 8.86 (95% CI 3.293–23.825); proptosis LS change −2.46 vs −0.15 mm.","Composite response 29/42 vs 9/45, p<0.001; OR 8.86 (95% CI 3.293–23.825); proptosis LS change −2.46 vs −0.15 mm."
149,BLIND-0149,TRIAL-014-EFFICACY,trial_efficacy_result,PASS,12,0,NA (no failed structural checks),result_trial_curation_v2.csv::trial_id=NCT03938545; field=efficacy,813,1,TRIAL-RESULT-NCT03938545: ASCEND GO-2의 Week 13 clinical primary comparisons는 nonsignificant였지만 IgG/anti-TSHR PD는 dose-related였다.,"NCT03938545: PRR: 680 mg 30.0% (p=0.1993), 340 mg 30.8% (p=0.1016), 255 mg 0% (p=0.2963), placebo 8.3%.","PRR: 680 mg 30.0% (p=0.1993), 340 mg 30.8% (p=0.1016), 255 mg 0% (p=0.2963), placebo 8.3%."
150,BLIND-0150,SOC-CONFLICT-NICE,source_timing_disclosure,PASS,6,0,NA (no failed structural checks),"source_anchors_v2.csv::anchors=UK-NICE-TEPEZZA-EXPECTED-DATE-TBC,UK-NICE-TEPEZZA-IN-PROGRESS,UK-NICE-TEPEZZA-PROVISIONAL-SCHEDULE,UK-NICE-TEPEZZA-DRAFT-NOT-FINAL",732; 733,4,UK-NICE-TEPEZZA-EXPECTED-DATE-TBC: Expected publication date: TBC || UK-NICE-TEPEZZA-IN-PROGRESS: Status: In progress Technology type: Medicine Decision: Selected Decision publication date: 10 April 2024 Prioritisation programme: Medicine || UK-NICE-TEPEZZA-PROVISIONAL-SCHEDULE: Provisional Schedule Draft guidance: 08 September 2026 - 29 September 2026 Committee meeting: 3: 05 January 2027,"NICE appraisal는 expected publication date TBC, status In progress이며, 2026-09 consultation 및 2027-01 committee 일정은 provisional이고 draft는 final guidance가 아니다.","NICE appraisal는 expected publication date TBC, status In progress이며, 2026-09 consultation 및 2027-01 committee 일정은 provisional이고 draft는 final guidance가 아니다."
151,BLIND-0151,TRIAL-018-EFFICACY,trial_efficacy_result,PASS,12,0,NA (no failed structural checks),result_trial_curation_v2.csv::trial_id=NCT05276063; field=efficacy,831,1,TRIAL-RESULT-NCT05276063: linsitinib high dose는 Week 24 PRR와 overall response를 유의하게 개선했으나 low dose primary comparison은 유의하지 않았다.,"NCT05276063: PRR 150 mg BID 51.7% vs 18.8%, p=0.01, RD 0.345 (95% CI 0.098–0.593); 75 mg 38.9%, p=0.090; GO-QOL difference +10.776, p=0.002.","PRR 150 mg BID 51.7% vs 18.8%, p=0.01, RD 0.345 (95% CI 0.098–0.593); 75 mg 38.9%, p=0.090; GO-QOL difference +10.776, p=0.002."
152,BLIND-0152,REG-UK-LUMVOA-ACCESS,regional_reimbursement_access_status,PASS,9,0,NA (no failed structural checks),soc_outcomes_v2.csv::soc_id=SOC-UK-TED-LUMVOA; field=reimbursement_access,749,1,CANONICAL:soc_outcomes_v2.csv::soc_id=SOC-UK-TED-LUMVOA;field=reimbursement_access,United Kingdom Lumvoa reimbursement/access: unresolved,unresolved
153,BLIND-0153,METHOD-012,internal_status_count,PASS,7,0,NA (no failed structural checks),clinical_trials_v2.csv::field=overall_status; value=WITHDRAWN,NA (internal canonical evidence),1,CANONICAL:clinical_trials_v2.csv::field=overall_status | value=WITHDRAWN,WITHDRAWN status trial은 5개였다.,5
154,BLIND-0154,METHOD-003,internal_inventory_count,PASS,6,0,NA (no failed structural checks),clinical_trials_v2.csv::all rows; unique trial_id,NA (internal canonical evidence),1,CANONICAL:clinical_trials_v2.csv::all rows | unique trial_id,최종 clinical trial inventory에는 168개 unique trial이 포함되었다.,168
155,BLIND-0155,TRIAL-024-EFFICACY,trial_efficacy_result,PASS,12,0,NA (no failed structural checks),result_trial_curation_v2.csv::trial_id=NCT06226545; field=efficacy,853,1,TRIAL-RESULT-NCT06226545: LASN01은 Week 37 CAS response 신호를 보였지만 PRR는 placebo와 유사했다.,"NCT06226545: CAS response 15/17 (88.2%) vs 4/9 (44.4%), p=0.028; PRR 6/17 (35.3%) vs 3/9 (33.3%).","CAS response 15/17 (88.2%) vs 4/9 (44.4%), p=0.028; PRR 6/17 (35.3%) vs 3/9 (33.3%)."
156,BLIND-0156,TRIAL-020-INTERPRETATION,trial_primary_interpretation,PASS,12,0,NA (no failed structural checks),result_trial_curation_v2.csv::trial_id=NCT05987423; field=primary_interpretation,844,1,TRIAL-RESULT-NCT05987423: SatraGO-1 active-TED Week 24 primary PRR는 실패했다.,NCT05987423: SatraGO-1 active-TED Week 24 primary PRR는 실패했다.,negative_primary_secondary_signals
157,BLIND-0157,ASSET-027,complete_asset_inventory_row,PASS,8,0,NA (no failed structural checks),pipeline_assets_v2.csv::asset=MER511,6; 7; 8; 898,1,CANONICAL:pipeline_assets_v2.csv::asset=MER511;row_sha256=bb948379c81d2409fee4f58e15ba4bdd0b8f31183c31869e2de2b4488b2e964d,MER511: indication=GD; potential TED; target=anti-TSHR autoantibodies and cognate B-cell sources; highest_stage=Phase 1; status=Recruiting; tier=Core; evidence_confidence=Low–moderate.,Phase 1 | Recruiting | Low–moderate
158,BLIND-0158,DIRECT-LCA-MECHANISM,direct_program_mechanism_or_status,PASS,6,0,NA (no failed structural checks),claim_evidence_anchors_v2.csv::DIRECT_ANCHOR:LCA0321-SPONSOR-IDENTITY-MECHANISM;DIRECT_ANCHOR:LCA0321-SPONSOR-DESIGN,1,2,LCA0321-SPONSOR-IDENTITY-MECHANISM: | LCA-0321 | a-TSHR AAbs LYTAC degrader | Graves’ Disease | | | | | || LCA0321-SPONSOR-DESIGN: LCA-0321 is designed to specifically bind and rapidly eliminate the disease-causing Thyroid Stimulating Hormone Receptor (TSHR) autoantibodi,"LCA-0321은 anti-TSHR autoantibodies를 선택적으로 결합·제거하도록 설계된 LYTAC degrader이며, sponsor는 general immunosuppression 없이 driver 제거를 목표로 설명한다.","LCA-0321은 anti-TSHR autoantibodies를 선택적으로 결합·제거하도록 설계된 LYTAC degrader이며, sponsor는 general immunosuppression 없이 driver 제거를 목표로 설명한다."
159,BLIND-0159,TRIAL-007-EFFICACY,trial_efficacy_result,PASS,12,0,NA (no failed structural checks),result_trial_curation_v2.csv::trial_id=NCT02713256; field=efficacy,796,1,TRIAL-RESULT-NCT02713256: iscalimab 단일군에서 Week 12 TSH normalization은 0%였다.,NCT02713256: 13 evaluable: TSH normalization 0%; total T3 below ULN 38.5%; FT4 below ULN 30.8%.,13 evaluable: TSH normalization 0%; total T3 below ULN 38.5%; FT4 below ULN 30.8%.
160,BLIND-0160,LIMIT-004,analytical_score_limitation,PASS,6,0,NA (no failed structural checks),"pipeline_assets_v2.csv::fields=weighted_potential_0_3,evidence_confidence,r_and_d_score_scope",NA (internal canonical evidence),1,"CANONICAL:pipeline_assets_v2.csv::fields=weighted_potential_0_3,evidence_confidence,r_and_d_score_scope",Complete asset table의 R&D potential과 evidence confidence는 서로 다른 축이며 clinical efficacy 또는 probability로 해석할 수 없다.,Complete asset table의 R&D potential과 evidence confidence는 서로 다른 축이며 clinical efficacy 또는 probability로 해석할 수 없다.
161,BLIND-0161,ASSET-004,complete_asset_inventory_row,PASS,8,0,NA (no failed structural checks),pipeline_assets_v2.csv::asset=ATX-GD-59,253; 800; 854,1,CANONICAL:pipeline_assets_v2.csv::asset=ATX-GD-59;row_sha256=64ab0627a0f3ef5580db9641dfd43542ef53d02f89993e2e6a3b82f82e73052b,ATX-GD-59: indication=GD; target=TSHR-reactive T cells; highest_stage=Phase 1 completed; status=Completed; follow-on WP1302 suspended; tier=Core; evidence_confidence=Low–moderate.,Phase 1 completed | Completed; follow-on WP1302 suspended | Low–moderate
162,BLIND-0162,ASSET-031,complete_asset_inventory_row,PASS,8,0,NA (no failed structural checks),pipeline_assets_v2.csv::asset=Rabbit anti-thymocyte globulin,830,1,CANONICAL:pipeline_assets_v2.csv::asset=Rabbit anti-thymocyte globulin;row_sha256=2ee78ed90429ed86a451da18721666d64f08591786e66b9cbd68644b12b30d3d,Rabbit anti-thymocyte globulin: indication=Active moderate-to-severe TED; target=T lymphocytes; highest_stage=Highest registered phase: NA; status=Registered statuses: UNKNOWN; tier=Completeness; evidence_confidence=Low (registry-level completeness row; not an efficacy judgment).,Highest registered phase: NA | Registered statuses: UNKNOWN | Low (registry-level completeness row; not an efficacy judgment)
163,BLIND-0163,DIRECT-OTHER-03,direct_program_inventory_status,PASS,7,0,NA (no failed structural checks),pipeline_assets_v2.csv::asset=ATX-GD-59,253; 800; 854,1,"CANONICAL:pipeline_assets_v2.csv::asset=ATX-GD-59;fields=target,highest_stage,status,trial_ids",ATX-GD-59: target=TSHR-reactive T cells; highest_stage=Phase 1 completed; status=Completed; follow-on WP1302 suspended; trial_ids=NCT02973802; NCT06240455.,Phase 1 completed | Completed; follow-on WP1302 suspended
164,BLIND-0164,ASSET-015,complete_asset_inventory_row,PASS,8,0,NA (no failed structural checks),pipeline_assets_v2.csv::asset=IBI311,842; 851; 856; 866; 883; 886; 887; 888,1,CANONICAL:pipeline_assets_v2.csv::asset=IBI311;row_sha256=89ff2ec837e001ca9f198e89b2e7e8898b5b53952bd79cda9abec2ebaa454798,"IBI311: indication=Active TED; Active moderate-to-severe TED; Chronic/inactive TED; TED, active and chronic/inactive cohorts; target=IGF-1R; highest_stage=Highest registered phase: PHASE4; status=Registered statuses: COMPLETED; RECRUITING; tier=Completeness; evidence_confidence=Low (registry-level completeness row; not an efficacy judgment).",Highest registered phase: PHASE4 | Registered statuses: COMPLETED; RECRUITING | Low (registry-level completeness row; not an efficacy judgment)
165,BLIND-0165,ASSET-001,complete_asset_inventory_row,PASS,8,0,NA (no failed structural checks),pipeline_assets_v2.csv::asset=Aflibercept,815,1,CANONICAL:pipeline_assets_v2.csv::asset=Aflibercept;row_sha256=df1472ba035cb948f596978d4dc361b709494a33b03077f4516133906cd3ecb0,Aflibercept: indication=Active TED; target=VEGF-A/PlGF; highest_stage=Highest registered phase: PHASE2; status=Registered statuses: COMPLETED; tier=Completeness; evidence_confidence=Low (registry-level completeness row; not an efficacy judgment).,Highest registered phase: PHASE2 | Registered statuses: COMPLETED | Low (registry-level completeness row; not an efficacy judgment)
166,BLIND-0166,TRIAL-014-INTERPRETATION,trial_primary_interpretation,PASS,12,0,NA (no failed structural checks),result_trial_curation_v2.csv::trial_id=NCT03938545; field=primary_interpretation,813,1,TRIAL-RESULT-NCT03938545: ASCEND GO-2의 Week 13 clinical primary comparisons는 nonsignificant였지만 IgG/anti-TSHR PD는 dose-related였다.,NCT03938545: ASCEND GO-2의 Week 13 clinical primary comparisons는 nonsignificant였지만 IgG/anti-TSHR PD는 dose-related였다.,negative_primary_pd_positive
167,BLIND-0167,SOC-CONFLICT-JP-FCQ1,pregnancy_timing_guidance,PASS,6,0,NA (no failed structural checks),"source_anchors_v2.csv::anchors=JP-JTA2019-FCQ1,JP-JTA2020-FCQ1-EXPLANATION",741; 743,2,"JP-JTA2019-FCQ1: FCQ 1 妊娠初期 における 薬物治療 は， 第一選択薬 として 何が推奨 されるか？ 
●妊娠初期 は催奇形性 の観点 から 妊娠 5 週 0 日 から 9 週 6 日 までは チアマゾー ル（M M I ）を避け
るべきである． 【強く推奨 する】 ［ エビデンスレベル B || JP-JTA2020-FCQ1-EXPLANATION: 要旨 『バセドウ病治療ガイドライン2019』のFCQ（Foreground Clinical Question）1には，「妊娠初期における薬物治療は，第一選択薬として何が推奨されるか？」という質問が選択された。『バセドウ病治療ガイドライン2011』が作成された時点では曖昧であった",Japan FCQ1의 MMI avoidance interval은 임신 5w0d–9w6d이다.,Japan FCQ1의 MMI avoidance interval은 임신 5w0d–9w6d이다.
168,BLIND-0168,REG-EU-TEPEZZA-ACCESS,regional_reimbursement_access_status,PASS,8,0,NA (no failed structural checks),soc_outcomes_v2.csv::soc_id=SOC-EU-TED-TEPEZZA; field=reimbursement_access,751,1,CANONICAL:soc_outcomes_v2.csv::soc_id=SOC-EU-TED-TEPEZZA;field=reimbursement_access,EU/EEA Tepezza reimbursement/access: Member-State-specific; EU-wide reimbursement claim을 하지 않으며 status는 국가별 unresolved,Member-State-specific; EU-wide reimbursement claim을 하지 않으며 status는 국가별 unresolved
169,BLIND-0169,TRIAL-015-INTERPRETATION,trial_primary_interpretation,PASS,12,0,NA (no failed structural checks),result_trial_curation_v2.csv::trial_id=NCT04583735; field=primary_interpretation,817,1,TRIAL-RESULT-NCT04583735: chronic/low-activity TED에서도 teprotumumab은 Week 24 proptosis를 유의하게 개선했다.,NCT04583735: chronic/low-activity TED에서도 teprotumumab은 Week 24 proptosis를 유의하게 개선했다.,positive_randomized
170,BLIND-0170,ENDPOINT-006,analytical_endpoint_definition,PASS,6,0,NA (no failed structural checks),soc_outcomes_v2.csv::field=endpoint_semantics across 75 regional rows,NA (internal canonical evidence),1,CANONICAL:soc_outcomes_v2.csv::field=endpoint_semantics across 75 regional rows,RAI 또는 thyroidectomy에 의한 thyroid-source control은 pathogenic autoimmunity나 TED의 소실을 의미하지 않는다.,NA (not a scalar claim)
171,BLIND-0171,TRIAL-019-DURABILITY,trial_durability_result_or_limit,PASS,12,0,NA (no failed structural checks),result_trial_curation_v2.csv::trial_id=NCT05907668; field=durability,843,1,TRIAL-RESULT-NCT05907668: batoclimab+background ATD에서 biochemical control 및 ATD reduction 신호가 있었지만 remission/cure 증거는 아니다.,NCT05907668: Off-ATD normalization은 해당 시점의 상태이며 durable remission 추적 아님.,Off-ATD normalization은 해당 시점의 상태이며 durable remission 추적 아님.
172,BLIND-0172,POTENTIAL-05,internal_rd_potential_confidence,PASS,7,0,NA (no failed structural checks),"pipeline_assets_v2.csv::asset=ATX-GD-59;fields=weighted_potential_0_3,evidence_confidence",NA (internal canonical evidence),1,"CANONICAL:pipeline_assets_v2.csv::asset=ATX-GD-59;fields=weighted_potential_0_3,evidence_confidence",ATX-GD-59: hypothesis-weighted R&D potential=2.5/3; evidence confidence=Low–moderate.,2.5
173,BLIND-0173,TRIAL-002-INTERPRETATION,trial_primary_interpretation,PASS,12,0,NA (no failed structural checks),result_trial_curation_v2.csv::trial_id=NCT01114503; field=primary_interpretation,767,1,TRIAL-RESULT-NCT01114503: n=2로 효능 해석이 불가능하며 dose 이해를 기다리며 종료되었다.,NCT01114503: n=2로 효능 해석이 불가능하며 dose 이해를 기다리며 종료되었다.,terminated_uninterpretable
174,BLIND-0174,ASSET-024,complete_asset_inventory_row,PASS,8,0,NA (no failed structural checks),pipeline_assets_v2.csv::asset=Linsitinib,714; 715; 831; 850; 919,1,CANONICAL:pipeline_assets_v2.csv::asset=Linsitinib;row_sha256=713992b7cc0f17d34069901a3985d2804453bc2ee0c74c8740d0b26518d59852,Linsitinib: indication=TED; target=IGF-1R/insulin receptor kinase; highest_stage=Phase 3; status=ORBIT recruiting; tier=Comparator; evidence_confidence=Moderate.,Phase 3 | ORBIT recruiting | Moderate
175,BLIND-0175,HIST-JP-MERGED-WINDOW,historical_failed_claim,PASS,6,0,NA (no failed structural checks),source_anchors_v2.csv::SOURCE_ANCHOR:JP-JTA2019-FCQ1;SOURCE_ANCHOR:JP-JTA2019-BCQ2;SOURCE_ANCHOR:JP-JTA2020-FCQ1-EXPLANATION,741; 743,3,"JP-JTA2019-FCQ1: FCQ 1 妊娠初期 における 薬物治療 は， 第一選択薬 として 何が推奨 されるか？ 
●妊娠初期 は催奇形性 の観点 から 妊娠 5 週 0 日 から 9 週 6 日 までは チアマゾー ル（M M I ）を避け
るべきである． 【強く推奨 する】 ［ エビデンスレベル B || JP-JTA2019-BCQ2: BCQ2 抗甲状腺薬治療 の第一選択 は何か？ 
●抗甲状腺薬 の第一選択 は， 妊娠初 期（器官形成期 の妊娠 4 週 0 日 から 15 週 6 日 ）を除き， M M I 
とする． 
 || JP-JTA2020-FCQ1-EXPLANATION: 要旨 『バセドウ病治療ガイドライン2019』のFCQ（Foreground Clinical Question）1には，「妊娠初期における薬物治療は，第一選択薬として何が推奨されるか？」という質問が選択された。『バセドウ病治療ガイドライン2011』が作成された時点では曖昧であった",Japan guideline defines a single MMI-avoidance pregnancy window of 4w0d–15w6d.,Japan guideline defines a single MMI-avoidance pregnancy window of 4w0d–15w6d.
176,BLIND-0176,DIRECT-OTHER-04,direct_program_inventory_status,PASS,7,0,NA (no failed structural checks),pipeline_assets_v2.csv::asset=IBI3031,619; 913,1,"CANONICAL:pipeline_assets_v2.csv::asset=IBI3031;fields=target,highest_stage,status,trial_ids",IBI3031: target=IGF-1R and TSHR; highest_stage=Phase 1; status=Recruiting/early; trial_ids=NCT07622368.,Phase 1 | Recruiting/early
177,BLIND-0177,POP-RELAPSED-001,analytical_population_boundary,PASS,6,0,NA (no failed structural checks),soc_outcomes_v2.csv::category=Relapsed/refractory GD or TED across five regions,NA (internal canonical evidence),1,CANONICAL:soc_outcomes_v2.csv::category=Relapsed/refractory GD or TED across five regions,"Relapsed/refractory populations에서는 post-ATD relapse, post-RAI persistence, TED nonresponse/flare 및 selected open-label retreatment를 별도 state로 기록한다.","Relapsed/refractory populations에서는 post-ATD relapse, post-RAI persistence, TED nonresponse/flare 및 selected open-label retreatment를 별도 state로 기록한다."
178,BLIND-0178,ASSET-007,complete_asset_inventory_row,PASS,8,0,NA (no failed structural checks),pipeline_assets_v2.csv::asset=Celecoxib,798,1,CANONICAL:pipeline_assets_v2.csv::asset=Celecoxib;row_sha256=bcb960c69c6ef55a7c81d83446576491e231486826994306dec66dd208b17afd,Celecoxib: indication=Active TED; target=COX-2; highest_stage=Highest registered phase: PHASE2; status=Registered statuses: TERMINATED; tier=Completeness; evidence_confidence=Low (registry-level completeness row; not an efficacy judgment).,Highest registered phase: PHASE2 | Registered statuses: TERMINATED | Low (registry-level completeness row; not an efficacy judgment)
179,BLIND-0179,LIMIT-002,evidence_depth_limitation,PASS,6,0,NA (no failed structural checks),"claim_evidence_anchors_v2.csv::source_ids=1,2,6,7,8; fields=access_depth,evidence_role,uncertainty",1; 2; 6; 7; 8,5,"LCA0321-SPONSOR-DESIGN: LCA-0321 is designed to specifically bind and rapidly eliminate the disease-causing Thyroid Stimulating Hormone Receptor (TSHR) autoantibodi || LCA0321-CTIS-PHASE-STATUS: 2025-524053-14-00 Protocol LCA-0321-01 Human pharmacology (Phase I) - First administration to humans Ongoing, recruiting || MER511-SPONSOR-PRECISION-DESIGN: Merida is developing MER511, a precision biologic designed to selectively eliminate pathogenic autoantibodies and their B-cell sources while","일부 direct-program evidence는 congress abstract, sponsor 또는 registry source이며 peer-reviewed full-paper human outcome evidence가 아니다.",abstract/sponsor/registry; no full-paper human outcome result
180,BLIND-0180,ASSET-012,complete_asset_inventory_row,PASS,8,0,NA (no failed structural checks),pipeline_assets_v2.csv::asset=HN2301 in-vivo CAR-T,900,1,CANONICAL:pipeline_assets_v2.csv::asset=HN2301 in-vivo CAR-T;row_sha256=fb3ee05c1963ced19447552369b8fea5e188865ba7613a7a14e1d3fa02d0b25c,HN2301 in-vivo CAR-T: indication=GD / autoimmune hyperthyroidism; target=CD19/BCMA; highest_stage=Highest registered phase: EARLY_PHASE1; status=Registered statuses: RECRUITING; tier=Completeness; evidence_confidence=Low (registry-level completeness row; not an efficacy judgment).,Highest registered phase: EARLY_PHASE1 | Registered statuses: RECRUITING | Low (registry-level completeness row; not an efficacy judgment)
181,BLIND-0181,ASSET-035,complete_asset_inventory_row,PASS,8,0,NA (no failed structural checks),pipeline_assets_v2.csv::asset=SCTT11,876,1,CANONICAL:pipeline_assets_v2.csv::asset=SCTT11;row_sha256=4d5017b1468c8ad77d54629ae6421da281cbb44f8ff3189a0bfc5f5f7865e8fb,SCTT11: indication=TED; target=Not publicly verified; highest_stage=Clinical; status=Registered; tier=Watchlist; evidence_confidence=Very low.,Clinical | Registered | Very low
182,BLIND-0182,POTENTIAL-02,internal_rd_potential_confidence,PASS,7,0,NA (no failed structural checks),"pipeline_assets_v2.csv::asset=MER511;fields=weighted_potential_0_3,evidence_confidence",NA (internal canonical evidence),1,"CANONICAL:pipeline_assets_v2.csv::asset=MER511;fields=weighted_potential_0_3,evidence_confidence",MER511: hypothesis-weighted R&D potential=2.75/3; evidence confidence=Low–moderate.,2.75
183,BLIND-0183,REG-JP-TEPEZZA-AUTH,regional_authorization_status,PASS,8,0,NA (no failed structural checks),soc_outcomes_v2.csv::soc_id=SOC-JP-TED-TEPEZZA; field=authorization_status_scope,735; 736,3,"JP-PMDA-TEPEZZA-REVIEW-CONCLUSION: ［審査結 果 ］ 
別紙のとおり、提出された資料から、本品目の活動性甲状腺眼症に対する有効性は示され、認められ
たベネフィットを踏まえると安全性は許容可能と判断する。 
以上、医薬品医療機器総合機構における審査の結果、本品目については、下記の承認条件を付した上
で、以下の効能又は || JP-PMDA-TEPEZZA-ENGLISH-APPROVAL-ROW: 6-2 Sep. 24, 2024 19 Tepezza for Intravenous Infusion 500 mg
(Amgen K.K.)
Approval Teprotumumab 
(genetical 
recombination)
A drug with a ne || CANONICAL:soc_outcomes_v2.csv::soc_id=SOC-JP-TED-TEPEZZA;field=authorization_status_scope",Japan Tepezza authorization: approved in Japan on 2024-09-24 for active thyroid eye disease,approved in Japan on 2024-09-24 for active thyroid eye disease
184,BLIND-0184,TRIAL-FRAME-002,internal_trial_reporting_boundary,PASS,6,0,NA (no failed structural checks),"result_trial_curation_v2.csv::all 25 rows; fields=disposition,efficacy,safety,durability,caveats",NA (internal canonical evidence),1,"CANONICAL:result_trial_curation_v2.csv::all 25 rows | fields=disposition,efficacy,safety,durability,caveats",Displayed trial values는 각 trial 내부 comparator와 endpoint에만 적용하며 trial 간 수치 ranking 또는 pooling을 하지 않는다.,Displayed trial values는 각 trial 내부 comparator와 endpoint에만 적용하며 trial 간 수치 ranking 또는 pooling을 하지 않는다.
185,BLIND-0185,CONCLUSION-003,analytical_monitoring_priority,PASS,6,0,NA (no failed structural checks),"pipeline_assets_v2.csv::assets=LCA-0321,MER511; fields=biomarker_pd_strategy,key_unmet_need,critical_risks",NA (internal canonical evidence),1,"CANONICAL:pipeline_assets_v2.csv::assets=LCA-0321,MER511 | fields=biomarker_pd_strategy,key_unmet_need,critical_risks","Near-term analytical monitoring priorities는 safety/PK/PD, TRAb kinetics, ATD taper를 포함한 durable off-treatment endpoint, normal TSH signaling/total-IgG preservation, 그리고 TED–thyroid biochemical concordance다.","Near-term analytical monitoring priorities는 safety/PK/PD, TRAb kinetics, ATD taper를 포함한 durable off-treatment endpoint, normal TSH signaling/total-IgG preservation, 그리고 TED–thyroid biochemical concordance다."
186,BLIND-0186,TRIAL-009-DURABILITY,trial_durability_result_or_limit,PASS,12,0,NA (no failed structural checks),result_trial_curation_v2.csv::trial_id=NCT02973802; field=durability,800,1,TRIAL-RESULT-NCT02973802: ATX-GD-59 Phase 1에서 thyroid/antibody biomarker 개선 신호가 있었지만 remission proof는 아니다.,NCT02973802: Full paper에서 2명이 1년 off-ATD euthyroid였으나 uncontrolled spontaneous remission 대안이 큼.,Full paper에서 2명이 1년 off-ATD euthyroid였으나 uncontrolled spontaneous remission 대안이 큼.
187,BLIND-0187,TRIAL-008-INTERPRETATION,trial_primary_interpretation,PASS,12,0,NA (no failed structural checks),result_trial_curation_v2.csv::trial_id=NCT02845336; field=primary_interpretation,798,1,TRIAL-RESULT-NCT02845336: poor enrollment로 종료되어 feasibility 실패이며 efficacy 판단 근거가 아니다.,NCT02845336: poor enrollment로 종료되어 feasibility 실패이며 efficacy 판단 근거가 아니다.,terminated_infeasible
188,BLIND-0188,QA-METHOD-001,internal_methodological_statement,PASS,6,0,NA (no failed structural checks),plan2.md::claim-QA contract,NA (internal canonical evidence),1,CANONICAL:plan2.md::claim-QA contract,Claim QA는 동일 coordinator의 stance-hidden second pass이며 independent third-party validation이 아니다.,Claim QA는 동일 coordinator의 stance-hidden second pass이며 independent third-party validation이 아니다.
189,BLIND-0189,METHOD-004,internal_inventory_count,PASS,6,0,NA (no failed structural checks),clinical_trials_v2.csv::field=has_posted_results,NA (internal canonical evidence),1,CANONICAL:clinical_trials_v2.csv::field=has_posted_results,포함 trial 중 25개에 data cut 시점 posted results가 있었다.,25
190,BLIND-0190,TRIAL-018-INTERPRETATION,trial_primary_interpretation,PASS,12,0,NA (no failed structural checks),result_trial_curation_v2.csv::trial_id=NCT05276063; field=primary_interpretation,831,1,TRIAL-RESULT-NCT05276063: linsitinib high dose는 Week 24 PRR와 overall response를 유의하게 개선했으나 low dose primary comparison은 유의하지 않았다.,NCT05276063: linsitinib high dose는 Week 24 PRR와 overall response를 유의하게 개선했으나 low dose primary comparison은 유의하지 않았다.,positive_high_dose
191,BLIND-0191,ASSET-020,complete_asset_inventory_row,PASS,8,0,NA (no failed structural checks),pipeline_assets_v2.csv::asset=KHN939,916; 917,1,CANONICAL:pipeline_assets_v2.csv::asset=KHN939;row_sha256=2b8ade31a8ac75e4308afba9c83c87b0879ea9b459885e9224016bbc989a6d2a,KHN939: indication=TED; target=Not publicly verified; highest_stage=Clinical; status=Registered; tier=Watchlist; evidence_confidence=Very low.,Clinical | Registered | Very low
192,BLIND-0192,REG-US-LUMVOA-ACCESS,regional_reimbursement_access_status,PASS,9,0,NA (no failed structural checks),soc_outcomes_v2.csv::soc_id=SOC-US-TED-LUMVOA; field=reimbursement_access,NA (internal canonical evidence),1,CANONICAL:soc_outcomes_v2.csv::soc_id=SOC-US-TED-LUMVOA;field=reimbursement_access,United States Lumvoa reimbursement/access: unresolved (본 curated source set에서 region-wide reimbursement/coverage를 공식 근거로 확정하지 않음; 개별 payer·기관 확인 필요),unresolved (본 curated source set에서 region-wide reimbursement/coverage를 공식 근거로 확정하지 않음; 개별 payer·기관 확인 필요)
193,BLIND-0193,ASSET-RENDER-001,internal_asset_rendering_boundary,PASS,6,0,NA (no failed structural checks),"pipeline_assets_v2.csv::all 48 rows; fields=highest_stage,status,core_adjacent_tier,evidence_confidence",NA (internal canonical evidence),1,"CANONICAL:pipeline_assets_v2.csv::all 48 rows | fields=highest_stage,status,core_adjacent_tier,evidence_confidence",Complete asset inventory의 각 row는 canonical table에서 직접 렌더링한다; stage/status는 data cut source state이고 tier/evidence confidence는 efficacy ranking이 아니다.,Complete asset inventory의 각 row는 canonical table에서 직접 렌더링한다; stage/status는 data cut source state이고 tier/evidence confidence는 efficacy ranking이 아니다.
194,BLIND-0194,REG-UK-TEPEZZA-AUTH,regional_authorization_status,PASS,8,0,NA (no failed structural checks),soc_outcomes_v2.csv::soc_id=SOC-UK-TED-TEPEZZA; field=authorization_status_scope,731,2,"UK-MHRA-TEPEZZA-APPROVAL: The Medicines and Healthcare products Regulatory Agency (MHRA) has today, 7 May 2025, approved teprotumumab (Tepezza). This is the first med || CANONICAL:soc_outcomes_v2.csv::soc_id=SOC-UK-TED-TEPEZZA;field=authorization_status_scope",United Kingdom Tepezza authorization: MHRA approved on 2025-05-07 for adults with moderate-to-severe TED,MHRA approved on 2025-05-07 for adults with moderate-to-severe TED
195,BLIND-0195,ASSET-048,complete_asset_inventory_row,PASS,8,0,NA (no failed structural checks),pipeline_assets_v2.csv::asset=ZB001,841,1,CANONICAL:pipeline_assets_v2.csv::asset=ZB001;row_sha256=b666affa9e4975beb600f3233be5aa37af39e674649a130638d3c60e85cdb790,ZB001: indication=TED; target=IGF-1R; highest_stage=Phase 1/2; status=Clinical; tier=Comparator; evidence_confidence=Low.,Phase 1/2 | Clinical | Low
196,BLIND-0196,TRIAL-006-INTERPRETATION,trial_primary_interpretation,PASS,12,0,NA (no failed structural checks),result_trial_curation_v2.csv::trial_id=NCT02378298; field=primary_interpretation,791,1,TRIAL-RESULT-NCT02378298: 선택된 rescue cohorts에서 rituximab/MTX 후 CAS 감소가 관찰됐지만 causal 비교는 불가하다.,NCT02378298: 선택된 rescue cohorts에서 rituximab/MTX 후 CAS 감소가 관찰됐지만 causal 비교는 불가하다.,nonrandomized_descriptive
197,BLIND-0197,METHOD-016,randomization_semantics_count,PASS,6,0,NA (no failed structural checks),"clinical_trials_v2.csv::fields=registry_allocation,n_randomized,randomization_basis",NA (internal canonical evidence),1,"CANONICAL:clinical_trials_v2.csv::fields=registry_allocation,n_randomized,randomization_basis",Randomized trials without posted participant flow: 108개; Enrollment를 randomized N으로 대체하지 않고 NR로 유지했다.,108
198,BLIND-0198,TRIAL-017-DURABILITY,trial_durability_result_or_limit,PASS,12,0,NA (no failed structural checks),result_trial_curation_v2.csv::trial_id=NCT05176639; field=durability,829,1,TRIAL-RESULT-NCT05176639: THRIVE에서 veligrotug은 Week 15에 큰 proptosis/overall response 효과를 보였다.,NCT05176639: Week 52에서 initial responders의 70%가 PRR 유지; evaluable follow-up subset 21/30.,Week 52에서 initial responders의 70%가 PRR 유지; evaluable follow-up subset 21/30.
199,BLIND-0199,ENDPOINT-007,analytical_endpoint_definition,PASS,6,0,NA (no failed structural checks),soc_outcomes_v2.csv::field=endpoint_semantics across 75 regional rows,NA (internal canonical evidence),1,CANONICAL:soc_outcomes_v2.csv::field=endpoint_semantics across 75 regional rows,"Cure는 정상 thyroid function, pathogenic autoimmunity의 지속적 소실, 무치료 durability를 함께 요구하는 강한 표현이며 본 release의 investigational direct anti-TSHR 프로그램에는 적용하지 않는다.",NA (not a scalar claim)
