blind_order,blind_id,adjudication_batch,claim_id,claim_type,blind_verdict,blind_failure_mode,adjudication_rationale,evidence_reviewed,precheck_status,resolution,source_ids,exact_anchors,canonical_artifact,canonical_row_ids,blind_packet_sha256,review_date,data_cut,review_independence
1,BLIND-0001,BATCH-01,POP-OLDER-002,analytical_population_boundary,support,support,Verified the exact special-population category locator (category=GD in older adults across five regions) across five regions and confirmed nonblank endpoint/risk boundaries; claim-specific category checks passed.,sources=NA (internal canonical evidence) | exact_anchors=CANONICAL:soc_outcomes_v2.csv::category=GD in older adults across five regions | canonical=soc_outcomes_v2.csv::category=GD in older adults across five regions,PASS,NA (no correction required),NA (internal canonical evidence),CANONICAL:soc_outcomes_v2.csv::category=GD in older adults across five regions,soc_outcomes_v2.csv,category=GD in older adults across five regions,bd6555815600e9877c817d5e15e3c2c626bbb6789847c9cbc4111e63ca00df81,2026-09-11,2026-09-10,"Same coordinator, stance-hidden second pass; within-agent bias reduction, not independent validation."
2,BLIND-0002,BATCH-01,DIRECT-MER-MECHANISM,direct_program_mechanism_or_status,support,support,"Sponsor and OR31-05 anchors identify a TSHR-IgG Fc fusion and describe anti-TSHR autoantibody neutralization/clearance plus antigen-specific B-cell-function inhibition. The wording is explicitly design/preclinical, not human efficacy.",sources=6; 8 | exact_anchors=DIRECT_ANCHOR:MER511-SPONSOR-PRECISION-DESIGN; DIRECT_ANCHOR:MER511-OR31-CONSTRUCT; DIRECT_ANCHOR:MER511-OR31-AAB-B-CELL-MECHANISM | canonical=claim_evidence_anchors_v2.csv::DIRECT_ANCHOR:MER511-SPONSOR-PRECISION-DESIGN;DIRECT_ANCHOR:MER511-OR31-CONSTRUCT;DIRECT_ANCHOR:MER511-OR31-AAB-B-CELL-MECHANISM,PASS,NA (no correction required),6; 8,DIRECT_ANCHOR:MER511-SPONSOR-PRECISION-DESIGN; DIRECT_ANCHOR:MER511-OR31-CONSTRUCT; DIRECT_ANCHOR:MER511-OR31-AAB-B-CELL-MECHANISM,claim_evidence_anchors_v2.csv,DIRECT_ANCHOR:MER511-SPONSOR-PRECISION-DESIGN;DIRECT_ANCHOR:MER511-OR31-CONSTRUCT;DIRECT_ANCHOR:MER511-OR31-AAB-B-CELL-MECHANISM,bd6555815600e9877c817d5e15e3c2c626bbb6789847c9cbc4111e63ca00df81,2026-09-11,2026-09-10,"Same coordinator, stance-hidden second pass; within-agent bias reduction, not independent validation."
3,BLIND-0003,BATCH-01,REG-KR-LUMVOA-AUTH,regional_authorization_status,support,support,"For SOC-KR-TED-LUMVOA, authorization text/value matched the canonical SoC field and the claim-specific regulator or documented query source subset; unresolved wording was not converted to absence.",sources=750 | exact_anchors=CANONICAL:soc_outcomes_v2.csv::soc_id=SOC-KR-TED-LUMVOA;field=authorization_status_scope | canonical=soc_outcomes_v2.csv::soc_id=SOC-KR-TED-LUMVOA; field=authorization_status_scope,PASS,NA (no correction required),750,CANONICAL:soc_outcomes_v2.csv::soc_id=SOC-KR-TED-LUMVOA;field=authorization_status_scope,soc_outcomes_v2.csv,soc_id=SOC-KR-TED-LUMVOA; field=authorization_status_scope,bd6555815600e9877c817d5e15e3c2c626bbb6789847c9cbc4111e63ca00df81,2026-09-11,2026-09-10,"Same coordinator, stance-hidden second pass; within-agent bias reduction, not independent validation."
4,BLIND-0004,BATCH-01,ASSET-029,complete_asset_inventory_row,support,support,"For NTB003 / BCG009, every displayed identity/indication/target/stage/status/tier/confidence field matched the canonical asset row, its row hash, and resolved source IDs.",sources=404; 495; 904 | exact_anchors=CANONICAL:pipeline_assets_v2.csv::asset=NTB003 / BCG009;row_sha256=d902b3738f7256ea22a7f7905ee1637fe210cdf77a83aadf2bd5362a5ae0c718 | canonical=pipeline_assets_v2.csv::asset=NTB003 / BCG009,PASS,NA (no correction required),404; 495; 904,CANONICAL:pipeline_assets_v2.csv::asset=NTB003 / BCG009;row_sha256=d902b3738f7256ea22a7f7905ee1637fe210cdf77a83aadf2bd5362a5ae0c718,pipeline_assets_v2.csv,asset=NTB003 / BCG009,bd6555815600e9877c817d5e15e3c2c626bbb6789847c9cbc4111e63ca00df81,2026-09-11,2026-09-10,"Same coordinator, stance-hidden second pass; within-agent bias reduction, not independent validation."
5,BLIND-0005,BATCH-01,TRIAL-011-INTERPRETATION,trial_primary_interpretation,support,support,"For NCT03298867, the primary interpretation/disposition matched the approved curation row; curation-row, clinical-trial-row, and frozen-registry-document hashes all matched, with posted-result status verified.",sources=807 | exact_anchors=TRIAL_RESULT_ANCHOR:TRIAL-RESULT-NCT03298867 | canonical=result_trial_curation_v2.csv::trial_id=NCT03298867; field=primary_interpretation,PASS,NA (no correction required),807,TRIAL_RESULT_ANCHOR:TRIAL-RESULT-NCT03298867,result_trial_curation_v2.csv,trial_id=NCT03298867; field=primary_interpretation,bd6555815600e9877c817d5e15e3c2c626bbb6789847c9cbc4111e63ca00df81,2026-09-11,2026-09-10,"Same coordinator, stance-hidden second pass; within-agent bias reduction, not independent validation."
6,BLIND-0006,BATCH-01,CONCLUSION-001,bounded_evidence_summary,support,support,"The frozen NCT01868997 record/curation supplies randomized TED evidence, and exact US, EU/EEA, UK, and Japan regulator anchors supply authorization evidence. The sentence expressly blocks extrapolation to GD pathogenic-autoimmunity removal or durable off-treatment remission.",sources=728; 729; 731; 735; 780 | exact_anchors=TRIAL_RESULT_ANCHOR:TRIAL-RESULT-NCT01868997; SOURCE_ANCHOR:US-TEPEZZA-LABEL-INDICATION; SOURCE_ANCHOR:EU-EMA-TEPEZZA-INDICATION; SOURCE_ANCHOR:UK-MHRA-TEPEZZA-APPROVAL; SOURCE_ANCHOR:JP-PMDA-TEPEZZA-REVIEW-CONCLUSION | canonical=result_trial_curation_v2.csv; soc_outcomes_v2.csv::trial_id=NCT01868997; soc_id in SOC-US/EU/UK/JP-TED-TEPEZZA,PASS,NA (no correction required),728; 729; 731; 735; 780,TRIAL_RESULT_ANCHOR:TRIAL-RESULT-NCT01868997; SOURCE_ANCHOR:US-TEPEZZA-LABEL-INDICATION; SOURCE_ANCHOR:EU-EMA-TEPEZZA-INDICATION; SOURCE_ANCHOR:UK-MHRA-TEPEZZA-APPROVAL; SOURCE_ANCHOR:JP-PMDA-TEPEZZA-REVIEW-CONCLUSION,result_trial_curation_v2.csv; soc_outcomes_v2.csv,trial_id=NCT01868997; soc_id in SOC-US/EU/UK/JP-TED-TEPEZZA,bd6555815600e9877c817d5e15e3c2c626bbb6789847c9cbc4111e63ca00df81,2026-09-11,2026-09-10,"Same coordinator, stance-hidden second pass; within-agent bias reduction, not independent validation."
7,BLIND-0007,BATCH-01,METHOD-008,internal_status_count,support,support,Recounted the status-specific trial subset as 22; claim text/value and frozen clinical-trial artifact hash matched.,sources=NA (internal canonical evidence) | exact_anchors=CANONICAL:clinical_trials_v2.csv::field=overall_status | value=UNKNOWN | canonical=clinical_trials_v2.csv::field=overall_status; value=UNKNOWN,PASS,NA (no correction required),NA (internal canonical evidence),CANONICAL:clinical_trials_v2.csv::field=overall_status | value=UNKNOWN,clinical_trials_v2.csv,field=overall_status; value=UNKNOWN,bd6555815600e9877c817d5e15e3c2c626bbb6789847c9cbc4111e63ca00df81,2026-09-11,2026-09-10,"Same coordinator, stance-hidden second pass; within-agent bias reduction, not independent validation."
8,BLIND-0008,BATCH-01,METHOD-009,internal_status_count,support,support,Recounted the status-specific trial subset as 14; claim text/value and frozen clinical-trial artifact hash matched.,sources=NA (internal canonical evidence) | exact_anchors=CANONICAL:clinical_trials_v2.csv::field=overall_status | value=NOT_YET_RECRUITING | canonical=clinical_trials_v2.csv::field=overall_status; value=NOT_YET_RECRUITING,PASS,NA (no correction required),NA (internal canonical evidence),CANONICAL:clinical_trials_v2.csv::field=overall_status | value=NOT_YET_RECRUITING,clinical_trials_v2.csv,field=overall_status; value=NOT_YET_RECRUITING,bd6555815600e9877c817d5e15e3c2c626bbb6789847c9cbc4111e63ca00df81,2026-09-11,2026-09-10,"Same coordinator, stance-hidden second pass; within-agent bias reduction, not independent validation."
9,BLIND-0009,BATCH-01,TRIAL-001-INTERPRETATION,trial_primary_interpretation,support,support,"For NCT00595335, the primary interpretation/disposition matched the approved curation row; curation-row, clinical-trial-row, and frozen-registry-document hashes all matched, with posted-result status verified.",sources=762 | exact_anchors=TRIAL_RESULT_ANCHOR:TRIAL-RESULT-NCT00595335 | canonical=result_trial_curation_v2.csv::trial_id=NCT00595335; field=primary_interpretation,PASS,NA (no correction required),762,TRIAL_RESULT_ANCHOR:TRIAL-RESULT-NCT00595335,result_trial_curation_v2.csv,trial_id=NCT00595335; field=primary_interpretation,bd6555815600e9877c817d5e15e3c2c626bbb6789847c9cbc4111e63ca00df81,2026-09-11,2026-09-10,"Same coordinator, stance-hidden second pass; within-agent bias reduction, not independent validation."
10,BLIND-0010,BATCH-01,ASSET-045,complete_asset_inventory_row,support,support,"For Veligrotug (Lumvoa), every displayed identity/indication/target/stage/status/tier/confidence field matched the canonical asset row, its row hash, and resolved source IDs.",sources=230; 373; 726; 727; 829; 845; 852; 859 | exact_anchors=CANONICAL:pipeline_assets_v2.csv::asset=Veligrotug (Lumvoa);row_sha256=499589f3bf08bfc18cca9d333f0d33ab24e528c4c1018bbbb58956ef4d7bc0af | canonical=pipeline_assets_v2.csv::asset=Veligrotug (Lumvoa),PASS,NA (no correction required),230; 373; 726; 727; 829; 845; 852; 859,CANONICAL:pipeline_assets_v2.csv::asset=Veligrotug (Lumvoa);row_sha256=499589f3bf08bfc18cca9d333f0d33ab24e528c4c1018bbbb58956ef4d7bc0af,pipeline_assets_v2.csv,asset=Veligrotug (Lumvoa),bd6555815600e9877c817d5e15e3c2c626bbb6789847c9cbc4111e63ca00df81,2026-09-11,2026-09-10,"Same coordinator, stance-hidden second pass; within-agent bias reduction, not independent validation."
11,BLIND-0011,BATCH-01,ASSET-010,complete_asset_inventory_row,support,support,"For Felzartamab, every displayed identity/indication/target/stage/status/tier/confidence field matched the canonical asset row, its row hash, and resolved source IDs.",sources=918 | exact_anchors=CANONICAL:pipeline_assets_v2.csv::asset=Felzartamab;row_sha256=61edf6dd6c911afb98ef12c747fd9c7f13cbf523f6c6213ec752c8fe525d17d8 | canonical=pipeline_assets_v2.csv::asset=Felzartamab,PASS,NA (no correction required),918,CANONICAL:pipeline_assets_v2.csv::asset=Felzartamab;row_sha256=61edf6dd6c911afb98ef12c747fd9c7f13cbf523f6c6213ec752c8fe525d17d8,pipeline_assets_v2.csv,asset=Felzartamab,bd6555815600e9877c817d5e15e3c2c626bbb6789847c9cbc4111e63ca00df81,2026-09-11,2026-09-10,"Same coordinator, stance-hidden second pass; within-agent bias reduction, not independent validation."
12,BLIND-0012,BATCH-01,METHOD-019,internal_methodological_statement,support,support,"Recomputed and retained 11 TERMINATED, 5 WITHDRAWN, 1 SUSPENDED trials and 4 target-unverified/registry-unspecified assets.",sources=NA (internal canonical evidence) | exact_anchors=CANONICAL:clinical_trials_v2.csv + pipeline_assets_v2.csv::trials: overall_status in TERMINATED/WITHDRAWN/SUSPENDED | assets: target startswith 'Not ' | canonical=clinical_trials_v2.csv + pipeline_assets_v2.csv::trials: overall_status in TERMINATED/WITHDRAWN/SUSPENDED; assets: target startswith 'Not ',PASS,NA (no correction required),NA (internal canonical evidence),CANONICAL:clinical_trials_v2.csv + pipeline_assets_v2.csv::trials: overall_status in TERMINATED/WITHDRAWN/SUSPENDED | assets: target startswith 'Not ',clinical_trials_v2.csv + pipeline_assets_v2.csv,trials: overall_status in TERMINATED/WITHDRAWN/SUSPENDED; assets: target startswith 'Not ',bd6555815600e9877c817d5e15e3c2c626bbb6789847c9cbc4111e63ca00df81,2026-09-11,2026-09-10,"Same coordinator, stance-hidden second pass; within-agent bias reduction, not independent validation."
13,BLIND-0013,BATCH-01,REG-US-TEPEZZA-ACCESS,regional_reimbursement_access_status,support,support,"For SOC-US-TED-TEPEZZA, access text/value matched the canonical SoC field and the claim-specific access/query source subset; authorization and access remained separate.",sources=NA (internal canonical evidence) | exact_anchors=CANONICAL:soc_outcomes_v2.csv::soc_id=SOC-US-TED-TEPEZZA;field=reimbursement_access | canonical=soc_outcomes_v2.csv::soc_id=SOC-US-TED-TEPEZZA; field=reimbursement_access,PASS,NA (no correction required),NA (internal canonical evidence),CANONICAL:soc_outcomes_v2.csv::soc_id=SOC-US-TED-TEPEZZA;field=reimbursement_access,soc_outcomes_v2.csv,soc_id=SOC-US-TED-TEPEZZA; field=reimbursement_access,bd6555815600e9877c817d5e15e3c2c626bbb6789847c9cbc4111e63ca00df81,2026-09-11,2026-09-10,"Same coordinator, stance-hidden second pass; within-agent bias reduction, not independent validation."
14,BLIND-0014,BATCH-01,METHOD-002,internal_inventory_count,support,support,Recomputed inventory value 193 from qa_summary.json at registry.triaged; frozen artifact hash and claim value matched.,sources=NA (internal canonical evidence) | exact_anchors=CANONICAL:qa_summary.json::registry.triaged | canonical=qa_summary.json::registry.triaged,PASS,NA (no correction required),NA (internal canonical evidence),CANONICAL:qa_summary.json::registry.triaged,qa_summary.json,registry.triaged,bd6555815600e9877c817d5e15e3c2c626bbb6789847c9cbc4111e63ca00df81,2026-09-11,2026-09-10,"Same coordinator, stance-hidden second pass; within-agent bias reduction, not independent validation."
15,BLIND-0015,BATCH-01,ASSET-041,complete_asset_inventory_row,support,support,"For Tocilizumab, every displayed identity/indication/target/stage/status/tier/confidence field matched the canonical asset row, its row hash, and resolved source IDs.",sources=772; 821; 847; 878 | exact_anchors=CANONICAL:pipeline_assets_v2.csv::asset=Tocilizumab;row_sha256=1716acfae4823a571b87c821bf5988cf2a94a2e0b9fb2b96058ff9271b2e8b16 | canonical=pipeline_assets_v2.csv::asset=Tocilizumab,PASS,NA (no correction required),772; 821; 847; 878,CANONICAL:pipeline_assets_v2.csv::asset=Tocilizumab;row_sha256=1716acfae4823a571b87c821bf5988cf2a94a2e0b9fb2b96058ff9271b2e8b16,pipeline_assets_v2.csv,asset=Tocilizumab,bd6555815600e9877c817d5e15e3c2c626bbb6789847c9cbc4111e63ca00df81,2026-09-11,2026-09-10,"Same coordinator, stance-hidden second pass; within-agent bias reduction, not independent validation."
16,BLIND-0016,BATCH-01,METHOD-006,internal_status_count,support,support,Recounted the status-specific trial subset as 66; claim text/value and frozen clinical-trial artifact hash matched.,sources=NA (internal canonical evidence) | exact_anchors=CANONICAL:clinical_trials_v2.csv::field=overall_status | value=COMPLETED | canonical=clinical_trials_v2.csv::field=overall_status; value=COMPLETED,PASS,NA (no correction required),NA (internal canonical evidence),CANONICAL:clinical_trials_v2.csv::field=overall_status | value=COMPLETED,clinical_trials_v2.csv,field=overall_status; value=COMPLETED,bd6555815600e9877c817d5e15e3c2c626bbb6789847c9cbc4111e63ca00df81,2026-09-11,2026-09-10,"Same coordinator, stance-hidden second pass; within-agent bias reduction, not independent validation."
17,BLIND-0017,BATCH-01,METHOD-015,randomization_semantics_count,support,support,"Recomputed this randomization-reporting category as 17 from registry_allocation, n_randomized, and randomization_basis; no enrollment substitution was introduced.","sources=NA (internal canonical evidence) | exact_anchors=CANONICAL:clinical_trials_v2.csv::fields=registry_allocation,n_randomized,randomization_basis | canonical=clinical_trials_v2.csv::fields=registry_allocation,n_randomized,randomization_basis",PASS,NA (no correction required),NA (internal canonical evidence),"CANONICAL:clinical_trials_v2.csv::fields=registry_allocation,n_randomized,randomization_basis",clinical_trials_v2.csv,"fields=registry_allocation,n_randomized,randomization_basis",bd6555815600e9877c817d5e15e3c2c626bbb6789847c9cbc4111e63ca00df81,2026-09-11,2026-09-10,"Same coordinator, stance-hidden second pass; within-agent bias reduction, not independent validation."
18,BLIND-0018,BATCH-01,TRIAL-022-INTERPRETATION,trial_primary_interpretation,support,support,"For NCT06106828, the primary interpretation/disposition matched the approved curation row; curation-row, clinical-trial-row, and frozen-registry-document hashes all matched, with posted-result status verified.",sources=849 | exact_anchors=TRIAL_RESULT_ANCHOR:TRIAL-RESULT-NCT06106828 | canonical=result_trial_curation_v2.csv::trial_id=NCT06106828; field=primary_interpretation,PASS,NA (no correction required),849,TRIAL_RESULT_ANCHOR:TRIAL-RESULT-NCT06106828,result_trial_curation_v2.csv,trial_id=NCT06106828; field=primary_interpretation,bd6555815600e9877c817d5e15e3c2c626bbb6789847c9cbc4111e63ca00df81,2026-09-11,2026-09-10,"Same coordinator, stance-hidden second pass; within-agent bias reduction, not independent validation."
19,BLIND-0019,BATCH-01,SOC-CONFLICT-KR-RAI,source_conflict_disclosure,support,support,"Recommendation 5.3 narrative says prophylaxis 'may be considered', while Table 3 says 'Steroid prophylaxis recommended'. Both exact wordings are retained and the discrepancy is disclosed without changing the clinical conclusion.","sources=28 | exact_anchors=SOURCE_ANCHOR:KR-KTA2025-RAI-R5.3-NARRATIVE; SOURCE_ANCHOR:KR-KTA2025-RAI-R5.3-TABLE | canonical=source_anchors_v2.csv::anchors=KR-KTA2025-RAI-R5.3-NARRATIVE,KR-KTA2025-RAI-R5.3-TABLE",PASS,NA (conclusion-neutral Severity 3 discrepancy retained),28,SOURCE_ANCHOR:KR-KTA2025-RAI-R5.3-NARRATIVE; SOURCE_ANCHOR:KR-KTA2025-RAI-R5.3-TABLE,source_anchors_v2.csv,"anchors=KR-KTA2025-RAI-R5.3-NARRATIVE,KR-KTA2025-RAI-R5.3-TABLE",bd6555815600e9877c817d5e15e3c2c626bbb6789847c9cbc4111e63ca00df81,2026-09-11,2026-09-10,"Same coordinator, stance-hidden second pass; within-agent bias reduction, not independent validation."
20,BLIND-0020,BATCH-01,TRIAL-015-SAFETY,trial_safety_result,support,support,"For NCT04583735, the safety field matched the approved curation row; curation-row, clinical-trial-row, and frozen-registry-document hashes all matched, with posted-result status verified.",sources=817 | exact_anchors=TRIAL_RESULT_ANCHOR:TRIAL-RESULT-NCT04583735 | canonical=result_trial_curation_v2.csv::trial_id=NCT04583735; field=safety,PASS,NA (no correction required),817,TRIAL_RESULT_ANCHOR:TRIAL-RESULT-NCT04583735,result_trial_curation_v2.csv,trial_id=NCT04583735; field=safety,bd6555815600e9877c817d5e15e3c2c626bbb6789847c9cbc4111e63ca00df81,2026-09-11,2026-09-10,"Same coordinator, stance-hidden second pass; within-agent bias reduction, not independent validation."
21,BLIND-0021,BATCH-01,SOC-FRAME-001,internal_soc_coverage,support,support,Recomputed 75 rows as five regions with 15 categories each; canonical hash and coverage claim matched.,sources=NA (internal canonical evidence) | exact_anchors=CANONICAL:soc_outcomes_v2.csv::all rows | region_code×category | canonical=soc_outcomes_v2.csv::all rows; region_code×category,PASS,NA (no correction required),NA (internal canonical evidence),CANONICAL:soc_outcomes_v2.csv::all rows | region_code×category,soc_outcomes_v2.csv,all rows; region_code×category,bd6555815600e9877c817d5e15e3c2c626bbb6789847c9cbc4111e63ca00df81,2026-09-11,2026-09-10,"Same coordinator, stance-hidden second pass; within-agent bias reduction, not independent validation."
22,BLIND-0022,BATCH-01,ASSET-047,complete_asset_inventory_row,support,support,"For WP1302, every displayed identity/indication/target/stage/status/tier/confidence field matched the canonical asset row, its row hash, and resolved source IDs.",sources=854 | exact_anchors=CANONICAL:pipeline_assets_v2.csv::asset=WP1302;row_sha256=f4c0ec8eb4a9fff3296c8a224c3aa1d8037178cfc637b3d7cec69f3ae6c5ad7e | canonical=pipeline_assets_v2.csv::asset=WP1302,PASS,NA (no correction required),854,CANONICAL:pipeline_assets_v2.csv::asset=WP1302;row_sha256=f4c0ec8eb4a9fff3296c8a224c3aa1d8037178cfc637b3d7cec69f3ae6c5ad7e,pipeline_assets_v2.csv,asset=WP1302,bd6555815600e9877c817d5e15e3c2c626bbb6789847c9cbc4111e63ca00df81,2026-09-11,2026-09-10,"Same coordinator, stance-hidden second pass; within-agent bias reduction, not independent validation."
23,BLIND-0023,BATCH-01,DIRECT-MER-EVIDENCE-BOUNDARY,direct_program_mechanism_or_status,support,support,"The NEXUS protocol anchor lists safety, tolerability, PK, PD, and immunogenicity objectives, and frozen NCT07305818 has no posted results. The non-establishment statement is limited to the frozen package.",sources=7; 898 | exact_anchors=DIRECT_ANCHOR:MER511-NEXUS-AGE-PKPD; DIRECT_ANCHOR:MER511-NEXUS-RECRUITING; CANONICAL:clinical_trials_v2.csv::trial_id=NCT07305818;has_posted_results=No | canonical=claim_evidence_anchors_v2.csv::DIRECT_ANCHOR:MER511-NEXUS-AGE-PKPD;DIRECT_ANCHOR:MER511-NEXUS-RECRUITING;CANONICAL:clinical_trials_v2.csv::trial_id=NCT07305818;has_posted_results=No,PASS,NA (no correction required),7; 898,DIRECT_ANCHOR:MER511-NEXUS-AGE-PKPD; DIRECT_ANCHOR:MER511-NEXUS-RECRUITING; CANONICAL:clinical_trials_v2.csv::trial_id=NCT07305818;has_posted_results=No,claim_evidence_anchors_v2.csv,DIRECT_ANCHOR:MER511-NEXUS-AGE-PKPD;DIRECT_ANCHOR:MER511-NEXUS-RECRUITING;CANONICAL:clinical_trials_v2.csv::trial_id=NCT07305818;has_posted_results=No,bd6555815600e9877c817d5e15e3c2c626bbb6789847c9cbc4111e63ca00df81,2026-09-11,2026-09-10,"Same coordinator, stance-hidden second pass; within-agent bias reduction, not independent validation."
24,BLIND-0024,BATCH-01,TRIAL-011-EFFICACY,trial_efficacy_result,support,support,"For NCT03298867, the efficacy field matched the approved curation row; curation-row, clinical-trial-row, and frozen-registry-document hashes all matched, with posted-result status verified.",sources=807 | exact_anchors=TRIAL_RESULT_ANCHOR:TRIAL-RESULT-NCT03298867 | canonical=result_trial_curation_v2.csv::trial_id=NCT03298867; field=efficacy,PASS,NA (no correction required),807,TRIAL_RESULT_ANCHOR:TRIAL-RESULT-NCT03298867,result_trial_curation_v2.csv,trial_id=NCT03298867; field=efficacy,bd6555815600e9877c817d5e15e3c2c626bbb6789847c9cbc4111e63ca00df81,2026-09-11,2026-09-10,"Same coordinator, stance-hidden second pass; within-agent bias reduction, not independent validation."
25,BLIND-0025,BATCH-01,ASSET-043,complete_asset_inventory_row,support,support,"For TOUR006, every displayed identity/indication/target/stage/status/tier/confidence field matched the canonical asset row, its row hash, and resolved source IDs.",sources=848 | exact_anchors=CANONICAL:pipeline_assets_v2.csv::asset=TOUR006;row_sha256=fcc28e5dd767a2b521ce2acc35ad59d8450bab794ed7c2269936a509f79e2965 | canonical=pipeline_assets_v2.csv::asset=TOUR006,PASS,NA (no correction required),848,CANONICAL:pipeline_assets_v2.csv::asset=TOUR006;row_sha256=fcc28e5dd767a2b521ce2acc35ad59d8450bab794ed7c2269936a509f79e2965,pipeline_assets_v2.csv,asset=TOUR006,bd6555815600e9877c817d5e15e3c2c626bbb6789847c9cbc4111e63ca00df81,2026-09-11,2026-09-10,"Same coordinator, stance-hidden second pass; within-agent bias reduction, not independent validation."
26,BLIND-0026,BATCH-02,TRIAL-022-SAFETY,trial_safety_result,support,support,"For NCT06106828, the safety field matched the approved curation row; curation-row, clinical-trial-row, and frozen-registry-document hashes all matched, with posted-result status verified.",sources=849 | exact_anchors=TRIAL_RESULT_ANCHOR:TRIAL-RESULT-NCT06106828 | canonical=result_trial_curation_v2.csv::trial_id=NCT06106828; field=safety,PASS,NA (no correction required),849,TRIAL_RESULT_ANCHOR:TRIAL-RESULT-NCT06106828,result_trial_curation_v2.csv,trial_id=NCT06106828; field=safety,bd6555815600e9877c817d5e15e3c2c626bbb6789847c9cbc4111e63ca00df81,2026-09-11,2026-09-10,"Same coordinator, stance-hidden second pass; within-agent bias reduction, not independent validation."
27,BLIND-0027,BATCH-02,TRIAL-003-INTERPRETATION,trial_primary_interpretation,support,support,"For NCT01269749, the primary interpretation/disposition matched the approved curation row; curation-row, clinical-trial-row, and frozen-registry-document hashes all matched, with posted-result status verified.",sources=769 | exact_anchors=TRIAL_RESULT_ANCHOR:TRIAL-RESULT-NCT01269749 | canonical=result_trial_curation_v2.csv::trial_id=NCT01269749; field=primary_interpretation,PASS,NA (no correction required),769,TRIAL_RESULT_ANCHOR:TRIAL-RESULT-NCT01269749,result_trial_curation_v2.csv,trial_id=NCT01269749; field=primary_interpretation,bd6555815600e9877c817d5e15e3c2c626bbb6789847c9cbc4111e63ca00df81,2026-09-11,2026-09-10,"Same coordinator, stance-hidden second pass; within-agent bias reduction, not independent validation."
28,BLIND-0028,BATCH-02,ASSET-037,complete_asset_inventory_row,support,support,"For SHR-1314, every displayed identity/indication/target/stage/status/tier/confidence field matched the canonical asset row, its row hash, and resolved source IDs.",sources=833 | exact_anchors=CANONICAL:pipeline_assets_v2.csv::asset=SHR-1314;row_sha256=646f66804a8fe65633317315a28b373218bba404d836db4ea8f1c39373d4ec56 | canonical=pipeline_assets_v2.csv::asset=SHR-1314,PASS,NA (no correction required),833,CANONICAL:pipeline_assets_v2.csv::asset=SHR-1314;row_sha256=646f66804a8fe65633317315a28b373218bba404d836db4ea8f1c39373d4ec56,pipeline_assets_v2.csv,asset=SHR-1314,bd6555815600e9877c817d5e15e3c2c626bbb6789847c9cbc4111e63ca00df81,2026-09-11,2026-09-10,"Same coordinator, stance-hidden second pass; within-agent bias reduction, not independent validation."
29,BLIND-0029,BATCH-02,ENDPOINT-001,analytical_endpoint_definition,support,support,This is an operational endpoint definition applied across the frozen contract and SoC table: on-treatment FT4/FT3 normalization is kept distinct from treatment-free remission.,sources=NA (internal canonical evidence) | exact_anchors=CANONICAL:plan2.md | clinical_trials_v2.csv | soc_outcomes_v2.csv::frozen endpoint-semantics contract | clinical_trials.primary_endpoints | soc_outcomes.endpoint_semantics | canonical=plan2.md; clinical_trials_v2.csv; soc_outcomes_v2.csv::frozen endpoint-semantics contract; clinical_trials.primary_endpoints; soc_outcomes.endpoint_semantics,PASS,NA (no correction required),NA (internal canonical evidence),CANONICAL:plan2.md | clinical_trials_v2.csv | soc_outcomes_v2.csv::frozen endpoint-semantics contract | clinical_trials.primary_endpoints | soc_outcomes.endpoint_semantics,plan2.md; clinical_trials_v2.csv; soc_outcomes_v2.csv,frozen endpoint-semantics contract; clinical_trials.primary_endpoints; soc_outcomes.endpoint_semantics,bd6555815600e9877c817d5e15e3c2c626bbb6789847c9cbc4111e63ca00df81,2026-09-11,2026-09-10,"Same coordinator, stance-hidden second pass; within-agent bias reduction, not independent validation."
30,BLIND-0030,BATCH-02,TRIAL-025-SAFETY,trial_safety_result,support,support,"For NCT06384547, the safety field matched the approved curation row; curation-row, clinical-trial-row, and frozen-registry-document hashes all matched, with posted-result status verified.",sources=859 | exact_anchors=TRIAL_RESULT_ANCHOR:TRIAL-RESULT-NCT06384547 | canonical=result_trial_curation_v2.csv::trial_id=NCT06384547; field=safety,PASS,NA (no correction required),859,TRIAL_RESULT_ANCHOR:TRIAL-RESULT-NCT06384547,result_trial_curation_v2.csv,trial_id=NCT06384547; field=safety,bd6555815600e9877c817d5e15e3c2c626bbb6789847c9cbc4111e63ca00df81,2026-09-11,2026-09-10,"Same coordinator, stance-hidden second pass; within-agent bias reduction, not independent validation."
31,BLIND-0031,BATCH-02,TRIAL-009-EFFICACY,trial_efficacy_result,support,support,"For NCT02973802, the efficacy field matched the approved curation row; curation-row, clinical-trial-row, and frozen-registry-document hashes all matched, with posted-result status verified.",sources=800 | exact_anchors=TRIAL_RESULT_ANCHOR:TRIAL-RESULT-NCT02973802 | canonical=result_trial_curation_v2.csv::trial_id=NCT02973802; field=efficacy,PASS,NA (no correction required),800,TRIAL_RESULT_ANCHOR:TRIAL-RESULT-NCT02973802,result_trial_curation_v2.csv,trial_id=NCT02973802; field=efficacy,bd6555815600e9877c817d5e15e3c2c626bbb6789847c9cbc4111e63ca00df81,2026-09-11,2026-09-10,"Same coordinator, stance-hidden second pass; within-agent bias reduction, not independent validation."
32,BLIND-0032,BATCH-02,REG-JP-LUMVOA-AUTH,regional_authorization_status,support,support,"For SOC-JP-TED-LUMVOA, authorization text/value matched the canonical SoC field and the claim-specific regulator or documented query source subset; unresolved wording was not converted to absence.",sources=748 | exact_anchors=CANONICAL:soc_outcomes_v2.csv::soc_id=SOC-JP-TED-LUMVOA;field=authorization_status_scope | canonical=soc_outcomes_v2.csv::soc_id=SOC-JP-TED-LUMVOA; field=authorization_status_scope,PASS,NA (no correction required),748,CANONICAL:soc_outcomes_v2.csv::soc_id=SOC-JP-TED-LUMVOA;field=authorization_status_scope,soc_outcomes_v2.csv,soc_id=SOC-JP-TED-LUMVOA; field=authorization_status_scope,bd6555815600e9877c817d5e15e3c2c626bbb6789847c9cbc4111e63ca00df81,2026-09-11,2026-09-10,"Same coordinator, stance-hidden second pass; within-agent bias reduction, not independent validation."
33,BLIND-0033,BATCH-02,TRIAL-024-INTERPRETATION,trial_primary_interpretation,support,support,"For NCT06226545, the primary interpretation/disposition matched the approved curation row; curation-row, clinical-trial-row, and frozen-registry-document hashes all matched, with posted-result status verified.",sources=853 | exact_anchors=TRIAL_RESULT_ANCHOR:TRIAL-RESULT-NCT06226545 | canonical=result_trial_curation_v2.csv::trial_id=NCT06226545; field=primary_interpretation,PASS,NA (no correction required),853,TRIAL_RESULT_ANCHOR:TRIAL-RESULT-NCT06226545,result_trial_curation_v2.csv,trial_id=NCT06226545; field=primary_interpretation,bd6555815600e9877c817d5e15e3c2c626bbb6789847c9cbc4111e63ca00df81,2026-09-11,2026-09-10,"Same coordinator, stance-hidden second pass; within-agent bias reduction, not independent validation."
34,BLIND-0034,BATCH-02,ASSET-011,complete_asset_inventory_row,support,support,"For GenSci098 / YB-101, every displayed identity/indication/target/stage/status/tier/confidence field matched the canonical asset row, its row hash, and resolved source IDs.",sources=541; 870; 897; 915 | exact_anchors=CANONICAL:pipeline_assets_v2.csv::asset=GenSci098 / YB-101;row_sha256=15084e27f6c75fa8ee24ae640744609c3a91e46bf44de578cf7803acc53a8fe7 | canonical=pipeline_assets_v2.csv::asset=GenSci098 / YB-101,PASS,NA (no correction required),541; 870; 897; 915,CANONICAL:pipeline_assets_v2.csv::asset=GenSci098 / YB-101;row_sha256=15084e27f6c75fa8ee24ae640744609c3a91e46bf44de578cf7803acc53a8fe7,pipeline_assets_v2.csv,asset=GenSci098 / YB-101,bd6555815600e9877c817d5e15e3c2c626bbb6789847c9cbc4111e63ca00df81,2026-09-11,2026-09-10,"Same coordinator, stance-hidden second pass; within-agent bias reduction, not independent validation."
35,BLIND-0035,BATCH-02,ASSET-014,complete_asset_inventory_row,support,support,"For IBI3031, every displayed identity/indication/target/stage/status/tier/confidence field matched the canonical asset row, its row hash, and resolved source IDs.",sources=619; 913 | exact_anchors=CANONICAL:pipeline_assets_v2.csv::asset=IBI3031;row_sha256=2223939c18838bc09a67543e59661384d1c1950d99c136b0b5b96c277cd49340 | canonical=pipeline_assets_v2.csv::asset=IBI3031,PASS,NA (no correction required),619; 913,CANONICAL:pipeline_assets_v2.csv::asset=IBI3031;row_sha256=2223939c18838bc09a67543e59661384d1c1950d99c136b0b5b96c277cd49340,pipeline_assets_v2.csv,asset=IBI3031,bd6555815600e9877c817d5e15e3c2c626bbb6789847c9cbc4111e63ca00df81,2026-09-11,2026-09-10,"Same coordinator, stance-hidden second pass; within-agent bias reduction, not independent validation."
36,BLIND-0036,BATCH-02,POP-PEDIATRIC-001,analytical_population_boundary,support,support,Verified the exact special-population category locator (category=Pediatric GD across five regions) across five regions and confirmed nonblank endpoint/risk boundaries; claim-specific category checks passed.,sources=NA (internal canonical evidence) | exact_anchors=CANONICAL:soc_outcomes_v2.csv::category=Pediatric GD across five regions | canonical=soc_outcomes_v2.csv::category=Pediatric GD across five regions,PASS,NA (no correction required),NA (internal canonical evidence),CANONICAL:soc_outcomes_v2.csv::category=Pediatric GD across five regions,soc_outcomes_v2.csv,category=Pediatric GD across five regions,bd6555815600e9877c817d5e15e3c2c626bbb6789847c9cbc4111e63ca00df81,2026-09-11,2026-09-10,"Same coordinator, stance-hidden second pass; within-agent bias reduction, not independent validation."
37,BLIND-0037,BATCH-02,ASSET-021,complete_asset_inventory_row,support,support,"For Lanreotide, every displayed identity/indication/target/stage/status/tier/confidence field matched the canonical asset row, its row hash, and resolved source IDs.",sources=758 | exact_anchors=CANONICAL:pipeline_assets_v2.csv::asset=Lanreotide;row_sha256=1dc34e238453776131b47ce94bcc4962bd55c2e468a7d0c239731ecd09a91a8a | canonical=pipeline_assets_v2.csv::asset=Lanreotide,PASS,NA (no correction required),758,CANONICAL:pipeline_assets_v2.csv::asset=Lanreotide;row_sha256=1dc34e238453776131b47ce94bcc4962bd55c2e468a7d0c239731ecd09a91a8a,pipeline_assets_v2.csv,asset=Lanreotide,bd6555815600e9877c817d5e15e3c2c626bbb6789847c9cbc4111e63ca00df81,2026-09-11,2026-09-10,"Same coordinator, stance-hidden second pass; within-agent bias reduction, not independent validation."
38,BLIND-0038,BATCH-02,TRIAL-FRAME-001,internal_trial_reporting_boundary,support,support,"All 25 result-bearing rows retain separate disposition, efficacy, safety, durability, and caveat fields; the claim describes that deterministic reporting structure and makes no efficacy inference.","sources=NA (internal canonical evidence) | exact_anchors=CANONICAL:result_trial_curation_v2.csv::all 25 rows | fields=disposition,efficacy,safety,durability,caveats | canonical=result_trial_curation_v2.csv::all 25 rows; fields=disposition,efficacy,safety,durability,caveats",PASS,NA (no correction required),NA (internal canonical evidence),"CANONICAL:result_trial_curation_v2.csv::all 25 rows | fields=disposition,efficacy,safety,durability,caveats",result_trial_curation_v2.csv,"all 25 rows; fields=disposition,efficacy,safety,durability,caveats",bd6555815600e9877c817d5e15e3c2c626bbb6789847c9cbc4111e63ca00df81,2026-09-11,2026-09-10,"Same coordinator, stance-hidden second pass; within-agent bias reduction, not independent validation."
39,BLIND-0039,BATCH-02,ASSET-044,complete_asset_inventory_row,support,support,"For Unspecified immunosuppressive agent, every displayed identity/indication/target/stage/status/tier/confidence field matched the canonical asset row, its row hash, and resolved source IDs.",sources=826 | exact_anchors=CANONICAL:pipeline_assets_v2.csv::asset=Unspecified immunosuppressive agent;row_sha256=7469022e3b1f29c4c16ae7aba9b17d44ab04805a0848ddec6e37aa4db625be4a | canonical=pipeline_assets_v2.csv::asset=Unspecified immunosuppressive agent,PASS,NA (no correction required),826,CANONICAL:pipeline_assets_v2.csv::asset=Unspecified immunosuppressive agent;row_sha256=7469022e3b1f29c4c16ae7aba9b17d44ab04805a0848ddec6e37aa4db625be4a,pipeline_assets_v2.csv,asset=Unspecified immunosuppressive agent,bd6555815600e9877c817d5e15e3c2c626bbb6789847c9cbc4111e63ca00df81,2026-09-11,2026-09-10,"Same coordinator, stance-hidden second pass; within-agent bias reduction, not independent validation."
40,BLIND-0040,BATCH-02,SOC-FRAME-002,analytical_soc_boundary,support,support,"The 75-row SoC matrix contains Adult ATD, Adult RAI, and Adult thyroidectomy as separate categories in each of five regions and preserves distinct biochemical, destructive/surgical, and remission semantics.","sources=NA (internal canonical evidence) | exact_anchors=CANONICAL:soc_outcomes_v2.csv::categories=Adult ATD,Adult RAI,Adult thyroidectomy | canonical=soc_outcomes_v2.csv::categories=Adult ATD,Adult RAI,Adult thyroidectomy",PASS,NA (no correction required),NA (internal canonical evidence),"CANONICAL:soc_outcomes_v2.csv::categories=Adult ATD,Adult RAI,Adult thyroidectomy",soc_outcomes_v2.csv,"categories=Adult ATD,Adult RAI,Adult thyroidectomy",bd6555815600e9877c817d5e15e3c2c626bbb6789847c9cbc4111e63ca00df81,2026-09-11,2026-09-10,"Same coordinator, stance-hidden second pass; within-agent bias reduction, not independent validation."
41,BLIND-0041,BATCH-02,ASSET-036,complete_asset_inventory_row,support,support,"For Secukinumab, every displayed identity/indication/target/stage/status/tier/confidence field matched the canonical asset row, its row hash, and resolved source IDs.",sources=819 | exact_anchors=CANONICAL:pipeline_assets_v2.csv::asset=Secukinumab;row_sha256=7a3fc4dd30b459aeb43b86ee6e90d699f13d7e2467985d245875a8ec6a5978aa | canonical=pipeline_assets_v2.csv::asset=Secukinumab,PASS,NA (no correction required),819,CANONICAL:pipeline_assets_v2.csv::asset=Secukinumab;row_sha256=7a3fc4dd30b459aeb43b86ee6e90d699f13d7e2467985d245875a8ec6a5978aa,pipeline_assets_v2.csv,asset=Secukinumab,bd6555815600e9877c817d5e15e3c2c626bbb6789847c9cbc4111e63ca00df81,2026-09-11,2026-09-10,"Same coordinator, stance-hidden second pass; within-agent bias reduction, not independent validation."
42,BLIND-0042,BATCH-02,ASSET-028,complete_asset_inventory_row,support,support,"For MHB018A, every displayed identity/indication/target/stage/status/tier/confidence field matched the canonical asset row, its row hash, and resolved source IDs.",sources=459; 460; 461; 881; 892; 894; 910; 911; 912 | exact_anchors=CANONICAL:pipeline_assets_v2.csv::asset=MHB018A;row_sha256=552cd7cedb660890d1e69bbee170970231112e93e8e33096f2fb234fca455cad | canonical=pipeline_assets_v2.csv::asset=MHB018A,PASS,NA (no correction required),459; 460; 461; 881; 892; 894; 910; 911; 912,CANONICAL:pipeline_assets_v2.csv::asset=MHB018A;row_sha256=552cd7cedb660890d1e69bbee170970231112e93e8e33096f2fb234fca455cad,pipeline_assets_v2.csv,asset=MHB018A,bd6555815600e9877c817d5e15e3c2c626bbb6789847c9cbc4111e63ca00df81,2026-09-11,2026-09-10,"Same coordinator, stance-hidden second pass; within-agent bias reduction, not independent validation."
43,BLIND-0043,BATCH-02,ASSET-025,complete_asset_inventory_row,support,support,"For Lonigutamab, every displayed identity/indication/target/stage/status/tier/confidence field matched the canonical asset row, its row hash, and resolved source IDs.",sources=840 | exact_anchors=CANONICAL:pipeline_assets_v2.csv::asset=Lonigutamab;row_sha256=35f95fd1e31bba37dabc318e7a2f6e542b41bfaf320dd130b6e63abf8c99125d | canonical=pipeline_assets_v2.csv::asset=Lonigutamab,PASS,NA (no correction required),840,CANONICAL:pipeline_assets_v2.csv::asset=Lonigutamab;row_sha256=35f95fd1e31bba37dabc318e7a2f6e542b41bfaf320dd130b6e63abf8c99125d,pipeline_assets_v2.csv,asset=Lonigutamab,bd6555815600e9877c817d5e15e3c2c626bbb6789847c9cbc4111e63ca00df81,2026-09-11,2026-09-10,"Same coordinator, stance-hidden second pass; within-agent bias reduction, not independent validation."
44,BLIND-0044,BATCH-02,TRIAL-012-DURABILITY,trial_durability_result_or_limit,support,support,"For NCT03461211, the durability field matched the approved curation row; curation-row, clinical-trial-row, and frozen-registry-document hashes all matched, with posted-result status verified.",sources=809 | exact_anchors=TRIAL_RESULT_ANCHOR:TRIAL-RESULT-NCT03461211 | canonical=result_trial_curation_v2.csv::trial_id=NCT03461211; field=durability,PASS,NA (no correction required),809,TRIAL_RESULT_ANCHOR:TRIAL-RESULT-NCT03461211,result_trial_curation_v2.csv,trial_id=NCT03461211; field=durability,bd6555815600e9877c817d5e15e3c2c626bbb6789847c9cbc4111e63ca00df81,2026-09-11,2026-09-10,"Same coordinator, stance-hidden second pass; within-agent bias reduction, not independent validation."
45,BLIND-0045,BATCH-02,REG-US-LUMVOA-AUTH,regional_authorization_status,support,support,"For SOC-US-TED-LUMVOA, authorization text/value matched the canonical SoC field and the claim-specific regulator or documented query source subset; unresolved wording was not converted to absence.",sources=373; 726 | exact_anchors=SOURCE_ANCHOR:US-LUMVOA-LABEL-INDICATION-DOSE; SOURCE_ANCHOR:US-FDA-LUMVOA-BLA-APPROVAL; SOURCE_ANCHOR:US-FDA-LUMVOA-APPROVAL-DATE; CANONICAL:soc_outcomes_v2.csv::soc_id=SOC-US-TED-LUMVOA;field=authorization_status_scope | canonical=soc_outcomes_v2.csv::soc_id=SOC-US-TED-LUMVOA; field=authorization_status_scope,PASS,NA (no correction required),373; 726,SOURCE_ANCHOR:US-LUMVOA-LABEL-INDICATION-DOSE; SOURCE_ANCHOR:US-FDA-LUMVOA-BLA-APPROVAL; SOURCE_ANCHOR:US-FDA-LUMVOA-APPROVAL-DATE; CANONICAL:soc_outcomes_v2.csv::soc_id=SOC-US-TED-LUMVOA;field=authorization_status_scope,soc_outcomes_v2.csv,soc_id=SOC-US-TED-LUMVOA; field=authorization_status_scope,bd6555815600e9877c817d5e15e3c2c626bbb6789847c9cbc4111e63ca00df81,2026-09-11,2026-09-10,"Same coordinator, stance-hidden second pass; within-agent bias reduction, not independent validation."
46,BLIND-0046,BATCH-02,TRIAL-020-EFFICACY,trial_efficacy_result,support,support,"For NCT05987423, the efficacy field matched the approved curation row; curation-row, clinical-trial-row, and frozen-registry-document hashes all matched, with posted-result status verified.",sources=844 | exact_anchors=TRIAL_RESULT_ANCHOR:TRIAL-RESULT-NCT05987423 | canonical=result_trial_curation_v2.csv::trial_id=NCT05987423; field=efficacy,PASS,NA (no correction required),844,TRIAL_RESULT_ANCHOR:TRIAL-RESULT-NCT05987423,result_trial_curation_v2.csv,trial_id=NCT05987423; field=efficacy,bd6555815600e9877c817d5e15e3c2c626bbb6789847c9cbc4111e63ca00df81,2026-09-11,2026-09-10,"Same coordinator, stance-hidden second pass; within-agent bias reduction, not independent validation."
47,BLIND-0047,BATCH-02,SOC-FRAME-003,analytical_population_boundary,support,support,"Verified the exact special-population category locator (categories=Pediatric GD,GD in pregnancy,GD in lactation,GD in older adults,Relapsed/refractory GD,Relapsed/refractory TED) across five regions and confirmed nonblank endpoint/risk boundaries; claim-specific category checks passed.","sources=NA (internal canonical evidence) | exact_anchors=CANONICAL:soc_outcomes_v2.csv::categories=Pediatric GD,GD in pregnancy,GD in lactation,GD in older adults,Relapsed/refractory GD,Relapsed/refractory TED | canonical=soc_outcomes_v2.csv::categories=Pediatric GD,GD in pregnancy,GD in lactation,GD in older adults,Relapsed/refractory GD,Relapsed/refractory TED",PASS,NA (no correction required),NA (internal canonical evidence),"CANONICAL:soc_outcomes_v2.csv::categories=Pediatric GD,GD in pregnancy,GD in lactation,GD in older adults,Relapsed/refractory GD,Relapsed/refractory TED",soc_outcomes_v2.csv,"categories=Pediatric GD,GD in pregnancy,GD in lactation,GD in older adults,Relapsed/refractory GD,Relapsed/refractory TED",bd6555815600e9877c817d5e15e3c2c626bbb6789847c9cbc4111e63ca00df81,2026-09-11,2026-09-10,"Same coordinator, stance-hidden second pass; within-agent bias reduction, not independent validation."
48,BLIND-0048,BATCH-02,TRIAL-021-EFFICACY,trial_efficacy_result,support,support,"For NCT06021054, the efficacy field matched the approved curation row; curation-row, clinical-trial-row, and frozen-registry-document hashes all matched, with posted-result status verified.",sources=845 | exact_anchors=TRIAL_RESULT_ANCHOR:TRIAL-RESULT-NCT06021054 | canonical=result_trial_curation_v2.csv::trial_id=NCT06021054; field=efficacy,PASS,NA (no correction required),845,TRIAL_RESULT_ANCHOR:TRIAL-RESULT-NCT06021054,result_trial_curation_v2.csv,trial_id=NCT06021054; field=efficacy,bd6555815600e9877c817d5e15e3c2c626bbb6789847c9cbc4111e63ca00df81,2026-09-11,2026-09-10,"Same coordinator, stance-hidden second pass; within-agent bias reduction, not independent validation."
49,BLIND-0049,BATCH-02,METHOD-011,internal_status_count,support,support,Recounted the status-specific trial subset as 8; claim text/value and frozen clinical-trial artifact hash matched.,sources=NA (internal canonical evidence) | exact_anchors=CANONICAL:clinical_trials_v2.csv::field=overall_status | value=ACTIVE_NOT_RECRUITING | canonical=clinical_trials_v2.csv::field=overall_status; value=ACTIVE_NOT_RECRUITING,PASS,NA (no correction required),NA (internal canonical evidence),CANONICAL:clinical_trials_v2.csv::field=overall_status | value=ACTIVE_NOT_RECRUITING,clinical_trials_v2.csv,field=overall_status; value=ACTIVE_NOT_RECRUITING,bd6555815600e9877c817d5e15e3c2c626bbb6789847c9cbc4111e63ca00df81,2026-09-11,2026-09-10,"Same coordinator, stance-hidden second pass; within-agent bias reduction, not independent validation."
50,BLIND-0050,BATCH-02,METHOD-018,internal_methodological_statement,support,support,Verified 25 posted-result trials and confirmed every n_analyzed field is endpoint-specific rather than enrollment/randomized-flow substitution.,sources=NA (internal canonical evidence) | exact_anchors=CANONICAL:clinical_trials_v2.csv::has_posted_results=Yes | field=n_analyzed | canonical=clinical_trials_v2.csv::has_posted_results=Yes; field=n_analyzed,PASS,NA (no correction required),NA (internal canonical evidence),CANONICAL:clinical_trials_v2.csv::has_posted_results=Yes | field=n_analyzed,clinical_trials_v2.csv,has_posted_results=Yes; field=n_analyzed,bd6555815600e9877c817d5e15e3c2c626bbb6789847c9cbc4111e63ca00df81,2026-09-11,2026-09-10,"Same coordinator, stance-hidden second pass; within-agent bias reduction, not independent validation."
51,BLIND-0051,BATCH-03,ASSET-023,complete_asset_inventory_row,support,support,"For LCA-0321, every displayed identity/indication/target/stage/status/tier/confidence field matched the canonical asset row, its row hash, and resolved source IDs.",sources=1; 2 | exact_anchors=CANONICAL:pipeline_assets_v2.csv::asset=LCA-0321;row_sha256=d3f83cca2442583eef2496263861fa58cb9fc373d4923b6d67bc0f7887b7c559 | canonical=pipeline_assets_v2.csv::asset=LCA-0321,PASS,NA (no correction required),1; 2,CANONICAL:pipeline_assets_v2.csv::asset=LCA-0321;row_sha256=d3f83cca2442583eef2496263861fa58cb9fc373d4923b6d67bc0f7887b7c559,pipeline_assets_v2.csv,asset=LCA-0321,bd6555815600e9877c817d5e15e3c2c626bbb6789847c9cbc4111e63ca00df81,2026-09-11,2026-09-10,"Same coordinator, stance-hidden second pass; within-agent bias reduction, not independent validation."
52,BLIND-0052,BATCH-03,METHOD-007,internal_status_count,support,support,Recounted the status-specific trial subset as 39; claim text/value and frozen clinical-trial artifact hash matched.,sources=NA (internal canonical evidence) | exact_anchors=CANONICAL:clinical_trials_v2.csv::field=overall_status | value=RECRUITING | canonical=clinical_trials_v2.csv::field=overall_status; value=RECRUITING,PASS,NA (no correction required),NA (internal canonical evidence),CANONICAL:clinical_trials_v2.csv::field=overall_status | value=RECRUITING,clinical_trials_v2.csv,field=overall_status; value=RECRUITING,bd6555815600e9877c817d5e15e3c2c626bbb6789847c9cbc4111e63ca00df81,2026-09-11,2026-09-10,"Same coordinator, stance-hidden second pass; within-agent bias reduction, not independent validation."
53,BLIND-0053,BATCH-03,ASSET-032,complete_asset_inventory_row,support,support,"For Rilzabrutinib, every displayed identity/indication/target/stage/status/tier/confidence field matched the canonical asset row, its row hash, and resolved source IDs.",sources=880 | exact_anchors=CANONICAL:pipeline_assets_v2.csv::asset=Rilzabrutinib;row_sha256=cd567645a8657db4845de069ab1f8f04e975b9786fe6c00e516f0e66647e5f4c | canonical=pipeline_assets_v2.csv::asset=Rilzabrutinib,PASS,NA (no correction required),880,CANONICAL:pipeline_assets_v2.csv::asset=Rilzabrutinib;row_sha256=cd567645a8657db4845de069ab1f8f04e975b9786fe6c00e516f0e66647e5f4c,pipeline_assets_v2.csv,asset=Rilzabrutinib,bd6555815600e9877c817d5e15e3c2c626bbb6789847c9cbc4111e63ca00df81,2026-09-11,2026-09-10,"Same coordinator, stance-hidden second pass; within-agent bias reduction, not independent validation."
54,BLIND-0054,BATCH-03,TRIAL-012-INTERPRETATION,trial_primary_interpretation,support,support,"For NCT03461211, the primary interpretation/disposition matched the approved curation row; curation-row, clinical-trial-row, and frozen-registry-document hashes all matched, with posted-result status verified.",sources=809 | exact_anchors=TRIAL_RESULT_ANCHOR:TRIAL-RESULT-NCT03461211 | canonical=result_trial_curation_v2.csv::trial_id=NCT03461211; field=primary_interpretation,PASS,NA (no correction required),809,TRIAL_RESULT_ANCHOR:TRIAL-RESULT-NCT03461211,result_trial_curation_v2.csv,trial_id=NCT03461211; field=primary_interpretation,bd6555815600e9877c817d5e15e3c2c626bbb6789847c9cbc4111e63ca00df81,2026-09-11,2026-09-10,"Same coordinator, stance-hidden second pass; within-agent bias reduction, not independent validation."
55,BLIND-0055,BATCH-03,DIRECT-LCA-PLANNED-N,direct_program_mechanism_or_status,support,support,The CTIS exact anchor states 'Participants planned 48'. The claim explicitly labels this planned enrollment and refuses substitution for analyzed N.,sources=2 | exact_anchors=DIRECT_ANCHOR:LCA0321-CTIS-PLANNED-N | canonical=claim_evidence_anchors_v2.csv::DIRECT_ANCHOR:LCA0321-CTIS-PLANNED-N,PASS,NA (no correction required),2,DIRECT_ANCHOR:LCA0321-CTIS-PLANNED-N,claim_evidence_anchors_v2.csv,DIRECT_ANCHOR:LCA0321-CTIS-PLANNED-N,bd6555815600e9877c817d5e15e3c2c626bbb6789847c9cbc4111e63ca00df81,2026-09-11,2026-09-10,"Same coordinator, stance-hidden second pass; within-agent bias reduction, not independent validation."
56,BLIND-0056,BATCH-03,ASSET-017,complete_asset_inventory_row,support,support,"For Iscalimab (CFZ533), every displayed identity/indication/target/stage/status/tier/confidence field matched the canonical asset row, its row hash, and resolved source IDs.",sources=796 | exact_anchors=CANONICAL:pipeline_assets_v2.csv::asset=Iscalimab (CFZ533);row_sha256=803cc28c73323d18ef916c90a6fa75e9a6351d94ecea84ac2da0ea862542a4fb | canonical=pipeline_assets_v2.csv::asset=Iscalimab (CFZ533),PASS,NA (no correction required),796,CANONICAL:pipeline_assets_v2.csv::asset=Iscalimab (CFZ533);row_sha256=803cc28c73323d18ef916c90a6fa75e9a6351d94ecea84ac2da0ea862542a4fb,pipeline_assets_v2.csv,asset=Iscalimab (CFZ533),bd6555815600e9877c817d5e15e3c2c626bbb6789847c9cbc4111e63ca00df81,2026-09-11,2026-09-10,"Same coordinator, stance-hidden second pass; within-agent bias reduction, not independent validation."
57,BLIND-0057,BATCH-03,TRIAL-021-INTERPRETATION,trial_primary_interpretation,support,support,"For NCT06021054, the primary interpretation/disposition matched the approved curation row; curation-row, clinical-trial-row, and frozen-registry-document hashes all matched, with posted-result status verified.",sources=845 | exact_anchors=TRIAL_RESULT_ANCHOR:TRIAL-RESULT-NCT06021054 | canonical=result_trial_curation_v2.csv::trial_id=NCT06021054; field=primary_interpretation,PASS,NA (no correction required),845,TRIAL_RESULT_ANCHOR:TRIAL-RESULT-NCT06021054,result_trial_curation_v2.csv,trial_id=NCT06021054; field=primary_interpretation,bd6555815600e9877c817d5e15e3c2c626bbb6789847c9cbc4111e63ca00df81,2026-09-11,2026-09-10,"Same coordinator, stance-hidden second pass; within-agent bias reduction, not independent validation."
58,BLIND-0058,BATCH-03,TRIAL-017-SAFETY,trial_safety_result,support,support,"For NCT05176639, the safety field matched the approved curation row; curation-row, clinical-trial-row, and frozen-registry-document hashes all matched, with posted-result status verified.",sources=829 | exact_anchors=TRIAL_RESULT_ANCHOR:TRIAL-RESULT-NCT05176639 | canonical=result_trial_curation_v2.csv::trial_id=NCT05176639; field=safety,PASS,NA (no correction required),829,TRIAL_RESULT_ANCHOR:TRIAL-RESULT-NCT05176639,result_trial_curation_v2.csv,trial_id=NCT05176639; field=safety,bd6555815600e9877c817d5e15e3c2c626bbb6789847c9cbc4111e63ca00df81,2026-09-11,2026-09-10,"Same coordinator, stance-hidden second pass; within-agent bias reduction, not independent validation."
59,BLIND-0059,BATCH-03,ASSET-030,complete_asset_inventory_row,support,support,"For Otelixizumab, every displayed identity/indication/target/stage/status/tier/confidence field matched the canonical asset row, its row hash, and resolved source IDs.",sources=767 | exact_anchors=CANONICAL:pipeline_assets_v2.csv::asset=Otelixizumab;row_sha256=8434074732239db44a023205f935072c75c3816dcc0f5b21cf1c60cd345ba0a6 | canonical=pipeline_assets_v2.csv::asset=Otelixizumab,PASS,NA (no correction required),767,CANONICAL:pipeline_assets_v2.csv::asset=Otelixizumab;row_sha256=8434074732239db44a023205f935072c75c3816dcc0f5b21cf1c60cd345ba0a6,pipeline_assets_v2.csv,asset=Otelixizumab,bd6555815600e9877c817d5e15e3c2c626bbb6789847c9cbc4111e63ca00df81,2026-09-11,2026-09-10,"Same coordinator, stance-hidden second pass; within-agent bias reduction, not independent validation."
60,BLIND-0060,BATCH-03,ENDPOINT-004,analytical_endpoint_definition,support,support,This is the frozen operational definition for durable off-treatment remission and requires treatment-free euthyroidism plus absence of relapse over a prespecified follow-up period; it is not used to recode shorter endpoints.,sources=NA (internal canonical evidence) | exact_anchors=CANONICAL:plan2.md | clinical_trials_v2.csv | soc_outcomes_v2.csv::frozen endpoint-semantics contract | clinical_trials.primary_endpoints | soc_outcomes.endpoint_semantics | canonical=plan2.md; clinical_trials_v2.csv; soc_outcomes_v2.csv::frozen endpoint-semantics contract; clinical_trials.primary_endpoints; soc_outcomes.endpoint_semantics,PASS,NA (no correction required),NA (internal canonical evidence),CANONICAL:plan2.md | clinical_trials_v2.csv | soc_outcomes_v2.csv::frozen endpoint-semantics contract | clinical_trials.primary_endpoints | soc_outcomes.endpoint_semantics,plan2.md; clinical_trials_v2.csv; soc_outcomes_v2.csv,frozen endpoint-semantics contract; clinical_trials.primary_endpoints; soc_outcomes.endpoint_semantics,bd6555815600e9877c817d5e15e3c2c626bbb6789847c9cbc4111e63ca00df81,2026-09-11,2026-09-10,"Same coordinator, stance-hidden second pass; within-agent bias reduction, not independent validation."
61,BLIND-0061,BATCH-03,REG-KR-LUMVOA-ACCESS,regional_reimbursement_access_status,support,support,"For SOC-KR-TED-LUMVOA, access text/value matched the canonical SoC field and the claim-specific access/query source subset; authorization and access remained separate.",sources=750 | exact_anchors=CANONICAL:soc_outcomes_v2.csv::soc_id=SOC-KR-TED-LUMVOA;field=reimbursement_access | canonical=soc_outcomes_v2.csv::soc_id=SOC-KR-TED-LUMVOA; field=reimbursement_access,PASS,NA (no correction required),750,CANONICAL:soc_outcomes_v2.csv::soc_id=SOC-KR-TED-LUMVOA;field=reimbursement_access,soc_outcomes_v2.csv,soc_id=SOC-KR-TED-LUMVOA; field=reimbursement_access,bd6555815600e9877c817d5e15e3c2c626bbb6789847c9cbc4111e63ca00df81,2026-09-11,2026-09-10,"Same coordinator, stance-hidden second pass; within-agent bias reduction, not independent validation."
62,BLIND-0062,BATCH-03,METHOD-001,internal_inventory_count,support,support,Recomputed inventory value 324 from registry_cut_reconciliation_2026-09-10.json at field=cut_record_count; frozen artifact hash and claim value matched.,sources=NA (internal canonical evidence) | exact_anchors=CANONICAL:registry_cut_reconciliation_2026-09-10.json::field=cut_record_count | canonical=registry_cut_reconciliation_2026-09-10.json::field=cut_record_count,PASS,NA (no correction required),NA (internal canonical evidence),CANONICAL:registry_cut_reconciliation_2026-09-10.json::field=cut_record_count,registry_cut_reconciliation_2026-09-10.json,field=cut_record_count,bd6555815600e9877c817d5e15e3c2c626bbb6789847c9cbc4111e63ca00df81,2026-09-11,2026-09-10,"Same coordinator, stance-hidden second pass; within-agent bias reduction, not independent validation."
63,BLIND-0063,BATCH-03,TRIAL-022-EFFICACY,trial_efficacy_result,support,support,"For NCT06106828, the efficacy field matched the approved curation row; curation-row, clinical-trial-row, and frozen-registry-document hashes all matched, with posted-result status verified.",sources=849 | exact_anchors=TRIAL_RESULT_ANCHOR:TRIAL-RESULT-NCT06106828 | canonical=result_trial_curation_v2.csv::trial_id=NCT06106828; field=efficacy,PASS,NA (no correction required),849,TRIAL_RESULT_ANCHOR:TRIAL-RESULT-NCT06106828,result_trial_curation_v2.csv,trial_id=NCT06106828; field=efficacy,bd6555815600e9877c817d5e15e3c2c626bbb6789847c9cbc4111e63ca00df81,2026-09-11,2026-09-10,"Same coordinator, stance-hidden second pass; within-agent bias reduction, not independent validation."
64,BLIND-0064,BATCH-03,DOC-CONTROL-001,internal_document_control,support,support,"Verified the frozen plan2.md control anchor and hash for frozen data cut; this is a release-control statement, not an external clinical claim.",sources=NA (internal canonical evidence) | exact_anchors=INTERNAL_PLAN:plan2.md::frozen-contract::frozen data cut | canonical=plan2.md::frozen-contract::frozen data cut,PASS,NA (no correction required),NA (internal canonical evidence),INTERNAL_PLAN:plan2.md::frozen-contract::frozen data cut,plan2.md,frozen-contract::frozen data cut,bd6555815600e9877c817d5e15e3c2c626bbb6789847c9cbc4111e63ca00df81,2026-09-11,2026-09-10,"Same coordinator, stance-hidden second pass; within-agent bias reduction, not independent validation."
65,BLIND-0065,BATCH-03,TRIAL-004-INTERPRETATION,trial_primary_interpretation,support,support,"For NCT01868997, the primary interpretation/disposition matched the approved curation row; curation-row, clinical-trial-row, and frozen-registry-document hashes all matched, with posted-result status verified.",sources=780 | exact_anchors=TRIAL_RESULT_ANCHOR:TRIAL-RESULT-NCT01868997 | canonical=result_trial_curation_v2.csv::trial_id=NCT01868997; field=primary_interpretation,PASS,NA (no correction required),780,TRIAL_RESULT_ANCHOR:TRIAL-RESULT-NCT01868997,result_trial_curation_v2.csv,trial_id=NCT01868997; field=primary_interpretation,bd6555815600e9877c817d5e15e3c2c626bbb6789847c9cbc4111e63ca00df81,2026-09-11,2026-09-10,"Same coordinator, stance-hidden second pass; within-agent bias reduction, not independent validation."
66,BLIND-0066,BATCH-03,POTENTIAL-03,internal_rd_potential_confidence,support,support,"For GenSci098 / YB-101, weighted potential 2.05/3 and evidence-confidence category matched separate canonical fields; the value is retained as an internal hypothesis-weighted metric.","sources=NA (internal canonical evidence) | exact_anchors=CANONICAL:pipeline_assets_v2.csv::asset=GenSci098 / YB-101;fields=weighted_potential_0_3,evidence_confidence | canonical=pipeline_assets_v2.csv::asset=GenSci098 / YB-101;fields=weighted_potential_0_3,evidence_confidence",PASS,NA (no correction required),NA (internal canonical evidence),"CANONICAL:pipeline_assets_v2.csv::asset=GenSci098 / YB-101;fields=weighted_potential_0_3,evidence_confidence",pipeline_assets_v2.csv,"asset=GenSci098 / YB-101;fields=weighted_potential_0_3,evidence_confidence",bd6555815600e9877c817d5e15e3c2c626bbb6789847c9cbc4111e63ca00df81,2026-09-11,2026-09-10,"Same coordinator, stance-hidden second pass; within-agent bias reduction, not independent validation."
67,BLIND-0067,BATCH-03,POTENTIAL-01,internal_rd_potential_confidence,support,support,"For LCA-0321, weighted potential 2.35/3 and evidence-confidence category matched separate canonical fields; the value is retained as an internal hypothesis-weighted metric.","sources=NA (internal canonical evidence) | exact_anchors=CANONICAL:pipeline_assets_v2.csv::asset=LCA-0321;fields=weighted_potential_0_3,evidence_confidence | canonical=pipeline_assets_v2.csv::asset=LCA-0321;fields=weighted_potential_0_3,evidence_confidence",PASS,NA (no correction required),NA (internal canonical evidence),"CANONICAL:pipeline_assets_v2.csv::asset=LCA-0321;fields=weighted_potential_0_3,evidence_confidence",pipeline_assets_v2.csv,"asset=LCA-0321;fields=weighted_potential_0_3,evidence_confidence",bd6555815600e9877c817d5e15e3c2c626bbb6789847c9cbc4111e63ca00df81,2026-09-11,2026-09-10,"Same coordinator, stance-hidden second pass; within-agent bias reduction, not independent validation."
68,BLIND-0068,BATCH-03,TRIAL-010-INTERPRETATION,trial_primary_interpretation,support,support,"For NCT02993302, the primary interpretation/disposition matched the approved curation row; curation-row, clinical-trial-row, and frozen-registry-document hashes all matched, with posted-result status verified.",sources=801 | exact_anchors=TRIAL_RESULT_ANCHOR:TRIAL-RESULT-NCT02993302 | canonical=result_trial_curation_v2.csv::trial_id=NCT02993302; field=primary_interpretation,PASS,NA (no correction required),801,TRIAL_RESULT_ANCHOR:TRIAL-RESULT-NCT02993302,result_trial_curation_v2.csv,trial_id=NCT02993302; field=primary_interpretation,bd6555815600e9877c817d5e15e3c2c626bbb6789847c9cbc4111e63ca00df81,2026-09-11,2026-09-10,"Same coordinator, stance-hidden second pass; within-agent bias reduction, not independent validation."
69,BLIND-0069,BATCH-03,HIST-NICE-08OCT,historical_failed_claim,contradict,contradict,"The claim asserts a definitive 08 October 2026 final publication date, but the exact NICE anchor says expected publication date TBC and labels the available schedule provisional/draft.",sources=732; 733 | exact_anchors=SOURCE_ANCHOR:UK-NICE-TEPEZZA-EXPECTED-DATE-TBC; SOURCE_ANCHOR:UK-NICE-TEPEZZA-PROVISIONAL-SCHEDULE; SOURCE_ANCHOR:UK-NICE-TEPEZZA-DRAFT-NOT-FINAL | canonical=source_anchors_v2.csv::SOURCE_ANCHOR:UK-NICE-TEPEZZA-EXPECTED-DATE-TBC;SOURCE_ANCHOR:UK-NICE-TEPEZZA-PROVISIONAL-SCHEDULE;SOURCE_ANCHOR:UK-NICE-TEPEZZA-DRAFT-NOT-FINAL,PASS,Ledger-only; corrected by SOC-CONFLICT-NICE and unresolved UK access wording.,732; 733,SOURCE_ANCHOR:UK-NICE-TEPEZZA-EXPECTED-DATE-TBC; SOURCE_ANCHOR:UK-NICE-TEPEZZA-PROVISIONAL-SCHEDULE; SOURCE_ANCHOR:UK-NICE-TEPEZZA-DRAFT-NOT-FINAL,source_anchors_v2.csv,SOURCE_ANCHOR:UK-NICE-TEPEZZA-EXPECTED-DATE-TBC;SOURCE_ANCHOR:UK-NICE-TEPEZZA-PROVISIONAL-SCHEDULE;SOURCE_ANCHOR:UK-NICE-TEPEZZA-DRAFT-NOT-FINAL,bd6555815600e9877c817d5e15e3c2c626bbb6789847c9cbc4111e63ca00df81,2026-09-11,2026-09-10,"Same coordinator, stance-hidden second pass; within-agent bias reduction, not independent validation."
70,BLIND-0070,BATCH-03,TRIAL-013-INTERPRETATION,trial_primary_interpretation,support,support,"For NCT03922321, the primary interpretation/disposition matched the approved curation row; curation-row, clinical-trial-row, and frozen-registry-document hashes all matched, with posted-result status verified.",sources=812 | exact_anchors=TRIAL_RESULT_ANCHOR:TRIAL-RESULT-NCT03922321 | canonical=result_trial_curation_v2.csv::trial_id=NCT03922321; field=primary_interpretation,PASS,NA (no correction required),812,TRIAL_RESULT_ANCHOR:TRIAL-RESULT-NCT03922321,result_trial_curation_v2.csv,trial_id=NCT03922321; field=primary_interpretation,bd6555815600e9877c817d5e15e3c2c626bbb6789847c9cbc4111e63ca00df81,2026-09-11,2026-09-10,"Same coordinator, stance-hidden second pass; within-agent bias reduction, not independent validation."
71,BLIND-0071,BATCH-03,LIMIT-003,methodological_limitation,support,support,Query-level records document search scope only. The statement correctly prevents a negative search from becoming evidence of non-authorization or non-reimbursement and retains unresolved status.,"sources=NA (internal canonical evidence) | exact_anchors=CANONICAL:soc_outcomes_v2.csv::fields=authorization_status_scope,reimbursement_access,uncertainty | canonical=soc_outcomes_v2.csv::fields=authorization_status_scope,reimbursement_access,uncertainty",PASS,NA (no correction required),NA (internal canonical evidence),"CANONICAL:soc_outcomes_v2.csv::fields=authorization_status_scope,reimbursement_access,uncertainty",soc_outcomes_v2.csv,"fields=authorization_status_scope,reimbursement_access,uncertainty",bd6555815600e9877c817d5e15e3c2c626bbb6789847c9cbc4111e63ca00df81,2026-09-11,2026-09-10,"Same coordinator, stance-hidden second pass; within-agent bias reduction, not independent validation."
72,BLIND-0072,BATCH-03,TRIAL-021-DURABILITY,trial_durability_result_or_limit,support,support,"For NCT06021054, the durability field matched the approved curation row; curation-row, clinical-trial-row, and frozen-registry-document hashes all matched, with posted-result status verified.",sources=845 | exact_anchors=TRIAL_RESULT_ANCHOR:TRIAL-RESULT-NCT06021054 | canonical=result_trial_curation_v2.csv::trial_id=NCT06021054; field=durability,PASS,NA (no correction required),845,TRIAL_RESULT_ANCHOR:TRIAL-RESULT-NCT06021054,result_trial_curation_v2.csv,trial_id=NCT06021054; field=durability,bd6555815600e9877c817d5e15e3c2c626bbb6789847c9cbc4111e63ca00df81,2026-09-11,2026-09-10,"Same coordinator, stance-hidden second pass; within-agent bias reduction, not independent validation."
73,BLIND-0073,BATCH-03,DIRECT-OTHER-02,direct_program_inventory_status,support,support,"For K1-70, target, highest stage, status, and trial linkage matched the canonical asset row and resolved source/registry mappings; no efficacy inference was added.","sources=164; 799 | exact_anchors=CANONICAL:pipeline_assets_v2.csv::asset=K1-70;fields=target,highest_stage,status,trial_ids | canonical=pipeline_assets_v2.csv::asset=K1-70",PASS,NA (no correction required),164; 799,"CANONICAL:pipeline_assets_v2.csv::asset=K1-70;fields=target,highest_stage,status,trial_ids",pipeline_assets_v2.csv,asset=K1-70,bd6555815600e9877c817d5e15e3c2c626bbb6789847c9cbc4111e63ca00df81,2026-09-11,2026-09-10,"Same coordinator, stance-hidden second pass; within-agent bias reduction, not independent validation."
74,BLIND-0074,BATCH-03,SOC-CONFLICT-JP-BCQ2,pregnancy_timing_guidance,support,support,The BCQ2 exact quote defines the broader first-choice exception as pregnancy 4w0d–15w6d; the claim correctly distinguishes it from FCQ1.,sources=741 | exact_anchors=SOURCE_ANCHOR:JP-JTA2019-BCQ2 | canonical=source_anchors_v2.csv::anchor=JP-JTA2019-BCQ2,PASS,NA (no correction required),741,SOURCE_ANCHOR:JP-JTA2019-BCQ2,source_anchors_v2.csv,anchor=JP-JTA2019-BCQ2,bd6555815600e9877c817d5e15e3c2c626bbb6789847c9cbc4111e63ca00df81,2026-09-11,2026-09-10,"Same coordinator, stance-hidden second pass; within-agent bias reduction, not independent validation."
75,BLIND-0075,BATCH-03,ASSET-002,complete_asset_inventory_row,support,support,"For Allogeneic CD19/BCMA CAR-T, every displayed identity/indication/target/stage/status/tier/confidence field matched the canonical asset row, its row hash, and resolved source IDs.",sources=884; 893 | exact_anchors=CANONICAL:pipeline_assets_v2.csv::asset=Allogeneic CD19/BCMA CAR-T;row_sha256=c880f030057d4251c8b04e09d59031ae74bd6a7f196117714ad3a107abae1da0 | canonical=pipeline_assets_v2.csv::asset=Allogeneic CD19/BCMA CAR-T,PASS,NA (no correction required),884; 893,CANONICAL:pipeline_assets_v2.csv::asset=Allogeneic CD19/BCMA CAR-T;row_sha256=c880f030057d4251c8b04e09d59031ae74bd6a7f196117714ad3a107abae1da0,pipeline_assets_v2.csv,asset=Allogeneic CD19/BCMA CAR-T,bd6555815600e9877c817d5e15e3c2c626bbb6789847c9cbc4111e63ca00df81,2026-09-11,2026-09-10,"Same coordinator, stance-hidden second pass; within-agent bias reduction, not independent validation."
76,BLIND-0076,BATCH-04,TRIAL-009-INTERPRETATION,trial_primary_interpretation,support,support,"For NCT02973802, the primary interpretation/disposition matched the approved curation row; curation-row, clinical-trial-row, and frozen-registry-document hashes all matched, with posted-result status verified.",sources=800 | exact_anchors=TRIAL_RESULT_ANCHOR:TRIAL-RESULT-NCT02973802 | canonical=result_trial_curation_v2.csv::trial_id=NCT02973802; field=primary_interpretation,PASS,NA (no correction required),800,TRIAL_RESULT_ANCHOR:TRIAL-RESULT-NCT02973802,result_trial_curation_v2.csv,trial_id=NCT02973802; field=primary_interpretation,bd6555815600e9877c817d5e15e3c2c626bbb6789847c9cbc4111e63ca00df81,2026-09-11,2026-09-10,"Same coordinator, stance-hidden second pass; within-agent bias reduction, not independent validation."
77,BLIND-0077,BATCH-04,TRIAL-021-SAFETY,trial_safety_result,support,support,"For NCT06021054, the safety field matched the approved curation row; curation-row, clinical-trial-row, and frozen-registry-document hashes all matched, with posted-result status verified.",sources=845 | exact_anchors=TRIAL_RESULT_ANCHOR:TRIAL-RESULT-NCT06021054 | canonical=result_trial_curation_v2.csv::trial_id=NCT06021054; field=safety,PASS,NA (no correction required),845,TRIAL_RESULT_ANCHOR:TRIAL-RESULT-NCT06021054,result_trial_curation_v2.csv,trial_id=NCT06021054; field=safety,bd6555815600e9877c817d5e15e3c2c626bbb6789847c9cbc4111e63ca00df81,2026-09-11,2026-09-10,"Same coordinator, stance-hidden second pass; within-agent bias reduction, not independent validation."
78,BLIND-0078,BATCH-04,ASSET-034,complete_asset_inventory_row,support,support,"For Satralizumab, every displayed identity/indication/target/stage/status/tier/confidence field matched the canonical asset row, its row hash, and resolved source IDs.",sources=675; 699; 701; 844; 849 | exact_anchors=CANONICAL:pipeline_assets_v2.csv::asset=Satralizumab;row_sha256=5b521d4b29fc033735c2cd5f565f45f698458c0e3b5d82d5504154dd8d91b53c | canonical=pipeline_assets_v2.csv::asset=Satralizumab,PASS,NA (no correction required),675; 699; 701; 844; 849,CANONICAL:pipeline_assets_v2.csv::asset=Satralizumab;row_sha256=5b521d4b29fc033735c2cd5f565f45f698458c0e3b5d82d5504154dd8d91b53c,pipeline_assets_v2.csv,asset=Satralizumab,bd6555815600e9877c817d5e15e3c2c626bbb6789847c9cbc4111e63ca00df81,2026-09-11,2026-09-10,"Same coordinator, stance-hidden second pass; within-agent bias reduction, not independent validation."
79,BLIND-0079,BATCH-04,TRIAL-016-EFFICACY,trial_efficacy_result,support,support,"For NCT04737330, the efficacy field matched the approved curation row; curation-row, clinical-trial-row, and frozen-registry-document hashes all matched, with posted-result status verified.",sources=819 | exact_anchors=TRIAL_RESULT_ANCHOR:TRIAL-RESULT-NCT04737330 | canonical=result_trial_curation_v2.csv::trial_id=NCT04737330; field=efficacy,PASS,NA (no correction required),819,TRIAL_RESULT_ANCHOR:TRIAL-RESULT-NCT04737330,result_trial_curation_v2.csv,trial_id=NCT04737330; field=efficacy,bd6555815600e9877c817d5e15e3c2c626bbb6789847c9cbc4111e63ca00df81,2026-09-11,2026-09-10,"Same coordinator, stance-hidden second pass; within-agent bias reduction, not independent validation."
80,BLIND-0080,BATCH-04,REG-EU-LUMVOA-AUTH,regional_authorization_status,support,support,"For SOC-EU-TED-LUMVOA, authorization text/value matched the canonical SoC field and the claim-specific regulator or documented query source subset; unresolved wording was not converted to absence.",sources=747 | exact_anchors=CANONICAL:soc_outcomes_v2.csv::soc_id=SOC-EU-TED-LUMVOA;field=authorization_status_scope | canonical=soc_outcomes_v2.csv::soc_id=SOC-EU-TED-LUMVOA; field=authorization_status_scope,PASS,NA (no correction required),747,CANONICAL:soc_outcomes_v2.csv::soc_id=SOC-EU-TED-LUMVOA;field=authorization_status_scope,soc_outcomes_v2.csv,soc_id=SOC-EU-TED-LUMVOA; field=authorization_status_scope,bd6555815600e9877c817d5e15e3c2c626bbb6789847c9cbc4111e63ca00df81,2026-09-11,2026-09-10,"Same coordinator, stance-hidden second pass; within-agent bias reduction, not independent validation."
81,BLIND-0081,BATCH-04,ENDPOINT-002,analytical_endpoint_definition,support,support,This is an internal analytical definition: normalization without ATD escalation or with dose reduction is labeled ATD-sparing and is not promoted to durable remission. It is consistent with the frozen endpoint-semantics contract.,sources=NA (internal canonical evidence) | exact_anchors=CANONICAL:plan2.md | clinical_trials_v2.csv | soc_outcomes_v2.csv::frozen endpoint-semantics contract | clinical_trials.primary_endpoints | soc_outcomes.endpoint_semantics | canonical=plan2.md; clinical_trials_v2.csv; soc_outcomes_v2.csv::frozen endpoint-semantics contract; clinical_trials.primary_endpoints; soc_outcomes.endpoint_semantics,PASS,NA (no correction required),NA (internal canonical evidence),CANONICAL:plan2.md | clinical_trials_v2.csv | soc_outcomes_v2.csv::frozen endpoint-semantics contract | clinical_trials.primary_endpoints | soc_outcomes.endpoint_semantics,plan2.md; clinical_trials_v2.csv; soc_outcomes_v2.csv,frozen endpoint-semantics contract; clinical_trials.primary_endpoints; soc_outcomes.endpoint_semantics,bd6555815600e9877c817d5e15e3c2c626bbb6789847c9cbc4111e63ca00df81,2026-09-11,2026-09-10,"Same coordinator, stance-hidden second pass; within-agent bias reduction, not independent validation."
82,BLIND-0082,BATCH-04,POTENTIAL-05,internal_rd_potential_confidence,support,support,"For ATX-GD-59, weighted potential 2.5/3 and evidence-confidence category matched separate canonical fields; the value is retained as an internal hypothesis-weighted metric.","sources=NA (internal canonical evidence) | exact_anchors=CANONICAL:pipeline_assets_v2.csv::asset=ATX-GD-59;fields=weighted_potential_0_3,evidence_confidence | canonical=pipeline_assets_v2.csv::asset=ATX-GD-59;fields=weighted_potential_0_3,evidence_confidence",PASS,NA (no correction required),NA (internal canonical evidence),"CANONICAL:pipeline_assets_v2.csv::asset=ATX-GD-59;fields=weighted_potential_0_3,evidence_confidence",pipeline_assets_v2.csv,"asset=ATX-GD-59;fields=weighted_potential_0_3,evidence_confidence",bd6555815600e9877c817d5e15e3c2c626bbb6789847c9cbc4111e63ca00df81,2026-09-11,2026-09-10,"Same coordinator, stance-hidden second pass; within-agent bias reduction, not independent validation."
83,BLIND-0083,BATCH-04,POP-PREGNANCY-001,analytical_population_boundary,support,support,"Verified the exact special-population category locator (categories=GD in pregnancy,GD in lactation across five regions) across five regions and confirmed nonblank endpoint/risk boundaries; claim-specific category checks passed.","sources=NA (internal canonical evidence) | exact_anchors=CANONICAL:soc_outcomes_v2.csv::categories=GD in pregnancy,GD in lactation across five regions | canonical=soc_outcomes_v2.csv::categories=GD in pregnancy,GD in lactation across five regions",PASS,NA (no correction required),NA (internal canonical evidence),"CANONICAL:soc_outcomes_v2.csv::categories=GD in pregnancy,GD in lactation across five regions",soc_outcomes_v2.csv,"categories=GD in pregnancy,GD in lactation across five regions",bd6555815600e9877c817d5e15e3c2c626bbb6789847c9cbc4111e63ca00df81,2026-09-11,2026-09-10,"Same coordinator, stance-hidden second pass; within-agent bias reduction, not independent validation."
84,BLIND-0084,BATCH-04,DIRECT-OTHER-05,direct_program_inventory_status,support,support,"For WP1302, target, highest stage, status, and trial linkage matched the canonical asset row and resolved source/registry mappings; no efficacy inference was added.","sources=854 | exact_anchors=CANONICAL:pipeline_assets_v2.csv::asset=WP1302;fields=target,highest_stage,status,trial_ids | canonical=pipeline_assets_v2.csv::asset=WP1302",PASS,NA (no correction required),854,"CANONICAL:pipeline_assets_v2.csv::asset=WP1302;fields=target,highest_stage,status,trial_ids",pipeline_assets_v2.csv,asset=WP1302,bd6555815600e9877c817d5e15e3c2c626bbb6789847c9cbc4111e63ca00df81,2026-09-11,2026-09-10,"Same coordinator, stance-hidden second pass; within-agent bias reduction, not independent validation."
85,BLIND-0085,BATCH-04,ENDPOINT-003,analytical_endpoint_definition,support,support,The definition correctly limits off-ATD normalization to a specified assessment while requiring additional follow-up before durable-remission terminology.,sources=NA (internal canonical evidence) | exact_anchors=CANONICAL:plan2.md | clinical_trials_v2.csv | soc_outcomes_v2.csv::frozen endpoint-semantics contract | clinical_trials.primary_endpoints | soc_outcomes.endpoint_semantics | canonical=plan2.md; clinical_trials_v2.csv; soc_outcomes_v2.csv::frozen endpoint-semantics contract; clinical_trials.primary_endpoints; soc_outcomes.endpoint_semantics,PASS,NA (no correction required),NA (internal canonical evidence),CANONICAL:plan2.md | clinical_trials_v2.csv | soc_outcomes_v2.csv::frozen endpoint-semantics contract | clinical_trials.primary_endpoints | soc_outcomes.endpoint_semantics,plan2.md; clinical_trials_v2.csv; soc_outcomes_v2.csv,frozen endpoint-semantics contract; clinical_trials.primary_endpoints; soc_outcomes.endpoint_semantics,bd6555815600e9877c817d5e15e3c2c626bbb6789847c9cbc4111e63ca00df81,2026-09-11,2026-09-10,"Same coordinator, stance-hidden second pass; within-agent bias reduction, not independent validation."
86,BLIND-0086,BATCH-04,POP-RELAPSED-001,blind_pre_adjudication_failed_claim,insufficient,insufficient,"The cited SoC rows distinguish post-ATD relapse, post-RAI persistence, and TED failure states, but do not contain 'selected open-label retreatment'. The full sentence therefore exceeds its canonical anchor.","sources=NA (internal canonical evidence) | exact_anchors=CANONICAL:soc_outcomes_v2.csv::categories=Relapsed/refractory GD,Relapsed/refractory TED across five regions | canonical=soc_outcomes_v2.csv::categories=Relapsed/refractory GD,Relapsed/refractory TED across five regions",PASS,Removed from display and replaced by POP-RELAPSED-002; original wording retained ledger-only.,NA (internal canonical evidence),"CANONICAL:soc_outcomes_v2.csv::categories=Relapsed/refractory GD,Relapsed/refractory TED across five regions",soc_outcomes_v2.csv,"categories=Relapsed/refractory GD,Relapsed/refractory TED across five regions",bd6555815600e9877c817d5e15e3c2c626bbb6789847c9cbc4111e63ca00df81,2026-09-11,2026-09-10,"Same coordinator, stance-hidden second pass; within-agent bias reduction, not independent validation."
87,BLIND-0087,BATCH-04,DIRECT-LCA-EVIDENCE-BOUNDARY,direct_program_mechanism_or_status,support,support,"Recovered sponsor and CTIS evidence describes intended mechanism and an ongoing first-in-human SAD/MAD protocol, not posted human outcomes. The negative statement is explicitly bounded to the frozen evidence package.",sources=1; 2 | exact_anchors=DIRECT_ANCHOR:LCA0321-SPONSOR-DESIGN; DIRECT_ANCHOR:LCA0321-CTIS-PHASE-STATUS; DIRECT_ANCHOR:LCA0321-CTIS-SAD-MAD-TITLE | canonical=claim_evidence_anchors_v2.csv::DIRECT_ANCHOR:LCA0321-SPONSOR-DESIGN;DIRECT_ANCHOR:LCA0321-CTIS-PHASE-STATUS;DIRECT_ANCHOR:LCA0321-CTIS-SAD-MAD-TITLE,PASS,NA (no correction required),1; 2,DIRECT_ANCHOR:LCA0321-SPONSOR-DESIGN; DIRECT_ANCHOR:LCA0321-CTIS-PHASE-STATUS; DIRECT_ANCHOR:LCA0321-CTIS-SAD-MAD-TITLE,claim_evidence_anchors_v2.csv,DIRECT_ANCHOR:LCA0321-SPONSOR-DESIGN;DIRECT_ANCHOR:LCA0321-CTIS-PHASE-STATUS;DIRECT_ANCHOR:LCA0321-CTIS-SAD-MAD-TITLE,bd6555815600e9877c817d5e15e3c2c626bbb6789847c9cbc4111e63ca00df81,2026-09-11,2026-09-10,"Same coordinator, stance-hidden second pass; within-agent bias reduction, not independent validation."
88,BLIND-0088,BATCH-04,DOC-CONTROL-002,internal_document_control,support,support,"Verified the frozen plan2.md control anchor and hash for geographic and population scope; this is a release-control statement, not an external clinical claim.",sources=NA (internal canonical evidence) | exact_anchors=INTERNAL_PLAN:plan2.md::frozen-contract::geographic and population scope | canonical=plan2.md::frozen-contract::geographic and population scope,PASS,NA (no correction required),NA (internal canonical evidence),INTERNAL_PLAN:plan2.md::frozen-contract::geographic and population scope,plan2.md,frozen-contract::geographic and population scope,bd6555815600e9877c817d5e15e3c2c626bbb6789847c9cbc4111e63ca00df81,2026-09-11,2026-09-10,"Same coordinator, stance-hidden second pass; within-agent bias reduction, not independent validation."
89,BLIND-0089,BATCH-04,LIMIT-001,methodological_limitation,support,support,"The frozen registry reconciliation necessarily covers registered/public records and cannot guarantee capture of unregistered preclinical assets, unpublished failures, or non-public sponsor changes. This is a scope limitation, not an absence claim.",sources=NA (internal canonical evidence) | exact_anchors=CANONICAL:registry_cut_reconciliation_2026-09-10.json::frozen query and reconciliation scope | canonical=registry_cut_reconciliation_2026-09-10.json::frozen query and reconciliation scope,PASS,NA (no correction required),NA (internal canonical evidence),CANONICAL:registry_cut_reconciliation_2026-09-10.json::frozen query and reconciliation scope,registry_cut_reconciliation_2026-09-10.json,frozen query and reconciliation scope,bd6555815600e9877c817d5e15e3c2c626bbb6789847c9cbc4111e63ca00df81,2026-09-11,2026-09-10,"Same coordinator, stance-hidden second pass; within-agent bias reduction, not independent validation."
90,BLIND-0090,BATCH-04,ASSET-039,complete_asset_inventory_row,support,support,"For Technetium-99 methylene diphosphonate (99Tc-MDP), every displayed identity/indication/target/stage/status/tier/confidence field matched the canonical asset row, its row hash, and resolved source IDs.",sources=814 | exact_anchors=CANONICAL:pipeline_assets_v2.csv::asset=Technetium-99 methylene diphosphonate (99Tc-MDP);row_sha256=0d61f0eedc9bf9676bf4c14642c907e2d0d1b17dc6035eaf7e756d80c74f9251 | canonical=pipeline_assets_v2.csv::asset=Technetium-99 methylene diphosphonate (99Tc-MDP),PASS,NA (no correction required),814,CANONICAL:pipeline_assets_v2.csv::asset=Technetium-99 methylene diphosphonate (99Tc-MDP);row_sha256=0d61f0eedc9bf9676bf4c14642c907e2d0d1b17dc6035eaf7e756d80c74f9251,pipeline_assets_v2.csv,asset=Technetium-99 methylene diphosphonate (99Tc-MDP),bd6555815600e9877c817d5e15e3c2c626bbb6789847c9cbc4111e63ca00df81,2026-09-11,2026-09-10,"Same coordinator, stance-hidden second pass; within-agent bias reduction, not independent validation."
91,BLIND-0091,BATCH-04,LIMIT-005,QA_limitation,support,support,The documented workflow is a stance-hidden second pass by the same coordinator. Describing it as within-agent bias reduction rather than independent validation is accurate.,sources=NA (internal canonical evidence) | exact_anchors=CANONICAL:plan2.md::claim-QA contract | canonical=plan2.md::claim-QA contract,PASS,NA (no correction required),NA (internal canonical evidence),CANONICAL:plan2.md::claim-QA contract,plan2.md,claim-QA contract,bd6555815600e9877c817d5e15e3c2c626bbb6789847c9cbc4111e63ca00df81,2026-09-11,2026-09-10,"Same coordinator, stance-hidden second pass; within-agent bias reduction, not independent validation."
92,BLIND-0092,BATCH-04,METHOD-010,internal_status_count,support,support,Recounted the status-specific trial subset as 11; claim text/value and frozen clinical-trial artifact hash matched.,sources=NA (internal canonical evidence) | exact_anchors=CANONICAL:clinical_trials_v2.csv::field=overall_status | value=TERMINATED | canonical=clinical_trials_v2.csv::field=overall_status; value=TERMINATED,PASS,NA (no correction required),NA (internal canonical evidence),CANONICAL:clinical_trials_v2.csv::field=overall_status | value=TERMINATED,clinical_trials_v2.csv,field=overall_status; value=TERMINATED,bd6555815600e9877c817d5e15e3c2c626bbb6789847c9cbc4111e63ca00df81,2026-09-11,2026-09-10,"Same coordinator, stance-hidden second pass; within-agent bias reduction, not independent validation."
93,BLIND-0093,BATCH-04,TRIAL-018-SAFETY,trial_safety_result,support,support,"For NCT05276063, the safety field matched the approved curation row; curation-row, clinical-trial-row, and frozen-registry-document hashes all matched, with posted-result status verified.",sources=831 | exact_anchors=TRIAL_RESULT_ANCHOR:TRIAL-RESULT-NCT05276063 | canonical=result_trial_curation_v2.csv::trial_id=NCT05276063; field=safety,PASS,NA (no correction required),831,TRIAL_RESULT_ANCHOR:TRIAL-RESULT-NCT05276063,result_trial_curation_v2.csv,trial_id=NCT05276063; field=safety,bd6555815600e9877c817d5e15e3c2c626bbb6789847c9cbc4111e63ca00df81,2026-09-11,2026-09-10,"Same coordinator, stance-hidden second pass; within-agent bias reduction, not independent validation."
94,BLIND-0094,BATCH-04,REG-EU-LUMVOA-ACCESS,regional_reimbursement_access_status,support,support,"For SOC-EU-TED-LUMVOA, access text/value matched the canonical SoC field and the claim-specific access/query source subset; authorization and access remained separate.",sources=NA (internal canonical evidence) | exact_anchors=CANONICAL:soc_outcomes_v2.csv::soc_id=SOC-EU-TED-LUMVOA;field=reimbursement_access | canonical=soc_outcomes_v2.csv::soc_id=SOC-EU-TED-LUMVOA; field=reimbursement_access,PASS,NA (no correction required),NA (internal canonical evidence),CANONICAL:soc_outcomes_v2.csv::soc_id=SOC-EU-TED-LUMVOA;field=reimbursement_access,soc_outcomes_v2.csv,soc_id=SOC-EU-TED-LUMVOA; field=reimbursement_access,bd6555815600e9877c817d5e15e3c2c626bbb6789847c9cbc4111e63ca00df81,2026-09-11,2026-09-10,"Same coordinator, stance-hidden second pass; within-agent bias reduction, not independent validation."
95,BLIND-0095,BATCH-04,TRIAL-019-INTERPRETATION,trial_primary_interpretation,support,support,"For NCT05907668, the primary interpretation/disposition matched the approved curation row; curation-row, clinical-trial-row, and frozen-registry-document hashes all matched, with posted-result status verified.",sources=843 | exact_anchors=TRIAL_RESULT_ANCHOR:TRIAL-RESULT-NCT05907668 | canonical=result_trial_curation_v2.csv::trial_id=NCT05907668; field=primary_interpretation,PASS,NA (no correction required),843,TRIAL_RESULT_ANCHOR:TRIAL-RESULT-NCT05907668,result_trial_curation_v2.csv,trial_id=NCT05907668; field=primary_interpretation,bd6555815600e9877c817d5e15e3c2c626bbb6789847c9cbc4111e63ca00df81,2026-09-11,2026-09-10,"Same coordinator, stance-hidden second pass; within-agent bias reduction, not independent validation."
96,BLIND-0096,BATCH-04,REG-KR-TEPEZZA-AUTH,regional_authorization_status,support,support,"For SOC-KR-TED-TEPEZZA, authorization text/value matched the canonical SoC field and the claim-specific regulator or documented query source subset; unresolved wording was not converted to absence.",sources=745 | exact_anchors=CANONICAL:soc_outcomes_v2.csv::soc_id=SOC-KR-TED-TEPEZZA;field=authorization_status_scope | canonical=soc_outcomes_v2.csv::soc_id=SOC-KR-TED-TEPEZZA; field=authorization_status_scope,PASS,NA (no correction required),745,CANONICAL:soc_outcomes_v2.csv::soc_id=SOC-KR-TED-TEPEZZA;field=authorization_status_scope,soc_outcomes_v2.csv,soc_id=SOC-KR-TED-TEPEZZA; field=authorization_status_scope,bd6555815600e9877c817d5e15e3c2c626bbb6789847c9cbc4111e63ca00df81,2026-09-11,2026-09-10,"Same coordinator, stance-hidden second pass; within-agent bias reduction, not independent validation."
97,BLIND-0097,BATCH-04,CONCLUSION-004,analytical_monitoring_priority,support,support,"The corrected priorities map to the LCA-0321/MER511 canonical fields: safety/PK/PD, TRAb/TSI/TSAb, thyroid hormones, immunogenicity, total IgG, B-cell pharmacology, and durability risk. It is clearly labeled analytical.","sources=NA (internal canonical evidence) | exact_anchors=CANONICAL:pipeline_assets_v2.csv::assets=LCA-0321,MER511 | fields=biomarker_pd_strategy,key_unmet_need,critical_risks | canonical=pipeline_assets_v2.csv::assets=LCA-0321,MER511; fields=biomarker_pd_strategy,key_unmet_need,critical_risks",PASS,NA (bounded replacement for CONCLUSION-003),NA (internal canonical evidence),"CANONICAL:pipeline_assets_v2.csv::assets=LCA-0321,MER511 | fields=biomarker_pd_strategy,key_unmet_need,critical_risks",pipeline_assets_v2.csv,"assets=LCA-0321,MER511; fields=biomarker_pd_strategy,key_unmet_need,critical_risks",bd6555815600e9877c817d5e15e3c2c626bbb6789847c9cbc4111e63ca00df81,2026-09-11,2026-09-10,"Same coordinator, stance-hidden second pass; within-agent bias reduction, not independent validation."
98,BLIND-0098,BATCH-04,ASSET-013,complete_asset_inventory_row,support,support,"For Hydroxychloroquine, every displayed identity/indication/target/stage/status/tier/confidence field matched the canonical asset row, its row hash, and resolved source IDs.",sources=828 | exact_anchors=CANONICAL:pipeline_assets_v2.csv::asset=Hydroxychloroquine;row_sha256=17f3b0852693dbb38a2d215b2f4e04ba5771c7aa69b78936cb1db9d361e57367 | canonical=pipeline_assets_v2.csv::asset=Hydroxychloroquine,PASS,NA (no correction required),828,CANONICAL:pipeline_assets_v2.csv::asset=Hydroxychloroquine;row_sha256=17f3b0852693dbb38a2d215b2f4e04ba5771c7aa69b78936cb1db9d361e57367,pipeline_assets_v2.csv,asset=Hydroxychloroquine,bd6555815600e9877c817d5e15e3c2c626bbb6789847c9cbc4111e63ca00df81,2026-09-11,2026-09-10,"Same coordinator, stance-hidden second pass; within-agent bias reduction, not independent validation."
99,BLIND-0099,BATCH-04,RND-FRAME-001,internal_rd_scoring_definition,support,support,"Verified all five potential-component fields, weighted_potential_0_3, and the explicit separation of evidence confidence for every numerically scored asset.","sources=NA (internal canonical evidence) | exact_anchors=CANONICAL:pipeline_assets_v2.csv::fields=potential_driver_specificity_0_3,potential_durability_0_3,potential_selectivity_0_3,potential_translatability_0_3,potential_developability_0_3,weighted_potential_0_3,r_and_d_score_scope | canonical=pipeline_assets_v2.csv::fields=potential_driver_specificity_0_3,potential_durability_0_3,potential_selectivity_0_3,potential_translatability_0_3,potential_developability_0_3,weighted_potential_0_3,r_and_d_score_scope",PASS,NA (no correction required),NA (internal canonical evidence),"CANONICAL:pipeline_assets_v2.csv::fields=potential_driver_specificity_0_3,potential_durability_0_3,potential_selectivity_0_3,potential_translatability_0_3,potential_developability_0_3,weighted_potential_0_3,r_and_d_score_scope",pipeline_assets_v2.csv,"fields=potential_driver_specificity_0_3,potential_durability_0_3,potential_selectivity_0_3,potential_translatability_0_3,potential_developability_0_3,weighted_potential_0_3,r_and_d_score_scope",bd6555815600e9877c817d5e15e3c2c626bbb6789847c9cbc4111e63ca00df81,2026-09-11,2026-09-10,"Same coordinator, stance-hidden second pass; within-agent bias reduction, not independent validation."
100,BLIND-0100,BATCH-04,SOC-FRAME-004,analytical_unresolved_status_boundary,support,support,The release contract and regional matrix define unresolved as lack of confirmed positive official evidence in the documented pass; the claim explicitly rejects conversion to 'not authorized' or 'not reimbursed'.,"sources=NA (internal canonical evidence) | exact_anchors=CANONICAL:soc_outcomes_v2.csv::fields=authorization_status_scope,reimbursement_access,uncertainty | unresolved semantics | canonical=soc_outcomes_v2.csv::fields=authorization_status_scope,reimbursement_access,uncertainty; unresolved semantics",PASS,NA (no correction required),NA (internal canonical evidence),"CANONICAL:soc_outcomes_v2.csv::fields=authorization_status_scope,reimbursement_access,uncertainty | unresolved semantics",soc_outcomes_v2.csv,"fields=authorization_status_scope,reimbursement_access,uncertainty; unresolved semantics",bd6555815600e9877c817d5e15e3c2c626bbb6789847c9cbc4111e63ca00df81,2026-09-11,2026-09-10,"Same coordinator, stance-hidden second pass; within-agent bias reduction, not independent validation."
101,BLIND-0101,BATCH-05,METHOD-017,randomization_semantics_count,support,support,"Recomputed this randomization-reporting category as 43 from registry_allocation, n_randomized, and randomization_basis; no enrollment substitution was introduced.","sources=NA (internal canonical evidence) | exact_anchors=CANONICAL:clinical_trials_v2.csv::fields=registry_allocation,n_randomized,randomization_basis | canonical=clinical_trials_v2.csv::fields=registry_allocation,n_randomized,randomization_basis",PASS,NA (no correction required),NA (internal canonical evidence),"CANONICAL:clinical_trials_v2.csv::fields=registry_allocation,n_randomized,randomization_basis",clinical_trials_v2.csv,"fields=registry_allocation,n_randomized,randomization_basis",bd6555815600e9877c817d5e15e3c2c626bbb6789847c9cbc4111e63ca00df81,2026-09-11,2026-09-10,"Same coordinator, stance-hidden second pass; within-agent bias reduction, not independent validation."
102,BLIND-0102,BATCH-05,CONCLUSION-002,direct_program_stage_confidence_summary,support,support,Direct-source anchors support anti-TSHR targeting and Phase 1 status for both programs; the canonical asset rows give Low for LCA-0321 and Low–moderate for MER511. No efficacy or success-probability inference is added.,"sources=1; 2; 6; 7; 8; 898 | exact_anchors=DIRECT_ANCHOR:LCA0321-SPONSOR-IDENTITY-MECHANISM; DIRECT_ANCHOR:LCA0321-CTIS-PHASE-STATUS; DIRECT_ANCHOR:MER511-SPONSOR-PRECISION-DESIGN; DIRECT_ANCHOR:MER511-NEXUS-OFFICIAL-TITLE; DIRECT_ANCHOR:MER511-OR31-AAB-B-CELL-MECHANISM; CANONICAL:pipeline_assets_v2.csv::assets=LCA-0321,MER511;field=evidence_confidence | canonical=claim_evidence_anchors_v2.csv; pipeline_assets_v2.csv::assets=LCA-0321,MER511; fields=target,highest_stage,evidence_confidence",PASS,NA (no correction required),1; 2; 6; 7; 8; 898,"DIRECT_ANCHOR:LCA0321-SPONSOR-IDENTITY-MECHANISM; DIRECT_ANCHOR:LCA0321-CTIS-PHASE-STATUS; DIRECT_ANCHOR:MER511-SPONSOR-PRECISION-DESIGN; DIRECT_ANCHOR:MER511-NEXUS-OFFICIAL-TITLE; DIRECT_ANCHOR:MER511-OR31-AAB-B-CELL-MECHANISM; CANONICAL:pipeline_assets_v2.csv::assets=LCA-0321,MER511;field=evidence_confidence",claim_evidence_anchors_v2.csv; pipeline_assets_v2.csv,"assets=LCA-0321,MER511; fields=target,highest_stage,evidence_confidence",bd6555815600e9877c817d5e15e3c2c626bbb6789847c9cbc4111e63ca00df81,2026-09-11,2026-09-10,"Same coordinator, stance-hidden second pass; within-agent bias reduction, not independent validation."
103,BLIND-0103,BATCH-05,TRIAL-005-INTERPRETATION,trial_primary_interpretation,support,support,"For NCT01950260, the primary interpretation/disposition matched the approved curation row; curation-row, clinical-trial-row, and frozen-registry-document hashes all matched, with posted-result status verified.",sources=782 | exact_anchors=TRIAL_RESULT_ANCHOR:TRIAL-RESULT-NCT01950260 | canonical=result_trial_curation_v2.csv::trial_id=NCT01950260; field=primary_interpretation,PASS,NA (no correction required),782,TRIAL_RESULT_ANCHOR:TRIAL-RESULT-NCT01950260,result_trial_curation_v2.csv,trial_id=NCT01950260; field=primary_interpretation,bd6555815600e9877c817d5e15e3c2c626bbb6789847c9cbc4111e63ca00df81,2026-09-11,2026-09-10,"Same coordinator, stance-hidden second pass; within-agent bias reduction, not independent validation."
104,BLIND-0104,BATCH-05,POTENTIAL-06,internal_rd_potential_confidence,support,support,"For IBI3031, weighted potential 1.6/3 and evidence-confidence category matched separate canonical fields; the value is retained as an internal hypothesis-weighted metric.","sources=NA (internal canonical evidence) | exact_anchors=CANONICAL:pipeline_assets_v2.csv::asset=IBI3031;fields=weighted_potential_0_3,evidence_confidence | canonical=pipeline_assets_v2.csv::asset=IBI3031;fields=weighted_potential_0_3,evidence_confidence",PASS,NA (no correction required),NA (internal canonical evidence),"CANONICAL:pipeline_assets_v2.csv::asset=IBI3031;fields=weighted_potential_0_3,evidence_confidence",pipeline_assets_v2.csv,"asset=IBI3031;fields=weighted_potential_0_3,evidence_confidence",bd6555815600e9877c817d5e15e3c2c626bbb6789847c9cbc4111e63ca00df81,2026-09-11,2026-09-10,"Same coordinator, stance-hidden second pass; within-agent bias reduction, not independent validation."
105,BLIND-0105,BATCH-05,ASSET-008,complete_asset_inventory_row,support,support,"For Cizutamig (CND106), every displayed identity/indication/target/stage/status/tier/confidence field matched the canonical asset row, its row hash, and resolved source IDs.",sources=564; 645; 909 | exact_anchors=CANONICAL:pipeline_assets_v2.csv::asset=Cizutamig (CND106);row_sha256=968534098754e91f6f5b9a7644fdef6c3f4ead8dfd94918d7212059669aa823c | canonical=pipeline_assets_v2.csv::asset=Cizutamig (CND106),PASS,NA (no correction required),564; 645; 909,CANONICAL:pipeline_assets_v2.csv::asset=Cizutamig (CND106);row_sha256=968534098754e91f6f5b9a7644fdef6c3f4ead8dfd94918d7212059669aa823c,pipeline_assets_v2.csv,asset=Cizutamig (CND106),bd6555815600e9877c817d5e15e3c2c626bbb6789847c9cbc4111e63ca00df81,2026-09-11,2026-09-10,"Same coordinator, stance-hidden second pass; within-agent bias reduction, not independent validation."
106,BLIND-0106,BATCH-05,REG-JP-LUMVOA-ACCESS,regional_reimbursement_access_status,support,support,"For SOC-JP-TED-LUMVOA, access text/value matched the canonical SoC field and the claim-specific access/query source subset; authorization and access remained separate.",sources=NA (internal canonical evidence) | exact_anchors=CANONICAL:soc_outcomes_v2.csv::soc_id=SOC-JP-TED-LUMVOA;field=reimbursement_access | canonical=soc_outcomes_v2.csv::soc_id=SOC-JP-TED-LUMVOA; field=reimbursement_access,PASS,NA (no correction required),NA (internal canonical evidence),CANONICAL:soc_outcomes_v2.csv::soc_id=SOC-JP-TED-LUMVOA;field=reimbursement_access,soc_outcomes_v2.csv,soc_id=SOC-JP-TED-LUMVOA; field=reimbursement_access,bd6555815600e9877c817d5e15e3c2c626bbb6789847c9cbc4111e63ca00df81,2026-09-11,2026-09-10,"Same coordinator, stance-hidden second pass; within-agent bias reduction, not independent validation."
107,BLIND-0107,BATCH-05,REG-UK-LUMVOA-AUTH,regional_authorization_status,support,support,"For SOC-UK-TED-LUMVOA, authorization text/value matched the canonical SoC field and the claim-specific regulator or documented query source subset; unresolved wording was not converted to absence.",sources=749 | exact_anchors=CANONICAL:soc_outcomes_v2.csv::soc_id=SOC-UK-TED-LUMVOA;field=authorization_status_scope | canonical=soc_outcomes_v2.csv::soc_id=SOC-UK-TED-LUMVOA; field=authorization_status_scope,PASS,NA (no correction required),749,CANONICAL:soc_outcomes_v2.csv::soc_id=SOC-UK-TED-LUMVOA;field=authorization_status_scope,soc_outcomes_v2.csv,soc_id=SOC-UK-TED-LUMVOA; field=authorization_status_scope,bd6555815600e9877c817d5e15e3c2c626bbb6789847c9cbc4111e63ca00df81,2026-09-11,2026-09-10,"Same coordinator, stance-hidden second pass; within-agent bias reduction, not independent validation."
108,BLIND-0108,BATCH-05,TRIAL-019-EFFICACY,trial_efficacy_result,support,support,"For NCT05907668, the efficacy field matched the approved curation row; curation-row, clinical-trial-row, and frozen-registry-document hashes all matched, with posted-result status verified.",sources=843 | exact_anchors=TRIAL_RESULT_ANCHOR:TRIAL-RESULT-NCT05907668 | canonical=result_trial_curation_v2.csv::trial_id=NCT05907668; field=efficacy,PASS,NA (no correction required),843,TRIAL_RESULT_ANCHOR:TRIAL-RESULT-NCT05907668,result_trial_curation_v2.csv,trial_id=NCT05907668; field=efficacy,bd6555815600e9877c817d5e15e3c2c626bbb6789847c9cbc4111e63ca00df81,2026-09-11,2026-09-10,"Same coordinator, stance-hidden second pass; within-agent bias reduction, not independent validation."
109,BLIND-0109,BATCH-05,TRIAL-017-EFFICACY,trial_efficacy_result,support,support,"For NCT05176639, the efficacy field matched the approved curation row; curation-row, clinical-trial-row, and frozen-registry-document hashes all matched, with posted-result status verified.",sources=829 | exact_anchors=TRIAL_RESULT_ANCHOR:TRIAL-RESULT-NCT05176639 | canonical=result_trial_curation_v2.csv::trial_id=NCT05176639; field=efficacy,PASS,NA (no correction required),829,TRIAL_RESULT_ANCHOR:TRIAL-RESULT-NCT05176639,result_trial_curation_v2.csv,trial_id=NCT05176639; field=efficacy,bd6555815600e9877c817d5e15e3c2c626bbb6789847c9cbc4111e63ca00df81,2026-09-11,2026-09-10,"Same coordinator, stance-hidden second pass; within-agent bias reduction, not independent validation."
110,BLIND-0110,BATCH-05,ASSET-018,complete_asset_inventory_row,support,support,"For K1-70, every displayed identity/indication/target/stage/status/tier/confidence field matched the canonical asset row, its row hash, and resolved source IDs.",sources=164; 799 | exact_anchors=CANONICAL:pipeline_assets_v2.csv::asset=K1-70;row_sha256=0d0b512fae8dfef2fe6e04436cd9ae381159897d828d00feeaeb599c62b068ec | canonical=pipeline_assets_v2.csv::asset=K1-70,PASS,NA (no correction required),164; 799,CANONICAL:pipeline_assets_v2.csv::asset=K1-70;row_sha256=0d0b512fae8dfef2fe6e04436cd9ae381159897d828d00feeaeb599c62b068ec,pipeline_assets_v2.csv,asset=K1-70,bd6555815600e9877c817d5e15e3c2c626bbb6789847c9cbc4111e63ca00df81,2026-09-11,2026-09-10,"Same coordinator, stance-hidden second pass; within-agent bias reduction, not independent validation."
111,BLIND-0111,BATCH-05,DOC-CONTROL-004,internal_document_control,support,support,"Verified the frozen plan2.md control anchor and hash for provisional QA state; this is a release-control statement, not an external clinical claim.",sources=NA (internal canonical evidence) | exact_anchors=INTERNAL_PLAN:plan2.md::frozen-contract::provisional QA state | canonical=plan2.md::frozen-contract::provisional QA state,PASS,NA (no correction required),NA (internal canonical evidence),INTERNAL_PLAN:plan2.md::frozen-contract::provisional QA state,plan2.md,frozen-contract::provisional QA state,bd6555815600e9877c817d5e15e3c2c626bbb6789847c9cbc4111e63ca00df81,2026-09-11,2026-09-10,"Same coordinator, stance-hidden second pass; within-agent bias reduction, not independent validation."
112,BLIND-0112,BATCH-05,TRIAL-007-INTERPRETATION,trial_primary_interpretation,support,support,"For NCT02713256, the primary interpretation/disposition matched the approved curation row; curation-row, clinical-trial-row, and frozen-registry-document hashes all matched, with posted-result status verified.",sources=796 | exact_anchors=TRIAL_RESULT_ANCHOR:TRIAL-RESULT-NCT02713256 | canonical=result_trial_curation_v2.csv::trial_id=NCT02713256; field=primary_interpretation,PASS,NA (no correction required),796,TRIAL_RESULT_ANCHOR:TRIAL-RESULT-NCT02713256,result_trial_curation_v2.csv,trial_id=NCT02713256; field=primary_interpretation,bd6555815600e9877c817d5e15e3c2c626bbb6789847c9cbc4111e63ca00df81,2026-09-11,2026-09-10,"Same coordinator, stance-hidden second pass; within-agent bias reduction, not independent validation."
113,BLIND-0113,BATCH-05,ASSET-005,complete_asset_inventory_row,support,support,"For Batoclimab, every displayed identity/indication/target/stage/status/tier/confidence field matched the canonical asset row, its row hash, and resolved source IDs.",sources=683; 812; 813; 824; 836; 837; 838; 843 | exact_anchors=CANONICAL:pipeline_assets_v2.csv::asset=Batoclimab;row_sha256=5af2caa9f1531c3dae999b5bf4dee6db8fb1599192a11458f0cfd00faf6c2dba | canonical=pipeline_assets_v2.csv::asset=Batoclimab,PASS,NA (no correction required),683; 812; 813; 824; 836; 837; 838; 843,CANONICAL:pipeline_assets_v2.csv::asset=Batoclimab;row_sha256=5af2caa9f1531c3dae999b5bf4dee6db8fb1599192a11458f0cfd00faf6c2dba,pipeline_assets_v2.csv,asset=Batoclimab,bd6555815600e9877c817d5e15e3c2c626bbb6789847c9cbc4111e63ca00df81,2026-09-11,2026-09-10,"Same coordinator, stance-hidden second pass; within-agent bias reduction, not independent validation."
114,BLIND-0114,BATCH-05,ENDPOINT-008,analytical_endpoint_definition,support,support,"The frozen trial/SoC endpoint taxonomy separately represents PRR, CAS, diplopia, GO-QOL, overall response, and imaging versus GD biochemical/remission endpoints. The claim is a non-interchangeability rule, not a pooled comparison.",sources=NA (internal canonical evidence) | exact_anchors=CANONICAL:plan2.md | clinical_trials_v2.csv | soc_outcomes_v2.csv::frozen endpoint-semantics contract | clinical_trials.primary_endpoints | soc_outcomes.endpoint_semantics | canonical=plan2.md; clinical_trials_v2.csv; soc_outcomes_v2.csv::frozen endpoint-semantics contract; clinical_trials.primary_endpoints; soc_outcomes.endpoint_semantics,PASS,NA (no correction required),NA (internal canonical evidence),CANONICAL:plan2.md | clinical_trials_v2.csv | soc_outcomes_v2.csv::frozen endpoint-semantics contract | clinical_trials.primary_endpoints | soc_outcomes.endpoint_semantics,plan2.md; clinical_trials_v2.csv; soc_outcomes_v2.csv,frozen endpoint-semantics contract; clinical_trials.primary_endpoints; soc_outcomes.endpoint_semantics,bd6555815600e9877c817d5e15e3c2c626bbb6789847c9cbc4111e63ca00df81,2026-09-11,2026-09-10,"Same coordinator, stance-hidden second pass; within-agent bias reduction, not independent validation."
115,BLIND-0115,BATCH-05,DIRECT-MER-TSH-SPARING,direct_program_mechanism_or_status,support,support,"Sponsor/OR31-05 anchors describe TSH non-binding, preserved TSH signaling, and model-specific total-IgG sparing. The claim explicitly labels these sponsor/preclinical and unverified in humans.",sources=6; 8 | exact_anchors=DIRECT_ANCHOR:MER511-SPONSOR-TSH-SPARING-HYPOTHESIS; DIRECT_ANCHOR:MER511-OR31-TSH-SIGNALING; DIRECT_ANCHOR:MER511-OR31-SELECTIVE-DEPLETION-MOUSE | canonical=claim_evidence_anchors_v2.csv::DIRECT_ANCHOR:MER511-SPONSOR-TSH-SPARING-HYPOTHESIS;DIRECT_ANCHOR:MER511-OR31-TSH-SIGNALING;DIRECT_ANCHOR:MER511-OR31-SELECTIVE-DEPLETION-MOUSE,PASS,NA (no correction required),6; 8,DIRECT_ANCHOR:MER511-SPONSOR-TSH-SPARING-HYPOTHESIS; DIRECT_ANCHOR:MER511-OR31-TSH-SIGNALING; DIRECT_ANCHOR:MER511-OR31-SELECTIVE-DEPLETION-MOUSE,claim_evidence_anchors_v2.csv,DIRECT_ANCHOR:MER511-SPONSOR-TSH-SPARING-HYPOTHESIS;DIRECT_ANCHOR:MER511-OR31-TSH-SIGNALING;DIRECT_ANCHOR:MER511-OR31-SELECTIVE-DEPLETION-MOUSE,bd6555815600e9877c817d5e15e3c2c626bbb6789847c9cbc4111e63ca00df81,2026-09-11,2026-09-10,"Same coordinator, stance-hidden second pass; within-agent bias reduction, not independent validation."
116,BLIND-0116,BATCH-05,METHOD-005,internal_inventory_count,support,support,Recomputed inventory value 0 from registry_cut_reconciliation_2026-09-10.json at field=drift_row_count; frozen artifact hash and claim value matched.,sources=NA (internal canonical evidence) | exact_anchors=CANONICAL:registry_cut_reconciliation_2026-09-10.json::field=drift_row_count | canonical=registry_cut_reconciliation_2026-09-10.json::field=drift_row_count,PASS,NA (no correction required),NA (internal canonical evidence),CANONICAL:registry_cut_reconciliation_2026-09-10.json::field=drift_row_count,registry_cut_reconciliation_2026-09-10.json,field=drift_row_count,bd6555815600e9877c817d5e15e3c2c626bbb6789847c9cbc4111e63ca00df81,2026-09-11,2026-09-10,"Same coordinator, stance-hidden second pass; within-agent bias reduction, not independent validation."
117,BLIND-0117,BATCH-05,ASSET-022,complete_asset_inventory_row,support,support,"For LASN01, every displayed identity/indication/target/stage/status/tier/confidence field matched the canonical asset row, its row hash, and resolved source IDs.",sources=422; 521; 832; 853 | exact_anchors=CANONICAL:pipeline_assets_v2.csv::asset=LASN01;row_sha256=41fe4126561d9dce93a3ec41b83197b4a54edf29a220410c06957f67f8a8f40d | canonical=pipeline_assets_v2.csv::asset=LASN01,PASS,NA (no correction required),422; 521; 832; 853,CANONICAL:pipeline_assets_v2.csv::asset=LASN01;row_sha256=41fe4126561d9dce93a3ec41b83197b4a54edf29a220410c06957f67f8a8f40d,pipeline_assets_v2.csv,asset=LASN01,bd6555815600e9877c817d5e15e3c2c626bbb6789847c9cbc4111e63ca00df81,2026-09-11,2026-09-10,"Same coordinator, stance-hidden second pass; within-agent bias reduction, not independent validation."
118,BLIND-0118,BATCH-05,ASSET-042,complete_asset_inventory_row,support,support,"For Tofacitinib, every displayed identity/indication/target/stage/status/tier/confidence field matched the canonical asset row, its row hash, and resolved source IDs.",sources=905 | exact_anchors=CANONICAL:pipeline_assets_v2.csv::asset=Tofacitinib;row_sha256=33836bfc423ce42d8f0c9a146654e8c15ceb15dce7dbc717d24fbe92da64167b | canonical=pipeline_assets_v2.csv::asset=Tofacitinib,PASS,NA (no correction required),905,CANONICAL:pipeline_assets_v2.csv::asset=Tofacitinib;row_sha256=33836bfc423ce42d8f0c9a146654e8c15ceb15dce7dbc717d24fbe92da64167b,pipeline_assets_v2.csv,asset=Tofacitinib,bd6555815600e9877c817d5e15e3c2c626bbb6789847c9cbc4111e63ca00df81,2026-09-11,2026-09-10,"Same coordinator, stance-hidden second pass; within-agent bias reduction, not independent validation."
119,BLIND-0119,BATCH-05,TRIAL-001-EFFICACY,trial_efficacy_result,support,support,"For NCT00595335, the efficacy field matched the approved curation row; curation-row, clinical-trial-row, and frozen-registry-document hashes all matched, with posted-result status verified.",sources=762 | exact_anchors=TRIAL_RESULT_ANCHOR:TRIAL-RESULT-NCT00595335 | canonical=result_trial_curation_v2.csv::trial_id=NCT00595335; field=efficacy,PASS,NA (no correction required),762,TRIAL_RESULT_ANCHOR:TRIAL-RESULT-NCT00595335,result_trial_curation_v2.csv,trial_id=NCT00595335; field=efficacy,bd6555815600e9877c817d5e15e3c2c626bbb6789847c9cbc4111e63ca00df81,2026-09-11,2026-09-10,"Same coordinator, stance-hidden second pass; within-agent bias reduction, not independent validation."
120,BLIND-0120,BATCH-05,REG-EU-TEPEZZA-AUTH,regional_authorization_status,support,support,"For SOC-EU-TED-TEPEZZA, authorization text/value matched the canonical SoC field and the claim-specific regulator or documented query source subset; unresolved wording was not converted to absence.",sources=729 | exact_anchors=SOURCE_ANCHOR:EU-EMA-TEPEZZA-INDICATION; SOURCE_ANCHOR:EU-EMA-TEPEZZA-AUTH-DATE; CANONICAL:soc_outcomes_v2.csv::soc_id=SOC-EU-TED-TEPEZZA;field=authorization_status_scope | canonical=soc_outcomes_v2.csv::soc_id=SOC-EU-TED-TEPEZZA; field=authorization_status_scope,PASS,NA (no correction required),729,SOURCE_ANCHOR:EU-EMA-TEPEZZA-INDICATION; SOURCE_ANCHOR:EU-EMA-TEPEZZA-AUTH-DATE; CANONICAL:soc_outcomes_v2.csv::soc_id=SOC-EU-TED-TEPEZZA;field=authorization_status_scope,soc_outcomes_v2.csv,soc_id=SOC-EU-TED-TEPEZZA; field=authorization_status_scope,bd6555815600e9877c817d5e15e3c2c626bbb6789847c9cbc4111e63ca00df81,2026-09-11,2026-09-10,"Same coordinator, stance-hidden second pass; within-agent bias reduction, not independent validation."
121,BLIND-0121,BATCH-05,REG-JP-TEPEZZA-ACCESS,regional_reimbursement_access_status,support,support,"For SOC-JP-TED-TEPEZZA, access text/value matched the canonical SoC field and the claim-specific access/query source subset; authorization and access remained separate.",sources=752 | exact_anchors=CANONICAL:soc_outcomes_v2.csv::soc_id=SOC-JP-TED-TEPEZZA;field=reimbursement_access | canonical=soc_outcomes_v2.csv::soc_id=SOC-JP-TED-TEPEZZA; field=reimbursement_access,PASS,NA (no correction required),752,CANONICAL:soc_outcomes_v2.csv::soc_id=SOC-JP-TED-TEPEZZA;field=reimbursement_access,soc_outcomes_v2.csv,soc_id=SOC-JP-TED-TEPEZZA; field=reimbursement_access,bd6555815600e9877c817d5e15e3c2c626bbb6789847c9cbc4111e63ca00df81,2026-09-11,2026-09-10,"Same coordinator, stance-hidden second pass; within-agent bias reduction, not independent validation."
122,BLIND-0122,BATCH-05,REG-UK-TEPEZZA-ACCESS,regional_reimbursement_access_status,support,support,"For SOC-UK-TED-TEPEZZA, access text/value matched the canonical SoC field and the claim-specific access/query source subset; authorization and access remained separate.",sources=732; 733 | exact_anchors=SOURCE_ANCHOR:UK-NICE-TEPEZZA-EXPECTED-DATE-TBC; SOURCE_ANCHOR:UK-NICE-TEPEZZA-IN-PROGRESS; SOURCE_ANCHOR:UK-NICE-TEPEZZA-PROVISIONAL-SCHEDULE; SOURCE_ANCHOR:UK-NICE-TEPEZZA-DRAFT-NOT-FINAL; CANONICAL:soc_outcomes_v2.csv::soc_id=SOC-UK-TED-TEPEZZA;field=reimbursement_access | canonical=soc_outcomes_v2.csv::soc_id=SOC-UK-TED-TEPEZZA; field=reimbursement_access,PASS,NA (no correction required),732; 733,SOURCE_ANCHOR:UK-NICE-TEPEZZA-EXPECTED-DATE-TBC; SOURCE_ANCHOR:UK-NICE-TEPEZZA-IN-PROGRESS; SOURCE_ANCHOR:UK-NICE-TEPEZZA-PROVISIONAL-SCHEDULE; SOURCE_ANCHOR:UK-NICE-TEPEZZA-DRAFT-NOT-FINAL; CANONICAL:soc_outcomes_v2.csv::soc_id=SOC-UK-TED-TEPEZZA;field=reimbursement_access,soc_outcomes_v2.csv,soc_id=SOC-UK-TED-TEPEZZA; field=reimbursement_access,bd6555815600e9877c817d5e15e3c2c626bbb6789847c9cbc4111e63ca00df81,2026-09-11,2026-09-10,"Same coordinator, stance-hidden second pass; within-agent bias reduction, not independent validation."
123,BLIND-0123,BATCH-05,ASSET-040,complete_asset_inventory_row,support,support,"For Teprotumumab, every displayed identity/indication/target/stage/status/tier/confidence field matched the canonical asset row, its row hash, and resolved source IDs.",sources=190; 191; 274; 780; 807; 809; 817; 823; 855; 860; 869; 873; 885; 895; 899; 907 | exact_anchors=CANONICAL:pipeline_assets_v2.csv::asset=Teprotumumab;row_sha256=fb3a63174e22fbb733c118b9bdf3cfc461f41d710a1cd3b3866217727ac21080 | canonical=pipeline_assets_v2.csv::asset=Teprotumumab,PASS,NA (no correction required),190; 191; 274; 780; 807; 809; 817; 823; 855; 860; 869; 873; 885; 895; 899; 907,CANONICAL:pipeline_assets_v2.csv::asset=Teprotumumab;row_sha256=fb3a63174e22fbb733c118b9bdf3cfc461f41d710a1cd3b3866217727ac21080,pipeline_assets_v2.csv,asset=Teprotumumab,bd6555815600e9877c817d5e15e3c2c626bbb6789847c9cbc4111e63ca00df81,2026-09-11,2026-09-10,"Same coordinator, stance-hidden second pass; within-agent bias reduction, not independent validation."
124,BLIND-0124,BATCH-05,METHOD-014,internal_status_count,support,support,Recounted the status-specific trial subset as 1; claim text/value and frozen clinical-trial artifact hash matched.,sources=NA (internal canonical evidence) | exact_anchors=CANONICAL:clinical_trials_v2.csv::field=overall_status | value=SUSPENDED | canonical=clinical_trials_v2.csv::field=overall_status; value=SUSPENDED,PASS,NA (no correction required),NA (internal canonical evidence),CANONICAL:clinical_trials_v2.csv::field=overall_status | value=SUSPENDED,clinical_trials_v2.csv,field=overall_status; value=SUSPENDED,bd6555815600e9877c817d5e15e3c2c626bbb6789847c9cbc4111e63ca00df81,2026-09-11,2026-09-10,"Same coordinator, stance-hidden second pass; within-agent bias reduction, not independent validation."
125,BLIND-0125,BATCH-05,POTENTIAL-04,internal_rd_potential_confidence,support,support,"For K1-70, weighted potential 2.05/3 and evidence-confidence category matched separate canonical fields; the value is retained as an internal hypothesis-weighted metric.","sources=NA (internal canonical evidence) | exact_anchors=CANONICAL:pipeline_assets_v2.csv::asset=K1-70;fields=weighted_potential_0_3,evidence_confidence | canonical=pipeline_assets_v2.csv::asset=K1-70;fields=weighted_potential_0_3,evidence_confidence",PASS,NA (no correction required),NA (internal canonical evidence),"CANONICAL:pipeline_assets_v2.csv::asset=K1-70;fields=weighted_potential_0_3,evidence_confidence",pipeline_assets_v2.csv,"asset=K1-70;fields=weighted_potential_0_3,evidence_confidence",bd6555815600e9877c817d5e15e3c2c626bbb6789847c9cbc4111e63ca00df81,2026-09-11,2026-09-10,"Same coordinator, stance-hidden second pass; within-agent bias reduction, not independent validation."
126,BLIND-0126,BATCH-06,ENDPOINT-005,analytical_endpoint_definition,support,support,The SoC taxonomy separately encodes relapse after ATD withdrawal and persistent hyperthyroidism after RAI. The claim preserves that prior-therapy-specific distinction.,sources=NA (internal canonical evidence) | exact_anchors=CANONICAL:plan2.md | clinical_trials_v2.csv | soc_outcomes_v2.csv::frozen endpoint-semantics contract | clinical_trials.primary_endpoints | soc_outcomes.endpoint_semantics | canonical=plan2.md; clinical_trials_v2.csv; soc_outcomes_v2.csv::frozen endpoint-semantics contract; clinical_trials.primary_endpoints; soc_outcomes.endpoint_semantics,PASS,NA (no correction required),NA (internal canonical evidence),CANONICAL:plan2.md | clinical_trials_v2.csv | soc_outcomes_v2.csv::frozen endpoint-semantics contract | clinical_trials.primary_endpoints | soc_outcomes.endpoint_semantics,plan2.md; clinical_trials_v2.csv; soc_outcomes_v2.csv,frozen endpoint-semantics contract; clinical_trials.primary_endpoints; soc_outcomes.endpoint_semantics,bd6555815600e9877c817d5e15e3c2c626bbb6789847c9cbc4111e63ca00df81,2026-09-11,2026-09-10,"Same coordinator, stance-hidden second pass; within-agent bias reduction, not independent validation."
127,BLIND-0127,BATCH-06,ASSET-SUMMARY-TIERS,internal_asset_tier_count,support,support,Recomputed the full six-tier distribution from all 48 canonical asset rows; the serialized count dictionary matched exactly.,sources=NA (internal canonical evidence) | exact_anchors=CANONICAL:pipeline_assets_v2.csv::field=core_adjacent_tier | canonical=pipeline_assets_v2.csv::field=core_adjacent_tier,PASS,NA (no correction required),NA (internal canonical evidence),CANONICAL:pipeline_assets_v2.csv::field=core_adjacent_tier,pipeline_assets_v2.csv,field=core_adjacent_tier,bd6555815600e9877c817d5e15e3c2c626bbb6789847c9cbc4111e63ca00df81,2026-09-11,2026-09-10,"Same coordinator, stance-hidden second pass; within-agent bias reduction, not independent validation."
128,BLIND-0128,BATCH-06,TRIAL-025-INTERPRETATION,trial_primary_interpretation,support,support,"For NCT06384547, the primary interpretation/disposition matched the approved curation row; curation-row, clinical-trial-row, and frozen-registry-document hashes all matched, with posted-result status verified.",sources=859 | exact_anchors=TRIAL_RESULT_ANCHOR:TRIAL-RESULT-NCT06384547 | canonical=result_trial_curation_v2.csv::trial_id=NCT06384547; field=primary_interpretation,PASS,NA (no correction required),859,TRIAL_RESULT_ANCHOR:TRIAL-RESULT-NCT06384547,result_trial_curation_v2.csv,trial_id=NCT06384547; field=primary_interpretation,bd6555815600e9877c817d5e15e3c2c626bbb6789847c9cbc4111e63ca00df81,2026-09-11,2026-09-10,"Same coordinator, stance-hidden second pass; within-agent bias reduction, not independent validation."
129,BLIND-0129,BATCH-06,TRIAL-015-EFFICACY,trial_efficacy_result,support,support,"For NCT04583735, the efficacy field matched the approved curation row; curation-row, clinical-trial-row, and frozen-registry-document hashes all matched, with posted-result status verified.",sources=817 | exact_anchors=TRIAL_RESULT_ANCHOR:TRIAL-RESULT-NCT04583735 | canonical=result_trial_curation_v2.csv::trial_id=NCT04583735; field=efficacy,PASS,NA (no correction required),817,TRIAL_RESULT_ANCHOR:TRIAL-RESULT-NCT04583735,result_trial_curation_v2.csv,trial_id=NCT04583735; field=efficacy,bd6555815600e9877c817d5e15e3c2c626bbb6789847c9cbc4111e63ca00df81,2026-09-11,2026-09-10,"Same coordinator, stance-hidden second pass; within-agent bias reduction, not independent validation."
130,BLIND-0130,BATCH-06,DIRECT-LCA-PHASE-STATUS,direct_program_mechanism_or_status,support,support,"The CTIS exact anchors identify LCA-0321-01 as Phase 1, first administration to humans, SAD/MAD, and ongoing/recruiting at the frozen cut.",sources=2 | exact_anchors=DIRECT_ANCHOR:LCA0321-CTIS-PHASE-STATUS; DIRECT_ANCHOR:LCA0321-CTIS-SAD-MAD-TITLE | canonical=claim_evidence_anchors_v2.csv::DIRECT_ANCHOR:LCA0321-CTIS-PHASE-STATUS;DIRECT_ANCHOR:LCA0321-CTIS-SAD-MAD-TITLE,PASS,NA (no correction required),2,DIRECT_ANCHOR:LCA0321-CTIS-PHASE-STATUS; DIRECT_ANCHOR:LCA0321-CTIS-SAD-MAD-TITLE,claim_evidence_anchors_v2.csv,DIRECT_ANCHOR:LCA0321-CTIS-PHASE-STATUS;DIRECT_ANCHOR:LCA0321-CTIS-SAD-MAD-TITLE,bd6555815600e9877c817d5e15e3c2c626bbb6789847c9cbc4111e63ca00df81,2026-09-11,2026-09-10,"Same coordinator, stance-hidden second pass; within-agent bias reduction, not independent validation."
131,BLIND-0131,BATCH-06,HIST-KR-RAI-UNIFORM,historical_failed_claim,insufficient,insufficient,"The table says prophylaxis recommended, whereas the narrative says may be considered. One uniform recommendation strength is not supported by both exact anchors.",sources=28 | exact_anchors=SOURCE_ANCHOR:KR-KTA2025-RAI-R5.3-NARRATIVE; SOURCE_ANCHOR:KR-KTA2025-RAI-R5.3-TABLE | canonical=source_anchors_v2.csv::SOURCE_ANCHOR:KR-KTA2025-RAI-R5.3-NARRATIVE;SOURCE_ANCHOR:KR-KTA2025-RAI-R5.3-TABLE,PASS,Ledger-only; corrected by SOC-CONFLICT-KR-RAI with Severity 3 disclosure.,28,SOURCE_ANCHOR:KR-KTA2025-RAI-R5.3-NARRATIVE; SOURCE_ANCHOR:KR-KTA2025-RAI-R5.3-TABLE,source_anchors_v2.csv,SOURCE_ANCHOR:KR-KTA2025-RAI-R5.3-NARRATIVE;SOURCE_ANCHOR:KR-KTA2025-RAI-R5.3-TABLE,bd6555815600e9877c817d5e15e3c2c626bbb6789847c9cbc4111e63ca00df81,2026-09-11,2026-09-10,"Same coordinator, stance-hidden second pass; within-agent bias reduction, not independent validation."
132,BLIND-0132,BATCH-06,TRIAL-023-INTERPRETATION,trial_primary_interpretation,support,support,"For NCT06179875, the primary interpretation/disposition matched the approved curation row; curation-row, clinical-trial-row, and frozen-registry-document hashes all matched, with posted-result status verified.",sources=852 | exact_anchors=TRIAL_RESULT_ANCHOR:TRIAL-RESULT-NCT06179875 | canonical=result_trial_curation_v2.csv::trial_id=NCT06179875; field=primary_interpretation,PASS,NA (no correction required),852,TRIAL_RESULT_ANCHOR:TRIAL-RESULT-NCT06179875,result_trial_curation_v2.csv,trial_id=NCT06179875; field=primary_interpretation,bd6555815600e9877c817d5e15e3c2c626bbb6789847c9cbc4111e63ca00df81,2026-09-11,2026-09-10,"Same coordinator, stance-hidden second pass; within-agent bias reduction, not independent validation."
133,BLIND-0133,BATCH-06,ASSET-019,complete_asset_inventory_row,support,support,"For Kamuvudine-9 (K9), every displayed identity/indication/target/stage/status/tier/confidence field matched the canonical asset row, its row hash, and resolved source IDs.",sources=864 | exact_anchors=CANONICAL:pipeline_assets_v2.csv::asset=Kamuvudine-9 (K9);row_sha256=dbc1f2ee16bfb083849112be766e41b6c1cb12e2da3a2ff1932b11ca324b0c14 | canonical=pipeline_assets_v2.csv::asset=Kamuvudine-9 (K9),PASS,NA (no correction required),864,CANONICAL:pipeline_assets_v2.csv::asset=Kamuvudine-9 (K9);row_sha256=dbc1f2ee16bfb083849112be766e41b6c1cb12e2da3a2ff1932b11ca324b0c14,pipeline_assets_v2.csv,asset=Kamuvudine-9 (K9),bd6555815600e9877c817d5e15e3c2c626bbb6789847c9cbc4111e63ca00df81,2026-09-11,2026-09-10,"Same coordinator, stance-hidden second pass; within-agent bias reduction, not independent validation."
134,BLIND-0134,BATCH-06,TRIAL-016-INTERPRETATION,trial_primary_interpretation,support,support,"For NCT04737330, the primary interpretation/disposition matched the approved curation row; curation-row, clinical-trial-row, and frozen-registry-document hashes all matched, with posted-result status verified.",sources=819 | exact_anchors=TRIAL_RESULT_ANCHOR:TRIAL-RESULT-NCT04737330 | canonical=result_trial_curation_v2.csv::trial_id=NCT04737330; field=primary_interpretation,PASS,NA (no correction required),819,TRIAL_RESULT_ANCHOR:TRIAL-RESULT-NCT04737330,result_trial_curation_v2.csv,trial_id=NCT04737330; field=primary_interpretation,bd6555815600e9877c817d5e15e3c2c626bbb6789847c9cbc4111e63ca00df81,2026-09-11,2026-09-10,"Same coordinator, stance-hidden second pass; within-agent bias reduction, not independent validation."
135,BLIND-0135,BATCH-06,ASSET-006,complete_asset_inventory_row,support,support,"For BHV-1300, every displayed identity/indication/target/stage/status/tier/confidence field matched the canonical asset row, its row hash, and resolved source IDs.",sources=879; 914 | exact_anchors=CANONICAL:pipeline_assets_v2.csv::asset=BHV-1300;row_sha256=a1b7d1a81935a96a122ed0875220172305bb41bdafb966341db684e92bc2beb9 | canonical=pipeline_assets_v2.csv::asset=BHV-1300,PASS,NA (no correction required),879; 914,CANONICAL:pipeline_assets_v2.csv::asset=BHV-1300;row_sha256=a1b7d1a81935a96a122ed0875220172305bb41bdafb966341db684e92bc2beb9,pipeline_assets_v2.csv,asset=BHV-1300,bd6555815600e9877c817d5e15e3c2c626bbb6789847c9cbc4111e63ca00df81,2026-09-11,2026-09-10,"Same coordinator, stance-hidden second pass; within-agent bias reduction, not independent validation."
136,BLIND-0136,BATCH-06,ASSET-026,complete_asset_inventory_row,support,support,"For Lu AG22515, every displayed identity/indication/target/stage/status/tier/confidence field matched the canonical asset row, its row hash, and resolved source IDs.",sources=868 | exact_anchors=CANONICAL:pipeline_assets_v2.csv::asset=Lu AG22515;row_sha256=c6f63087e1a55e64581de484461c040703bf53ca8d0febf8732ec29b3e172d54 | canonical=pipeline_assets_v2.csv::asset=Lu AG22515,PASS,NA (no correction required),868,CANONICAL:pipeline_assets_v2.csv::asset=Lu AG22515;row_sha256=c6f63087e1a55e64581de484461c040703bf53ca8d0febf8732ec29b3e172d54,pipeline_assets_v2.csv,asset=Lu AG22515,bd6555815600e9877c817d5e15e3c2c626bbb6789847c9cbc4111e63ca00df81,2026-09-11,2026-09-10,"Same coordinator, stance-hidden second pass; within-agent bias reduction, not independent validation."
137,BLIND-0137,BATCH-06,REG-KR-TEPEZZA-ACCESS,regional_reimbursement_access_status,support,support,"For SOC-KR-TED-TEPEZZA, access text/value matched the canonical SoC field and the claim-specific access/query source subset; authorization and access remained separate.",sources=746 | exact_anchors=CANONICAL:soc_outcomes_v2.csv::soc_id=SOC-KR-TED-TEPEZZA;field=reimbursement_access | canonical=soc_outcomes_v2.csv::soc_id=SOC-KR-TED-TEPEZZA; field=reimbursement_access,PASS,NA (no correction required),746,CANONICAL:soc_outcomes_v2.csv::soc_id=SOC-KR-TED-TEPEZZA;field=reimbursement_access,soc_outcomes_v2.csv,soc_id=SOC-KR-TED-TEPEZZA; field=reimbursement_access,bd6555815600e9877c817d5e15e3c2c626bbb6789847c9cbc4111e63ca00df81,2026-09-11,2026-09-10,"Same coordinator, stance-hidden second pass; within-agent bias reduction, not independent validation."
138,BLIND-0138,BATCH-06,DOC-CONTROL-003,internal_document_control,support,support,"Verified the frozen plan2.md control anchor and hash for analysis boundary; this is a release-control statement, not an external clinical claim.",sources=NA (internal canonical evidence) | exact_anchors=INTERNAL_PLAN:plan2.md::frozen-contract::analysis boundary | canonical=plan2.md::frozen-contract::analysis boundary,PASS,NA (no correction required),NA (internal canonical evidence),INTERNAL_PLAN:plan2.md::frozen-contract::analysis boundary,plan2.md,frozen-contract::analysis boundary,bd6555815600e9877c817d5e15e3c2c626bbb6789847c9cbc4111e63ca00df81,2026-09-11,2026-09-10,"Same coordinator, stance-hidden second pass; within-agent bias reduction, not independent validation."
139,BLIND-0139,BATCH-06,ASSET-033,complete_asset_inventory_row,support,support,"For Rituximab, every displayed identity/indication/target/stage/status/tier/confidence field matched the canonical asset row, its row hash, and resolved source IDs.",sources=755; 760; 762; 791 | exact_anchors=CANONICAL:pipeline_assets_v2.csv::asset=Rituximab;row_sha256=b2be0b0a5c4cd86e163afb76ee491438d68f6fe12529c3f7a6c5efc00a449999 | canonical=pipeline_assets_v2.csv::asset=Rituximab,PASS,NA (no correction required),755; 760; 762; 791,CANONICAL:pipeline_assets_v2.csv::asset=Rituximab;row_sha256=b2be0b0a5c4cd86e163afb76ee491438d68f6fe12529c3f7a6c5efc00a449999,pipeline_assets_v2.csv,asset=Rituximab,bd6555815600e9877c817d5e15e3c2c626bbb6789847c9cbc4111e63ca00df81,2026-09-11,2026-09-10,"Same coordinator, stance-hidden second pass; within-agent bias reduction, not independent validation."
140,BLIND-0140,BATCH-06,ASSET-038,complete_asset_inventory_row,support,support,"For Sirolimus (rapamycin), every displayed identity/indication/target/stage/status/tier/confidence field matched the canonical asset row, its row hash, and resolved source IDs.",sources=818; 822; 839 | exact_anchors=CANONICAL:pipeline_assets_v2.csv::asset=Sirolimus (rapamycin);row_sha256=53e7d3b8bd9b5ddf7253c6405d23765e9250c9ba1fb4afebbe3619e82dd9ab6f | canonical=pipeline_assets_v2.csv::asset=Sirolimus (rapamycin),PASS,NA (no correction required),818; 822; 839,CANONICAL:pipeline_assets_v2.csv::asset=Sirolimus (rapamycin);row_sha256=53e7d3b8bd9b5ddf7253c6405d23765e9250c9ba1fb4afebbe3619e82dd9ab6f,pipeline_assets_v2.csv,asset=Sirolimus (rapamycin),bd6555815600e9877c817d5e15e3c2c626bbb6789847c9cbc4111e63ca00df81,2026-09-11,2026-09-10,"Same coordinator, stance-hidden second pass; within-agent bias reduction, not independent validation."
141,BLIND-0141,BATCH-06,ASSET-046,complete_asset_inventory_row,support,support,"For VRDN-003, every displayed identity/indication/target/stage/status/tier/confidence field matched the canonical asset row, its row hash, and resolved source IDs.",sources=871; 872; 877; 889; 891 | exact_anchors=CANONICAL:pipeline_assets_v2.csv::asset=VRDN-003;row_sha256=d1992a3af28d79aee6cdac2e67c7c62748e60c641ad556f2c23dd39fd14e98db | canonical=pipeline_assets_v2.csv::asset=VRDN-003,PASS,NA (no correction required),871; 872; 877; 889; 891,CANONICAL:pipeline_assets_v2.csv::asset=VRDN-003;row_sha256=d1992a3af28d79aee6cdac2e67c7c62748e60c641ad556f2c23dd39fd14e98db,pipeline_assets_v2.csv,asset=VRDN-003,bd6555815600e9877c817d5e15e3c2c626bbb6789847c9cbc4111e63ca00df81,2026-09-11,2026-09-10,"Same coordinator, stance-hidden second pass; within-agent bias reduction, not independent validation."
142,BLIND-0142,BATCH-06,ASSET-016,complete_asset_inventory_row,support,support,"For IMVT-1402, every displayed identity/indication/target/stage/status/tier/confidence field matched the canonical asset row, its row hash, and resolved source IDs.",sources=875; 882; 896 | exact_anchors=CANONICAL:pipeline_assets_v2.csv::asset=IMVT-1402;row_sha256=82db253cb9d50df59a60563b08f39b3974ad0e717a205f696b47c951982fd413 | canonical=pipeline_assets_v2.csv::asset=IMVT-1402,PASS,NA (no correction required),875; 882; 896,CANONICAL:pipeline_assets_v2.csv::asset=IMVT-1402;row_sha256=82db253cb9d50df59a60563b08f39b3974ad0e717a205f696b47c951982fd413,pipeline_assets_v2.csv,asset=IMVT-1402,bd6555815600e9877c817d5e15e3c2c626bbb6789847c9cbc4111e63ca00df81,2026-09-11,2026-09-10,"Same coordinator, stance-hidden second pass; within-agent bias reduction, not independent validation."
143,BLIND-0143,BATCH-06,DIRECT-OTHER-01,direct_program_inventory_status,support,support,"For GenSci098 / YB-101, target, highest stage, status, and trial linkage matched the canonical asset row and resolved source/registry mappings; no efficacy inference was added.","sources=541; 870; 897; 915 | exact_anchors=CANONICAL:pipeline_assets_v2.csv::asset=GenSci098 / YB-101;fields=target,highest_stage,status,trial_ids | canonical=pipeline_assets_v2.csv::asset=GenSci098 / YB-101",PASS,NA (no correction required),541; 870; 897; 915,"CANONICAL:pipeline_assets_v2.csv::asset=GenSci098 / YB-101;fields=target,highest_stage,status,trial_ids",pipeline_assets_v2.csv,asset=GenSci098 / YB-101,bd6555815600e9877c817d5e15e3c2c626bbb6789847c9cbc4111e63ca00df81,2026-09-11,2026-09-10,"Same coordinator, stance-hidden second pass; within-agent bias reduction, not independent validation."
144,BLIND-0144,BATCH-06,ASSET-009,complete_asset_inventory_row,support,support,"For Efgartigimod PH20 SC, every displayed identity/indication/target/stage/status/tier/confidence field matched the canonical asset row, its row hash, and resolved source IDs.",sources=857; 858; 906; 908 | exact_anchors=CANONICAL:pipeline_assets_v2.csv::asset=Efgartigimod PH20 SC;row_sha256=bf8fec70369352e74fd5a3601cab61988ddfe6c9a3dade8c06c921021a90c494 | canonical=pipeline_assets_v2.csv::asset=Efgartigimod PH20 SC,PASS,NA (no correction required),857; 858; 906; 908,CANONICAL:pipeline_assets_v2.csv::asset=Efgartigimod PH20 SC;row_sha256=bf8fec70369352e74fd5a3601cab61988ddfe6c9a3dade8c06c921021a90c494,pipeline_assets_v2.csv,asset=Efgartigimod PH20 SC,bd6555815600e9877c817d5e15e3c2c626bbb6789847c9cbc4111e63ca00df81,2026-09-11,2026-09-10,"Same coordinator, stance-hidden second pass; within-agent bias reduction, not independent validation."
145,BLIND-0145,BATCH-06,TRIAL-017-INTERPRETATION,trial_primary_interpretation,support,support,"For NCT05176639, the primary interpretation/disposition matched the approved curation row; curation-row, clinical-trial-row, and frozen-registry-document hashes all matched, with posted-result status verified.",sources=829 | exact_anchors=TRIAL_RESULT_ANCHOR:TRIAL-RESULT-NCT05176639 | canonical=result_trial_curation_v2.csv::trial_id=NCT05176639; field=primary_interpretation,PASS,NA (no correction required),829,TRIAL_RESULT_ANCHOR:TRIAL-RESULT-NCT05176639,result_trial_curation_v2.csv,trial_id=NCT05176639; field=primary_interpretation,bd6555815600e9877c817d5e15e3c2c626bbb6789847c9cbc4111e63ca00df81,2026-09-11,2026-09-10,"Same coordinator, stance-hidden second pass; within-agent bias reduction, not independent validation."
146,BLIND-0146,BATCH-06,REG-US-TEPEZZA-AUTH,regional_authorization_status,support,support,"For SOC-US-TED-TEPEZZA, authorization text/value matched the canonical SoC field and the claim-specific regulator or documented query source subset; unresolved wording was not converted to absence.",sources=728 | exact_anchors=SOURCE_ANCHOR:US-TEPEZZA-LABEL-INDICATION; CANONICAL:soc_outcomes_v2.csv::soc_id=SOC-US-TED-TEPEZZA;field=authorization_status_scope | canonical=soc_outcomes_v2.csv::soc_id=SOC-US-TED-TEPEZZA; field=authorization_status_scope,PASS,NA (no correction required),728,SOURCE_ANCHOR:US-TEPEZZA-LABEL-INDICATION; CANONICAL:soc_outcomes_v2.csv::soc_id=SOC-US-TED-TEPEZZA;field=authorization_status_scope,soc_outcomes_v2.csv,soc_id=SOC-US-TED-TEPEZZA; field=authorization_status_scope,bd6555815600e9877c817d5e15e3c2c626bbb6789847c9cbc4111e63ca00df81,2026-09-11,2026-09-10,"Same coordinator, stance-hidden second pass; within-agent bias reduction, not independent validation."
147,BLIND-0147,BATCH-06,ASSET-003,complete_asset_inventory_row,support,support,"For AMG 732, every displayed identity/indication/target/stage/status/tier/confidence field matched the canonical asset row, its row hash, and resolved source IDs.",sources=862; 903 | exact_anchors=CANONICAL:pipeline_assets_v2.csv::asset=AMG 732;row_sha256=6addc9644414ce322c1e98c0d98074d56a7bb15721410a3775c44b4ae297aa12 | canonical=pipeline_assets_v2.csv::asset=AMG 732,PASS,NA (no correction required),862; 903,CANONICAL:pipeline_assets_v2.csv::asset=AMG 732;row_sha256=6addc9644414ce322c1e98c0d98074d56a7bb15721410a3775c44b4ae297aa12,pipeline_assets_v2.csv,asset=AMG 732,bd6555815600e9877c817d5e15e3c2c626bbb6789847c9cbc4111e63ca00df81,2026-09-11,2026-09-10,"Same coordinator, stance-hidden second pass; within-agent bias reduction, not independent validation."
148,BLIND-0148,BATCH-06,METHOD-013,internal_status_count,support,support,Recounted the status-specific trial subset as 2; claim text/value and frozen clinical-trial artifact hash matched.,sources=NA (internal canonical evidence) | exact_anchors=CANONICAL:clinical_trials_v2.csv::field=overall_status | value=ENROLLING_BY_INVITATION | canonical=clinical_trials_v2.csv::field=overall_status; value=ENROLLING_BY_INVITATION,PASS,NA (no correction required),NA (internal canonical evidence),CANONICAL:clinical_trials_v2.csv::field=overall_status | value=ENROLLING_BY_INVITATION,clinical_trials_v2.csv,field=overall_status; value=ENROLLING_BY_INVITATION,bd6555815600e9877c817d5e15e3c2c626bbb6789847c9cbc4111e63ca00df81,2026-09-11,2026-09-10,"Same coordinator, stance-hidden second pass; within-agent bias reduction, not independent validation."
149,BLIND-0149,BATCH-06,DIRECT-MER-PHASE-STATUS,direct_program_mechanism_or_status,support,support,"The NEXUS title/status/age/purpose anchors support placebo control, first-in-human Phase 1, IV/SC SAD/MAD, adults 18–55 with GD, and recruiting status; no outcome is inferred.",sources=7; 898 | exact_anchors=DIRECT_ANCHOR:MER511-NEXUS-OFFICIAL-TITLE; DIRECT_ANCHOR:MER511-NEXUS-RECRUITING; DIRECT_ANCHOR:MER511-NEXUS-ROUTES-PURPOSE; DIRECT_ANCHOR:MER511-NEXUS-AGE-PKPD | canonical=claim_evidence_anchors_v2.csv::DIRECT_ANCHOR:MER511-NEXUS-OFFICIAL-TITLE;DIRECT_ANCHOR:MER511-NEXUS-RECRUITING;DIRECT_ANCHOR:MER511-NEXUS-ROUTES-PURPOSE;DIRECT_ANCHOR:MER511-NEXUS-AGE-PKPD,PASS,NA (no correction required),7; 898,DIRECT_ANCHOR:MER511-NEXUS-OFFICIAL-TITLE; DIRECT_ANCHOR:MER511-NEXUS-RECRUITING; DIRECT_ANCHOR:MER511-NEXUS-ROUTES-PURPOSE; DIRECT_ANCHOR:MER511-NEXUS-AGE-PKPD,claim_evidence_anchors_v2.csv,DIRECT_ANCHOR:MER511-NEXUS-OFFICIAL-TITLE;DIRECT_ANCHOR:MER511-NEXUS-RECRUITING;DIRECT_ANCHOR:MER511-NEXUS-ROUTES-PURPOSE;DIRECT_ANCHOR:MER511-NEXUS-AGE-PKPD,bd6555815600e9877c817d5e15e3c2c626bbb6789847c9cbc4111e63ca00df81,2026-09-11,2026-09-10,"Same coordinator, stance-hidden second pass; within-agent bias reduction, not independent validation."
150,BLIND-0150,BATCH-06,TRIAL-004-EFFICACY,trial_efficacy_result,support,support,"For NCT01868997, the efficacy field matched the approved curation row; curation-row, clinical-trial-row, and frozen-registry-document hashes all matched, with posted-result status verified.",sources=780 | exact_anchors=TRIAL_RESULT_ANCHOR:TRIAL-RESULT-NCT01868997 | canonical=result_trial_curation_v2.csv::trial_id=NCT01868997; field=efficacy,PASS,NA (no correction required),780,TRIAL_RESULT_ANCHOR:TRIAL-RESULT-NCT01868997,result_trial_curation_v2.csv,trial_id=NCT01868997; field=efficacy,bd6555815600e9877c817d5e15e3c2c626bbb6789847c9cbc4111e63ca00df81,2026-09-11,2026-09-10,"Same coordinator, stance-hidden second pass; within-agent bias reduction, not independent validation."
151,BLIND-0151,BATCH-07,TRIAL-014-EFFICACY,trial_efficacy_result,support,support,"For NCT03938545, the efficacy field matched the approved curation row; curation-row, clinical-trial-row, and frozen-registry-document hashes all matched, with posted-result status verified.",sources=813 | exact_anchors=TRIAL_RESULT_ANCHOR:TRIAL-RESULT-NCT03938545 | canonical=result_trial_curation_v2.csv::trial_id=NCT03938545; field=efficacy,PASS,NA (no correction required),813,TRIAL_RESULT_ANCHOR:TRIAL-RESULT-NCT03938545,result_trial_curation_v2.csv,trial_id=NCT03938545; field=efficacy,bd6555815600e9877c817d5e15e3c2c626bbb6789847c9cbc4111e63ca00df81,2026-09-11,2026-09-10,"Same coordinator, stance-hidden second pass; within-agent bias reduction, not independent validation."
152,BLIND-0152,BATCH-07,SOC-CONFLICT-NICE,source_timing_disclosure,support,support,"Exact NICE anchors state expected publication TBC, status In progress, a provisional 08–29 September 2026 consultation and 05 January 2027 committee meeting, and that the draft is not final guidance.","sources=732; 733 | exact_anchors=SOURCE_ANCHOR:UK-NICE-TEPEZZA-EXPECTED-DATE-TBC; SOURCE_ANCHOR:UK-NICE-TEPEZZA-IN-PROGRESS; SOURCE_ANCHOR:UK-NICE-TEPEZZA-PROVISIONAL-SCHEDULE; SOURCE_ANCHOR:UK-NICE-TEPEZZA-DRAFT-NOT-FINAL | canonical=source_anchors_v2.csv::anchors=UK-NICE-TEPEZZA-EXPECTED-DATE-TBC,UK-NICE-TEPEZZA-IN-PROGRESS,UK-NICE-TEPEZZA-PROVISIONAL-SCHEDULE,UK-NICE-TEPEZZA-DRAFT-NOT-FINAL",PASS,NA (provisional status retained; NHS access remains unresolved),732; 733,SOURCE_ANCHOR:UK-NICE-TEPEZZA-EXPECTED-DATE-TBC; SOURCE_ANCHOR:UK-NICE-TEPEZZA-IN-PROGRESS; SOURCE_ANCHOR:UK-NICE-TEPEZZA-PROVISIONAL-SCHEDULE; SOURCE_ANCHOR:UK-NICE-TEPEZZA-DRAFT-NOT-FINAL,source_anchors_v2.csv,"anchors=UK-NICE-TEPEZZA-EXPECTED-DATE-TBC,UK-NICE-TEPEZZA-IN-PROGRESS,UK-NICE-TEPEZZA-PROVISIONAL-SCHEDULE,UK-NICE-TEPEZZA-DRAFT-NOT-FINAL",bd6555815600e9877c817d5e15e3c2c626bbb6789847c9cbc4111e63ca00df81,2026-09-11,2026-09-10,"Same coordinator, stance-hidden second pass; within-agent bias reduction, not independent validation."
153,BLIND-0153,BATCH-07,TRIAL-018-EFFICACY,trial_efficacy_result,support,support,"For NCT05276063, the efficacy field matched the approved curation row; curation-row, clinical-trial-row, and frozen-registry-document hashes all matched, with posted-result status verified.",sources=831 | exact_anchors=TRIAL_RESULT_ANCHOR:TRIAL-RESULT-NCT05276063 | canonical=result_trial_curation_v2.csv::trial_id=NCT05276063; field=efficacy,PASS,NA (no correction required),831,TRIAL_RESULT_ANCHOR:TRIAL-RESULT-NCT05276063,result_trial_curation_v2.csv,trial_id=NCT05276063; field=efficacy,bd6555815600e9877c817d5e15e3c2c626bbb6789847c9cbc4111e63ca00df81,2026-09-11,2026-09-10,"Same coordinator, stance-hidden second pass; within-agent bias reduction, not independent validation."
154,BLIND-0154,BATCH-07,REG-UK-LUMVOA-ACCESS,regional_reimbursement_access_status,support,support,"For SOC-UK-TED-LUMVOA, access text/value matched the canonical SoC field and the claim-specific access/query source subset; authorization and access remained separate.",sources=749 | exact_anchors=CANONICAL:soc_outcomes_v2.csv::soc_id=SOC-UK-TED-LUMVOA;field=reimbursement_access | canonical=soc_outcomes_v2.csv::soc_id=SOC-UK-TED-LUMVOA; field=reimbursement_access,PASS,NA (no correction required),749,CANONICAL:soc_outcomes_v2.csv::soc_id=SOC-UK-TED-LUMVOA;field=reimbursement_access,soc_outcomes_v2.csv,soc_id=SOC-UK-TED-LUMVOA; field=reimbursement_access,bd6555815600e9877c817d5e15e3c2c626bbb6789847c9cbc4111e63ca00df81,2026-09-11,2026-09-10,"Same coordinator, stance-hidden second pass; within-agent bias reduction, not independent validation."
155,BLIND-0155,BATCH-07,METHOD-012,internal_status_count,support,support,Recounted the status-specific trial subset as 5; claim text/value and frozen clinical-trial artifact hash matched.,sources=NA (internal canonical evidence) | exact_anchors=CANONICAL:clinical_trials_v2.csv::field=overall_status | value=WITHDRAWN | canonical=clinical_trials_v2.csv::field=overall_status; value=WITHDRAWN,PASS,NA (no correction required),NA (internal canonical evidence),CANONICAL:clinical_trials_v2.csv::field=overall_status | value=WITHDRAWN,clinical_trials_v2.csv,field=overall_status; value=WITHDRAWN,bd6555815600e9877c817d5e15e3c2c626bbb6789847c9cbc4111e63ca00df81,2026-09-11,2026-09-10,"Same coordinator, stance-hidden second pass; within-agent bias reduction, not independent validation."
156,BLIND-0156,BATCH-07,METHOD-003,internal_inventory_count,support,support,Recomputed inventory value 168 from clinical_trials_v2.csv at all rows; unique trial_id; frozen artifact hash and claim value matched.,sources=NA (internal canonical evidence) | exact_anchors=CANONICAL:clinical_trials_v2.csv::all rows | unique trial_id | canonical=clinical_trials_v2.csv::all rows; unique trial_id,PASS,NA (no correction required),NA (internal canonical evidence),CANONICAL:clinical_trials_v2.csv::all rows | unique trial_id,clinical_trials_v2.csv,all rows; unique trial_id,bd6555815600e9877c817d5e15e3c2c626bbb6789847c9cbc4111e63ca00df81,2026-09-11,2026-09-10,"Same coordinator, stance-hidden second pass; within-agent bias reduction, not independent validation."
157,BLIND-0157,BATCH-07,TRIAL-024-EFFICACY,trial_efficacy_result,support,support,"For NCT06226545, the efficacy field matched the approved curation row; curation-row, clinical-trial-row, and frozen-registry-document hashes all matched, with posted-result status verified.",sources=853 | exact_anchors=TRIAL_RESULT_ANCHOR:TRIAL-RESULT-NCT06226545 | canonical=result_trial_curation_v2.csv::trial_id=NCT06226545; field=efficacy,PASS,NA (no correction required),853,TRIAL_RESULT_ANCHOR:TRIAL-RESULT-NCT06226545,result_trial_curation_v2.csv,trial_id=NCT06226545; field=efficacy,bd6555815600e9877c817d5e15e3c2c626bbb6789847c9cbc4111e63ca00df81,2026-09-11,2026-09-10,"Same coordinator, stance-hidden second pass; within-agent bias reduction, not independent validation."
158,BLIND-0158,BATCH-07,TRIAL-020-INTERPRETATION,trial_primary_interpretation,support,support,"For NCT05987423, the primary interpretation/disposition matched the approved curation row; curation-row, clinical-trial-row, and frozen-registry-document hashes all matched, with posted-result status verified.",sources=844 | exact_anchors=TRIAL_RESULT_ANCHOR:TRIAL-RESULT-NCT05987423 | canonical=result_trial_curation_v2.csv::trial_id=NCT05987423; field=primary_interpretation,PASS,NA (no correction required),844,TRIAL_RESULT_ANCHOR:TRIAL-RESULT-NCT05987423,result_trial_curation_v2.csv,trial_id=NCT05987423; field=primary_interpretation,bd6555815600e9877c817d5e15e3c2c626bbb6789847c9cbc4111e63ca00df81,2026-09-11,2026-09-10,"Same coordinator, stance-hidden second pass; within-agent bias reduction, not independent validation."
159,BLIND-0159,BATCH-07,ASSET-027,complete_asset_inventory_row,support,support,"For MER511, every displayed identity/indication/target/stage/status/tier/confidence field matched the canonical asset row, its row hash, and resolved source IDs.",sources=6; 7; 8; 898 | exact_anchors=CANONICAL:pipeline_assets_v2.csv::asset=MER511;row_sha256=bb948379c81d2409fee4f58e15ba4bdd0b8f31183c31869e2de2b4488b2e964d | canonical=pipeline_assets_v2.csv::asset=MER511,PASS,NA (no correction required),6; 7; 8; 898,CANONICAL:pipeline_assets_v2.csv::asset=MER511;row_sha256=bb948379c81d2409fee4f58e15ba4bdd0b8f31183c31869e2de2b4488b2e964d,pipeline_assets_v2.csv,asset=MER511,bd6555815600e9877c817d5e15e3c2c626bbb6789847c9cbc4111e63ca00df81,2026-09-11,2026-09-10,"Same coordinator, stance-hidden second pass; within-agent bias reduction, not independent validation."
160,BLIND-0160,BATCH-07,DIRECT-LCA-MECHANISM,direct_program_mechanism_or_status,support,support,The sponsor anchors identify an anti-TSHR-autoantibody LYTAC degrader designed to bind/eliminate autoantibodies without intended general immunosuppression. The sentence attributes this to sponsor design and does not claim demonstrated human benefit.,sources=1 | exact_anchors=DIRECT_ANCHOR:LCA0321-SPONSOR-IDENTITY-MECHANISM; DIRECT_ANCHOR:LCA0321-SPONSOR-DESIGN | canonical=claim_evidence_anchors_v2.csv::DIRECT_ANCHOR:LCA0321-SPONSOR-IDENTITY-MECHANISM;DIRECT_ANCHOR:LCA0321-SPONSOR-DESIGN,PASS,NA (no correction required),1,DIRECT_ANCHOR:LCA0321-SPONSOR-IDENTITY-MECHANISM; DIRECT_ANCHOR:LCA0321-SPONSOR-DESIGN,claim_evidence_anchors_v2.csv,DIRECT_ANCHOR:LCA0321-SPONSOR-IDENTITY-MECHANISM;DIRECT_ANCHOR:LCA0321-SPONSOR-DESIGN,bd6555815600e9877c817d5e15e3c2c626bbb6789847c9cbc4111e63ca00df81,2026-09-11,2026-09-10,"Same coordinator, stance-hidden second pass; within-agent bias reduction, not independent validation."
161,BLIND-0161,BATCH-07,TRIAL-007-EFFICACY,trial_efficacy_result,support,support,"For NCT02713256, the efficacy field matched the approved curation row; curation-row, clinical-trial-row, and frozen-registry-document hashes all matched, with posted-result status verified.",sources=796 | exact_anchors=TRIAL_RESULT_ANCHOR:TRIAL-RESULT-NCT02713256 | canonical=result_trial_curation_v2.csv::trial_id=NCT02713256; field=efficacy,PASS,NA (no correction required),796,TRIAL_RESULT_ANCHOR:TRIAL-RESULT-NCT02713256,result_trial_curation_v2.csv,trial_id=NCT02713256; field=efficacy,bd6555815600e9877c817d5e15e3c2c626bbb6789847c9cbc4111e63ca00df81,2026-09-11,2026-09-10,"Same coordinator, stance-hidden second pass; within-agent bias reduction, not independent validation."
162,BLIND-0162,BATCH-07,ASSET-SUMMARY-TARGET-UNKNOWN,internal_asset_retention_count,support,support,Recomputed 4 target-unverified/registry-unspecified assets and verified that each named asset occurs in the canonical 48-row inventory.,sources=NA (internal canonical evidence) | exact_anchors=CANONICAL:pipeline_assets_v2.csv::field=target startswith 'Not ' | canonical=pipeline_assets_v2.csv::field=target startswith 'Not ',PASS,NA (no correction required),NA (internal canonical evidence),CANONICAL:pipeline_assets_v2.csv::field=target startswith 'Not ',pipeline_assets_v2.csv,field=target startswith 'Not ',bd6555815600e9877c817d5e15e3c2c626bbb6789847c9cbc4111e63ca00df81,2026-09-11,2026-09-10,"Same coordinator, stance-hidden second pass; within-agent bias reduction, not independent validation."
163,BLIND-0163,BATCH-07,POP-OLDER-001,blind_pre_adjudication_failed_claim,insufficient,insufficient,"The older-adult SoC rows support cardiovascular comorbidity and general drug/procedural toxicity, but do not support the full glycemic, hearing, and glucocorticoid modifier list in this sentence.",sources=NA (internal canonical evidence) | exact_anchors=CANONICAL:soc_outcomes_v2.csv::category=GD in older adults across five regions | canonical=soc_outcomes_v2.csv::category=GD in older adults across five regions,PASS,Removed from display and replaced by POP-OLDER-002; original wording retained ledger-only.,NA (internal canonical evidence),CANONICAL:soc_outcomes_v2.csv::category=GD in older adults across five regions,soc_outcomes_v2.csv,category=GD in older adults across five regions,bd6555815600e9877c817d5e15e3c2c626bbb6789847c9cbc4111e63ca00df81,2026-09-11,2026-09-10,"Same coordinator, stance-hidden second pass; within-agent bias reduction, not independent validation."
164,BLIND-0164,BATCH-07,ASSET-004,complete_asset_inventory_row,support,support,"For ATX-GD-59, every displayed identity/indication/target/stage/status/tier/confidence field matched the canonical asset row, its row hash, and resolved source IDs.",sources=253; 800; 854 | exact_anchors=CANONICAL:pipeline_assets_v2.csv::asset=ATX-GD-59;row_sha256=64ab0627a0f3ef5580db9641dfd43542ef53d02f89993e2e6a3b82f82e73052b | canonical=pipeline_assets_v2.csv::asset=ATX-GD-59,PASS,NA (no correction required),253; 800; 854,CANONICAL:pipeline_assets_v2.csv::asset=ATX-GD-59;row_sha256=64ab0627a0f3ef5580db9641dfd43542ef53d02f89993e2e6a3b82f82e73052b,pipeline_assets_v2.csv,asset=ATX-GD-59,bd6555815600e9877c817d5e15e3c2c626bbb6789847c9cbc4111e63ca00df81,2026-09-11,2026-09-10,"Same coordinator, stance-hidden second pass; within-agent bias reduction, not independent validation."
165,BLIND-0165,BATCH-07,ASSET-031,complete_asset_inventory_row,support,support,"For Rabbit anti-thymocyte globulin, every displayed identity/indication/target/stage/status/tier/confidence field matched the canonical asset row, its row hash, and resolved source IDs.",sources=830 | exact_anchors=CANONICAL:pipeline_assets_v2.csv::asset=Rabbit anti-thymocyte globulin;row_sha256=2ee78ed90429ed86a451da18721666d64f08591786e66b9cbd68644b12b30d3d | canonical=pipeline_assets_v2.csv::asset=Rabbit anti-thymocyte globulin,PASS,NA (no correction required),830,CANONICAL:pipeline_assets_v2.csv::asset=Rabbit anti-thymocyte globulin;row_sha256=2ee78ed90429ed86a451da18721666d64f08591786e66b9cbd68644b12b30d3d,pipeline_assets_v2.csv,asset=Rabbit anti-thymocyte globulin,bd6555815600e9877c817d5e15e3c2c626bbb6789847c9cbc4111e63ca00df81,2026-09-11,2026-09-10,"Same coordinator, stance-hidden second pass; within-agent bias reduction, not independent validation."
166,BLIND-0166,BATCH-07,DIRECT-OTHER-03,direct_program_inventory_status,support,support,"For ATX-GD-59, target, highest stage, status, and trial linkage matched the canonical asset row and resolved source/registry mappings; no efficacy inference was added.","sources=253; 800; 854 | exact_anchors=CANONICAL:pipeline_assets_v2.csv::asset=ATX-GD-59;fields=target,highest_stage,status,trial_ids | canonical=pipeline_assets_v2.csv::asset=ATX-GD-59",PASS,NA (no correction required),253; 800; 854,"CANONICAL:pipeline_assets_v2.csv::asset=ATX-GD-59;fields=target,highest_stage,status,trial_ids",pipeline_assets_v2.csv,asset=ATX-GD-59,bd6555815600e9877c817d5e15e3c2c626bbb6789847c9cbc4111e63ca00df81,2026-09-11,2026-09-10,"Same coordinator, stance-hidden second pass; within-agent bias reduction, not independent validation."
167,BLIND-0167,BATCH-07,ASSET-015,complete_asset_inventory_row,support,support,"For IBI311, every displayed identity/indication/target/stage/status/tier/confidence field matched the canonical asset row, its row hash, and resolved source IDs.",sources=842; 851; 856; 866; 883; 886; 887; 888 | exact_anchors=CANONICAL:pipeline_assets_v2.csv::asset=IBI311;row_sha256=89ff2ec837e001ca9f198e89b2e7e8898b5b53952bd79cda9abec2ebaa454798 | canonical=pipeline_assets_v2.csv::asset=IBI311,PASS,NA (no correction required),842; 851; 856; 866; 883; 886; 887; 888,CANONICAL:pipeline_assets_v2.csv::asset=IBI311;row_sha256=89ff2ec837e001ca9f198e89b2e7e8898b5b53952bd79cda9abec2ebaa454798,pipeline_assets_v2.csv,asset=IBI311,bd6555815600e9877c817d5e15e3c2c626bbb6789847c9cbc4111e63ca00df81,2026-09-11,2026-09-10,"Same coordinator, stance-hidden second pass; within-agent bias reduction, not independent validation."
168,BLIND-0168,BATCH-07,ASSET-001,complete_asset_inventory_row,support,support,"For Aflibercept, every displayed identity/indication/target/stage/status/tier/confidence field matched the canonical asset row, its row hash, and resolved source IDs.",sources=815 | exact_anchors=CANONICAL:pipeline_assets_v2.csv::asset=Aflibercept;row_sha256=df1472ba035cb948f596978d4dc361b709494a33b03077f4516133906cd3ecb0 | canonical=pipeline_assets_v2.csv::asset=Aflibercept,PASS,NA (no correction required),815,CANONICAL:pipeline_assets_v2.csv::asset=Aflibercept;row_sha256=df1472ba035cb948f596978d4dc361b709494a33b03077f4516133906cd3ecb0,pipeline_assets_v2.csv,asset=Aflibercept,bd6555815600e9877c817d5e15e3c2c626bbb6789847c9cbc4111e63ca00df81,2026-09-11,2026-09-10,"Same coordinator, stance-hidden second pass; within-agent bias reduction, not independent validation."
169,BLIND-0169,BATCH-07,TRIAL-014-INTERPRETATION,trial_primary_interpretation,support,support,"For NCT03938545, the primary interpretation/disposition matched the approved curation row; curation-row, clinical-trial-row, and frozen-registry-document hashes all matched, with posted-result status verified.",sources=813 | exact_anchors=TRIAL_RESULT_ANCHOR:TRIAL-RESULT-NCT03938545 | canonical=result_trial_curation_v2.csv::trial_id=NCT03938545; field=primary_interpretation,PASS,NA (no correction required),813,TRIAL_RESULT_ANCHOR:TRIAL-RESULT-NCT03938545,result_trial_curation_v2.csv,trial_id=NCT03938545; field=primary_interpretation,bd6555815600e9877c817d5e15e3c2c626bbb6789847c9cbc4111e63ca00df81,2026-09-11,2026-09-10,"Same coordinator, stance-hidden second pass; within-agent bias reduction, not independent validation."
170,BLIND-0170,BATCH-07,SOC-CONFLICT-JP-FCQ1,pregnancy_timing_guidance,support,support,FCQ1 and its explanatory anchor both specify MMI avoidance from pregnancy 5w0d through 9w6d. The claim does not merge this with BCQ2.,"sources=741; 743 | exact_anchors=SOURCE_ANCHOR:JP-JTA2019-FCQ1; SOURCE_ANCHOR:JP-JTA2020-FCQ1-EXPLANATION | canonical=source_anchors_v2.csv::anchors=JP-JTA2019-FCQ1,JP-JTA2020-FCQ1-EXPLANATION",PASS,NA (no correction required),741; 743,SOURCE_ANCHOR:JP-JTA2019-FCQ1; SOURCE_ANCHOR:JP-JTA2020-FCQ1-EXPLANATION,source_anchors_v2.csv,"anchors=JP-JTA2019-FCQ1,JP-JTA2020-FCQ1-EXPLANATION",bd6555815600e9877c817d5e15e3c2c626bbb6789847c9cbc4111e63ca00df81,2026-09-11,2026-09-10,"Same coordinator, stance-hidden second pass; within-agent bias reduction, not independent validation."
171,BLIND-0171,BATCH-07,REG-EU-TEPEZZA-ACCESS,regional_reimbursement_access_status,support,support,"For SOC-EU-TED-TEPEZZA, access text/value matched the canonical SoC field and the claim-specific access/query source subset; authorization and access remained separate.",sources=751 | exact_anchors=CANONICAL:soc_outcomes_v2.csv::soc_id=SOC-EU-TED-TEPEZZA;field=reimbursement_access | canonical=soc_outcomes_v2.csv::soc_id=SOC-EU-TED-TEPEZZA; field=reimbursement_access,PASS,NA (no correction required),751,CANONICAL:soc_outcomes_v2.csv::soc_id=SOC-EU-TED-TEPEZZA;field=reimbursement_access,soc_outcomes_v2.csv,soc_id=SOC-EU-TED-TEPEZZA; field=reimbursement_access,bd6555815600e9877c817d5e15e3c2c626bbb6789847c9cbc4111e63ca00df81,2026-09-11,2026-09-10,"Same coordinator, stance-hidden second pass; within-agent bias reduction, not independent validation."
172,BLIND-0172,BATCH-07,TRIAL-015-INTERPRETATION,trial_primary_interpretation,support,support,"For NCT04583735, the primary interpretation/disposition matched the approved curation row; curation-row, clinical-trial-row, and frozen-registry-document hashes all matched, with posted-result status verified.",sources=817 | exact_anchors=TRIAL_RESULT_ANCHOR:TRIAL-RESULT-NCT04583735 | canonical=result_trial_curation_v2.csv::trial_id=NCT04583735; field=primary_interpretation,PASS,NA (no correction required),817,TRIAL_RESULT_ANCHOR:TRIAL-RESULT-NCT04583735,result_trial_curation_v2.csv,trial_id=NCT04583735; field=primary_interpretation,bd6555815600e9877c817d5e15e3c2c626bbb6789847c9cbc4111e63ca00df81,2026-09-11,2026-09-10,"Same coordinator, stance-hidden second pass; within-agent bias reduction, not independent validation."
173,BLIND-0173,BATCH-07,ENDPOINT-006,analytical_endpoint_definition,support,support,"Across the SoC matrix, RAI and thyroidectomy are thyroid-source/destructive or surgical control states and are not equated with disappearance of pathogenic autoimmunity or TED.",sources=NA (internal canonical evidence) | exact_anchors=CANONICAL:plan2.md | clinical_trials_v2.csv | soc_outcomes_v2.csv::frozen endpoint-semantics contract | clinical_trials.primary_endpoints | soc_outcomes.endpoint_semantics | canonical=plan2.md; clinical_trials_v2.csv; soc_outcomes_v2.csv::frozen endpoint-semantics contract; clinical_trials.primary_endpoints; soc_outcomes.endpoint_semantics,PASS,NA (no correction required),NA (internal canonical evidence),CANONICAL:plan2.md | clinical_trials_v2.csv | soc_outcomes_v2.csv::frozen endpoint-semantics contract | clinical_trials.primary_endpoints | soc_outcomes.endpoint_semantics,plan2.md; clinical_trials_v2.csv; soc_outcomes_v2.csv,frozen endpoint-semantics contract; clinical_trials.primary_endpoints; soc_outcomes.endpoint_semantics,bd6555815600e9877c817d5e15e3c2c626bbb6789847c9cbc4111e63ca00df81,2026-09-11,2026-09-10,"Same coordinator, stance-hidden second pass; within-agent bias reduction, not independent validation."
174,BLIND-0174,BATCH-07,TRIAL-019-DURABILITY,trial_durability_result_or_limit,support,support,"For NCT05907668, the durability field matched the approved curation row; curation-row, clinical-trial-row, and frozen-registry-document hashes all matched, with posted-result status verified.",sources=843 | exact_anchors=TRIAL_RESULT_ANCHOR:TRIAL-RESULT-NCT05907668 | canonical=result_trial_curation_v2.csv::trial_id=NCT05907668; field=durability,PASS,NA (no correction required),843,TRIAL_RESULT_ANCHOR:TRIAL-RESULT-NCT05907668,result_trial_curation_v2.csv,trial_id=NCT05907668; field=durability,bd6555815600e9877c817d5e15e3c2c626bbb6789847c9cbc4111e63ca00df81,2026-09-11,2026-09-10,"Same coordinator, stance-hidden second pass; within-agent bias reduction, not independent validation."
175,BLIND-0175,BATCH-07,POP-RELAPSED-002,analytical_population_boundary,support,support,"Verified the exact special-population category locator (categories=Relapsed/refractory GD,Relapsed/refractory TED across five regions) across five regions and confirmed nonblank endpoint/risk boundaries; claim-specific category checks passed.","sources=NA (internal canonical evidence) | exact_anchors=CANONICAL:soc_outcomes_v2.csv::categories=Relapsed/refractory GD,Relapsed/refractory TED across five regions | canonical=soc_outcomes_v2.csv::categories=Relapsed/refractory GD,Relapsed/refractory TED across five regions",PASS,NA (no correction required),NA (internal canonical evidence),"CANONICAL:soc_outcomes_v2.csv::categories=Relapsed/refractory GD,Relapsed/refractory TED across five regions",soc_outcomes_v2.csv,"categories=Relapsed/refractory GD,Relapsed/refractory TED across five regions",bd6555815600e9877c817d5e15e3c2c626bbb6789847c9cbc4111e63ca00df81,2026-09-11,2026-09-10,"Same coordinator, stance-hidden second pass; within-agent bias reduction, not independent validation."
176,BLIND-0176,BATCH-08,TRIAL-002-INTERPRETATION,trial_primary_interpretation,support,support,"For NCT01114503, the primary interpretation/disposition matched the approved curation row; curation-row, clinical-trial-row, and frozen-registry-document hashes all matched, with posted-result status verified.",sources=767 | exact_anchors=TRIAL_RESULT_ANCHOR:TRIAL-RESULT-NCT01114503 | canonical=result_trial_curation_v2.csv::trial_id=NCT01114503; field=primary_interpretation,PASS,NA (no correction required),767,TRIAL_RESULT_ANCHOR:TRIAL-RESULT-NCT01114503,result_trial_curation_v2.csv,trial_id=NCT01114503; field=primary_interpretation,bd6555815600e9877c817d5e15e3c2c626bbb6789847c9cbc4111e63ca00df81,2026-09-11,2026-09-10,"Same coordinator, stance-hidden second pass; within-agent bias reduction, not independent validation."
177,BLIND-0177,BATCH-08,ASSET-024,complete_asset_inventory_row,support,support,"For Linsitinib, every displayed identity/indication/target/stage/status/tier/confidence field matched the canonical asset row, its row hash, and resolved source IDs.",sources=714; 715; 831; 850; 919 | exact_anchors=CANONICAL:pipeline_assets_v2.csv::asset=Linsitinib;row_sha256=713992b7cc0f17d34069901a3985d2804453bc2ee0c74c8740d0b26518d59852 | canonical=pipeline_assets_v2.csv::asset=Linsitinib,PASS,NA (no correction required),714; 715; 831; 850; 919,CANONICAL:pipeline_assets_v2.csv::asset=Linsitinib;row_sha256=713992b7cc0f17d34069901a3985d2804453bc2ee0c74c8740d0b26518d59852,pipeline_assets_v2.csv,asset=Linsitinib,bd6555815600e9877c817d5e15e3c2c626bbb6789847c9cbc4111e63ca00df81,2026-09-11,2026-09-10,"Same coordinator, stance-hidden second pass; within-agent bias reduction, not independent validation."
178,BLIND-0178,BATCH-08,HIST-JP-MERGED-WINDOW,historical_failed_claim,endpoint_mismatch,endpoint_mismatch,The claim merges BCQ2's broader 4w0d–15w6d first-choice exception with FCQ1's exact 5w0d–9w6d MMI-avoidance interval; these are different questions/endpoints.,sources=741; 743 | exact_anchors=SOURCE_ANCHOR:JP-JTA2019-FCQ1; SOURCE_ANCHOR:JP-JTA2019-BCQ2; SOURCE_ANCHOR:JP-JTA2020-FCQ1-EXPLANATION | canonical=source_anchors_v2.csv::SOURCE_ANCHOR:JP-JTA2019-FCQ1;SOURCE_ANCHOR:JP-JTA2019-BCQ2;SOURCE_ANCHOR:JP-JTA2020-FCQ1-EXPLANATION,PASS,Ledger-only; split into SOC-CONFLICT-JP-FCQ1 and SOC-CONFLICT-JP-BCQ2.,741; 743,SOURCE_ANCHOR:JP-JTA2019-FCQ1; SOURCE_ANCHOR:JP-JTA2019-BCQ2; SOURCE_ANCHOR:JP-JTA2020-FCQ1-EXPLANATION,source_anchors_v2.csv,SOURCE_ANCHOR:JP-JTA2019-FCQ1;SOURCE_ANCHOR:JP-JTA2019-BCQ2;SOURCE_ANCHOR:JP-JTA2020-FCQ1-EXPLANATION,bd6555815600e9877c817d5e15e3c2c626bbb6789847c9cbc4111e63ca00df81,2026-09-11,2026-09-10,"Same coordinator, stance-hidden second pass; within-agent bias reduction, not independent validation."
179,BLIND-0179,BATCH-08,DIRECT-OTHER-04,direct_program_inventory_status,support,support,"For IBI3031, target, highest stage, status, and trial linkage matched the canonical asset row and resolved source/registry mappings; no efficacy inference was added.","sources=619; 913 | exact_anchors=CANONICAL:pipeline_assets_v2.csv::asset=IBI3031;fields=target,highest_stage,status,trial_ids | canonical=pipeline_assets_v2.csv::asset=IBI3031",PASS,NA (no correction required),619; 913,"CANONICAL:pipeline_assets_v2.csv::asset=IBI3031;fields=target,highest_stage,status,trial_ids",pipeline_assets_v2.csv,asset=IBI3031,bd6555815600e9877c817d5e15e3c2c626bbb6789847c9cbc4111e63ca00df81,2026-09-11,2026-09-10,"Same coordinator, stance-hidden second pass; within-agent bias reduction, not independent validation."
180,BLIND-0180,BATCH-08,LIMIT-004,analytical_score_limitation,support,support,"The canonical asset schema stores weighted R&D potential and evidence confidence as separate fields, and r_and_d_score_scope states that confidence remains separate. The claim blocks clinical-efficacy/probability interpretation.","sources=NA (internal canonical evidence) | exact_anchors=CANONICAL:pipeline_assets_v2.csv::fields=weighted_potential_0_3,evidence_confidence,r_and_d_score_scope | canonical=pipeline_assets_v2.csv::fields=weighted_potential_0_3,evidence_confidence,r_and_d_score_scope",PASS,NA (no correction required),NA (internal canonical evidence),"CANONICAL:pipeline_assets_v2.csv::fields=weighted_potential_0_3,evidence_confidence,r_and_d_score_scope",pipeline_assets_v2.csv,"fields=weighted_potential_0_3,evidence_confidence,r_and_d_score_scope",bd6555815600e9877c817d5e15e3c2c626bbb6789847c9cbc4111e63ca00df81,2026-09-11,2026-09-10,"Same coordinator, stance-hidden second pass; within-agent bias reduction, not independent validation."
181,BLIND-0181,BATCH-08,ASSET-007,complete_asset_inventory_row,support,support,"For Celecoxib, every displayed identity/indication/target/stage/status/tier/confidence field matched the canonical asset row, its row hash, and resolved source IDs.",sources=798 | exact_anchors=CANONICAL:pipeline_assets_v2.csv::asset=Celecoxib;row_sha256=bcb960c69c6ef55a7c81d83446576491e231486826994306dec66dd208b17afd | canonical=pipeline_assets_v2.csv::asset=Celecoxib,PASS,NA (no correction required),798,CANONICAL:pipeline_assets_v2.csv::asset=Celecoxib;row_sha256=bcb960c69c6ef55a7c81d83446576491e231486826994306dec66dd208b17afd,pipeline_assets_v2.csv,asset=Celecoxib,bd6555815600e9877c817d5e15e3c2c626bbb6789847c9cbc4111e63ca00df81,2026-09-11,2026-09-10,"Same coordinator, stance-hidden second pass; within-agent bias reduction, not independent validation."
182,BLIND-0182,BATCH-08,LIMIT-002,evidence_depth_limitation,support,support,"Sources 1/6 are sponsor pages, 2/7 are registries, and 8 is a congress abstract with preclinical/patient-sample evidence. None is a peer-reviewed full-paper human outcome result for these programs.","sources=1; 2; 6; 7; 8 | exact_anchors=DIRECT_ANCHOR:LCA0321-SPONSOR-DESIGN; DIRECT_ANCHOR:LCA0321-CTIS-PHASE-STATUS; DIRECT_ANCHOR:MER511-SPONSOR-PRECISION-DESIGN; DIRECT_ANCHOR:MER511-NEXUS-AGE-PKPD; DIRECT_ANCHOR:MER511-OR31-CONSTRUCT | canonical=claim_evidence_anchors_v2.csv::source_ids=1,2,6,7,8; fields=access_depth,evidence_role,uncertainty",PASS,NA (no correction required),1; 2; 6; 7; 8,DIRECT_ANCHOR:LCA0321-SPONSOR-DESIGN; DIRECT_ANCHOR:LCA0321-CTIS-PHASE-STATUS; DIRECT_ANCHOR:MER511-SPONSOR-PRECISION-DESIGN; DIRECT_ANCHOR:MER511-NEXUS-AGE-PKPD; DIRECT_ANCHOR:MER511-OR31-CONSTRUCT,claim_evidence_anchors_v2.csv,"source_ids=1,2,6,7,8; fields=access_depth,evidence_role,uncertainty",bd6555815600e9877c817d5e15e3c2c626bbb6789847c9cbc4111e63ca00df81,2026-09-11,2026-09-10,"Same coordinator, stance-hidden second pass; within-agent bias reduction, not independent validation."
183,BLIND-0183,BATCH-08,ASSET-012,complete_asset_inventory_row,support,support,"For HN2301 in-vivo CAR-T, every displayed identity/indication/target/stage/status/tier/confidence field matched the canonical asset row, its row hash, and resolved source IDs.",sources=900 | exact_anchors=CANONICAL:pipeline_assets_v2.csv::asset=HN2301 in-vivo CAR-T;row_sha256=fb3ee05c1963ced19447552369b8fea5e188865ba7613a7a14e1d3fa02d0b25c | canonical=pipeline_assets_v2.csv::asset=HN2301 in-vivo CAR-T,PASS,NA (no correction required),900,CANONICAL:pipeline_assets_v2.csv::asset=HN2301 in-vivo CAR-T;row_sha256=fb3ee05c1963ced19447552369b8fea5e188865ba7613a7a14e1d3fa02d0b25c,pipeline_assets_v2.csv,asset=HN2301 in-vivo CAR-T,bd6555815600e9877c817d5e15e3c2c626bbb6789847c9cbc4111e63ca00df81,2026-09-11,2026-09-10,"Same coordinator, stance-hidden second pass; within-agent bias reduction, not independent validation."
184,BLIND-0184,BATCH-08,ASSET-035,complete_asset_inventory_row,support,support,"For SCTT11, every displayed identity/indication/target/stage/status/tier/confidence field matched the canonical asset row, its row hash, and resolved source IDs.",sources=876 | exact_anchors=CANONICAL:pipeline_assets_v2.csv::asset=SCTT11;row_sha256=4d5017b1468c8ad77d54629ae6421da281cbb44f8ff3189a0bfc5f5f7865e8fb | canonical=pipeline_assets_v2.csv::asset=SCTT11,PASS,NA (no correction required),876,CANONICAL:pipeline_assets_v2.csv::asset=SCTT11;row_sha256=4d5017b1468c8ad77d54629ae6421da281cbb44f8ff3189a0bfc5f5f7865e8fb,pipeline_assets_v2.csv,asset=SCTT11,bd6555815600e9877c817d5e15e3c2c626bbb6789847c9cbc4111e63ca00df81,2026-09-11,2026-09-10,"Same coordinator, stance-hidden second pass; within-agent bias reduction, not independent validation."
185,BLIND-0185,BATCH-08,POTENTIAL-02,internal_rd_potential_confidence,support,support,"For MER511, weighted potential 2.75/3 and evidence-confidence category matched separate canonical fields; the value is retained as an internal hypothesis-weighted metric.","sources=NA (internal canonical evidence) | exact_anchors=CANONICAL:pipeline_assets_v2.csv::asset=MER511;fields=weighted_potential_0_3,evidence_confidence | canonical=pipeline_assets_v2.csv::asset=MER511;fields=weighted_potential_0_3,evidence_confidence",PASS,NA (no correction required),NA (internal canonical evidence),"CANONICAL:pipeline_assets_v2.csv::asset=MER511;fields=weighted_potential_0_3,evidence_confidence",pipeline_assets_v2.csv,"asset=MER511;fields=weighted_potential_0_3,evidence_confidence",bd6555815600e9877c817d5e15e3c2c626bbb6789847c9cbc4111e63ca00df81,2026-09-11,2026-09-10,"Same coordinator, stance-hidden second pass; within-agent bias reduction, not independent validation."
186,BLIND-0186,BATCH-08,REG-JP-TEPEZZA-AUTH,regional_authorization_status,support,support,"For SOC-JP-TED-TEPEZZA, authorization text/value matched the canonical SoC field and the claim-specific regulator or documented query source subset; unresolved wording was not converted to absence.",sources=735; 736 | exact_anchors=SOURCE_ANCHOR:JP-PMDA-TEPEZZA-REVIEW-CONCLUSION; SOURCE_ANCHOR:JP-PMDA-TEPEZZA-ENGLISH-APPROVAL-ROW; CANONICAL:soc_outcomes_v2.csv::soc_id=SOC-JP-TED-TEPEZZA;field=authorization_status_scope | canonical=soc_outcomes_v2.csv::soc_id=SOC-JP-TED-TEPEZZA; field=authorization_status_scope,PASS,NA (no correction required),735; 736,SOURCE_ANCHOR:JP-PMDA-TEPEZZA-REVIEW-CONCLUSION; SOURCE_ANCHOR:JP-PMDA-TEPEZZA-ENGLISH-APPROVAL-ROW; CANONICAL:soc_outcomes_v2.csv::soc_id=SOC-JP-TED-TEPEZZA;field=authorization_status_scope,soc_outcomes_v2.csv,soc_id=SOC-JP-TED-TEPEZZA; field=authorization_status_scope,bd6555815600e9877c817d5e15e3c2c626bbb6789847c9cbc4111e63ca00df81,2026-09-11,2026-09-10,"Same coordinator, stance-hidden second pass; within-agent bias reduction, not independent validation."
187,BLIND-0187,BATCH-08,TRIAL-FRAME-002,internal_trial_reporting_boundary,support,support,"The result curation preserves trial-specific comparators, endpoints, timepoints, and denominators. The sentence limits values to within-trial interpretation and prohibits pooling/ranking.","sources=NA (internal canonical evidence) | exact_anchors=CANONICAL:result_trial_curation_v2.csv::all 25 rows | fields=disposition,efficacy,safety,durability,caveats | canonical=result_trial_curation_v2.csv::all 25 rows; fields=disposition,efficacy,safety,durability,caveats",PASS,NA (no correction required),NA (internal canonical evidence),"CANONICAL:result_trial_curation_v2.csv::all 25 rows | fields=disposition,efficacy,safety,durability,caveats",result_trial_curation_v2.csv,"all 25 rows; fields=disposition,efficacy,safety,durability,caveats",bd6555815600e9877c817d5e15e3c2c626bbb6789847c9cbc4111e63ca00df81,2026-09-11,2026-09-10,"Same coordinator, stance-hidden second pass; within-agent bias reduction, not independent validation."
188,BLIND-0188,BATCH-08,CONCLUSION-003,blind_pre_adjudication_failed_claim,insufficient,insufficient,The cited LCA-0321/MER511 asset fields support several biomarkers and durability risks but do not explicitly contain ATD taper or TED–biochemical concordance. The full priority list therefore exceeds the anchor.,"sources=NA (internal canonical evidence) | exact_anchors=CANONICAL:pipeline_assets_v2.csv::assets=LCA-0321,MER511 | fields=biomarker_pd_strategy,key_unmet_need,critical_risks | canonical=pipeline_assets_v2.csv::assets=LCA-0321,MER511; fields=biomarker_pd_strategy,key_unmet_need,critical_risks",PASS,Removed from display and replaced by CONCLUSION-004; original wording retained ledger-only.,NA (internal canonical evidence),"CANONICAL:pipeline_assets_v2.csv::assets=LCA-0321,MER511 | fields=biomarker_pd_strategy,key_unmet_need,critical_risks",pipeline_assets_v2.csv,"assets=LCA-0321,MER511; fields=biomarker_pd_strategy,key_unmet_need,critical_risks",bd6555815600e9877c817d5e15e3c2c626bbb6789847c9cbc4111e63ca00df81,2026-09-11,2026-09-10,"Same coordinator, stance-hidden second pass; within-agent bias reduction, not independent validation."
189,BLIND-0189,BATCH-08,TRIAL-009-DURABILITY,trial_durability_result_or_limit,support,support,"For NCT02973802, the durability field matched the approved curation row; curation-row, clinical-trial-row, and frozen-registry-document hashes all matched, with posted-result status verified.",sources=800 | exact_anchors=TRIAL_RESULT_ANCHOR:TRIAL-RESULT-NCT02973802 | canonical=result_trial_curation_v2.csv::trial_id=NCT02973802; field=durability,PASS,NA (no correction required),800,TRIAL_RESULT_ANCHOR:TRIAL-RESULT-NCT02973802,result_trial_curation_v2.csv,trial_id=NCT02973802; field=durability,bd6555815600e9877c817d5e15e3c2c626bbb6789847c9cbc4111e63ca00df81,2026-09-11,2026-09-10,"Same coordinator, stance-hidden second pass; within-agent bias reduction, not independent validation."
190,BLIND-0190,BATCH-08,TRIAL-008-INTERPRETATION,trial_primary_interpretation,support,support,"For NCT02845336, the primary interpretation/disposition matched the approved curation row; curation-row, clinical-trial-row, and frozen-registry-document hashes all matched, with posted-result status verified.",sources=798 | exact_anchors=TRIAL_RESULT_ANCHOR:TRIAL-RESULT-NCT02845336 | canonical=result_trial_curation_v2.csv::trial_id=NCT02845336; field=primary_interpretation,PASS,NA (no correction required),798,TRIAL_RESULT_ANCHOR:TRIAL-RESULT-NCT02845336,result_trial_curation_v2.csv,trial_id=NCT02845336; field=primary_interpretation,bd6555815600e9877c817d5e15e3c2c626bbb6789847c9cbc4111e63ca00df81,2026-09-11,2026-09-10,"Same coordinator, stance-hidden second pass; within-agent bias reduction, not independent validation."
191,BLIND-0191,BATCH-08,QA-METHOD-001,internal_methodological_statement,support,support,The QA contract specifies a stance-hidden second pass by the same coordinator and expressly disclaims independent third-party validation.,sources=NA (internal canonical evidence) | exact_anchors=CANONICAL:plan2.md::claim-QA contract | canonical=plan2.md::claim-QA contract,PASS,NA (no correction required),NA (internal canonical evidence),CANONICAL:plan2.md::claim-QA contract,plan2.md,claim-QA contract,bd6555815600e9877c817d5e15e3c2c626bbb6789847c9cbc4111e63ca00df81,2026-09-11,2026-09-10,"Same coordinator, stance-hidden second pass; within-agent bias reduction, not independent validation."
192,BLIND-0192,BATCH-08,METHOD-004,internal_inventory_count,support,support,Recomputed inventory value 25 from clinical_trials_v2.csv at field=has_posted_results; frozen artifact hash and claim value matched.,sources=NA (internal canonical evidence) | exact_anchors=CANONICAL:clinical_trials_v2.csv::field=has_posted_results | canonical=clinical_trials_v2.csv::field=has_posted_results,PASS,NA (no correction required),NA (internal canonical evidence),CANONICAL:clinical_trials_v2.csv::field=has_posted_results,clinical_trials_v2.csv,field=has_posted_results,bd6555815600e9877c817d5e15e3c2c626bbb6789847c9cbc4111e63ca00df81,2026-09-11,2026-09-10,"Same coordinator, stance-hidden second pass; within-agent bias reduction, not independent validation."
193,BLIND-0193,BATCH-08,TRIAL-018-INTERPRETATION,trial_primary_interpretation,support,support,"For NCT05276063, the primary interpretation/disposition matched the approved curation row; curation-row, clinical-trial-row, and frozen-registry-document hashes all matched, with posted-result status verified.",sources=831 | exact_anchors=TRIAL_RESULT_ANCHOR:TRIAL-RESULT-NCT05276063 | canonical=result_trial_curation_v2.csv::trial_id=NCT05276063; field=primary_interpretation,PASS,NA (no correction required),831,TRIAL_RESULT_ANCHOR:TRIAL-RESULT-NCT05276063,result_trial_curation_v2.csv,trial_id=NCT05276063; field=primary_interpretation,bd6555815600e9877c817d5e15e3c2c626bbb6789847c9cbc4111e63ca00df81,2026-09-11,2026-09-10,"Same coordinator, stance-hidden second pass; within-agent bias reduction, not independent validation."
194,BLIND-0194,BATCH-08,ASSET-020,complete_asset_inventory_row,support,support,"For KHN939, every displayed identity/indication/target/stage/status/tier/confidence field matched the canonical asset row, its row hash, and resolved source IDs.",sources=916; 917 | exact_anchors=CANONICAL:pipeline_assets_v2.csv::asset=KHN939;row_sha256=2b8ade31a8ac75e4308afba9c83c87b0879ea9b459885e9224016bbc989a6d2a | canonical=pipeline_assets_v2.csv::asset=KHN939,PASS,NA (no correction required),916; 917,CANONICAL:pipeline_assets_v2.csv::asset=KHN939;row_sha256=2b8ade31a8ac75e4308afba9c83c87b0879ea9b459885e9224016bbc989a6d2a,pipeline_assets_v2.csv,asset=KHN939,bd6555815600e9877c817d5e15e3c2c626bbb6789847c9cbc4111e63ca00df81,2026-09-11,2026-09-10,"Same coordinator, stance-hidden second pass; within-agent bias reduction, not independent validation."
195,BLIND-0195,BATCH-08,REG-US-LUMVOA-ACCESS,regional_reimbursement_access_status,support,support,"For SOC-US-TED-LUMVOA, access text/value matched the canonical SoC field and the claim-specific access/query source subset; authorization and access remained separate.",sources=NA (internal canonical evidence) | exact_anchors=CANONICAL:soc_outcomes_v2.csv::soc_id=SOC-US-TED-LUMVOA;field=reimbursement_access | canonical=soc_outcomes_v2.csv::soc_id=SOC-US-TED-LUMVOA; field=reimbursement_access,PASS,NA (no correction required),NA (internal canonical evidence),CANONICAL:soc_outcomes_v2.csv::soc_id=SOC-US-TED-LUMVOA;field=reimbursement_access,soc_outcomes_v2.csv,soc_id=SOC-US-TED-LUMVOA; field=reimbursement_access,bd6555815600e9877c817d5e15e3c2c626bbb6789847c9cbc4111e63ca00df81,2026-09-11,2026-09-10,"Same coordinator, stance-hidden second pass; within-agent bias reduction, not independent validation."
196,BLIND-0196,BATCH-08,ASSET-RENDER-001,internal_asset_rendering_boundary,support,support,Verified a 48-row canonical inventory and direct row rendering of stage/status/tier/confidence fields; this is a rendering/interpretation rule rather than an efficacy claim.,"sources=NA (internal canonical evidence) | exact_anchors=CANONICAL:pipeline_assets_v2.csv::all 48 rows | fields=highest_stage,status,core_adjacent_tier,evidence_confidence | canonical=pipeline_assets_v2.csv::all 48 rows; fields=highest_stage,status,core_adjacent_tier,evidence_confidence",PASS,NA (no correction required),NA (internal canonical evidence),"CANONICAL:pipeline_assets_v2.csv::all 48 rows | fields=highest_stage,status,core_adjacent_tier,evidence_confidence",pipeline_assets_v2.csv,"all 48 rows; fields=highest_stage,status,core_adjacent_tier,evidence_confidence",bd6555815600e9877c817d5e15e3c2c626bbb6789847c9cbc4111e63ca00df81,2026-09-11,2026-09-10,"Same coordinator, stance-hidden second pass; within-agent bias reduction, not independent validation."
197,BLIND-0197,BATCH-08,REG-UK-TEPEZZA-AUTH,regional_authorization_status,support,support,"For SOC-UK-TED-TEPEZZA, authorization text/value matched the canonical SoC field and the claim-specific regulator or documented query source subset; unresolved wording was not converted to absence.",sources=731 | exact_anchors=SOURCE_ANCHOR:UK-MHRA-TEPEZZA-APPROVAL; CANONICAL:soc_outcomes_v2.csv::soc_id=SOC-UK-TED-TEPEZZA;field=authorization_status_scope | canonical=soc_outcomes_v2.csv::soc_id=SOC-UK-TED-TEPEZZA; field=authorization_status_scope,PASS,NA (no correction required),731,SOURCE_ANCHOR:UK-MHRA-TEPEZZA-APPROVAL; CANONICAL:soc_outcomes_v2.csv::soc_id=SOC-UK-TED-TEPEZZA;field=authorization_status_scope,soc_outcomes_v2.csv,soc_id=SOC-UK-TED-TEPEZZA; field=authorization_status_scope,bd6555815600e9877c817d5e15e3c2c626bbb6789847c9cbc4111e63ca00df81,2026-09-11,2026-09-10,"Same coordinator, stance-hidden second pass; within-agent bias reduction, not independent validation."
198,BLIND-0198,BATCH-08,ASSET-048,complete_asset_inventory_row,support,support,"For ZB001, every displayed identity/indication/target/stage/status/tier/confidence field matched the canonical asset row, its row hash, and resolved source IDs.",sources=841 | exact_anchors=CANONICAL:pipeline_assets_v2.csv::asset=ZB001;row_sha256=b666affa9e4975beb600f3233be5aa37af39e674649a130638d3c60e85cdb790 | canonical=pipeline_assets_v2.csv::asset=ZB001,PASS,NA (no correction required),841,CANONICAL:pipeline_assets_v2.csv::asset=ZB001;row_sha256=b666affa9e4975beb600f3233be5aa37af39e674649a130638d3c60e85cdb790,pipeline_assets_v2.csv,asset=ZB001,bd6555815600e9877c817d5e15e3c2c626bbb6789847c9cbc4111e63ca00df81,2026-09-11,2026-09-10,"Same coordinator, stance-hidden second pass; within-agent bias reduction, not independent validation."
199,BLIND-0199,BATCH-08,TRIAL-006-INTERPRETATION,trial_primary_interpretation,support,support,"For NCT02378298, the primary interpretation/disposition matched the approved curation row; curation-row, clinical-trial-row, and frozen-registry-document hashes all matched, with posted-result status verified.",sources=791 | exact_anchors=TRIAL_RESULT_ANCHOR:TRIAL-RESULT-NCT02378298 | canonical=result_trial_curation_v2.csv::trial_id=NCT02378298; field=primary_interpretation,PASS,NA (no correction required),791,TRIAL_RESULT_ANCHOR:TRIAL-RESULT-NCT02378298,result_trial_curation_v2.csv,trial_id=NCT02378298; field=primary_interpretation,bd6555815600e9877c817d5e15e3c2c626bbb6789847c9cbc4111e63ca00df81,2026-09-11,2026-09-10,"Same coordinator, stance-hidden second pass; within-agent bias reduction, not independent validation."
200,BLIND-0200,BATCH-08,METHOD-016,randomization_semantics_count,support,support,"Recomputed this randomization-reporting category as 108 from registry_allocation, n_randomized, and randomization_basis; no enrollment substitution was introduced.","sources=NA (internal canonical evidence) | exact_anchors=CANONICAL:clinical_trials_v2.csv::fields=registry_allocation,n_randomized,randomization_basis | canonical=clinical_trials_v2.csv::fields=registry_allocation,n_randomized,randomization_basis",PASS,NA (no correction required),NA (internal canonical evidence),"CANONICAL:clinical_trials_v2.csv::fields=registry_allocation,n_randomized,randomization_basis",clinical_trials_v2.csv,"fields=registry_allocation,n_randomized,randomization_basis",bd6555815600e9877c817d5e15e3c2c626bbb6789847c9cbc4111e63ca00df81,2026-09-11,2026-09-10,"Same coordinator, stance-hidden second pass; within-agent bias reduction, not independent validation."
201,BLIND-0201,BATCH-09,TRIAL-017-DURABILITY,trial_durability_result_or_limit,support,support,"For NCT05176639, the durability field matched the approved curation row; curation-row, clinical-trial-row, and frozen-registry-document hashes all matched, with posted-result status verified.",sources=829 | exact_anchors=TRIAL_RESULT_ANCHOR:TRIAL-RESULT-NCT05176639 | canonical=result_trial_curation_v2.csv::trial_id=NCT05176639; field=durability,PASS,NA (no correction required),829,TRIAL_RESULT_ANCHOR:TRIAL-RESULT-NCT05176639,result_trial_curation_v2.csv,trial_id=NCT05176639; field=durability,bd6555815600e9877c817d5e15e3c2c626bbb6789847c9cbc4111e63ca00df81,2026-09-11,2026-09-10,"Same coordinator, stance-hidden second pass; within-agent bias reduction, not independent validation."
202,BLIND-0202,BATCH-09,ENDPOINT-007,analytical_endpoint_definition,support,support,"This is a deliberately stringent operational use boundary for the word cure: it requires normal function, persistent loss of pathogenic autoimmunity, and treatment-free durability, and is not applied to early investigational direct programs.",sources=NA (internal canonical evidence) | exact_anchors=CANONICAL:plan2.md | clinical_trials_v2.csv | soc_outcomes_v2.csv::frozen endpoint-semantics contract | clinical_trials.primary_endpoints | soc_outcomes.endpoint_semantics | canonical=plan2.md; clinical_trials_v2.csv; soc_outcomes_v2.csv::frozen endpoint-semantics contract; clinical_trials.primary_endpoints; soc_outcomes.endpoint_semantics,PASS,NA (no correction required),NA (internal canonical evidence),CANONICAL:plan2.md | clinical_trials_v2.csv | soc_outcomes_v2.csv::frozen endpoint-semantics contract | clinical_trials.primary_endpoints | soc_outcomes.endpoint_semantics,plan2.md; clinical_trials_v2.csv; soc_outcomes_v2.csv,frozen endpoint-semantics contract; clinical_trials.primary_endpoints; soc_outcomes.endpoint_semantics,bd6555815600e9877c817d5e15e3c2c626bbb6789847c9cbc4111e63ca00df81,2026-09-11,2026-09-10,"Same coordinator, stance-hidden second pass; within-agent bias reduction, not independent validation."
