raw_occurrence_id,trial_id,registry_intervention_type,raw_intervention,raw_other_names,raw_description,raw_arm_labels,component_index,canonical_asset,aliases,role,asset_scope,target,mechanism_class,pipeline_inclusion,exclusion_reason,source_id,mapping_confidence,manual_review_status
NCT00004660-085,NCT00004660,RADIATION,Radiotherapy,NR (none reported),NR (not reported),Radiotherapy,1,Orbital radiotherapy,Radiotherapy,procedure,procedure,Orbital tissue,Orbital radiotherapy,No,Procedure managed in SoC table,ClinicalTrials.gov; NCT00004660,high,PASS_CURATED_RULE
NCT00004660-086,NCT00004660,RADIATION,Sham treatment,NR (none reported),NR (not reported),Sham treatment,1,Placebo,Sham treatment,comparator/control,placebo/comparator,NA,Inert comparator,No,Inert comparator,ClinicalTrials.gov; NCT00004660,high,PASS_CURATED_RULE
NCT00145366-066,NCT00145366,DRUG,Recombinant human thyrotropin (Thyrogen),NR (none reported),NR (not reported),NR (not reported),1,Recombinant human thyrotropin,Recombinant human thyrotropin (Thyrogen),non-therapeutic/device,diagnostic/non-therapeutic,TSHR,TSHR stimulation/diagnostic support,No,Not a disease-directed therapy in this context,ClinicalTrials.gov; NCT00145366,high,PASS_CURATED_RULE
NCT00150111-050,NCT00150111,DRUG,Methimazole,NR (none reported),NR (not reported),NR (not reported),1,Methimazole / antithyroid drug,Methimazole,standard of care,standard of care,Thyroid peroxidase,Antithyroid drug,No,Managed in SoC table,ClinicalTrials.gov; NCT00150111,high,PASS_CURATED_RULE
NCT00150111-051,NCT00150111,DRUG,Rituximab,NR (none reported),NR (not reported),NR (not reported),1,Rituximab,NR (no additional alias),active/intervention,pipeline/approved asset,CD20,CD20 B-cell depletion,Yes,NA (included),ClinicalTrials.gov; NCT00150111,high,PASS_CURATED_RULE
NCT00150111-052,NCT00150111,BIOLOGICAL,Immunization with various vaccines,NR (none reported),NR (not reported),NR (not reported),1,Vaccination challenge,Immunization with various vaccines,non-therapeutic/device,diagnostic/non-therapeutic,NA,Immune-response assessment,No,Non-therapeutic study intervention,ClinicalTrials.gov; NCT00150111,high,PASS_CURATED_RULE
NCT00150124-069,NCT00150124,DRUG,MTZ+LT4,NR (none reported),NR (not reported),block-replacement therapy,1,Methimazole / antithyroid drug,MTZ+LT4,standard of care,standard of care,Thyroid peroxidase,Antithyroid drug,No,Managed in SoC table,ClinicalTrials.gov; NCT00150124,high,PASS_CURATED_RULE
NCT00150124-069,NCT00150124,DRUG,MTZ+LT4,NR (none reported),NR (not reported),block-replacement therapy,2,Levothyroxine,MTZ+LT4,standard of care,standard of care,Thyroid hormone replacement,Hormone replacement,No,Managed in SoC table,ClinicalTrials.gov; NCT00150124,high,PASS_CURATED_RULE
NCT00150124-070,NCT00150124,DRUG,Methimazole,NR (none reported),NR (not reported),methimazole,1,Methimazole / antithyroid drug,Methimazole,standard of care,standard of care,Thyroid peroxidase,Antithyroid drug,No,Managed in SoC table,ClinicalTrials.gov; NCT00150124,high,PASS_CURATED_RULE
NCT00150137-078,NCT00150137,DRUG,Methimazole,NR (none reported),NR (not reported),NR (not reported),1,Methimazole / antithyroid drug,Methimazole,standard of care,standard of care,Thyroid peroxidase,Antithyroid drug,No,Managed in SoC table,ClinicalTrials.gov; NCT00150137,high,PASS_CURATED_RULE
NCT00288522-083,NCT00288522,DRUG,"Lanreotide (Autogel formulation). Duration of treatment - 3 injections, 1 every 28 days",NR (none reported),NR (not reported),NR (not reported),1,Lanreotide,"Lanreotide (Autogel formulation). Duration of treatment - 3 injections, 1 every 28 days",active/intervention,pipeline/approved asset,Somatostatin receptors,Somatostatin-receptor agonism,Yes,NA (included; repurposing program),ClinicalTrials.gov; NCT00288522,high,PASS_CURATED_RULE
NCT00348413-240,NCT00348413,DRUG,Intravenous Methylprednisolone + Oral Methotrexate vs Intravenous Methylprednisolone + Placebo,NR (none reported),NR (not reported),NR (not reported),1,Methylprednisolone,Intravenous Methylprednisolone + Oral Methotrexate vs Intravenous Methylprednisolone + Placebo,standard of care,standard of care,Glucocorticoid receptor,Glucocorticoid immunomodulation,No,Managed in SoC table,ClinicalTrials.gov; NCT00348413,high,PASS_CURATED_RULE
NCT00348413-240,NCT00348413,DRUG,Intravenous Methylprednisolone + Oral Methotrexate vs Intravenous Methylprednisolone + Placebo,NR (none reported),NR (not reported),NR (not reported),2,Methotrexate,Intravenous Methylprednisolone + Oral Methotrexate vs Intravenous Methylprednisolone + Placebo,standard of care,standard of care,Folate metabolism/immune modulation,Conventional immunosuppression,No,Managed in SoC table,ClinicalTrials.gov; NCT00348413,high,PASS_CURATED_RULE
NCT00348413-240,NCT00348413,DRUG,Intravenous Methylprednisolone + Oral Methotrexate vs Intravenous Methylprednisolone + Placebo,NR (none reported),NR (not reported),NR (not reported),3,Placebo,Intravenous Methylprednisolone + Oral Methotrexate vs Intravenous Methylprednisolone + Placebo,comparator/control,placebo/comparator,NA,Inert comparator,No,Inert comparator,ClinicalTrials.gov; NCT00348413,high,PASS_CURATED_RULE
NCT00424151-006,NCT00424151,DRUG,Rituximab,NR (none reported),NR (not reported),NR (not reported),1,Rituximab,NR (no additional alias),active/intervention,pipeline/approved asset,CD20,CD20 B-cell depletion,Yes,NA (included),ClinicalTrials.gov; NCT00424151,high,PASS_CURATED_RULE
NCT00430547-114,NCT00430547,DRUG,"Carbimazole, radio-active iodine (I131)",NR (none reported),NR (not reported),NR (not reported),1,Carbimazole,"Carbimazole, radio-active iodine (I131)",standard of care,standard of care,Thyroid peroxidase,Antithyroid drug,No,Managed in SoC table,ClinicalTrials.gov; NCT00430547,high,PASS_CURATED_RULE
NCT00430547-114,NCT00430547,DRUG,"Carbimazole, radio-active iodine (I131)",NR (none reported),NR (not reported),NR (not reported),2,Radioiodine,"Carbimazole, radio-active iodine (I131)",procedure,procedure,Thyroid follicular tissue,Radioiodine ablation,No,Procedure managed in SoC table,ClinicalTrials.gov; NCT00430547,high,PASS_CURATED_RULE
NCT00595335-191,NCT00595335,DRUG,Rituximab,Rituxan | MabThera,"Subjects will receive 2 infusions of rituximab (1000 mg IV), two weeks apart.",Rituximab,1,Rituximab,Rituxan | MabThera,active/intervention,pipeline/approved asset,CD20,CD20 B-cell depletion,Yes,NA (included),ClinicalTrials.gov; NCT00595335,high,PASS_CURATED_RULE
NCT00595335-192,NCT00595335,DRUG,Saline,NR (none reported),"Subjects will receive 2 infusions of saline IV, 2 weeks apart, each preceded by a premedication saline IV.",Placebo,1,Saline/vehicle control,Saline,comparator/control,placebo/comparator,NA,Vehicle/sham control,No,Vehicle or sham comparator,ClinicalTrials.gov; NCT00595335,high,PASS_CURATED_RULE
NCT00595335-193,NCT00595335,DRUG,Methylprednisolone,Medrol | Solu-Medrol,Subjects will receive methylprednisolone 100 mg IV as premedication to the rituximab infusion.,Rituximab,1,Methylprednisolone,Medrol | Solu-Medrol,standard of care,standard of care,Glucocorticoid receptor,Glucocorticoid immunomodulation,No,Managed in SoC table,ClinicalTrials.gov; NCT00595335,high,PASS_CURATED_RULE
NCT00677469-213,NCT00677469,DRUG,Cholestyramine,NR (none reported),2 grams BID,I,1,Cholestyramine,NR (no additional alias),adjunct/supportive,adjunct/supportive,Bile acids/intestinal thyroid hormone recycling,Bile-acid sequestration,No,Adjunct/supportive intervention,ClinicalTrials.gov; NCT00677469,high,PASS_CURATED_RULE
NCT00677469-214,NCT00677469,DRUG,Cholestyramine,NR (none reported),1 gram BID,II,1,Cholestyramine,NR (no additional alias),adjunct/supportive,adjunct/supportive,Bile acids/intestinal thyroid hormone recycling,Bile-acid sequestration,No,Adjunct/supportive intervention,ClinicalTrials.gov; NCT00677469,high,PASS_CURATED_RULE
NCT00677469-215,NCT00677469,DRUG,Placebo powder,NR (none reported),1 gram BID,III,1,Placebo,Placebo powder,comparator/control,placebo/comparator,NA,Inert comparator,No,Inert comparator,ClinicalTrials.gov; NCT00677469,high,PASS_CURATED_RULE
NCT00917241-217,NCT00917241,DRUG,MMI combined with IID,"methimazole,tapazole;dexamethasone,hexadecadrol","MMI titration regimen for 18 months,initial dosage of MMI was 20 mg/d,which combined with IID for 3 months.Dexamethasone was injected into the two side of thyroid, the dose of dexamethasone was 5 mg by every side, twice a week. The treatment strategy was changed to once a week at the second month and twice a month at the third month, the dose of dexamethasone was the same as the first month.",MMI+IID group,1,Methimazole / antithyroid drug,"MMI combined with IID | methimazole,tapazole;dexamethasone,hexadecadrol",standard of care,standard of care,Thyroid peroxidase,Antithyroid drug,No,Managed in SoC table,ClinicalTrials.gov; NCT00917241,high,PASS_CURATED_RULE
NCT00917241-217,NCT00917241,DRUG,MMI combined with IID,"methimazole,tapazole;dexamethasone,hexadecadrol","MMI titration regimen for 18 months,initial dosage of MMI was 20 mg/d,which combined with IID for 3 months.Dexamethasone was injected into the two side of thyroid, the dose of dexamethasone was 5 mg by every side, twice a week. The treatment strategy was changed to once a week at the second month and twice a month at the third month, the dose of dexamethasone was the same as the first month.",MMI+IID group,2,Dexamethasone,"MMI combined with IID | methimazole,tapazole;dexamethasone,hexadecadrol",standard of care,standard of care,Glucocorticoid receptor,Glucocorticoid immunomodulation,No,Managed in SoC table,ClinicalTrials.gov; NCT00917241,high,PASS_CURATED_RULE
NCT00917241-218,NCT00917241,DRUG,MMI,NR (none reported),"MMI treatment with titration regimen for 18 months, initial dosage was 20 mg/d.",MMI Group,1,Methimazole / antithyroid drug,MMI,standard of care,standard of care,Thyroid peroxidase,Antithyroid drug,No,Managed in SoC table,ClinicalTrials.gov; NCT00917241,high,PASS_CURATED_RULE
NCT01039818-204,NCT01039818,RADIATION,Radioiodine,NR (none reported),A unique dose of 200µCi of ¹³¹I/ml/24-RAIU,Radiodine-200µCi,1,Radioiodine,NR (no additional alias),procedure,procedure,Thyroid follicular tissue,Radioiodine ablation,No,Procedure managed in SoC table,ClinicalTrials.gov; NCT01039818,high,PASS_CURATED_RULE
NCT01039818-205,NCT01039818,RADIATION,Radioiodine,NR (none reported),A unique dose of 250µCi of ¹³¹I/ml/24-RAIU,Radiodine-250µCi,1,Radioiodine,NR (no additional alias),procedure,procedure,Thyroid follicular tissue,Radioiodine ablation,No,Procedure managed in SoC table,ClinicalTrials.gov; NCT01039818,high,PASS_CURATED_RULE
NCT01056419-021,NCT01056419,PROCEDURE,Total Thyroidectomy,NR (none reported),Total thyroidectomy within 6 months after the appearance of the symptoms of ophthalmopathy,Total thyroidectomy,1,Total thyroidectomy,NR (no additional alias),procedure,procedure,Thyroid gland,Surgical elimination of thyroid hormone source,No,Procedure managed in SoC table,ClinicalTrials.gov; NCT01056419,high,PASS_CURATED_RULE
NCT01056419-022,NCT01056419,DRUG,Propylthiouracil,NR (none reported),150-600 mg in two-three divided doses,Anti-thyroid drug,1,Propylthiouracil,NR (no additional alias),standard of care,standard of care,Thyroid peroxidase/deiodination,Antithyroid drug,No,Managed in SoC table,ClinicalTrials.gov; NCT01056419,high,PASS_CURATED_RULE
NCT01114503-036,NCT01114503,DRUG,Otelixizumab - low dose,NR (none reported),8 day dose rising intravenous infusions of a low dose of otelixizumab,Part A,1,Otelixizumab,Otelixizumab - low dose,active/intervention,pipeline/approved asset,CD3,CD3 modulation,Yes,NA (included),ClinicalTrials.gov; NCT01114503,high,PASS_CURATED_RULE
NCT01114503-037,NCT01114503,DRUG,Otelixizumab - medium low dose,NR (none reported),8 day dose rising intravenous infusions of a medium low dose of otelixizumab,Part A,1,Otelixizumab,Otelixizumab - medium low dose,active/intervention,pipeline/approved asset,CD3,CD3 modulation,Yes,NA (included),ClinicalTrials.gov; NCT01114503,high,PASS_CURATED_RULE
NCT01114503-038,NCT01114503,DRUG,Otelixizumab - medium high dose,NR (none reported),8 day dose rising intravenous infusions of a medium high dose of otelixizumab,Part A,1,Otelixizumab,Otelixizumab - medium high dose,active/intervention,pipeline/approved asset,CD3,CD3 modulation,Yes,NA (included),ClinicalTrials.gov; NCT01114503,high,PASS_CURATED_RULE
NCT01114503-039,NCT01114503,DRUG,Otelixizumab - high dose,NR (none reported),8 day dose rising intravenous infusions of a high dose of otelixizumab,Part A,1,Otelixizumab,Otelixizumab - high dose,active/intervention,pipeline/approved asset,CD3,CD3 modulation,Yes,NA (included),ClinicalTrials.gov; NCT01114503,high,PASS_CURATED_RULE
NCT01114503-040,NCT01114503,DRUG,Otelixizumab,NR (none reported),8 day dose rising intravenous infusions of otelixizumab administered at a dose decided upon results from Part A.,Part B - Otelixizumab,1,Otelixizumab,NR (no additional alias),active/intervention,pipeline/approved asset,CD3,CD3 modulation,Yes,NA (included),ClinicalTrials.gov; NCT01114503,high,PASS_CURATED_RULE
NCT01114503-041,NCT01114503,DRUG,Methylprednisolone,NR (none reported),Weekly intravenous infusions of methylprednisolone administered as 500 mg per week for 6 weeks and then 250 mg per week for 6 weeks,Part B - Methylprednisolone,1,Methylprednisolone,NR (no additional alias),standard of care,standard of care,Glucocorticoid receptor,Glucocorticoid immunomodulation,No,Managed in SoC table,ClinicalTrials.gov; NCT01114503,high,PASS_CURATED_RULE
NCT01204359-233,NCT01204359,RADIATION,Iodine 131,NR (none reported),iodine 131，185、370、555mBq，6 months,follow-up,1,Radioiodine,Iodine 131,procedure,procedure,Thyroid follicular tissue,Radioiodine ablation,No,Procedure managed in SoC table,ClinicalTrials.gov; NCT01204359,high,PASS_CURATED_RULE
NCT01269749-123,NCT01269749,RADIATION,RAI treatment,NR (none reported),"Characteristics of study population. We will recruit a total of 150 patients diagnosed with GD younger than 18 years of age. All subjects are to be treated with 131I. In this trial, children will not be randomized to treatment, but will be treated per physician prescribed care. To ensure an equal distribution of age and gender between the two groups of children, we stratify enrollment by gender (male vs. female) and age (5-10 yrs, 10-15 yrs, 15-18 yrs).",RAI treatment,1,Radioiodine,RAI treatment,procedure,procedure,Thyroid follicular tissue,Radioiodine ablation,No,Procedure managed in SoC table,ClinicalTrials.gov; NCT01269749,high,PASS_CURATED_RULE
NCT01269749-124,NCT01269749,DRUG,ATD Group,NR (none reported),"Characteristics of study population. We will recruit a total of 150 patients diagnosed with GD younger than 18 years of age. All subjects are to be treated with antithyroid drugs (ATDs). In this trial, children will not be randomized to treatment, but will be treated per physician prescribed care. To ensure an equal distribution of age and gender between the two groups of children, we stratify enrollment by gender (male vs. female) and age (5-10 yrs, 10-15 yrs, 15-18 yrs).",ATD Group,1,Methimazole / antithyroid drug,ATD Group,standard of care,standard of care,Thyroid peroxidase,Antithyroid drug,No,Managed in SoC table,ClinicalTrials.gov; NCT01269749,high,PASS_CURATED_RULE
NCT01280214-184,NCT01280214,DRUG,Triamcinolone,kenalog,"Subconjunctival and peribulbar, 40 mg/ml, 3 monthly injection",Triamcinolone,1,Triamcinolone,kenalog,standard of care,standard of care,Glucocorticoid receptor,Local glucocorticoid therapy,No,Managed in SoC table,ClinicalTrials.gov; NCT01280214,high,PASS_CURATED_RULE
NCT01295333-306,NCT01295333,DRUG,the early prophylactic introduction of low dose of LT4 (50 µg/d) at 15 days post-ablation,NR (none reported),NR (not reported),experimental approach,1,Levothyroxine,the early prophylactic introduction of low dose of LT4 (50 µg/d) at 15 days post-ablation,standard of care,standard of care,Thyroid hormone replacement,Hormone replacement,No,Managed in SoC table,ClinicalTrials.gov; NCT01295333,high,PASS_CURATED_RULE
NCT01295333-307,NCT01295333,DRUG,The initiation of LT4 as soon as the first biological signs of hypothyroidism.,NR (none reported),NR (not reported),conventional approach,1,Levothyroxine,The initiation of LT4 as soon as the first biological signs of hypothyroidism.,standard of care,standard of care,Thyroid hormone replacement,Hormone replacement,No,Managed in SoC table,ClinicalTrials.gov; NCT01295333,high,PASS_CURATED_RULE
NCT01297699-169,NCT01297699,DRUG,Tocilizumab (RoActemra®),NR (none reported),Single intravenous infusion of tocilizumab (8 mg/kg); every 4 weeks during 16 weeks.,Tocilizumab,1,Tocilizumab,Tocilizumab (RoActemra®),active/intervention,pipeline/approved asset,IL-6R,IL-6 receptor blockade,Yes,NA (included),ClinicalTrials.gov; NCT01297699,high,PASS_CURATED_RULE
NCT01297699-170,NCT01297699,DRUG,Sterile 0.9% Sodium Chloride,NR (none reported),"Single intravenous dip infusion of a sterile 0.9% sodium chloride, every four weeks during 16 weeks.",Sterile 0.9% Sodium Chloride,1,Saline/vehicle control,Sterile 0.9% Sodium Chloride,comparator/control,placebo/comparator,NA,Vehicle/sham control,No,Vehicle or sham comparator,ClinicalTrials.gov; NCT01297699,high,PASS_CURATED_RULE
NCT01379196-308,NCT01379196,DRUG,Azithromycin,AZITRO,Tab. Azithromycin 500 mg PO three times weekly for 3 months,Azithromycin PO three times weekly,1,Azithromycin,AZITRO,adjunct/supportive,adjunct/supportive,Pleiotropic inflammatory pathways,Macrolide immunomodulation,No,Adjunct/repurposing evidence,ClinicalTrials.gov; NCT01379196,high,PASS_CURATED_RULE
NCT01458600-144,NCT01458600,DRUG,Diclofenac,T Diclofenac T 50 mg Ratiopharm,T Diclofenac 50 mg twice daily for 12 months,diclofenac,1,Diclofenac,T Diclofenac T 50 mg Ratiopharm,adjunct/supportive,adjunct/supportive,Cyclooxygenases,NSAID,No,Adjunct/supportive intervention,ClinicalTrials.gov; NCT01458600,high,PASS_CURATED_RULE
NCT01458600-145,NCT01458600,DRUG,Methimazole,Thacapzol (Recip),T Methimazole 5 mg 3x2 for 18 months,diclofenac | without diclofenac,1,Methimazole / antithyroid drug,Methimazole | Thacapzol (Recip),standard of care,standard of care,Thyroid peroxidase,Antithyroid drug,No,Managed in SoC table,ClinicalTrials.gov; NCT01458600,high,PASS_CURATED_RULE
NCT01458600-146,NCT01458600,DRUG,L-thyroxin,Euthyrox (Merck),L-thyroxin approximately 100 to 200 micrograms/day. The dose is adjusted to reach euthyroidism during concomitant treatment with methimazole for 18 months,diclofenac | without diclofenac,1,Levothyroxine,L-thyroxin | Euthyrox (Merck),standard of care,standard of care,Thyroid hormone replacement,Hormone replacement,No,Managed in SoC table,ClinicalTrials.gov; NCT01458600,high,PASS_CURATED_RULE
NCT01458600-147,NCT01458600,DRUG,Propranolol,Inderal (AstraZeneca),T Propronalol 40mg 1x1-3 during during 1-3 weeks until the patient has responded to thyrostatics,diclofenac | without diclofenac,1,Beta-blocker,Propranolol | Inderal (AstraZeneca),standard of care,standard of care,Beta-adrenergic receptors,Symptomatic adrenergic blockade,No,Managed in SoC table,ClinicalTrials.gov; NCT01458600,high,PASS_CURATED_RULE
NCT01458600-148,NCT01458600,DRUG,Metoprolol,Seloken (AstraZeneca),T Metoprolol 50 mg 1x3 for 1-3 weeks until the patient has responded to thyrostatics,diclofenac | without diclofenac,1,Beta-blocker,Metoprolol | Seloken (AstraZeneca),standard of care,standard of care,Beta-adrenergic receptors,Symptomatic adrenergic blockade,No,Managed in SoC table,ClinicalTrials.gov; NCT01458600,high,PASS_CURATED_RULE
NCT01534169-206,NCT01534169,DRUG,Dexamethasone,Hexadecadrol,"The course of treatment will be last for 3 months. The intrathyroid injection of dexamethasone will be performed using a 25-gauge (0.25-mm) needle under ultrasound guidance. The injection will be performed in both lobes of the thyroid. The dosage of dexamethasone is 5mg (1.0 ml) in each lobe, twice a week during the first month of the treatment. The treatment strategy will be changed to once a week in the second month and twice a month in the third month; the dosage of dexamethasone is the same as in the first month.",Isotonic Na chloride,1,Dexamethasone,Hexadecadrol,standard of care,standard of care,Glucocorticoid receptor,Glucocorticoid immunomodulation,No,Managed in SoC table,ClinicalTrials.gov; NCT01534169,high,PASS_CURATED_RULE
NCT01560299-161,NCT01560299,DRUG,Methimazole,NR (none reported),Methimazole was stopped 24-48 before radio-iodine therapy,group one,1,Methimazole / antithyroid drug,Methimazole,standard of care,standard of care,Thyroid peroxidase,Antithyroid drug,No,Managed in SoC table,ClinicalTrials.gov; NCT01560299,high,PASS_CURATED_RULE
NCT01560299-162,NCT01560299,DRUG,Methimazole,NR (none reported),methimazole discontinued 49-72 hours before radioiodine treatment,group two,1,Methimazole / antithyroid drug,Methimazole,standard of care,standard of care,Thyroid peroxidase,Antithyroid drug,No,Managed in SoC table,ClinicalTrials.gov; NCT01560299,high,PASS_CURATED_RULE
NCT01560299-163,NCT01560299,DRUG,Methimazole,NR (none reported),methimazole discontinued 73-168 hours before radio-iodine treatment,group three,1,Methimazole / antithyroid drug,Methimazole,standard of care,standard of care,Thyroid peroxidase,Antithyroid drug,No,Managed in SoC table,ClinicalTrials.gov; NCT01560299,high,PASS_CURATED_RULE
NCT01611896-207,NCT01611896,DIETARY_SUPPLEMENT,Selenium,"'Selen, organisk selen', produced by Jemo-Pharm A/S","100 µg tablets. The dose of daily supplement of selenium is set at 200 µg (two tablets). The duration of the intervention period is between 24-30 months. This is defined by the time of ATD treatment withdrawal, which is scheduled between approximately 12-18 months after randomisation. Selenium supplementation will continue 12 months after withdrawal of ATD treatment.",Selenium,1,Selenium/antioxidant supplement,"Selenium | 'Selen, organisk selen', produced by Jemo-Pharm A/S",adjunct/supportive,adjunct/supportive,Redox pathways,Antioxidant supplementation,No,Adjunct/supportive intervention,ClinicalTrials.gov; NCT01611896,high,PASS_CURATED_RULE
NCT01611896-208,NCT01611896,OTHER,Placebo,NR (none reported),"Placebo tablets, identical in regards to size, appearance, taste, smell, and solubility to the experimental intervention tablet will be produced by Jemo-Pharm A/S, http://www.jemo-pharm.dk/frame.cfm/cms/id=977/sprog=2/grp=6/menu=1/ (content as in section: Auxiliary agents). The placebo regimen will be identical to the selenium regimen, but consist of two non-active tablets per day for 24-30 months.",Placebo,1,Placebo,NR (no additional alias),comparator/control,placebo/comparator,NA,Inert comparator,No,Inert comparator,ClinicalTrials.gov; NCT01611896,high,PASS_CURATED_RULE
NCT01727973-237,NCT01727973,DRUG,Doxycycline,Dolotard | Tibirox | Biomycin,Tab. Doxycycline 50 mg PO per day for 12 weeks,Doxycycline,1,Doxycycline,Dolotard | Tibirox | Biomycin,adjunct/supportive,adjunct/supportive,Pleiotropic inflammatory pathways,Tetracycline immunomodulation,No,Adjunct/repurposing evidence,ClinicalTrials.gov; NCT01727973,high,PASS_CURATED_RULE
NCT01809444-058,NCT01809444,DRUG,Prednisone+placebo of Doxycycline,deltacortisone,"Prednisone: 50 mg/d for 14 day, tailed by 40 mg/d for 14 day, 30 mg/d for 28 day, 20 mg/d for 28 day, 15 mg/d for 14 day, 10 mg/d for 14 day, in total 16 weeks; Placebo of doxycycline: administered for 16 weeks",Prednisone+placebo of Doxycycline,1,Prednisone/prednisolone,Prednisone+placebo of Doxycycline | deltacortisone,standard of care,standard of care,Glucocorticoid receptor,Glucocorticoid immunomodulation,No,Managed in SoC table,ClinicalTrials.gov; NCT01809444,high,PASS_CURATED_RULE
NCT01809444-058,NCT01809444,DRUG,Prednisone+placebo of Doxycycline,deltacortisone,"Prednisone: 50 mg/d for 14 day, tailed by 40 mg/d for 14 day, 30 mg/d for 28 day, 20 mg/d for 28 day, 15 mg/d for 14 day, 10 mg/d for 14 day, in total 16 weeks; Placebo of doxycycline: administered for 16 weeks",Prednisone+placebo of Doxycycline,2,Placebo,Prednisone+placebo of Doxycycline | deltacortisone,comparator/control,placebo/comparator,NA,Inert comparator,No,Inert comparator,ClinicalTrials.gov; NCT01809444,high,PASS_CURATED_RULE
NCT01809444-059,NCT01809444,DRUG,Doxycycline+placebo of Prednisone,Dolotard | Tibirox | Biomycin,"Doxycycline: 50 mg PO per day for 12 weeks, and placebo for another 4 weeks; Placebo of prednisone: administered for 16 weeks.",Doxycycline+placebo of Prednisone,1,Doxycycline,Doxycycline+placebo of Prednisone | Dolotard | Tibirox | Biomycin,adjunct/supportive,adjunct/supportive,Pleiotropic inflammatory pathways,Tetracycline immunomodulation,No,Adjunct/repurposing evidence,ClinicalTrials.gov; NCT01809444,high,PASS_CURATED_RULE
NCT01809444-059,NCT01809444,DRUG,Doxycycline+placebo of Prednisone,Dolotard | Tibirox | Biomycin,"Doxycycline: 50 mg PO per day for 12 weeks, and placebo for another 4 weeks; Placebo of prednisone: administered for 16 weeks.",Doxycycline+placebo of Prednisone,2,Placebo,Doxycycline+placebo of Prednisone | Dolotard | Tibirox | Biomycin,comparator/control,placebo/comparator,NA,Inert comparator,No,Inert comparator,ClinicalTrials.gov; NCT01809444,high,PASS_CURATED_RULE
NCT01868997-227,NCT01868997,DRUG,teprotumumab,RV 001 | HZN-001,NR (not reported),Teprotumumab,1,Teprotumumab,RV 001 | HZN-001,active/intervention,pipeline/approved asset,IGF-1R,IGF-1R inhibition,Yes,NA (included),ClinicalTrials.gov; NCT01868997,high,PASS_CURATED_RULE
NCT01868997-228,NCT01868997,DRUG,normal saline,NR (none reported),NR (not reported),Placebo,1,Saline/vehicle control,normal saline,comparator/control,placebo/comparator,NA,Vehicle/sham control,No,Vehicle or sham comparator,ClinicalTrials.gov; NCT01868997,high,PASS_CURATED_RULE
NCT01893450-234,NCT01893450,DRUG,Methimazole,NR (none reported),NR (not reported),methimazole,1,Methimazole / antithyroid drug,Methimazole,standard of care,standard of care,Thyroid peroxidase,Antithyroid drug,No,Managed in SoC table,ClinicalTrials.gov; NCT01893450,high,PASS_CURATED_RULE
NCT01893450-235,NCT01893450,DRUG,Bromocriptine,NR (none reported),NR (not reported),"methimazole, bromocriptine",1,Bromocriptine,NR (no additional alias),adjunct/supportive,adjunct/supportive,Dopamine D2 receptor,Dopamine agonism,No,Adjunct/repurposing evidence,ClinicalTrials.gov; NCT01893450,high,PASS_CURATED_RULE
NCT01893450-236,NCT01893450,DRUG,Pentoxifylline,NR (none reported),NR (not reported),pentoxifylline,1,Pentoxifylline,NR (no additional alias),adjunct/supportive,adjunct/supportive,Pleiotropic inflammatory pathways,Pleiotropic immunomodulation,No,Adjunct/repurposing evidence,ClinicalTrials.gov; NCT01893450,high,PASS_CURATED_RULE
NCT01950260-292,NCT01950260,DRUG,Levothyroxine,Thyroid hormone,Early initiation of levothyroxine after radioactive iodine (to start at 4 weeks).,Levothyroxine,1,Levothyroxine,Thyroid hormone,standard of care,standard of care,Thyroid hormone replacement,Hormone replacement,No,Managed in SoC table,ClinicalTrials.gov; NCT01950260,high,PASS_CURATED_RULE
NCT01950260-293,NCT01950260,OTHER,Placebo,NR (none reported),Placebo to start at 4 weeks after RAI,Placebo,1,Placebo,NR (no additional alias),comparator/control,placebo/comparator,NA,Inert comparator,No,Inert comparator,ClinicalTrials.gov; NCT01950260,high,PASS_CURATED_RULE
NCT01969019-014,NCT01969019,DRUG,"methylprednisolone, prednisone",NR (none reported),NR (not reported),methylprednisolone | methylprednisolone plus prednisone,1,Methylprednisolone,"methylprednisolone, prednisone",standard of care,standard of care,Glucocorticoid receptor,Glucocorticoid immunomodulation,No,Managed in SoC table,ClinicalTrials.gov; NCT01969019,high,PASS_CURATED_RULE
NCT01969019-014,NCT01969019,DRUG,"methylprednisolone, prednisone",NR (none reported),NR (not reported),methylprednisolone | methylprednisolone plus prednisone,2,Prednisone/prednisolone,"methylprednisolone, prednisone",standard of care,standard of care,Glucocorticoid receptor,Glucocorticoid immunomodulation,No,Managed in SoC table,ClinicalTrials.gov; NCT01969019,high,PASS_CURATED_RULE
NCT02059655-272,NCT02059655,DRUG,Bimatoprost,Trade Name Lumigan. MA number: EU/1/02/205/001-002. ATC Code: S01EE03,NR (not reported),Bimatoprost,1,Bimatoprost,Trade Name Lumigan. MA number: EU/1/02/205/001-002. ATC Code: S01EE03,adjunct/supportive,adjunct/supportive,Prostaglandin FP receptor,Ophthalmic symptom-directed therapy,No,Adjunct/symptom-directed intervention,ClinicalTrials.gov; NCT02059655,high,PASS_CURATED_RULE
NCT02059655-273,NCT02059655,DRUG,Eye drop solution,1 drop daily | Hypromellose Ph Eur 0.3g in 100ml | Sodium chloride | Potassium chloride | Borax | Boric acid | Benzalkonium chloride solution | Purified water | Sodium hydroxide solution (to adjust pH) | Hydrochloric acid,Artificial tear drops,Eye drop solution,1,Saline/vehicle control,Eye drop solution | 1 drop daily | Hypromellose Ph Eur 0.3g in 100ml | Sodium chloride | Potassium chloride | Borax | Boric acid | Benzalkonium chloride solution | Purified water | Sodium hydroxide solution (to adjust pH) | Hydrochloric acid,comparator/control,placebo/comparator,NA,Vehicle/sham control,No,Vehicle or sham comparator,ClinicalTrials.gov; NCT02059655,high,PASS_CURATED_RULE
NCT02112643-108,NCT02112643,DRUG,Sodium selenate,Selenium,A 100 microgram pill will be orally administered twice a day for 6 months.,Selenium,1,Selenium/antioxidant supplement,Sodium selenate | Selenium,adjunct/supportive,adjunct/supportive,Redox pathways,Antioxidant supplementation,No,Adjunct/supportive intervention,ClinicalTrials.gov; NCT02112643,high,PASS_CURATED_RULE
NCT02112643-109,NCT02112643,DIETARY_SUPPLEMENT,Sugar pill,Placebo,"The placebo pill will be constructed to look exactly like the selenium pill, but will have no active ingredients. This will be orally administered for 6 months.",Sugar pill,1,Placebo,Sugar pill,comparator/control,placebo/comparator,NA,Inert comparator,No,Inert comparator,ClinicalTrials.gov; NCT02112643,high,PASS_CURATED_RULE
NCT02114619-055,NCT02114619,DRUG,Low dose of I-131,NR (none reported),We wil administer 100 micro currie of iodine per thyroid gram,Low dose of I-131,1,Radioiodine,Low dose of I-131,procedure,procedure,Thyroid follicular tissue,Radioiodine ablation,No,Procedure managed in SoC table,ClinicalTrials.gov; NCT02114619,high,PASS_CURATED_RULE
NCT02114619-056,NCT02114619,DRUG,Intermediate dose,NR (none reported),We will administer 150 micro currie of iodine per thyroid gram,Intermediate dose,1,Radioiodine,Intermediate dose,procedure,procedure,Thyroid follicular tissue,Radioiodine ablation,No,Procedure managed in SoC table,ClinicalTrials.gov; NCT02114619,high,PASS_CURATED_RULE
NCT02114619-057,NCT02114619,DRUG,High dose,NR (none reported),We will administer 200 micro currie of iodine per thyroid gram,High dose,1,Radioiodine,High dose,procedure,procedure,Thyroid follicular tissue,Radioiodine ablation,No,Procedure managed in SoC table,ClinicalTrials.gov; NCT02114619,high,PASS_CURATED_RULE
NCT02155049-097,NCT02155049,DRUG,bimatoprost 0.03%,"Lumigan (Allergan, Inc, Irvine, California)",The patients will receive a single daily drop of bimatoprost for six months.,Prostaglandin Analogues,1,Bimatoprost,"bimatoprost 0.03% | Lumigan (Allergan, Inc, Irvine, California)",adjunct/supportive,adjunct/supportive,Prostaglandin FP receptor,Ophthalmic symptom-directed therapy,No,Adjunct/symptom-directed intervention,ClinicalTrials.gov; NCT02155049,high,PASS_CURATED_RULE
NCT02203682-115,NCT02203682,DRUG,Doxycycline hyclate,NR (none reported),Tab. Doxycycline 50 mg PO per day for 12 weeks,Doxycycline,1,Doxycycline,Doxycycline hyclate,adjunct/supportive,adjunct/supportive,Pleiotropic inflammatory pathways,Tetracycline immunomodulation,No,Adjunct/repurposing evidence,ClinicalTrials.gov; NCT02203682,high,PASS_CURATED_RULE
NCT02203682-116,NCT02203682,DRUG,Placebo,NR (none reported),Tablet placebo for 12 weeks,Placebo,1,Placebo,NR (no additional alias),comparator/control,placebo/comparator,NA,Inert comparator,No,Inert comparator,ClinicalTrials.gov; NCT02203682,high,PASS_CURATED_RULE
NCT02339142-238,NCT02339142,RADIATION,External beam radiotherapy,NR (none reported),100 Rads to each lateral orbit x 10 doses,Combined radiotherapy and iv corticosteroid,1,Orbital radiotherapy,External beam radiotherapy,procedure,procedure,Orbital tissue,Orbital radiotherapy,No,Procedure managed in SoC table,ClinicalTrials.gov; NCT02339142,high,PASS_CURATED_RULE
NCT02339142-239,NCT02339142,DRUG,intravenous corticosteroids (methylprednisolone),NR (none reported),"Intravenous methylprednisolone (iv MP) 500 mg weekly x 6 weeks, then iv MP 250 mg x 6 weeks",Combined radiotherapy and iv corticosteroid | iv Corticosteroid,1,Methylprednisolone,intravenous corticosteroids (methylprednisolone),standard of care,standard of care,Glucocorticoid receptor,Glucocorticoid immunomodulation,No,Managed in SoC table,ClinicalTrials.gov; NCT02339142,high,PASS_CURATED_RULE
NCT02373995-089,NCT02373995,BIOLOGICAL,LAB4,NR (none reported),Additional treatment with the specific LAB4 probiotic preparation,LAB4,1,LAB4 probiotic consortium,LAB4,adjunct/supportive,adjunct/supportive,Gut microbiome,Probiotic/microbiome modulation,No,Adjunct/supportive intervention,ClinicalTrials.gov; NCT02373995,high,PASS_CURATED_RULE
NCT02378298-025,NCT02378298,DRUG,Rituximab,Mabthera | Rituxan | Zytux | L01XC02,"Rituximab (RTX) is a mouse-human chimeric antibody designed towards (CD20) pre B and mature B lymphocytes and that blocks B-cells activation without affecting the regenerating of B cells from stem cells or the plasma cells immunoglobulin production. Rituximab is used in the treatment of hematologic malignancies (B cells lymphoma, chronic lymphatic leukaemia, Waldenströms macroglobulinemia) and autoimmune diseases with B-cell involvement such as rheumatoid arthritis, thrombocytopenic purpura, SLE).",Non-responder RTX+MTX | Relapse RTX+MTX,1,Rituximab,Mabthera | Rituxan | Zytux | L01XC02,active/intervention,pipeline/approved asset,CD20,CD20 B-cell depletion,Yes,NA (included),ClinicalTrials.gov; NCT02378298,high,PASS_CURATED_RULE
NCT02378298-026,NCT02378298,DRUG,Iv Methylprednisolone,Solumedrol,Solumedrol is an intravenous glucocorticoid that are the gold standard in TAO. All patients start with 500 mg/weeks for 4 weeks. The response is evaluated and patients are randomised to non-responders or responders. The responders continues with the gold standard treatment that is another 500 mg solumedrol/ week in 2 weeks and then 250 mg/ week in 6 weeks.,Methylprednisolone iv,1,Methylprednisolone,Iv Methylprednisolone | Solumedrol,standard of care,standard of care,Glucocorticoid receptor,Glucocorticoid immunomodulation,No,Managed in SoC table,ClinicalTrials.gov; NCT02378298,high,PASS_CURATED_RULE
NCT02378298-027,NCT02378298,DRUG,peroral methylprednisolone and Methotrexate,Prednisolone,Peroral GC (starting with 30 mg and tapering down) is combined with 15-20 mg MTX /week to reduce the needed dose of steroids,Relapse po GC+MTX,1,Methylprednisolone,peroral methylprednisolone and Methotrexate | Prednisolone,standard of care,standard of care,Glucocorticoid receptor,Glucocorticoid immunomodulation,No,Managed in SoC table,ClinicalTrials.gov; NCT02378298,high,PASS_CURATED_RULE
NCT02378298-027,NCT02378298,DRUG,peroral methylprednisolone and Methotrexate,Prednisolone,Peroral GC (starting with 30 mg and tapering down) is combined with 15-20 mg MTX /week to reduce the needed dose of steroids,Relapse po GC+MTX,2,Methotrexate,peroral methylprednisolone and Methotrexate | Prednisolone,standard of care,standard of care,Folate metabolism/immune modulation,Conventional immunosuppression,No,Managed in SoC table,ClinicalTrials.gov; NCT02378298,high,PASS_CURATED_RULE
NCT02384668-177,NCT02384668,DIETARY_SUPPLEMENT,Cholecalciferol,Vitamin D3,"One tablet per day. The duration of the intervention period is between 24-36 months. This is defined by the time of ATD treatment withdrawal, which is scheduled between approximately 12-18(-24) months after randomisation. Vitamin D supplementation will continue 12 months after withdrawal of ATD treatment or until relapse of Graves' Disease if this occurs prior.",Cholecalciferol,1,Vitamin D/alfacalcidol,Cholecalciferol | Vitamin D3,adjunct/supportive,adjunct/supportive,Vitamin D receptor pathway,Vitamin D supplementation,No,Adjunct/supportive intervention,ClinicalTrials.gov; NCT02384668,high,PASS_CURATED_RULE
NCT02384668-178,NCT02384668,DIETARY_SUPPLEMENT,Placebo,NR (none reported),One tablet per day. Placebo tablet identical in appearance to cholecalciferol tablet. Duration and cessation of treatment identical to intervention with cholecalciferol.,Placebo,1,Placebo,NR (no additional alias),comparator/control,placebo/comparator,NA,Inert comparator,No,Inert comparator,ClinicalTrials.gov; NCT02384668,high,PASS_CURATED_RULE
NCT02393183-219,NCT02393183,DRUG,ASTED,Antioxidant Supplement for Thyroid Eye Disease,A tablet of ASTED will be taken twice a day,ASTED,1,Selenium/antioxidant supplement,ASTED | Antioxidant Supplement for Thyroid Eye Disease,adjunct/supportive,adjunct/supportive,Redox pathways,Antioxidant supplementation,No,Adjunct/supportive intervention,ClinicalTrials.gov; NCT02393183,high,PASS_CURATED_RULE
NCT02393183-220,NCT02393183,DIETARY_SUPPLEMENT,Selenium,NR (none reported),A tablet of 100 microgram of Selenium (same shape and color) will be taken twice a day,Selenium,1,Selenium/antioxidant supplement,Selenium,adjunct/supportive,adjunct/supportive,Redox pathways,Antioxidant supplementation,No,Adjunct/supportive intervention,ClinicalTrials.gov; NCT02393183,high,PASS_CURATED_RULE
NCT02393183-221,NCT02393183,OTHER,Placebo,NR (none reported),A tablet of Placebo (same shape and color) will be taken twice a day,Placebo,1,Placebo,NR (no additional alias),comparator/control,placebo/comparator,NA,Inert comparator,No,Inert comparator,ClinicalTrials.gov; NCT02393183,high,PASS_CURATED_RULE
NCT02422368-060,NCT02422368,DRUG,Methylprednisolone + ASTED,NR (none reported),"ASTED tablet: Twice daily for 6 months

Methylprednisolone:

Methylprednisolone tablet of 50 and 5 mg, company….) 1mg/kg for the first 2 weeks, 0.8mg/kg for 2 weeks, 0.7 mg/kg for 2 weeks, and then tapering off the methylprednisolone in 6 weeks (total duration of 12 weeks) by 8-10 mg per week. For example, a patient with 75 kg weight will receive 75 mg for 2 weeks, 60 mg for 2 weeks, 52.5 mg for 2 weeks, and then decreasing by 8-10 mg per week for 6 weeks. The dose regiment will be written and handed to the patient on the first visit and will be monitored during the follow ups.",Methylprednisolone + ASTED,1,Methylprednisolone,Methylprednisolone + ASTED,standard of care,standard of care,Glucocorticoid receptor,Glucocorticoid immunomodulation,No,Managed in SoC table,ClinicalTrials.gov; NCT02422368,high,PASS_CURATED_RULE
NCT02422368-060,NCT02422368,DRUG,Methylprednisolone + ASTED,NR (none reported),"ASTED tablet: Twice daily for 6 months

Methylprednisolone:

Methylprednisolone tablet of 50 and 5 mg, company….) 1mg/kg for the first 2 weeks, 0.8mg/kg for 2 weeks, 0.7 mg/kg for 2 weeks, and then tapering off the methylprednisolone in 6 weeks (total duration of 12 weeks) by 8-10 mg per week. For example, a patient with 75 kg weight will receive 75 mg for 2 weeks, 60 mg for 2 weeks, 52.5 mg for 2 weeks, and then decreasing by 8-10 mg per week for 6 weeks. The dose regiment will be written and handed to the patient on the first visit and will be monitored during the follow ups.",Methylprednisolone + ASTED,2,Selenium/antioxidant supplement,Methylprednisolone + ASTED,adjunct/supportive,adjunct/supportive,Redox pathways,Antioxidant supplementation,No,Adjunct/supportive intervention,ClinicalTrials.gov; NCT02422368,high,PASS_CURATED_RULE
NCT02422368-061,NCT02422368,DRUG,Methylprednisolone +Placebo,NR (none reported),"Placebo: twice daily

Methylprednisolone:

Methylprednisolone tablet of 50 and 5 mg, company….) 1mg/kg for the first 2 weeks, 0.8mg/kg for 2 weeks, 0.7 mg/kg for 2 weeks, and then tapering off the methylprednisolone in 6 weeks (total duration of 12 weeks) by 8-10 mg per week. For example, a patient with 75 kg weight will receive 75 mg for 2 weeks, 60 mg for 2 weeks, 52.5 mg for 2 weeks, and then decreasing by 8-10 mg per week for 6 weeks. The dose regiment will be written and handed to the patient on the first visit and will be monitored during the follow ups.",Methylprednisolone + Placebo,1,Methylprednisolone,Methylprednisolone +Placebo,standard of care,standard of care,Glucocorticoid receptor,Glucocorticoid immunomodulation,No,Managed in SoC table,ClinicalTrials.gov; NCT02422368,high,PASS_CURATED_RULE
NCT02422368-061,NCT02422368,DRUG,Methylprednisolone +Placebo,NR (none reported),"Placebo: twice daily

Methylprednisolone:

Methylprednisolone tablet of 50 and 5 mg, company….) 1mg/kg for the first 2 weeks, 0.8mg/kg for 2 weeks, 0.7 mg/kg for 2 weeks, and then tapering off the methylprednisolone in 6 weeks (total duration of 12 weeks) by 8-10 mg per week. For example, a patient with 75 kg weight will receive 75 mg for 2 weeks, 60 mg for 2 weeks, 52.5 mg for 2 weeks, and then decreasing by 8-10 mg per week for 6 weeks. The dose regiment will be written and handed to the patient on the first visit and will be monitored during the follow ups.",Methylprednisolone + Placebo,2,Placebo,Methylprednisolone +Placebo,comparator/control,placebo/comparator,NA,Inert comparator,No,Inert comparator,ClinicalTrials.gov; NCT02422368,high,PASS_CURATED_RULE
NCT02535975-042,NCT02535975,DRUG,Metformin,NR (none reported),Tablets metformin 500 mg PO three times a day for 24 weeks,Metformin,1,Metformin,NR (no additional alias),adjunct/supportive,adjunct/supportive,Metabolic/AMPK pathways,Metabolic immunomodulation hypothesis,No,Adjunct/repurposing evidence,ClinicalTrials.gov; NCT02535975,high,PASS_CURATED_RULE
NCT02535975-043,NCT02535975,DRUG,Placebo,NR (none reported),Tablets placebo PO three times a day for 24 weeks,Placebo,1,Placebo,NR (no additional alias),comparator/control,placebo/comparator,NA,Inert comparator,No,Inert comparator,ClinicalTrials.gov; NCT02535975,high,PASS_CURATED_RULE
NCT02713256-154,NCT02713256,DRUG,CFZ533,NR (none reported),CFZ533 intravenously over approximately one hour,CFZ533 10mg/kg,1,Iscalimab (CFZ533),CFZ533,active/intervention,pipeline/approved asset,CD40,CD40 blockade,Yes,NA (included),ClinicalTrials.gov; NCT02713256,high,PASS_CURATED_RULE
NCT02727738-198,NCT02727738,DIETARY_SUPPLEMENT,Selenium,Syrel,Selenium 80 mg bid for 90 days,Methimazole plus selenium,1,Selenium/antioxidant supplement,Selenium | Syrel,adjunct/supportive,adjunct/supportive,Redox pathways,Antioxidant supplementation,No,Adjunct/supportive intervention,ClinicalTrials.gov; NCT02727738,high,PASS_CURATED_RULE
NCT02727738-199,NCT02727738,DRUG,Methimazole,Tapazole,"Methimazole starting dose depending on FT3 values (15 mg/day or 20 mg/day or 30 mg/day, for FT3 values \<10 pg/ml, 10-15 pg/ml, \>15 pg/ml, respectively) to be tapered by 5 mg/day every 15 days down to values sufficient for FT3 to be normal",Methimazole | Methimazole plus selenium,1,Methimazole / antithyroid drug,Methimazole | Tapazole,standard of care,standard of care,Thyroid peroxidase,Antithyroid drug,No,Managed in SoC table,ClinicalTrials.gov; NCT02727738,high,PASS_CURATED_RULE
NCT02845336-015,NCT02845336,DRUG,Celecoxib,Celebrex,celecoxib 100mg PO twice per day for 3 months,Celecoxib,1,Celecoxib,Celebrex,active/intervention,pipeline/approved asset,COX-2,COX-2 inhibition,Yes,NA (included; repurposing program),ClinicalTrials.gov; NCT02845336,high,PASS_CURATED_RULE
NCT02845336-016,NCT02845336,DRUG,artificial tears,NR (none reported),"Standard care for mild thyroid eye disease is lubrication with artificial tears (over the counter), avoidance of cigarette smoke.",Celecoxib | Control,1,Artificial tears,NR (no additional alias),adjunct/supportive,adjunct/supportive,Ocular surface,Lubricating supportive care,No,Adjunct/symptom-directed intervention,ClinicalTrials.gov; NCT02845336,high,PASS_CURATED_RULE
NCT02904330-005,NCT02904330,DRUG,K1-70 intramuscular or K1-70 intravenous,NR (none reported),Each subject will receive one dose of K1-70 by IM injection or one dose of K1-70 by IV infusion on the morning of Day 1.,Single dose,1,K1-70,K1-70 intramuscular or K1-70 intravenous,active/intervention,pipeline/approved asset,TSHR,Competitive TSHR blockade,Yes,NA (included),ClinicalTrials.gov; NCT02904330,high,PASS_CURATED_RULE
NCT02973802-285,NCT02973802,BIOLOGICAL,ATX-GD-59,NR (none reported),Disease specific immune modulating treatment for Graves Disease,ATX-GD-59 treatment,1,ATX-GD-59,NR (no additional alias),active/intervention,pipeline/approved asset,TSHR-reactive T cells,TSHR antigen-specific tolerance,Yes,NA (included),ClinicalTrials.gov; NCT02973802,high,PASS_CURATED_RULE
NCT02993302-003,NCT02993302,DRUG,1α-D3,1α 25-dihydroxyvitamin d3 | alfacalcidol,patients were given PTU and 1α-D3,PTU-Oral 1α-D3,1,Vitamin D/alfacalcidol,1α-D3 | 1α 25-dihydroxyvitamin d3 | alfacalcidol,adjunct/supportive,adjunct/supportive,Vitamin D receptor pathway,Vitamin D supplementation,No,Adjunct/supportive intervention,ClinicalTrials.gov; NCT02993302,high,PASS_CURATED_RULE
NCT02993302-004,NCT02993302,DRUG,Placebos,placebo,patients were given PTU and placebos,PTU-Placebos,1,Placebo,Placebos,comparator/control,placebo/comparator,NA,Inert comparator,No,Inert comparator,ClinicalTrials.gov; NCT02993302,high,PASS_CURATED_RULE
NCT03066076-074,NCT03066076,DRUG,Antithyroid Drug,Thiamazol | Propylthiouracil,Antithyroid drug,Thyroidectomy,1,Methimazole / antithyroid drug,Antithyroid Drug | Thiamazol | Propylthiouracil,standard of care,standard of care,Thyroid peroxidase,Antithyroid drug,No,Managed in SoC table,ClinicalTrials.gov; NCT03066076,high,PASS_CURATED_RULE
NCT03066076-075,NCT03066076,PROCEDURE,Total thyroidectomy,NR (none reported),Operation,Antithyroid drug,1,Total thyroidectomy,NR (no additional alias),procedure,procedure,Thyroid gland,Surgical elimination of thyroid hormone source,No,Procedure managed in SoC table,ClinicalTrials.gov; NCT03066076,high,PASS_CURATED_RULE
NCT03098225-265,NCT03098225,RADIATION,Orbital radiotherapy,OR,A high-voltage linear accelerator will be used and a cumulative radiation dose of 20 Gy will be delivered to each eye in 10 fractionated doses over a period of 2 weeks. All patients will be treated in both eyes.,Radiotherapy,1,Orbital radiotherapy,OR,procedure,procedure,Orbital tissue,Orbital radiotherapy,No,Procedure managed in SoC table,ClinicalTrials.gov; NCT03098225,high,PASS_CURATED_RULE
NCT03098225-266,NCT03098225,DRUG,Methylprednisolone,ivGC,"Methylprednisolone pulse therapy for 12 weeks as follows: 500 mg IV once weekly for 6 weeks, then 250 mg IV once weekly for a further 6 weeks. Cumulative dose 4.5 g.",No Radiotherapy | Radiotherapy,1,Methylprednisolone,ivGC,standard of care,standard of care,Glucocorticoid receptor,Glucocorticoid immunomodulation,No,Managed in SoC table,ClinicalTrials.gov; NCT03098225,high,PASS_CURATED_RULE
NCT03107078-171,NCT03107078,DRUG,Glucocorticoids,Methylprednisolone,Intravenous Glucocorticoids (GCs),Group IIa | Group IIb | Group Ia | Group Ib,1,Methylprednisolone,Glucocorticoids,standard of care,standard of care,Glucocorticoid receptor,Glucocorticoid immunomodulation,No,Managed in SoC table,ClinicalTrials.gov; NCT03107078,high,PASS_CURATED_RULE
NCT03110848-032,NCT03110848,DRUG,Atorvastatin,Statins,Atorvastatin 20 mg daily,Statins,1,Statin,Atorvastatin | Statins,adjunct/supportive,adjunct/supportive,HMG-CoA reductase/pleiotropic pathways,Statin/pleiotropic anti-inflammatory,No,Adjunct/repurposing evidence; not core pipeline,ClinicalTrials.gov; NCT03110848,high,PASS_CURATED_RULE
NCT03110848-033,NCT03110848,DRUG,Methylprednisolone,Intravenous glucocorticoids,"500 mg of methylprednisolone weekly for 6 weeks, followed by 250 mg weekly for another 6 weeks, for a total dose of 4.5 mg.",No statins | Statins,1,Methylprednisolone,Intravenous glucocorticoids,standard of care,standard of care,Glucocorticoid receptor,Glucocorticoid immunomodulation,No,Managed in SoC table,ClinicalTrials.gov; NCT03110848,high,PASS_CURATED_RULE
NCT03131726-195,NCT03131726,DRUG,Simvastatin 40mg,ATC-code: C10AA01,see arm description,Simvastatin,1,Statin,Simvastatin 40mg | ATC-code: C10AA01,adjunct/supportive,adjunct/supportive,HMG-CoA reductase/pleiotropic pathways,Statin/pleiotropic anti-inflammatory,No,Adjunct/repurposing evidence; not core pipeline,ClinicalTrials.gov; NCT03131726,high,PASS_CURATED_RULE
NCT03298867-120,NCT03298867,BIOLOGICAL,Teprotumumab,HZN-001,Teprotumumab is a fully human anti-IGF-1R mAb. Teprotumumab will be provided in single-dose 20 mL glass vials as a freeze-dried powder. Each vial of teprotumumab must be reconstituted with 10 mL of water for injection. Reconstituted teprotumumab solution must be further diluted in 0.9% (w/v) sodium chloride (NaCl) solution prior to administration. Teprotumumab will be administered in 100 mL or 250 mL infusion bags (100 mL infusion bags for doses up to 1800 mg and 250 mL infusion bags for doses \> 1800 mg).,Teprotumumab 20 mg/kg,1,Teprotumumab,HZN-001,active/intervention,pipeline/approved asset,IGF-1R,IGF-1R inhibition,Yes,NA (included),ClinicalTrials.gov; NCT03298867,high,PASS_CURATED_RULE
NCT03298867-121,NCT03298867,OTHER,Placebo,Saline solution,"Placebo will consist of normal saline (0.9% NaCl) solution and will be administered in 100 mL or 250 mL infusion bags, as would be appropriate, per weight-based dosing volumes (100 mL infusion bags for doses up to 1800 mg and 250 mL infusion bags for doses \> 1800 mg).",Placebo,1,Placebo,Saline solution,comparator/control,placebo/comparator,NA,Inert comparator,No,Inert comparator,ClinicalTrials.gov; NCT03298867,high,PASS_CURATED_RULE
NCT03303053-185,NCT03303053,DRUG,Cholestyramine Powder 4g,Questran,"Cholestyramine powder 4g twice daily, Tablet Carbimazole 30 mg daily, Tablet propanolol 40 mg twice daily for 4 weeks",Group1:Cholestyramine+standard treatment,1,Cholestyramine,Cholestyramine Powder 4g | Questran,adjunct/supportive,adjunct/supportive,Bile acids/intestinal thyroid hormone recycling,Bile-acid sequestration,No,Adjunct/supportive intervention,ClinicalTrials.gov; NCT03303053,high,PASS_CURATED_RULE
NCT03303053-186,NCT03303053,DRUG,Prednisolone,NR (none reported),"Tablet prednisolone 30 mg daily for week 1, 20 mg daily for week 2, 10 mg daily for week 3 and 5 mg daily for week 4, Tablet carbimazole 30 mg daily, Tablet propanolol 40 mg twice daily for 4 weeks",Group2:Prednisolone+standard treatment,1,Prednisone/prednisolone,Prednisolone,standard of care,standard of care,Glucocorticoid receptor,Glucocorticoid immunomodulation,No,Managed in SoC table,ClinicalTrials.gov; NCT03303053,high,PASS_CURATED_RULE
NCT03303053-187,NCT03303053,DRUG,Standard treatment,Carbimazole + Propanolol,Carbimazole 30 mg daily and propanolol 40 mg twice daily for 4 weeks,Group 3: Standard treatment alone,1,Carbimazole,Standard treatment | Carbimazole + Propanolol,standard of care,standard of care,Thyroid peroxidase,Antithyroid drug,No,Managed in SoC table,ClinicalTrials.gov; NCT03303053,high,PASS_CURATED_RULE
NCT03303053-187,NCT03303053,DRUG,Standard treatment,Carbimazole + Propanolol,Carbimazole 30 mg daily and propanolol 40 mg twice daily for 4 weeks,Group 3: Standard treatment alone,2,Beta-blocker,Standard treatment | Carbimazole + Propanolol,standard of care,standard of care,Beta-adrenergic receptors,Symptomatic adrenergic blockade,No,Managed in SoC table,ClinicalTrials.gov; NCT03303053,high,PASS_CURATED_RULE
NCT03461211-252,NCT03461211,BIOLOGICAL,Teprotumumab,HZN-001,Teprotumumab is a fully human anti-IGF-1R mAb. Teprotumumab will be provided in single-dose 20 mL glass vials as a freeze-dried powder. Each vial of teprotumumab must be reconstituted with 10 mL of water for injection. Reconstituted teprotumumab solution must be further diluted in 0.9% (w/v) sodium chloride (NaCl) solution prior to administration. Teprotumumab will be administered in 100 mL or 250 mL infusion bags (100 mL infusion bags for doses up to 1800 mg and 250 mL infusion bags for doses \> 1800 mg).,Teprotumumab,1,Teprotumumab,HZN-001,active/intervention,pipeline/approved asset,IGF-1R,IGF-1R inhibition,Yes,NA (included),ClinicalTrials.gov; NCT03461211,high,PASS_CURATED_RULE
NCT03708627-122,NCT03708627,DRUG,Bimatoprost Ophthalmic,NR (none reported),"Bimatoprost, aka Lumigan, one drop in one eye nightly",Bimatoprost in more proptotic eye,1,Bimatoprost,Bimatoprost Ophthalmic,adjunct/supportive,adjunct/supportive,Prostaglandin FP receptor,Ophthalmic symptom-directed therapy,No,Adjunct/symptom-directed intervention,ClinicalTrials.gov; NCT03708627,high,PASS_CURATED_RULE
NCT03891043-321,NCT03891043,DIETARY_SUPPLEMENT,Selenium,NR (none reported),A 100 micrograms of Selenium was given to be taken twice a day.,"Group B, Selenium group",1,Selenium/antioxidant supplement,Selenium,adjunct/supportive,adjunct/supportive,Redox pathways,Antioxidant supplementation,No,Adjunct/supportive intervention,ClinicalTrials.gov; NCT03891043,high,PASS_CURATED_RULE
NCT03891043-322,NCT03891043,OTHER,Placebo,NR (none reported),Placebo pill of 100 micrograms of starch was given to be taken twice a day.,"Group A, Placebo group",1,Placebo,NR (no additional alias),comparator/control,placebo/comparator,NA,Inert comparator,No,Inert comparator,ClinicalTrials.gov; NCT03891043,high,PASS_CURATED_RULE
NCT03922321-210,NCT03922321,DRUG,RVT-1401,NR (none reported),RVT-1401 is a fully human anti-neonatal Fc receptor (FcRn) monoclonal antibody.,RVT-1401,1,Batoclimab,RVT-1401,active/intervention,pipeline/approved asset,FcRn,FcRn inhibition,Yes,NA (included),ClinicalTrials.gov; NCT03922321,high,PASS_CURATED_RULE
NCT03938545-282,NCT03938545,DRUG,RVT-1401 (Administered via subcutaneous injection),NR (none reported),RVT-1401 is a fully human anti-neonatal Fc receptor (FcRn) monoclonal antibody.,Regimen A-RVT-1401 | Regimen B-RVT-1401 | Regimen C-RVT-1401,1,Batoclimab,RVT-1401 (Administered via subcutaneous injection),active/intervention,pipeline/approved asset,FcRn,FcRn inhibition,Yes,NA (included),ClinicalTrials.gov; NCT03938545,high,PASS_CURATED_RULE
NCT03938545-283,NCT03938545,OTHER,Placebo (Administered via subcutaneous injection),NR (none reported),Placebo,Placebo,1,Placebo,Placebo (Administered via subcutaneous injection),comparator/control,placebo/comparator,NA,Inert comparator,No,Inert comparator,ClinicalTrials.gov; NCT03938545,high,PASS_CURATED_RULE
NCT03948191-315,NCT03948191,DRUG,Methylprednisolone,NR (none reported),500mg i.v. infusion once a week for 6 weeks followed by 250mg i.v. once a week for 6 weeks.,Methylprednisolone(ivMP),1,Methylprednisolone,NR (no additional alias),standard of care,standard of care,Glucocorticoid receptor,Glucocorticoid immunomodulation,No,Managed in SoC table,ClinicalTrials.gov; NCT03948191,high,PASS_CURATED_RULE
NCT03948191-316,NCT03948191,DRUG,99Tc-MDP(99Technetium-Methylenediphosphonate Injection),Yunke,"15mg i.v. infusion once a day for 10 days, 20 days apart, received 3 courses of infusions.",99Tc-MDP,1,Technetium-99 methylene diphosphonate (99Tc-MDP),99Tc-MDP(99Technetium-Methylenediphosphonate Injection) | Yunke,active/intervention,pipeline/approved asset,Not registry-specified,Immunomodulatory rationale; target not publicly verified here,Yes,NA (included; target retained as unknown),ClinicalTrials.gov; NCT03948191,high,PASS_CURATED_RULE
NCT04311606-071,NCT04311606,DRUG,Sub-tenon injection of saline followed by a sub-tenon injection of aflibercept,Group 1,"The study will randomly assign a total of eight subjects into this treatment arm to receive a sub-tenon injection of saline followed by injection of 4 mg aflibercept (total volume 1.1 ml) in the worse eye. Injections will be given three times: on day 1, day 14 and day 28. Subjects will be followed until day 90.",Saline and aflibercept,1,Saline/vehicle control,Sub-tenon injection of saline followed by a sub-tenon injection of aflibercept | Group 1,comparator/control,placebo/comparator,NA,Vehicle/sham control,No,Vehicle or sham comparator,ClinicalTrials.gov; NCT04311606,high,PASS_CURATED_RULE
NCT04311606-071,NCT04311606,DRUG,Sub-tenon injection of saline followed by a sub-tenon injection of aflibercept,Group 1,"The study will randomly assign a total of eight subjects into this treatment arm to receive a sub-tenon injection of saline followed by injection of 4 mg aflibercept (total volume 1.1 ml) in the worse eye. Injections will be given three times: on day 1, day 14 and day 28. Subjects will be followed until day 90.",Saline and aflibercept,2,Aflibercept,Sub-tenon injection of saline followed by a sub-tenon injection of aflibercept | Group 1,active/intervention,pipeline/approved asset,VEGF-A/PlGF,VEGF pathway inhibition,Yes,NA (included; local repurposing program),ClinicalTrials.gov; NCT04311606,high,PASS_CURATED_RULE
NCT04311606-072,NCT04311606,DRUG,Sub-tenon injection of hyaluronidase (HA) followed by a sub-tenon injection of aflibercept,Group 2,"The study will randomly assign a total of eight subjects into this treatment arm to receive a sub-tenon injection of hyaluronidase (HA) followed by injection of 4 mg aflibercept (total volume 1.1 ml) in the worse eye. Injections will be given three times: on day 1, day 14 and day 28. Subjects will be followed until day 90.",Hyaluronidase and aflibercept,1,Hyaluronidase,Sub-tenon injection of hyaluronidase (HA) followed by a sub-tenon injection of aflibercept | Group 2,adjunct/supportive,adjunct/supportive,Hyaluronan,Extracellular-matrix degradation,No,Adjunct/local procedure component,ClinicalTrials.gov; NCT04311606,high,PASS_CURATED_RULE
NCT04311606-072,NCT04311606,DRUG,Sub-tenon injection of hyaluronidase (HA) followed by a sub-tenon injection of aflibercept,Group 2,"The study will randomly assign a total of eight subjects into this treatment arm to receive a sub-tenon injection of hyaluronidase (HA) followed by injection of 4 mg aflibercept (total volume 1.1 ml) in the worse eye. Injections will be given three times: on day 1, day 14 and day 28. Subjects will be followed until day 90.",Hyaluronidase and aflibercept,2,Aflibercept,Sub-tenon injection of hyaluronidase (HA) followed by a sub-tenon injection of aflibercept | Group 2,active/intervention,pipeline/approved asset,VEGF-A/PlGF,VEGF pathway inhibition,Yes,NA (included; local repurposing program),ClinicalTrials.gov; NCT04311606,high,PASS_CURATED_RULE
NCT04311606-073,NCT04311606,DRUG,Sub-tenon injection of hyaluronidase (HA) alone,Group 3,"The study will randomly assign a total of eight subjects into this treatment arm to receive a sub-tenon injection of hyaluronidase (HA) injection alone (total volume 1.1 ml) in the worse eye. Injections will be given three times: on day 1, day 14 and day 28. Subjects will be followed until day 90.",Hyaluronidase alone,1,Hyaluronidase,Sub-tenon injection of hyaluronidase (HA) alone | Group 3,adjunct/supportive,adjunct/supportive,Hyaluronan,Extracellular-matrix degradation,No,Adjunct/local procedure component,ClinicalTrials.gov; NCT04311606,high,PASS_CURATED_RULE
NCT04548284-262,NCT04548284,DRUG,Glucocorticoids,NR (none reported),"Periorbital injection of glucocorticoid. Once every 3 weeks, the number of injections was determined according to the condition of the eyes during the follow-up.",Periorbitally Injected Glucocorticoids,1,Methylprednisolone,Glucocorticoids,standard of care,standard of care,Glucocorticoid receptor,Glucocorticoid immunomodulation,No,Managed in SoC table,ClinicalTrials.gov; NCT04548284,high,PASS_CURATED_RULE
NCT04583735-254,NCT04583735,BIOLOGICAL,TEPEZZA,teprotumumab-trbw | HZN-001,Intravenous infusion,TEPEZZA,1,Teprotumumab,TEPEZZA | teprotumumab-trbw | HZN-001,active/intervention,pipeline/approved asset,IGF-1R,IGF-1R inhibition,Yes,NA (included),ClinicalTrials.gov; NCT04583735,high,PASS_CURATED_RULE
NCT04583735-255,NCT04583735,DRUG,Placebo,sodium chloride,Intravenous infusion,Placebo,1,Placebo,sodium chloride,comparator/control,placebo/comparator,NA,Inert comparator,No,Inert comparator,ClinicalTrials.gov; NCT04583735,high,PASS_CURATED_RULE
NCT04598815-245,NCT04598815,DRUG,Sirolimus,Rapamycin,"Group Sirolimus: Patients will receive a first dose of Sirolimus of one 2 mg tablet on the first day, given approximately at 10 am, followed by 0.5 mg tablet per day for 12 weeks.

Group Methylprednisolone: Methylprednisolone pulse therapy will be administered for 12 weeks as follows: 500 mg iv once weekly for 6 weeks, then 250 mg iv once weekly for a further 6 weeks, for a cumulative dose 4.5 g.",Methylprendnisolone | Sirolimus,1,Sirolimus (rapamycin),Sirolimus | Rapamycin,active/intervention,pipeline/approved asset,mTOR,mTOR inhibition,Yes,NA (included),ClinicalTrials.gov; NCT04598815,high,PASS_CURATED_RULE
NCT04737330-118,NCT04737330,DRUG,Secukinumab,AIN457,"Secukinumab 300 mg s.c. at Baseline, Week 1, Week 2, Week 3, Week 4, Week 8, Week 12",Secukinumab 300 mg,1,Secukinumab,AIN457,active/intervention,pipeline/approved asset,IL-17A,IL-17A inhibition,Yes,NA (included),ClinicalTrials.gov; NCT04737330,high,PASS_CURATED_RULE
NCT04737330-119,NCT04737330,DRUG,Placebo,NR (none reported),"Placebo s.c. at Baseline, Weeks 1, Week 2, Week 3, Week 4, Week 8, Week 12",Placebo,1,Placebo,NR (no additional alias),comparator/control,placebo/comparator,NA,Inert comparator,No,Inert comparator,ClinicalTrials.gov; NCT04737330,high,PASS_CURATED_RULE
NCT04776993-087,NCT04776993,DRUG,Methimazole,MMI,Methimazole for 72 weeks,Methimazole,1,Methimazole / antithyroid drug,Methimazole | MMI,standard of care,standard of care,Thyroid peroxidase,Antithyroid drug,No,Managed in SoC table,ClinicalTrials.gov; NCT04776993,high,PASS_CURATED_RULE
NCT04776993-088,NCT04776993,PROCEDURE,Radioiodine or thyroidectomy,Thyroid ablation,Treatment with radioiodine or with thyroidectomy,Thyroid ablation,1,Radioiodine,Radioiodine or thyroidectomy | Thyroid ablation,procedure,procedure,Thyroid follicular tissue,Radioiodine ablation,No,Procedure managed in SoC table,ClinicalTrials.gov; NCT04776993,high,PASS_CURATED_RULE
NCT04776993-088,NCT04776993,PROCEDURE,Radioiodine or thyroidectomy,Thyroid ablation,Treatment with radioiodine or with thyroidectomy,Thyroid ablation,2,Total thyroidectomy,Radioiodine or thyroidectomy | Thyroid ablation,procedure,procedure,Thyroid gland,Surgical elimination of thyroid hormone source,No,Procedure managed in SoC table,ClinicalTrials.gov; NCT04776993,high,PASS_CURATED_RULE
NCT04876534-007,NCT04876534,DRUG,Tocilizumab 20 Mg/mL Intravenous Solution,Actemra,Intravenous administration,Tocilizumab,1,Tocilizumab,Tocilizumab 20 Mg/mL Intravenous Solution | Actemra,active/intervention,pipeline/approved asset,IL-6R,IL-6 receptor blockade,Yes,NA (included),ClinicalTrials.gov; NCT04876534,high,PASS_CURATED_RULE
NCT04876534-008,NCT04876534,DRUG,MethylPREDNISolone Injectable Solution,Solumedrol,Intravenous administration,Methylprednisolone,1,Methylprednisolone,MethylPREDNISolone Injectable Solution | Solumedrol,standard of care,standard of care,Glucocorticoid receptor,Glucocorticoid immunomodulation,No,Managed in SoC table,ClinicalTrials.gov; NCT04876534,high,PASS_CURATED_RULE
NCT04936854-157,NCT04936854,DRUG,Sirolimus 1 mg Oral Tablet,Rapamycin | Rapamune,"2 mg Sirolimus (two 1 mg tablets) on the first day, followed by 0,5 mg Sirolimus (half 1 mg tablet) per day for 12 weeks.",Sirolimus,1,Sirolimus (rapamycin),Sirolimus 1 mg Oral Tablet | Rapamycin | Rapamune,active/intervention,pipeline/approved asset,mTOR,mTOR inhibition,Yes,NA (included),ClinicalTrials.gov; NCT04936854,high,PASS_CURATED_RULE
NCT04936854-158,NCT04936854,DRUG,Methylprednisolone,Solu-Medrol,"500 mg Methylprednisolone intravenously once a week for 6 weeks, followed by 250 mg once a week for 6 weeks. Total period of treatment 12 weeks.",Corticosteroids,1,Methylprednisolone,Solu-Medrol,standard of care,standard of care,Glucocorticoid receptor,Glucocorticoid immunomodulation,No,Managed in SoC table,ClinicalTrials.gov; NCT04936854,high,PASS_CURATED_RULE
NCT05002998-288,NCT05002998,DRUG,Teprotumumab,TEPEZZA,"Teprotumumab is a fully human anti-IGF-1R mAb. Teprotumumab will be provided in single-dose 20-mL glass vials as a freeze-dried powder containing, in addition to the drug substance, 20 mmol/L histidine-histidine chloride, 250 mmol/L trehalose and 0.01% polysorbate 20 (w/w).

Prior to administration, each vial containing 500 mg teprotumumab freeze-dried powder will be reconstituted with 10 mL of sterile water for injection. The resulting solution will have a concentration of 47.6 mg/mL teprotumumab-trbw antibody. The reconstituted teprotumumab solution must be further diluted in 0.9% (w/v) sodium chloride (NaCl) solution prior to administration",Teprotumumab 16 Infusions | Teprotumumab 4 Infusions | Teprotumumab 8 Infusions,1,Teprotumumab,TEPEZZA,active/intervention,pipeline/approved asset,IGF-1R,IGF-1R inhibition,Yes,NA (included),ClinicalTrials.gov; NCT05002998,high,PASS_CURATED_RULE
NCT05002998-289,NCT05002998,DRUG,Placebo,Saline Solution,"Placebo will consist of a normal saline (0.9% NaCl) solution and will be administered in 100 mL or 250 mL infusion bags, as appropriate, per weight-based dosing volumes.",Teprotumumab 4 Infusions,1,Placebo,Saline Solution,comparator/control,placebo/comparator,NA,Inert comparator,No,Inert comparator,ClinicalTrials.gov; NCT05002998,high,PASS_CURATED_RULE
NCT05015127-062,NCT05015127,DRUG,HBM9161 680 mg qw by q2w from week 13,NR (none reported),HBM9161 680 mg qw by q2w from week 13,HBM9161 680 mg qw by q2w from week 13,1,Batoclimab,HBM9161 680 mg qw by q2w from week 13,active/intervention,pipeline/approved asset,FcRn,FcRn inhibition,Yes,NA (included),ClinicalTrials.gov; NCT05015127,high,PASS_CURATED_RULE
NCT05015127-063,NCT05015127,DRUG,Placebo,NR (none reported),Placebo,Placebo,1,Placebo,NR (no additional alias),comparator/control,placebo/comparator,NA,Inert comparator,No,Inert comparator,ClinicalTrials.gov; NCT05015127,high,PASS_CURATED_RULE
NCT05015127-064,NCT05015127,DRUG,HBM9161 680 mg qw by q2w from week 7,NR (none reported),HBM9161 680 mg qw by q2w from week 7,HBM9161 680 mg qw by q2w from week 7,1,Batoclimab,HBM9161 680 mg qw by q2w from week 7,active/intervention,pipeline/approved asset,FcRn,FcRn inhibition,Yes,NA (included),ClinicalTrials.gov; NCT05015127,high,PASS_CURATED_RULE
NCT05015127-065,NCT05015127,DRUG,Placebo,NR (none reported),Placebo qw by HBM9161 680mg qw from week 12,Placebo qw by HBM9161 680mg qw from week 12,1,Placebo,NR (no additional alias),comparator/control,placebo/comparator,NA,Inert comparator,No,Inert comparator,ClinicalTrials.gov; NCT05015127,high,PASS_CURATED_RULE
NCT05049603-093,NCT05049603,DRUG,Atorvastatin 20mg,Study Group,"One tablet/day, given approximately at 10 pm, after dinner and before going to bed, for 24 weeks",Atorvastatin,1,Statin,Atorvastatin 20mg | Study Group,adjunct/supportive,adjunct/supportive,HMG-CoA reductase/pleiotropic pathways,Statin/pleiotropic anti-inflammatory,No,Adjunct/repurposing evidence; not core pipeline,ClinicalTrials.gov; NCT05049603,high,PASS_CURATED_RULE
NCT05049603-094,NCT05049603,OTHER,Placebo,Placebo group,"One tablet/day, given approximately at 10 pm, after dinner and before going to bed, for 24 weeks",Placebo,1,Placebo,Placebo group,comparator/control,placebo/comparator,NA,Inert comparator,No,Inert comparator,ClinicalTrials.gov; NCT05049603,high,PASS_CURATED_RULE
NCT05110040-098,NCT05110040,DRUG,immunosuppressive agent,immunosuppressive regulator,patients with TAO recruited in this study will administrated with immunosuppressive agent per day,immunosuppressive agents,1,Unspecified immunosuppressive agent,immunosuppressive agent | immunosuppressive regulator,active/intervention,unknown-but-retained,Not registry-specified,Unspecified immunosuppression,Yes,NA (retained due registry opacity),ClinicalTrials.gov; NCT05110040,high,PASS_CURATED_RULE
NCT05118542-095,NCT05118542,DRUG,Propylthiouracil,NR (none reported),PTU were given to participants with adjusted dosage according to patient clinical assessment at every visit by their own endocrinologist.,PTU Group,1,Propylthiouracil,NR (no additional alias),standard of care,standard of care,Thyroid peroxidase/deiodination,Antithyroid drug,No,Managed in SoC table,ClinicalTrials.gov; NCT05118542,high,PASS_CURATED_RULE
NCT05118542-096,NCT05118542,DRUG,Methimazole,NR (none reported),methimazole were given to participants with adjusted dosage according to patient clinical assessment at every visit by their own endocrinologist.,Methimazole Group,1,Methimazole / antithyroid drug,Methimazole,standard of care,standard of care,Thyroid peroxidase,Antithyroid drug,No,Managed in SoC table,ClinicalTrials.gov; NCT05118542,high,PASS_CURATED_RULE
NCT05126147-216,NCT05126147,DRUG,Hydroxychloroquine,Plaquenil,Compare the effects of hydroxychloroquine 200mg twice daily for 6 months with those without treatment.,Hydroxychloroquine,1,Hydroxychloroquine,Plaquenil,active/intervention,pipeline/approved asset,Pleiotropic immune pathways,Hydroxychloroquine immunomodulation,Yes,NA (included),ClinicalTrials.gov; NCT05126147,high,PASS_CURATED_RULE
NCT05176639-023,NCT05176639,DRUG,Veligrotug,VRDN-001,5 IV Infusions of veligrotug 10 mg/kg,Veligrotug,1,Veligrotug (Lumvoa),Veligrotug | VRDN-001,active/intervention,pipeline/approved asset,IGF-1R,IGF-1R inhibition,Yes,NA (included),ClinicalTrials.gov; NCT05176639,high,PASS_CURATED_RULE
NCT05176639-024,NCT05176639,DRUG,Placebo,NR (none reported),5 IV Infusions of veligrotug matched placebo,Placebo,1,Placebo,NR (no additional alias),comparator/control,placebo/comparator,NA,Inert comparator,No,Inert comparator,ClinicalTrials.gov; NCT05176639,high,PASS_CURATED_RULE
NCT05199103-113,NCT05199103,DRUG,rabbit anti-thymocyte globulin,NR (none reported),"0.8 - 1.0 mg/kg of rATG (cumulative dose of 150-200 mg given intravenously in two or three divided doses, 24 hours apart) after premedication with methylprednisolone i.v. (in total dose of 375 mg), 1 mg of antihistaminic agent clemastine and 1000 mg paracetamol i.v.",Rabbit antithymocyte globulin (rATG),1,Rabbit anti-thymocyte globulin,NR (no additional alias),active/intervention,pipeline/approved asset,T lymphocytes,Broad T-cell depletion,Yes,NA (included; broad immunosuppression),ClinicalTrials.gov; NCT05199103,high,PASS_CURATED_RULE
NCT05276063-034,NCT05276063,DRUG,Linsitinib,NR (none reported),Study medication taken twice daily by mouth,High Dose | Low Dose,1,Linsitinib,NR (no additional alias),active/intervention,pipeline/approved asset,IGF-1R/insulin receptor kinases,IGF-1R-pathway kinase inhibition,Yes,NA (included),ClinicalTrials.gov; NCT05276063,high,PASS_CURATED_RULE
NCT05276063-035,NCT05276063,DRUG,Placebo,NR (none reported),Placebo taken twice daily by mouth,Placebo,1,Placebo,NR (no additional alias),comparator/control,placebo/comparator,NA,Inert comparator,No,Inert comparator,ClinicalTrials.gov; NCT05276063,high,PASS_CURATED_RULE
NCT05331300-079,NCT05331300,DRUG,LASN01,NR (none reported),Escalating single and multiple doses of LASN01,LASN01 - Parts A and B [Healthy Volunteers],1,LASN01,NR (no additional alias),active/intervention,pipeline/approved asset,IL-11R,IL-11R blockade,Yes,NA (included),ClinicalTrials.gov; NCT05331300,high,PASS_CURATED_RULE
NCT05331300-080,NCT05331300,DRUG,LASN01,NR (none reported),LASN01 will be administered intravenously,LASN01 - Part C [Pulmonary Fibrosis] | LASN01 - Part D [Thyroid Eye Disease],1,LASN01,NR (no additional alias),active/intervention,pipeline/approved asset,IL-11R,IL-11R blockade,Yes,NA (included),ClinicalTrials.gov; NCT05331300,high,PASS_CURATED_RULE
NCT05331300-081,NCT05331300,DRUG,Placebo,NR (none reported),Escalating doses of matching placebo,Placebo - Parts A and B [Healthy Volunteers],1,Placebo,NR (no additional alias),comparator/control,placebo/comparator,NA,Inert comparator,No,Inert comparator,ClinicalTrials.gov; NCT05331300,high,PASS_CURATED_RULE
NCT05331300-082,NCT05331300,DRUG,Placebo,NR (none reported),Placebo will be administered intravenously,Placebo - Part C [Pulmonary Fibrosis] | Placebo - Part D [Thyroid Eye Disease],1,Placebo,NR (no additional alias),comparator/control,placebo/comparator,NA,Inert comparator,No,Inert comparator,ClinicalTrials.gov; NCT05331300,high,PASS_CURATED_RULE
NCT05394857-222,NCT05394857,DRUG,SHR-1314,NR (none reported),SHR-1314 subcutaneously,Treatment group,1,SHR-1314,NR (no additional alias),active/intervention,pipeline/approved asset,IL-6 pathway,IL-6 pathway blockade,Yes,NA (included),ClinicalTrials.gov; NCT05394857,high,PASS_CURATED_RULE
NCT05429450-053,NCT05429450,DRUG,Methotrexate,NR (none reported),"Three periocular injections of methotrexate at week 0, week 3 and week 6.",Methotrexate,1,Methotrexate,NR (no additional alias),standard of care,standard of care,Folate metabolism/immune modulation,Conventional immunosuppression,No,Managed in SoC table,ClinicalTrials.gov; NCT05429450,high,PASS_CURATED_RULE
NCT05429450-054,NCT05429450,DRUG,Triamcinolone Acetonide,NR (none reported),"Three periocular injections of triamcinolone acetonide at week 0, week 3 and week 6.",Triamcinolone acetonide,1,Triamcinolone,Triamcinolone Acetonide,standard of care,standard of care,Glucocorticoid receptor,Local glucocorticoid therapy,No,Managed in SoC table,ClinicalTrials.gov; NCT05429450,high,PASS_CURATED_RULE
NCT05461820-246,NCT05461820,DRUG,Methimazole,Thyrozol,"Methimazole used in this study was produced by Merck, Germany, and its trade name is Thyrozol. The specification of this drug is 10mg/ tablet, and its validity period is 36 months. It was approved by FDA in 2009 and listed in China in 2011.",Conventional treatment group | Intensive treatment group,1,Methimazole / antithyroid drug,Methimazole | Thyrozol,standard of care,standard of care,Thyroid peroxidase,Antithyroid drug,No,Managed in SoC table,ClinicalTrials.gov; NCT05461820,high,PASS_CURATED_RULE
NCT05517421-280,NCT05517421,DRUG,Batoclimab,IMVT-1401,Batoclimab is a fully human anti-neonatal fragment crystallizable receptor (FcRn) monoclonal antibody,Batoclimab,1,Batoclimab,IMVT-1401,active/intervention,pipeline/approved asset,FcRn,FcRn inhibition,Yes,NA (included),ClinicalTrials.gov; NCT05517421,high,PASS_CURATED_RULE
NCT05517421-281,NCT05517421,DRUG,Placebo,NR (none reported),Matching Placebo,Placebo,1,Placebo,NR (no additional alias),comparator/control,placebo/comparator,NA,Inert comparator,No,Inert comparator,ClinicalTrials.gov; NCT05517421,high,PASS_CURATED_RULE
NCT05517447-211,NCT05517447,OTHER,Observational cohort study,NR (none reported),Observational cohort study,Observational cohort,1,Non-interventional registry entry,Observational cohort study,non-therapeutic/device,diagnostic/non-therapeutic,NA,No therapeutic intervention,No,Registry artefact/non-interventional entry,ClinicalTrials.gov; NCT05517447,high,PASS_CURATED_RULE
NCT05517447-212,NCT05517447,DRUG,Batoclimab,IMVT-1401,Batoclimab is a fully human anti-neonatal fragment crystallizable receptor (FcRn) monoclonal antibody,Treatment Cohort,1,Batoclimab,IMVT-1401,active/intervention,pipeline/approved asset,FcRn,FcRn inhibition,Yes,NA (included),ClinicalTrials.gov; NCT05517447,high,PASS_CURATED_RULE
NCT05524571-103,NCT05524571,DRUG,Batoclimab,IMVT-1401,Batoclimab is a fully human anti-neonatal fragment crystallizable receptor (FcRn) monoclonal antibody,Batoclimab,1,Batoclimab,IMVT-1401,active/intervention,pipeline/approved asset,FcRn,FcRn inhibition,Yes,NA (included),ClinicalTrials.gov; NCT05524571,high,PASS_CURATED_RULE
NCT05524571-104,NCT05524571,DRUG,Placebo,NR (none reported),Matching Placebo,Placebo,1,Placebo,NR (no additional alias),comparator/control,placebo/comparator,NA,Inert comparator,No,Inert comparator,ClinicalTrials.gov; NCT05524571,high,PASS_CURATED_RULE
NCT05532072-125,NCT05532072,DRUG,Rapamycin,Sirolimus,Rapamycin plus Methylprednisolone,The group of Meprednone combined with Rapamycin,1,Sirolimus (rapamycin),Rapamycin | Sirolimus,active/intervention,pipeline/approved asset,mTOR,mTOR inhibition,Yes,NA (included),ClinicalTrials.gov; NCT05532072,high,PASS_CURATED_RULE
NCT05532072-126,NCT05532072,DRUG,Methylprednisolone,NR (none reported),Methylprednisolone Alone,The group of Meprednone alone | The group of Meprednone combined with Rapamycin,1,Methylprednisolone,NR (no additional alias),standard of care,standard of care,Glucocorticoid receptor,Glucocorticoid immunomodulation,No,Managed in SoC table,ClinicalTrials.gov; NCT05532072,high,PASS_CURATED_RULE
NCT05683496-270,NCT05683496,DRUG,lonigutamab,NR (none reported),subcutaneous injection,Cohort 1 | Cohort 2 | Cohort 3 | Cohort 4,1,Lonigutamab,NR (no additional alias),active/intervention,pipeline/approved asset,IGF-1R,IGF-1R inhibition,Yes,NA (included),ClinicalTrials.gov; NCT05683496,high,PASS_CURATED_RULE
NCT05683496-271,NCT05683496,DRUG,Placebo,NR (none reported),subcutaneous injection,Cohort 1,1,Placebo,NR (no additional alias),comparator/control,placebo/comparator,NA,Inert comparator,No,Inert comparator,ClinicalTrials.gov; NCT05683496,high,PASS_CURATED_RULE
NCT05776121-017,NCT05776121,DRUG,ZB001 for injection,NR (none reported),Dose Cohort1 (3 mg/kg) ZB001 four IV injections,ZB001 for injection,1,ZB001,ZB001 for injection,active/intervention,pipeline/approved asset,IGF-1R,IGF-1R inhibition,Yes,NA (included),ClinicalTrials.gov; NCT05776121,high,PASS_CURATED_RULE
NCT05776121-018,NCT05776121,DRUG,ZB001 for injection,NR (none reported),Dose Cohort2 (10 mg/kg) ZB001 four IV injections,ZB001 for injection,1,ZB001,ZB001 for injection,active/intervention,pipeline/approved asset,IGF-1R,IGF-1R inhibition,Yes,NA (included),ClinicalTrials.gov; NCT05776121,high,PASS_CURATED_RULE
NCT05795621-172,NCT05795621,BIOLOGICAL,IBI311,NR (none reported),10 mg/kg on Day 1 followed by 20 mg/kg q3W for the remaining 7 infusions for phase II/III.,IBI311 | Placebo,1,IBI311,NR (no additional alias),active/intervention,pipeline/approved asset,IGF-1R,IGF-1R inhibition,Yes,NA (included),ClinicalTrials.gov; NCT05795621,high,PASS_CURATED_RULE
NCT05795621-173,NCT05795621,BIOLOGICAL,placebo,NR (none reported),4 does of placebo for phase II; 8 does of placebo for phase III.,Placebo,1,Placebo,NR (no additional alias),comparator/control,placebo/comparator,NA,Inert comparator,No,Inert comparator,ClinicalTrials.gov; NCT05795621,high,PASS_CURATED_RULE
NCT05907668-155,NCT05907668,DRUG,IMVT-1401 (batoclimab),IMVT-1401,Batoclimab is a fully human anti-neonatal fragment crystallizable receptor (FcRn) monoclonal antibody.,Batoclimab,1,Batoclimab,IMVT-1401 (batoclimab) | IMVT-1401,active/intervention,pipeline/approved asset,FcRn,FcRn inhibition,Yes,NA (included),ClinicalTrials.gov; NCT05907668,high,PASS_CURATED_RULE
NCT05987423-294,NCT05987423,DRUG,Satralizumab,NR (none reported),Satralizumab will be administered by SC injection.,Satralizumab,1,Satralizumab,NR (no additional alias),active/intervention,pipeline/approved asset,IL-6R,IL-6 receptor blockade,Yes,NA (included),ClinicalTrials.gov; NCT05987423,high,PASS_CURATED_RULE
NCT05987423-295,NCT05987423,DRUG,Placebo,NR (none reported),Placebo will be administered by SC injection,Placebo,1,Placebo,NR (no additional alias),comparator/control,placebo/comparator,NA,Inert comparator,No,Inert comparator,ClinicalTrials.gov; NCT05987423,high,PASS_CURATED_RULE
NCT06021054-001,NCT06021054,DRUG,Veligrotug,VRDN-001,5 IV Infusions of veligrotug 10 mg/kg,Veligrotug,1,Veligrotug (Lumvoa),Veligrotug | VRDN-001,active/intervention,pipeline/approved asset,IGF-1R,IGF-1R inhibition,Yes,NA (included),ClinicalTrials.gov; NCT06021054,high,PASS_CURATED_RULE
NCT06021054-002,NCT06021054,DRUG,Placebo,NR (none reported),5 IV Infusions of veligrotug matched placebo,Placebo,1,Placebo,NR (no additional alias),comparator/control,placebo/comparator,NA,Inert comparator,No,Inert comparator,ClinicalTrials.gov; NCT06021054,high,PASS_CURATED_RULE
NCT06068179-134,NCT06068179,DRUG,"Mycophenolate Mofetil, Oral, 250 Mg",NR (none reported),"Mycophenolate Mofetil, Oral, 500Mg twice daily for 12 months, combined with methimazole standard therapy",intervention group,1,Mycophenolate mofetil,"Mycophenolate Mofetil, Oral, 250 Mg",standard of care,standard of care,IMPDH,Conventional immunosuppression,No,Managed in SoC table,ClinicalTrials.gov; NCT06068179,high,PASS_CURATED_RULE
NCT06068179-135,NCT06068179,DRUG,"methimazole, oral, 10mg",NR (none reported),Methimazole 15-30mg daily initially then titrate to maintenance dose.,control group | intervention group,1,Methimazole / antithyroid drug,"methimazole, oral, 10mg",standard of care,standard of care,Thyroid peroxidase,Antithyroid drug,No,Managed in SoC table,ClinicalTrials.gov; NCT06068179,high,PASS_CURATED_RULE
NCT06087731-156,NCT06087731,DRUG,Tocilizumab,NR (none reported),Tocilizumab (8mg/kg) every 4 wekks,tocilizumab,1,Tocilizumab,NR (no additional alias),active/intervention,pipeline/approved asset,IL-6R,IL-6 receptor blockade,Yes,NA (included),ClinicalTrials.gov; NCT06087731,high,PASS_CURATED_RULE
NCT06088979-129,NCT06088979,DRUG,TOUR006 - 20 MG,NR (none reported),TOUR006 20 MG,TOUR006 - 20 MG,1,TOUR006,TOUR006 - 20 MG,active/intervention,pipeline/approved asset,IL-6 pathway,IL-6 pathway blockade,Yes,NA (included),ClinicalTrials.gov; NCT06088979,high,PASS_CURATED_RULE
NCT06088979-130,NCT06088979,OTHER,Placebo,NR (none reported),Placebo,Placebo,1,Placebo,NR (no additional alias),comparator/control,placebo/comparator,NA,Inert comparator,No,Inert comparator,ClinicalTrials.gov; NCT06088979,high,PASS_CURATED_RULE
NCT06088979-131,NCT06088979,DRUG,TOUR006 - 50 MG,NR (none reported),TOUR006 - 50 MG,TOUR006 - 50 MG,1,TOUR006,TOUR006 - 50 MG,active/intervention,pipeline/approved asset,IL-6 pathway,IL-6 pathway blockade,Yes,NA (included),ClinicalTrials.gov; NCT06088979,high,PASS_CURATED_RULE
NCT06106828-046,NCT06106828,DRUG,Satralizumab,NR (none reported),Satralizumab will be administered by SC injection.,Satralizumab,1,Satralizumab,NR (no additional alias),active/intervention,pipeline/approved asset,IL-6R,IL-6 receptor blockade,Yes,NA (included),ClinicalTrials.gov; NCT06106828,high,PASS_CURATED_RULE
NCT06106828-047,NCT06106828,DRUG,Placebo,NR (none reported),Placebo will be administered by SC injection,Placebo,1,Placebo,NR (no additional alias),comparator/control,placebo/comparator,NA,Inert comparator,No,Inert comparator,ClinicalTrials.gov; NCT06106828,high,PASS_CURATED_RULE
NCT06112340-194,NCT06112340,DRUG,linsitinib,NR (none reported),Study medication taken twice daily by mouth,High Dose | Low Dose,1,Linsitinib,NR (no additional alias),active/intervention,pipeline/approved asset,IGF-1R/insulin receptor kinases,IGF-1R-pathway kinase inhibition,Yes,NA (included),ClinicalTrials.gov; NCT06112340,high,PASS_CURATED_RULE
NCT06126783-284,NCT06126783,DRUG,IBI311,NR (none reported),"The first dose was 10 mg/kg, followed by 7 maintenance doses of 20 mg/kg, Q3W",IBI311,1,IBI311,NR (no additional alias),active/intervention,pipeline/approved asset,IGF-1R,IGF-1R inhibition,Yes,NA (included),ClinicalTrials.gov; NCT06126783,high,PASS_CURATED_RULE
NCT06179875-314,NCT06179875,DRUG,Veligrotug,VRDN-001,Veligrotug 10 mg/kg (5 infusions of Veligrotug 10 mg/kg),Placebo/Veligrotug | Veligrotug/Veligrotug,1,Veligrotug (Lumvoa),Veligrotug | VRDN-001,active/intervention,pipeline/approved asset,IGF-1R,IGF-1R inhibition,Yes,NA (included),ClinicalTrials.gov; NCT06179875,high,PASS_CURATED_RULE
NCT06226545-274,NCT06226545,DRUG,LASN01,Low-dose LASN01,Low dose of LASN01 will be administered intravenously.,Randomized low-dose LASN01 (anti-IGF-1R-naïve TED),1,LASN01,Low-dose LASN01,active/intervention,pipeline/approved asset,IL-11R,IL-11R blockade,Yes,NA (included),ClinicalTrials.gov; NCT06226545,high,PASS_CURATED_RULE
NCT06226545-275,NCT06226545,DRUG,LASN01,High-dose LASN01,High dose of LASN01 will be administered intravenously.,Randomized high-dose LASN01 (anti-IGF-1R-naïve TED),1,LASN01,High-dose LASN01,active/intervention,pipeline/approved asset,IL-11R,IL-11R blockade,Yes,NA (included),ClinicalTrials.gov; NCT06226545,high,PASS_CURATED_RULE
NCT06226545-276,NCT06226545,DRUG,Placebo,Placebo to match,Placebo will be administered intravenously.,Randomized placebo (anti-IGF-1R-naïve TED),1,Placebo,Placebo to match,comparator/control,placebo/comparator,NA,Inert comparator,No,Inert comparator,ClinicalTrials.gov; NCT06226545,high,PASS_CURATED_RULE
NCT06226545-277,NCT06226545,DRUG,LASN01,High-dose LASN01,High dose of LASN01 will be administered intravenously.,"Open-label high dose LASN01 (post-teprotumumab, US only)",1,LASN01,High-dose LASN01,active/intervention,pipeline/approved asset,IL-11R,IL-11R blockade,Yes,NA (included),ClinicalTrials.gov; NCT06226545,high,PASS_CURATED_RULE
NCT06240455-011,NCT06240455,DRUG,WP1302,NR (none reported),"Each arm will be treated with methimazole. During the MMI tapering period, commences the MMI weaning by reducing the original dosage by 50%. This adjusted dose is to be administered over a two-week duration. Continue this dose reduction in the subsequent 2-week durations until achieving a dose of 2.5 mg/day or lower. Upon reaching this threshold, MMI is to be discontinued (withdrawal).",WP1302 1200μg | WP1302 400μg | WP1302 800μg,1,WP1302,NR (no additional alias),active/intervention,pipeline/approved asset,TSHR-reactive T cells,TSHR antigen-specific tolerance,Yes,NA (included),ClinicalTrials.gov; NCT06240455,high,PASS_CURATED_RULE
NCT06240455-012,NCT06240455,DRUG,WP1302 placebo,NR (none reported),"Each arm will be treated with methimazole. During the MMI tapering period, commences the MMI weaning by reducing the original dosage by 50%. This adjusted dose is to be administered over a two-week duration. Continue this dose reduction in the subsequent 2-week durations until achieving a dose of 2.5 mg/day or lower. Upon reaching this threshold, MMI is to be discontinued (withdrawal).",WP1302 Placebo,1,Placebo,WP1302 placebo,comparator/control,placebo/comparator,NA,Inert comparator,No,Inert comparator,ClinicalTrials.gov; NCT06240455,high,PASS_CURATED_RULE
NCT06240455-013,NCT06240455,COMBINATION_PRODUCT,methimazole,NR (none reported),"Each arm will be treated with methimazole. During the MMI tapering period, commences the MMI weaning by reducing the original dosage by 50%. This adjusted dose is to be administered over a two-week duration. Continue this dose reduction in the subsequent 2-week durations until achieving a dose of 2.5 mg/day or lower. Upon reaching this threshold, MMI is to be discontinued (withdrawal).",WP1302 1200μg | WP1302 400μg | WP1302 800μg | WP1302 Placebo,1,Methimazole / antithyroid drug,methimazole,standard of care,standard of care,Thyroid peroxidase,Antithyroid drug,No,Managed in SoC table,ClinicalTrials.gov; NCT06240455,high,PASS_CURATED_RULE
NCT06248619-286,NCT06248619,BIOLOGICAL,Teprotumumab,NR (none reported),SC injection,Teprotumumab,1,Teprotumumab,NR (no additional alias),active/intervention,pipeline/approved asset,IGF-1R,IGF-1R inhibition,Yes,NA (included),ClinicalTrials.gov; NCT06248619,high,PASS_CURATED_RULE
NCT06248619-287,NCT06248619,OTHER,Placebo,NR (none reported),SC injection,Placebo,1,Placebo,NR (no additional alias),comparator/control,placebo/comparator,NA,Inert comparator,No,Inert comparator,ClinicalTrials.gov; NCT06248619,high,PASS_CURATED_RULE
NCT06269393-223,NCT06269393,DRUG,Placebo,NR (none reported),"Placebo group: 10 mg/kg of placebo on Day 1, followed by 20 mg/kg, q3W of placebo for the following 3 infusions.10 mg/kg of IBI311 at Week 12, followed by 20 mg/kg, q3W of IBI311 for the remaining 3 infusions.",Placebo,1,Placebo,NR (no additional alias),comparator/control,placebo/comparator,NA,Inert comparator,No,Inert comparator,ClinicalTrials.gov; NCT06269393,high,PASS_CURATED_RULE
NCT06269393-224,NCT06269393,DRUG,IBI311,NR (none reported),"IBI311 group: 10 mg/kg of IBI311 on Day 1, followed by 20 mg/kg, q3W of IBI311 for the remaining 7 infusions; .",IBI311,1,IBI311,NR (no additional alias),active/intervention,pipeline/approved asset,IGF-1R,IGF-1R inhibition,Yes,NA (included),ClinicalTrials.gov; NCT06269393,high,PASS_CURATED_RULE
NCT06307613-229,NCT06307613,COMBINATION_PRODUCT,Efgartigimod PH20 SC,NR (none reported),Subcutaneous efgartigimod PH20 SC given by prefilled syringe,Efgartigimod arm,1,Efgartigimod PH20 SC,NR (no additional alias),active/intervention,pipeline/approved asset,FcRn,FcRn inhibition,Yes,NA (included),ClinicalTrials.gov; NCT06307613,high,PASS_CURATED_RULE
NCT06307613-230,NCT06307613,OTHER,Placebo PH20 SC,NR (none reported),Subcutaneous placebo given by prefilled syringe,Placebo arm,1,Placebo,Placebo PH20 SC,comparator/control,placebo/comparator,NA,Inert comparator,No,Inert comparator,ClinicalTrials.gov; NCT06307613,high,PASS_CURATED_RULE
NCT06307626-312,NCT06307626,COMBINATION_PRODUCT,Efgartigimod PH20 SC,NR (none reported),Subcutaneous efgartigimod PH20 SC given by prefilled syringe,Efgartigimod arm,1,Efgartigimod PH20 SC,NR (no additional alias),active/intervention,pipeline/approved asset,FcRn,FcRn inhibition,Yes,NA (included),ClinicalTrials.gov; NCT06307626,high,PASS_CURATED_RULE
NCT06307626-313,NCT06307626,OTHER,Placebo PH20 SC,NR (none reported),Subcutaneous placebo given by prefilled syringe,Placebo arm,1,Placebo,Placebo PH20 SC,comparator/control,placebo/comparator,NA,Inert comparator,No,Inert comparator,ClinicalTrials.gov; NCT06307626,high,PASS_CURATED_RULE
NCT06384547-253,NCT06384547,DRUG,Veligrotug,VRDN-001,5 infusions of veligrotug,Veligrotug 10 mg/kg | Veligrotug 3 mg/kg,1,Veligrotug (Lumvoa),Veligrotug | VRDN-001,active/intervention,pipeline/approved asset,IGF-1R,IGF-1R inhibition,Yes,NA (included),ClinicalTrials.gov; NCT06384547,high,PASS_CURATED_RULE
NCT06389578-110,NCT06389578,DRUG,Teprotumumab,Tepezza,SC administration and IV infusion,Cohort 1 | Cohort 2,1,Teprotumumab,Tepezza,active/intervention,pipeline/approved asset,IGF-1R,IGF-1R inhibition,Yes,NA (included),ClinicalTrials.gov; NCT06389578,high,PASS_CURATED_RULE
NCT06392906-175,NCT06392906,RADIATION,Short course radiation therapy,10 Gy in 5 fractions of radiation therapy,5 daily radiation treatments,1 week external beam radiation therapy,1,Orbital radiotherapy,Short course radiation therapy | 10 Gy in 5 fractions of radiation therapy,procedure,procedure,Orbital tissue,Orbital radiotherapy,No,Procedure managed in SoC table,ClinicalTrials.gov; NCT06392906,high,PASS_CURATED_RULE
NCT06392906-176,NCT06392906,RADIATION,Standard course radiation therapy,20 Gy in 10 fractions of radiation therapy,10 daily radiation treatments,2 week external beam radiation therapy,1,Orbital radiotherapy,Standard course radiation therapy | 20 Gy in 10 fractions of radiation therapy,procedure,procedure,Orbital tissue,Orbital radiotherapy,No,Procedure managed in SoC table,ClinicalTrials.gov; NCT06392906,high,PASS_CURATED_RULE
NCT06401044-298,NCT06401044,DRUG,AMG 732,NR (none reported),SC injection,Part A: AMG 732 | Part B: AMG 732 High Dose | Part B: AMG 732 Low Dose | Part B: AMG 732 Medium Dose,1,AMG 732,NR (no additional alias),active/intervention,pipeline/approved asset,IGF-1R,IGF-1R inhibition,Yes,NA (included),ClinicalTrials.gov; NCT06401044,high,PASS_CURATED_RULE
NCT06401044-299,NCT06401044,OTHER,Placebo,NR (none reported),SC injection,Part A: Placebo | Part B: Placebo,1,Placebo,NR (no additional alias),comparator/control,placebo/comparator,NA,Inert comparator,No,Inert comparator,ClinicalTrials.gov; NCT06401044,high,PASS_CURATED_RULE
NCT06413043-181,NCT06413043,DRUG,Selenium,NR (none reported),Add on Selenium (100mcg once daily) with Vitamin B Complex and Standard Treatment for Grave's Disease,ADD on Selenium,1,Selenium/antioxidant supplement,Selenium,adjunct/supportive,adjunct/supportive,Redox pathways,Antioxidant supplementation,No,Adjunct/supportive intervention,ClinicalTrials.gov; NCT06413043,high,PASS_CURATED_RULE
NCT06467435-202,NCT06467435,DRUG,Kamuvudine-9,K9,96 mg tablets taken twice a day for 24 weeks,Patients with Thyroid Eye Disease (TED),1,Kamuvudine-9 (K9),Kamuvudine-9 | K9,active/intervention,pipeline/approved asset,P2X7/NLRP3 axis,Inflammasome-modulating rationale,Yes,NA (included),ClinicalTrials.gov; NCT06467435,high,PASS_CURATED_RULE
NCT06467435-203,NCT06467435,DRUG,Kamuvudine-9,K9,96 mg tablets taken once,Healthy Volunteers,1,Kamuvudine-9 (K9),Kamuvudine-9 | K9,active/intervention,pipeline/approved asset,P2X7/NLRP3 axis,Inflammasome-modulating rationale,Yes,NA (included),ClinicalTrials.gov; NCT06467435,high,PASS_CURATED_RULE
NCT06510114-142,NCT06510114,DRUG,methylprednisolone(daily scheme),prednisone,"0.5 g methylprednisolone i.v. daily for 5 consecutive days, followed by oral prednisone for 6 months. Oral prednisone started at 40 mg/day for 4 weeks and then the dose was tapered by 5 mg/day every 2-4 weeks.",Group A,1,Methylprednisolone,methylprednisolone(daily scheme) | prednisone,standard of care,standard of care,Glucocorticoid receptor,Glucocorticoid immunomodulation,No,Managed in SoC table,ClinicalTrials.gov; NCT06510114,high,PASS_CURATED_RULE
NCT06510114-143,NCT06510114,DRUG,methylprednisolone(weekly scheme),NR (none reported),0.5 g methylprednisolone i.v. weekly for 6 weeks and then the dose was tapered by 0.25 g/week over the following 6 weeks.,Group B,1,Methylprednisolone,methylprednisolone(weekly scheme),standard of care,standard of care,Glucocorticoid receptor,Glucocorticoid immunomodulation,No,Managed in SoC table,ClinicalTrials.gov; NCT06510114,high,PASS_CURATED_RULE
NCT06525506-248,NCT06525506,BIOLOGICAL,IBI311 (20 mg),NR (none reported),"Arm 4: 10 mg/kg IBI311 on Day 1, followed by 20 mg/kg IBI311 from week 3 to week 21, Q3W.",Arm 4: IBI311 (20 mg),1,IBI311,IBI311 (20 mg),active/intervention,pipeline/approved asset,IGF-1R,IGF-1R inhibition,Yes,NA (included),ClinicalTrials.gov; NCT06525506,high,PASS_CURATED_RULE
NCT06525506-249,NCT06525506,BIOLOGICAL,IBI311 (3-20 mg),NR (none reported),"Arm 2: 3 mg/kg IBI311 from day 1 to week 9, Q3W, followed by 20 mg/kg IBI311 from week 12 to week 21, Q3W.",Arm 2: IBI311 (3-20 mg),1,IBI311,IBI311 (3-20 mg),active/intervention,pipeline/approved asset,IGF-1R,IGF-1R inhibition,Yes,NA (included),ClinicalTrials.gov; NCT06525506,high,PASS_CURATED_RULE
NCT06525506-250,NCT06525506,BIOLOGICAL,IBI311 (10 mg),NR (none reported),"Arm 3: 10 mg/kg IBI311 from day 1 to week 21, Q3W.",Arm 3: IBI311 (10 mg),1,IBI311,IBI311 (10 mg),active/intervention,pipeline/approved asset,IGF-1R,IGF-1R inhibition,Yes,NA (included),ClinicalTrials.gov; NCT06525506,high,PASS_CURATED_RULE
NCT06525506-251,NCT06525506,BIOLOGICAL,IBI311 (3-10mg/kg),NR (none reported),"Arm 1: 3 mg/kg IBI311 from day 1 to week 9, Q3W, followed by 10 mg/kg IBI311 from week 12 to week 21, Q3W.",Arm 1: IBI311 (3-10 mg),1,IBI311,IBI311 (3-10mg/kg),active/intervention,pipeline/approved asset,IGF-1R,IGF-1R inhibition,Yes,NA (included),ClinicalTrials.gov; NCT06525506,high,PASS_CURATED_RULE
NCT06540469-241,NCT06540469,DIETARY_SUPPLEMENT,Iodine Supplementation in Whole Course of Treatment with ATDs,NR (none reported),"Moderate iodine supplementation (150μg iodine per day, equivalently 7-9g iodized salt per day) will be taken from ATDs treatment starting until 1 year after ATDs withdrawal.",Iodine Supplementation in Whole Course of Treatment with ATDs,1,Dietary iodine supplementation,Iodine Supplementation in Whole Course of Treatment with ATDs,adjunct/supportive,adjunct/supportive,Iodine intake,Dietary iodine modulation,No,Adjunct dietary intervention,ClinicalTrials.gov; NCT06540469,high,PASS_CURATED_RULE
NCT06540469-242,NCT06540469,DIETARY_SUPPLEMENT,Iodine Supplementation During Maintenance Treatment with ATDs,NR (none reported),"Iodine restriction (non-iodized salt and low iodine diet) will be demanded at the early course of ATDs treatment, and moderate iodine supplementation (150μg iodine per day, equivalently 7-9g iodized salt per day) will be taken when the ATDs dose is titrated down to a maintenance level until 1 year after ATDs withdrawal.",Iodine Supplementation During Maintenance Treatment with ATDs,1,Dietary iodine supplementation,Iodine Supplementation During Maintenance Treatment with ATDs,adjunct/supportive,adjunct/supportive,Iodine intake,Dietary iodine modulation,No,Adjunct dietary intervention,ClinicalTrials.gov; NCT06540469,high,PASS_CURATED_RULE
NCT06540469-243,NCT06540469,DIETARY_SUPPLEMENT,Iodine Restriction in Whole Course of Treatment with ATDs,NR (none reported),Iodine restriction (non-iodized salt and low iodine diet) will be demanded from ATDs treatment starting until 1 year after ATDs withdrawal.,Iodine Restriction in Whole Course of Treatment with ATDs,1,Dietary iodine restriction,Iodine Restriction in Whole Course of Treatment with ATDs,adjunct/supportive,adjunct/supportive,Iodine intake,Dietary iodine modulation,No,Adjunct dietary intervention,ClinicalTrials.gov; NCT06540469,high,PASS_CURATED_RULE
NCT06540469-244,NCT06540469,DRUG,anti-Thyroid Drugs,NR (none reported),Individualized methimazole (MMI),Iodine Restriction in Whole Course of Treatment with ATDs | Iodine Supplementation During Maintenance Treatment with ATDs | Iodine Supplementation in Whole Course of Treatment with ATDs,1,Methimazole / antithyroid drug,anti-Thyroid Drugs,standard of care,standard of care,Thyroid peroxidase,Antithyroid drug,No,Managed in SoC table,ClinicalTrials.gov; NCT06540469,high,PASS_CURATED_RULE
NCT06557850-084,NCT06557850,DRUG,Lu AG22515,NR (none reported),Solution for infusion,Lu AG22515,1,Lu AG22515,NR (no additional alias),active/intervention,pipeline/approved asset,CD40L,CD40L blockade,Yes,NA (included),ClinicalTrials.gov; NCT06557850,high,PASS_CURATED_RULE
NCT06563856-164,NCT06563856,DRUG,TEPEZZA,HZN-001,Administered as a SubQ injection or IV injection.,Cohort 1: TEPEZZA Dose A SubQ | Cohort 2: TEPEZZA Dose B SubQ | Cohort 3: TEPEZZA Dose B Intravenously (IV) | Cohort 4: TEPEZZA Dose B and EDP SubQ,1,Teprotumumab,TEPEZZA | HZN-001,active/intervention,pipeline/approved asset,IGF-1R,IGF-1R inhibition,Yes,NA (included),ClinicalTrials.gov; NCT06563856,high,PASS_CURATED_RULE
NCT06563856-165,NCT06563856,DRUG,EDP,NR (none reported),Administered as a SubQ injection.,Cohort 4: TEPEZZA Dose B and EDP SubQ,1,EDP formulation enhancer,EDP,non-therapeutic/device,diagnostic/non-therapeutic,NA,Formulation/permeation support,No,"Formulation component, not active disease-directed asset",ClinicalTrials.gov; NCT06563856,high,PASS_CURATED_RULE
NCT06569758-317,NCT06569758,DRUG,GenSci098,NR (none reported),"subcutaneous , 5 dose levels(15mg, 45mg, 90mg, 180mg and 270mg) will be assigned.",GenSci098,1,GenSci098 / YB-101,GenSci098,active/intervention,pipeline/approved asset,TSHR,TSHR blockade/antagonism,Yes,NA (included),ClinicalTrials.gov; NCT06569758,high,PASS_CURATED_RULE
NCT06569758-318,NCT06569758,DRUG,GenSci098 Placebo,NR (none reported),"In SAD part only one dose of GenSci098 and GenSci098 Placebo to be given, in MAD part, multiple doses of GenSci098 and GenSci098 Placebo will be given.",GenSci098 Placebo,1,Placebo,GenSci098 Placebo,comparator/control,placebo/comparator,NA,Inert comparator,No,Inert comparator,ClinicalTrials.gov; NCT06569758,high,PASS_CURATED_RULE
NCT06625398-019,NCT06625398,DRUG,VRDN-003,NR (none reported),"VRDN-003 is an investigational, subcutaneously administered, humanized monoclonal antibody directed against the Insulin-like Growth Factor-1 receptor (IGF-1R).",VRDN-003 every 4 weeks | VRDN-003 every 8 weeks,1,VRDN-003,NR (no additional alias),active/intervention,pipeline/approved asset,IGF-1R,IGF-1R inhibition,Yes,NA (included),ClinicalTrials.gov; NCT06625398,high,PASS_CURATED_RULE
NCT06625398-020,NCT06625398,DRUG,Placebo,NR (none reported),All participants will receive the same number of injections to maintain masking. Masking will be maintained by the use of placebo injections that appear identical to VRDN-003 injections.,Placebo every 4 weeks | VRDN-003 every 8 weeks,1,Placebo,NR (no additional alias),comparator/control,placebo/comparator,NA,Inert comparator,No,Inert comparator,ClinicalTrials.gov; NCT06625398,high,PASS_CURATED_RULE
NCT06625411-149,NCT06625411,DRUG,VRDN-003,NR (none reported),"VRDN-003 is an investigational, subcutaneously administered, humanized monoclonal antibody directed against the Insulin-like Growth Factor-1 receptor (IGF-1R).",VRDN-003 every 4 weeks | VRDN-003 every 8 weeks,1,VRDN-003,NR (no additional alias),active/intervention,pipeline/approved asset,IGF-1R,IGF-1R inhibition,Yes,NA (included),ClinicalTrials.gov; NCT06625411,high,PASS_CURATED_RULE
NCT06625411-150,NCT06625411,DRUG,Placebo,NR (none reported),All participants will receive the same number of injections to maintain masking. Masking will be maintained by the use of placebo injections that appear identical to VRDN-003 injections.,Placebo every 4 weeks | VRDN-003 every 8 weeks,1,Placebo,NR (no additional alias),comparator/control,placebo/comparator,NA,Inert comparator,No,Inert comparator,ClinicalTrials.gov; NCT06625411,high,PASS_CURATED_RULE
NCT06674941-296,NCT06674941,DRUG,Teprotumumab,Teprotumumab-trbw | TEPEZZA | HZN-001,Administered as an SC injection.,Cohort 1: Teprotumumab | Cohort 2: Teprotumumab | Cohort 3: Teprotumumab,1,Teprotumumab,Teprotumumab-trbw | TEPEZZA | HZN-001,active/intervention,pipeline/approved asset,IGF-1R,IGF-1R inhibition,Yes,NA (included),ClinicalTrials.gov; NCT06674941,high,PASS_CURATED_RULE
NCT06693856-188,NCT06693856,DRUG,High-Dose Methylprednisolone,NR (none reported),"Methylprednisolone 500mg, administered intravenously once daily for 3 consecutive days, repeated every 4 weeks for a total of 24 weeks, followed by a follow-up period.",a high-dose group,1,Methylprednisolone,High-Dose Methylprednisolone,standard of care,standard of care,Glucocorticoid receptor,Glucocorticoid immunomodulation,No,Managed in SoC table,ClinicalTrials.gov; NCT06693856,high,PASS_CURATED_RULE
NCT06693856-189,NCT06693856,DRUG,Low-Dose Methylprednisolone,NR (none reported),"Methylprednisolone is administered at a dose of 1mg/kg, given as an intravenous injection once daily for 3 consecutive days, repeated every 4 weeks for a total of 24 weeks, followed by a follow-up period.",a low-dose group,1,Methylprednisolone,Low-Dose Methylprednisolone,standard of care,standard of care,Glucocorticoid receptor,Glucocorticoid immunomodulation,No,Managed in SoC table,ClinicalTrials.gov; NCT06693856,high,PASS_CURATED_RULE
NCT06727604-267,NCT06727604,DRUG,IMVT-1402,NR (none reported),600 mg SC QW for 52 weeks,Group 1 Period 1 and 2: IMVT-1402 | Group 2 Period 1 and 2: IMVT-1402,1,IMVT-1402,NR (no additional alias),active/intervention,pipeline/approved asset,FcRn,FcRn inhibition,Yes,NA (included),ClinicalTrials.gov; NCT06727604,high,PASS_CURATED_RULE
NCT06727604-268,NCT06727604,DRUG,IMVT-1402,NR (none reported),600 mg SC QW for 26 weeks followed by Placebo SC QW for 26 weeks,Group 2 Period 1: IMVT-1402 and Period 2: Placebo,1,IMVT-1402,NR (no additional alias),active/intervention,pipeline/approved asset,FcRn,FcRn inhibition,Yes,NA (included),ClinicalTrials.gov; NCT06727604,high,PASS_CURATED_RULE
NCT06727604-269,NCT06727604,DRUG,Placebo,NR (none reported),SC QW for 52 weeks,Group 3 Period 1 and 2: Placebo,1,Placebo,NR (no additional alias),comparator/control,placebo/comparator,NA,Inert comparator,No,Inert comparator,ClinicalTrials.gov; NCT06727604,high,PASS_CURATED_RULE
NCT06769984-304,NCT06769984,DRUG,SCTT11,NR (none reported),"SCTT11 dose 1, dose 2, dose 3, dose 4","SCTT11 dose 1, dose 2, dose 3, dose 4",1,SCTT11,NR (no additional alias),active/intervention,unknown-but-retained,Not publicly verified,Unknown—do not infer,Yes,NA (retained watchlist),ClinicalTrials.gov; NCT06769984,high,PASS_CURATED_RULE
NCT06769984-305,NCT06769984,DRUG,Placebo,NR (none reported),"Placebo dose 1, dose 2, dose 3, dose 4","Placebo dose 1, dose 2, dose 3, dose 4",1,Placebo,NR (no additional alias),comparator/control,placebo/comparator,NA,Inert comparator,No,Inert comparator,ClinicalTrials.gov; NCT06769984,high,PASS_CURATED_RULE
NCT06812325-076,NCT06812325,DRUG,VRDN-003,NR (none reported),"VRDN-003 is an investigational, subcutaneously administered, humanized monoclonal antibody directed against the Insulin-like Growth Factor-1 receptor (IGF-1R).",VRDN-003 every 4 weeks | VRDN-003 every 8 weeks,1,VRDN-003,NR (no additional alias),active/intervention,pipeline/approved asset,IGF-1R,IGF-1R inhibition,Yes,NA (included),ClinicalTrials.gov; NCT06812325,high,PASS_CURATED_RULE
NCT06812325-077,NCT06812325,DRUG,Placebo,NR (none reported),Placebo injections that appear identical to VRDN-003 injections but have no active drug.,VRDN-003 every 8 weeks,1,Placebo,NR (no additional alias),comparator/control,placebo/comparator,NA,Inert comparator,No,Inert comparator,ClinicalTrials.gov; NCT06812325,high,PASS_CURATED_RULE
NCT06927375-231,NCT06927375,DRUG,Tocilizumab(400mg) combined with Flupentixol Melitracen(0.5mg:10mg),study group,"Tocilizumab (Actemra) is administered via intravenous infusion at a dose of 400 mg at Weeks 0, 4, and 8. Flupentixol/Melitracen is given orally at a dose of 0.5 mg/10 mg twice daily for 8 consecutive weeks starting from Week 0.",Tocilizumab combined with Flupentixol Melitracen,1,Tocilizumab,Tocilizumab(400mg) combined with Flupentixol Melitracen(0.5mg:10mg) | study group,active/intervention,pipeline/approved asset,IL-6R,IL-6 receptor blockade,Yes,NA (included),ClinicalTrials.gov; NCT06927375,high,PASS_CURATED_RULE
NCT06927375-231,NCT06927375,DRUG,Tocilizumab(400mg) combined with Flupentixol Melitracen(0.5mg:10mg),study group,"Tocilizumab (Actemra) is administered via intravenous infusion at a dose of 400 mg at Weeks 0, 4, and 8. Flupentixol/Melitracen is given orally at a dose of 0.5 mg/10 mg twice daily for 8 consecutive weeks starting from Week 0.",Tocilizumab combined with Flupentixol Melitracen,2,Flupentixol/melitracen,Tocilizumab(400mg) combined with Flupentixol Melitracen(0.5mg:10mg) | study group,adjunct/supportive,adjunct/supportive,Monoaminergic pathways,Psychotropic supportive therapy,No,Supportive co-intervention,ClinicalTrials.gov; NCT06927375,high,PASS_CURATED_RULE
NCT06927375-232,NCT06927375,DRUG,Tocilizumab(400mg),control group,"Tocilizumab (Actemra) is administered via intravenous infusion at a dose of 400 mg at Weeks 0, 4, and 8.",Tocilizumab,1,Tocilizumab,Tocilizumab(400mg) | control group,active/intervention,pipeline/approved asset,IL-6R,IL-6 receptor blockade,Yes,NA (included),ClinicalTrials.gov; NCT06927375,high,PASS_CURATED_RULE
NCT06980649-209,NCT06980649,DRUG,BHV-1300,NR (none reported),BHV-1300 is delivered subcutaneously (SC),BHV-1300,1,BHV-1300,NR (no additional alias),active/intervention,pipeline/approved asset,IgG/extracellular degradation pathway,IgG-directed extracellular protein degradation,Yes,NA (included),ClinicalTrials.gov; NCT06980649,high,PASS_CURATED_RULE
NCT06984627-091,NCT06984627,DRUG,Rilzabrutinib dose 1,SAR444671,Pharmaceutical form:Tablet-Route of administration:Oral,Rilzabrutinib dose 1,1,Rilzabrutinib,Rilzabrutinib dose 1 | SAR444671,active/intervention,pipeline/approved asset,BTK,BTK inhibition,Yes,NA (included),ClinicalTrials.gov; NCT06984627,high,PASS_CURATED_RULE
NCT06984627-092,NCT06984627,DRUG,Rilzabrutinib dose 2,SAR444671,Pharmaceutical form:Tablet-Route of administration:Oral,Rilzabrutinib dose 2,1,Rilzabrutinib,Rilzabrutinib dose 2 | SAR444671,active/intervention,pipeline/approved asset,BTK,BTK inhibition,Yes,NA (included),ClinicalTrials.gov; NCT06984627,high,PASS_CURATED_RULE
NCT06989918-159,NCT06989918,DRUG,MHB018A,NR (none reported),MHB018A 450mg for subcutaneous injection once every 4 weeks (Q4W),MHB018A,1,MHB018A,NR (no additional alias),active/intervention,pipeline/approved asset,IGF-1R,IGF-1R inhibition,Yes,NA (included),ClinicalTrials.gov; NCT06989918,high,PASS_CURATED_RULE
NCT06989918-160,NCT06989918,DRUG,MHB018A placebo,NR (none reported),6 subcutaneous injections of MHB018A placebo once every 4 weeks (q4w),MHB018A Placebo,1,Placebo,MHB018A placebo,comparator/control,placebo/comparator,NA,Inert comparator,No,Inert comparator,ClinicalTrials.gov; NCT06989918,high,PASS_CURATED_RULE
NCT07018323-309,NCT07018323,DRUG,IMVT-1402,NR (none reported),Dose 1 for 26 weeks,IMVT-1402 Dose 1,1,IMVT-1402,NR (no additional alias),active/intervention,pipeline/approved asset,FcRn,FcRn inhibition,Yes,NA (included),ClinicalTrials.gov; NCT07018323,high,PASS_CURATED_RULE
NCT07018323-310,NCT07018323,DRUG,IMVT-1402,NR (none reported),Dose 2 for 26 weeks,IMVT-1402 Dose 2,1,IMVT-1402,NR (no additional alias),active/intervention,pipeline/approved asset,FcRn,FcRn inhibition,Yes,NA (included),ClinicalTrials.gov; NCT07018323,high,PASS_CURATED_RULE
NCT07018323-311,NCT07018323,DRUG,Placebo,NR (none reported),For 26 weeks,Placebo,1,Placebo,NR (no additional alias),comparator/control,placebo/comparator,NA,Inert comparator,No,Inert comparator,ClinicalTrials.gov; NCT07018323,high,PASS_CURATED_RULE
NCT07113262-106,NCT07113262,DRUG,IBI311,NR (none reported),Teprotumumab N01 injection (code name IBI311),Teprotumumab N01 injection (code name IBI311),1,IBI311,NR (no additional alias),active/intervention,pipeline/approved asset,IGF-1R,IGF-1R inhibition,Yes,NA (included),ClinicalTrials.gov; NCT07113262,high,PASS_CURATED_RULE
NCT07113262-107,NCT07113262,DRUG,Placebo,NR (none reported),Placebo,placebo,1,Placebo,NR (no additional alias),comparator/control,placebo/comparator,NA,Inert comparator,No,Inert comparator,ClinicalTrials.gov; NCT07113262,high,PASS_CURATED_RULE
NCT07129642-044,NCT07129642,BIOLOGICAL,Allogeneic CAR-T,NR (none reported),The participants will receive one dose of allogeneic CAR-T,Intervention Arm,1,Allogeneic CD19/BCMA CAR-T,Allogeneic CAR-T,active/intervention,pipeline/approved asset,CD19/BCMA,CD19/BCMA-directed CAR-T,Yes,NA (included),ClinicalTrials.gov; NCT07129642,high,PASS_CURATED_RULE
NCT07142642-127,NCT07142642,DRUG,Teprotumumab,Tepezza | AMG 632,Administered via IV infusion.,Teprotumumab,1,Teprotumumab,Tepezza | AMG 632,active/intervention,pipeline/approved asset,IGF-1R,IGF-1R inhibition,Yes,NA (included),ClinicalTrials.gov; NCT07142642,high,PASS_CURATED_RULE
NCT07142642-128,NCT07142642,DRUG,Placebo,NR (none reported),Administered via IV infusion.,Placebo,1,Placebo,NR (no additional alias),comparator/control,placebo/comparator,NA,Inert comparator,No,Inert comparator,ClinicalTrials.gov; NCT07142642,high,PASS_CURATED_RULE
NCT07152340-028,NCT07152340,DRUG,IBI311,NR (none reported),IBI311 is a fully human anti-IGF-1R mAb. IBI311 will be provided in single-dose 10-mL glass vials as a Injection solution containing.,IBI311,1,IBI311,NR (no additional alias),active/intervention,pipeline/approved asset,IGF-1R,IGF-1R inhibition,Yes,NA (included),ClinicalTrials.gov; NCT07152340,high,PASS_CURATED_RULE
NCT07152340-029,NCT07152340,DRUG,Glucocorticoids,NR (none reported),500mg methylprednisolone was intravenously injected once a day for 3 consecutive days. The next treatment was carried out with an interval of 2 weeks for a total of 8 times.,Glucocorticoid,1,Methylprednisolone,Glucocorticoids,standard of care,standard of care,Glucocorticoid receptor,Glucocorticoid immunomodulation,No,Managed in SoC table,ClinicalTrials.gov; NCT07152340,high,PASS_CURATED_RULE
NCT07152366-151,NCT07152366,DRUG,IBI311,NR (none reported),IBI311 is a fully human anti-IGF-1R mAb. IBI311 will be provided in single-dose 10-mL glass vials as a Injection solution containing.,GC<6g : IBI311 | GC≥6g : IBI311,1,IBI311,NR (no additional alias),active/intervention,pipeline/approved asset,IGF-1R,IGF-1R inhibition,Yes,NA (included),ClinicalTrials.gov; NCT07152366,high,PASS_CURATED_RULE
NCT07152366-152,NCT07152366,DRUG,Glucocorticoids,NR (none reported),500mg methylprednisolone was intravenously injected once a day for 3 consecutive days. The next treatment was carried out with an interval of 2 weeks for a total of 8 times.,GC<6g : Glucocorticoid,1,Methylprednisolone,Glucocorticoids,standard of care,standard of care,Glucocorticoid receptor,Glucocorticoid immunomodulation,No,Managed in SoC table,ClinicalTrials.gov; NCT07152366,high,PASS_CURATED_RULE
NCT07152392-302,NCT07152392,DRUG,IBI311,NR (none reported),IBI311 is a fully human anti-IGF-1R mAb. IBI311 will be provided in single-dose 500-mg glass vials as a Injection solution containing.,IBI311,1,IBI311,NR (no additional alias),active/intervention,pipeline/approved asset,IGF-1R,IGF-1R inhibition,Yes,NA (included),ClinicalTrials.gov; NCT07152392,high,PASS_CURATED_RULE
NCT07152392-303,NCT07152392,OTHER,Follew-up,NR (none reported),recived follow-up every six months,Follow-up,1,Non-interventional registry entry,Follew-up,non-therapeutic/device,diagnostic/non-therapeutic,NA,No therapeutic intervention,No,Registry artefact/non-interventional entry,ClinicalTrials.gov; NCT07152392,high,PASS_CURATED_RULE
NCT07155668-067,NCT07155668,DRUG,VRDN-003,NR (none reported),"VRDN-003 is an investigational, subcutaneously administered, humanized monoclonal antibody directed against the Insulin-like Growth Factor-1 receptor (IGF-1R).",VRDN-003 every 4 weeks using autoinjector | VRDN-003 every 8 weeks using autoinjector | VRDN-003 every 8 weeks using vial and syringe,1,VRDN-003,NR (no additional alias),active/intervention,pipeline/approved asset,IGF-1R,IGF-1R inhibition,Yes,NA (included),ClinicalTrials.gov; NCT07155668,high,PASS_CURATED_RULE
NCT07155668-068,NCT07155668,DEVICE,Autoinjector,NR (none reported),"The autoinjector is a single-dose, disposable, ready-to-use delivery device",VRDN-003 every 4 weeks using autoinjector | VRDN-003 every 8 weeks using autoinjector,1,Autoinjector device,Autoinjector,non-therapeutic/device,diagnostic/non-therapeutic,NA,Delivery device,No,"Device, not active asset",ClinicalTrials.gov; NCT07155668,high,PASS_CURATED_RULE
NCT07164079-179,NCT07164079,DIETARY_SUPPLEMENT,blackberry root,NR (none reported),"Patients in the intervention group will receive a Rubus Sanctus root extract, which they will consume with breakfast for 8 weeks. The tea will be packaged as 5 grams of Rubus Sanctus root and steeped in 200 ml of water at 80°C for 5 minutes. Participants in the intervention group will receive the Rubus Sanctus root tea along with the necessary equipment (a 200 ml beaker and thermometer). Measurements of TSH, T4, T3, anti-TPO, anti-TG, TSH receptor antibodies, liver function tests, thyroid parenchymal echogenicity, and thyroid volume will be taken at the Endocrinology and Metabolic Diseases Clinic of Muğla Training and Research Hospital before and after the study.",Blackberry root group,1,Black tea/blackberry root,blackberry root,adjunct/supportive,adjunct/supportive,Not established,Nutritional/herbal adjunct,No,Adjunct/supportive intervention,ClinicalTrials.gov; NCT07164079,high,PASS_CURATED_RULE
NCT07164079-180,NCT07164079,DIETARY_SUPPLEMENT,black tea,NR (none reported),"Patients with Graves' disease assigned to the control group will be asked to consume black tea (Camellia sinensis) with their breakfast for 8 weeks. Black tea is a product consumed almost daily in Turkish society. Black tea will be prepared in 5-g doses and steeped in 200 ml of water at 80°C for 5 minutes. Participants in the control group will be provided with black tea bags along with the necessary equipment (a 200 ml beaker and thermometer). TSH, T4, T3, anti-TPO, anti-TG, TSH receptor antibody, liver function tests, thyroid parenchymal echogenicity, and thyroid volume will be obtained before and after the study at the Endocrinology and Metabolic Diseases Clinic of Muğla Training and Research Hospital.",Black Tea group,1,Black tea/blackberry root,black tea,adjunct/supportive,adjunct/supportive,Not established,Nutritional/herbal adjunct,No,Adjunct/supportive intervention,ClinicalTrials.gov; NCT07164079,high,PASS_CURATED_RULE
NCT07211776-200,NCT07211776,DRUG,ZL-1109 (VRDN-003),NR (none reported),ZL-1109 subcutaneous injection,OLE treatment period: ZL-1109 every 4 weeks | Randomized controlled period: ZL-1109 every 4 weeks | Randomized controlled period: ZL-1109 every 8 weeks,1,VRDN-003,ZL-1109 (VRDN-003),active/intervention,pipeline/approved asset,IGF-1R,IGF-1R inhibition,Yes,NA (included),ClinicalTrials.gov; NCT07211776,high,PASS_CURATED_RULE
NCT07211776-201,NCT07211776,DRUG,Placebo,NR (none reported),Matching placebo subcutaneous injection,Randomized controlled period: Placebo every 4 weeks | Randomized controlled period: ZL-1109 every 8 weeks,1,Placebo,NR (no additional alias),comparator/control,placebo/comparator,NA,Inert comparator,No,Inert comparator,ClinicalTrials.gov; NCT07211776,high,PASS_CURATED_RULE
NCT07257185-111,NCT07257185,DRUG,MHB018A injection,NR (none reported),MHB018A 450mg for subcutaneous injection once every 4 weeks (Q4W),MHB018A Injection,1,MHB018A,MHB018A injection,active/intervention,pipeline/approved asset,IGF-1R,IGF-1R inhibition,Yes,NA (included),ClinicalTrials.gov; NCT07257185,high,PASS_CURATED_RULE
NCT07257185-112,NCT07257185,DRUG,MHB018A injection Placebo,NR (none reported),6 subcutaneous injections of MHB018A placebo once every 4 weeks (q4w),MHB018A Injection Placebo,1,Placebo,MHB018A injection Placebo,comparator/control,placebo/comparator,NA,Inert comparator,No,Inert comparator,ClinicalTrials.gov; NCT07257185,high,PASS_CURATED_RULE
NCT07261345-297,NCT07261345,BIOLOGICAL,allogenic anti-CD19/BCMA CAR-T,NR (none reported),Participants will receive a single infusion of allogenic anti-CD19/BCMA CAR-T (RD06-05).,Intervention Arm,1,Allogeneic CD19/BCMA CAR-T,allogenic anti-CD19/BCMA CAR-T,active/intervention,pipeline/approved asset,CD19/BCMA,CD19/BCMA-directed CAR-T,Yes,NA (included),ClinicalTrials.gov; NCT07261345,high,PASS_CURATED_RULE
NCT07262476-174,NCT07262476,DRUG,MHB018A injection,NR (none reported),MHB018A 450mg for subcutaneous injection once every 4 weeks (Q4W),MHB018A Injection,1,MHB018A,MHB018A injection,active/intervention,pipeline/approved asset,IGF-1R,IGF-1R inhibition,Yes,NA (included),ClinicalTrials.gov; NCT07262476,high,PASS_CURATED_RULE
NCT07265258-260,NCT07265258,BIOLOGICAL,Teprotumumab N01,NR (none reported),"A total of 8 intravenous infusions of Teprotumumab N01 injection will be administered: 10 mg/kg on Day1, followed by 20 mg/kg in Week3-21, once every 3 weeks(Q3W).",Teprotumumab N01 group,1,Teprotumumab,Teprotumumab N01,active/intervention,pipeline/approved asset,IGF-1R,IGF-1R inhibition,Yes,NA (included),ClinicalTrials.gov; NCT07265258,high,PASS_CURATED_RULE
NCT07265258-261,NCT07265258,DRUG,Methylprednisolone,NR (none reported),"A total of 12 intravenous infusions of methylprednisolone will be administered: 500 mg for the first six doses (on Day 1 and weekly throughout Weeks 1-5), and then 250 mg for the following six doses (weekly throughout Weeks 6-11). Based on disease deterioration and treatment response, participants will receive individualized treatment after IVGC therapy.",Intravenous glucocorticoid (IVGC) group,1,Methylprednisolone,NR (no additional alias),standard of care,standard of care,Glucocorticoid receptor,Glucocorticoid immunomodulation,No,Managed in SoC table,ClinicalTrials.gov; NCT07265258,high,PASS_CURATED_RULE
NCT07286006-247,NCT07286006,DRUG,IMVT-1402,NR (none reported),Dose 1 for up to 52 weeks,Group A,1,IMVT-1402,NR (no additional alias),active/intervention,pipeline/approved asset,FcRn,FcRn inhibition,Yes,NA (included),ClinicalTrials.gov; NCT07286006,high,PASS_CURATED_RULE
NCT07286656-117,NCT07286656,DRUG,GenSci098,NR (none reported),"* Administration: Only one dose of GenSci098 will be given.
* Route of Administration: Subcutaneous (injected under the skin).
* Dose Levels: • Dose 1 • Dose 2• Dose 3• Dose 4",GenSci098,1,GenSci098 / YB-101,GenSci098,active/intervention,pipeline/approved asset,TSHR,TSHR blockade/antagonism,Yes,NA (included),ClinicalTrials.gov; NCT07286656,high,PASS_CURATED_RULE
NCT07305818-136,NCT07305818,BIOLOGICAL,MER511 (IV),NR (none reported),Participants will receive a single dose of MER511 on Day 1,Part A (SAD) MER511 IV,1,MER511,MER511 (IV),active/intervention,pipeline/approved asset,anti-TSHR autoantibodies/cognate B cells,Direct anti-TSHR autoantibody clearance and source suppression,Yes,NA (included),ClinicalTrials.gov; NCT07305818,high,PASS_CURATED_RULE
NCT07305818-137,NCT07305818,BIOLOGICAL,Placebo comparator (IV),NR (none reported),Participants will receive a single dose of Placebo on Day 1,Part A (SAD) placebo IV,1,Placebo,Placebo comparator (IV),comparator/control,placebo/comparator,NA,Inert comparator,No,Inert comparator,ClinicalTrials.gov; NCT07305818,high,PASS_CURATED_RULE
NCT07305818-138,NCT07305818,BIOLOGICAL,MER511 (SC),NR (none reported),Participants will receive a single dose of MER511 on Day 1,Part A (SAD) MER511 SC,1,MER511,MER511 (SC),active/intervention,pipeline/approved asset,anti-TSHR autoantibodies/cognate B cells,Direct anti-TSHR autoantibody clearance and source suppression,Yes,NA (included),ClinicalTrials.gov; NCT07305818,high,PASS_CURATED_RULE
NCT07305818-139,NCT07305818,BIOLOGICAL,Placebo comparator (SC),NR (none reported),Participants will receive a single dose of Placebo on Day 1,Part A (SAD) placebo SC,1,Placebo,Placebo comparator (SC),comparator/control,placebo/comparator,NA,Inert comparator,No,Inert comparator,ClinicalTrials.gov; NCT07305818,high,PASS_CURATED_RULE
NCT07305818-140,NCT07305818,BIOLOGICAL,MER511 (SC) for MAD,NR (none reported),Participants will receive multiple ascending doses of MER511 via SC administration assigned for their cohort on Day 1 and Day 29,Part B (MAD) MER511 SC,1,MER511,MER511 (SC) for MAD,active/intervention,pipeline/approved asset,anti-TSHR autoantibodies/cognate B cells,Direct anti-TSHR autoantibody clearance and source suppression,Yes,NA (included),ClinicalTrials.gov; NCT07305818,high,PASS_CURATED_RULE
NCT07305818-141,NCT07305818,BIOLOGICAL,Placebo comparator (SC) for MAD,NR (none reported),Participants will receive multiple doses of placebo via SC administration assigned for their cohort on Day 1 and Day 29,- Part B (MAD) placebo SC,1,Placebo,Placebo comparator (SC) for MAD,comparator/control,placebo/comparator,NA,Inert comparator,No,Inert comparator,ClinicalTrials.gov; NCT07305818,high,PASS_CURATED_RULE
NCT07308964-105,NCT07308964,DRUG,Teprotumumab Injection [Tepezza],NR (none reported),"As a standard of care Teprotumumab is administered intravenously every 3 weeks for a total of 8 infusions (24 weeks).

In the Shortened Arm participants receive a total of 4 infusions (12 weeks) provided they met the ""Early Optimal Clinical Response"" criteria at Week 12.",Shortened Treatment | Standard of Care,1,Teprotumumab,Teprotumumab Injection [Tepezza],active/intervention,pipeline/approved asset,IGF-1R,IGF-1R inhibition,Yes,NA (included),ClinicalTrials.gov; NCT07308964,high,PASS_CURATED_RULE
NCT07333677-153,NCT07333677,BIOLOGICAL,In Vivo CAR-T Therapy,HN2301,"Participants will receive 3 to 5 intravenous administrations of HN2301, given once every 2 days, according to the study dosing regimen.",In Vivo CAR-T Therapy for Refractory Graves' Disease,1,HN2301 in-vivo CAR-T,In Vivo CAR-T Therapy | HN2301,active/intervention,pipeline/approved asset,CD19/BCMA,In-vivo CD19/BCMA-directed CAR-T,Yes,NA (included),ClinicalTrials.gov; NCT07333677,high,PASS_CURATED_RULE
NCT07369063-300,NCT07369063,DRUG,"Ergocalciferol 50,000 IU",NR (none reported),"Participants will receive ergocalciferol 50,000 IU oral capsules weekly for the first 8 weeks, followed by 50,000 IU every two weeks for the subsequent 16 weeks (total 24 weeks).",High-Dose Vitamin D2 + Methimazole,1,Vitamin D/alfacalcidol,"Ergocalciferol 50,000 IU",adjunct/supportive,adjunct/supportive,Vitamin D receptor pathway,Vitamin D supplementation,No,Adjunct/supportive intervention,ClinicalTrials.gov; NCT07369063,high,PASS_CURATED_RULE
NCT07369063-301,NCT07369063,DRUG,Methimazole,NR (none reported),Methimazole is considered standard of care for pediatric Graves' disease. Dosing is determined and adjusted by the participant's treating physician,High-Dose Vitamin D2 + Methimazole | Methimazole (with optional low dose Vitamin D2),1,Methimazole / antithyroid drug,Methimazole,standard of care,standard of care,Thyroid peroxidase,Antithyroid drug,No,Managed in SoC table,ClinicalTrials.gov; NCT07369063,high,PASS_CURATED_RULE
NCT07400757-278,NCT07400757,DRUG,Atorvastatin (Lipitor),NR (none reported),Oral atorvastatin 20 mg administered once daily for 24 weeks.,Statin | Statin plus Vitamin D,1,Statin,Atorvastatin (Lipitor),adjunct/supportive,adjunct/supportive,HMG-CoA reductase/pleiotropic pathways,Statin/pleiotropic anti-inflammatory,No,Adjunct/repurposing evidence; not core pipeline,ClinicalTrials.gov; NCT07400757,high,PASS_CURATED_RULE
NCT07400757-279,NCT07400757,DIETARY_SUPPLEMENT,Vitamin D,NR (none reported),Oral vitamin D supplementation at a dose of 1400 IU administered once daily for 24 weeks.,Statin plus Vitamin D | Vitamin D,1,Vitamin D/alfacalcidol,Vitamin D,adjunct/supportive,adjunct/supportive,Vitamin D receptor pathway,Vitamin D supplementation,No,Adjunct/supportive intervention,ClinicalTrials.gov; NCT07400757,high,PASS_CURATED_RULE
NCT07438405-090,NCT07438405,DRUG,AMG 732,NR (none reported),AMG 732 will be administered SC.,AMG 732,1,AMG 732,NR (no additional alias),active/intervention,pipeline/approved asset,IGF-1R,IGF-1R inhibition,Yes,NA (included),ClinicalTrials.gov; NCT07438405,high,PASS_CURATED_RULE
NCT07462130-256,NCT07462130,DRUG,NTB003,NR (none reported),NTB003 dose 1 administered SC injection every 4 weeks.,Cohort 1,1,NTB003 / BCG009,NTB003,active/intervention,pipeline/approved asset,IGF-1R,IGF-1R inhibition,Yes,NA (included),ClinicalTrials.gov; NCT07462130,high,PASS_CURATED_RULE
NCT07462130-257,NCT07462130,DRUG,NTB003,NR (none reported),NTB003 dose 2 administered SC injection every 4 weeks.,Cohort 2,1,NTB003 / BCG009,NTB003,active/intervention,pipeline/approved asset,IGF-1R,IGF-1R inhibition,Yes,NA (included),ClinicalTrials.gov; NCT07462130,high,PASS_CURATED_RULE
NCT07462130-258,NCT07462130,DRUG,NTB003,NR (none reported),NTB003 dose 3 administered SC injection every 4 weeks.,Cohort 3,1,NTB003 / BCG009,NTB003,active/intervention,pipeline/approved asset,IGF-1R,IGF-1R inhibition,Yes,NA (included),ClinicalTrials.gov; NCT07462130,high,PASS_CURATED_RULE
NCT07462130-259,NCT07462130,DRUG,NTB003 and Placebo,NR (none reported),"Drug:NTB003 subcutaneous injection

Drug: Placebo subcutaneous injection",Cohort 4,1,NTB003 / BCG009,NTB003 and Placebo,active/intervention,pipeline/approved asset,IGF-1R,IGF-1R inhibition,Yes,NA (included),ClinicalTrials.gov; NCT07462130,high,PASS_CURATED_RULE
NCT07462130-259,NCT07462130,DRUG,NTB003 and Placebo,NR (none reported),"Drug:NTB003 subcutaneous injection

Drug: Placebo subcutaneous injection",Cohort 4,2,Placebo,NTB003 and Placebo,comparator/control,placebo/comparator,NA,Inert comparator,No,Inert comparator,ClinicalTrials.gov; NCT07462130,high,PASS_CURATED_RULE
NCT07547930-190,NCT07547930,DRUG,Tofacitinib,NR (none reported),5 mg tablet administered orally twice daily (BID) for a continuous period of 24 weeks.,Tofacitinib Treatment Group,1,Tofacitinib,NR (no additional alias),active/intervention,pipeline/approved asset,JAK family,JAK inhibition,Yes,NA (included),ClinicalTrials.gov; NCT07547930,high,PASS_CURATED_RULE
NCT07570316-009,NCT07570316,BIOLOGICAL,Efgartigimod PH20 SC,NR (none reported),Subcutaneous injection of Efgartigimod PH20 Via Prefilled Syringe (PFS),Part A - efgartigimod PH20 SC PFS | Part B - efgartigimod PH20 SC PFS | Part C - efgartigimod PH20 SC PFS,1,Efgartigimod PH20 SC,NR (no additional alias),active/intervention,pipeline/approved asset,FcRn,FcRn inhibition,Yes,NA (included),ClinicalTrials.gov; NCT07570316,high,PASS_CURATED_RULE
NCT07570316-010,NCT07570316,OTHER,Placebo PH20 SC,NR (none reported),Subcutaneous injection of placebo PH20 via Prefilled Syringe (PFS),Part A - placebo PH20 SC PFS | Part B - placebo PH20 SC PFS,1,Placebo,Placebo PH20 SC,comparator/control,placebo/comparator,NA,Inert comparator,No,Inert comparator,ClinicalTrials.gov; NCT07570316,high,PASS_CURATED_RULE
NCT07594912-263,NCT07594912,DRUG,Teprotumumab N01,Teprotumumab | Insulin-like growth factor-1 receptor monoclonal antibody | IGF-1R inhibitor,"Teprotumumab N01 will be administered intravenously after urgent orbital decompression. The first infusion will be 10 mg/kg, followed by 20 mg/kg every 3 weeks for 7 additional infusions.",Postoperative Sequential Teprotumumab N01,1,Teprotumumab,Teprotumumab N01 | Insulin-like growth factor-1 receptor monoclonal antibody | IGF-1R inhibitor,active/intervention,pipeline/approved asset,IGF-1R,IGF-1R inhibition,Yes,NA (included),ClinicalTrials.gov; NCT07594912,high,PASS_CURATED_RULE
NCT07594912-264,NCT07594912,DRUG,Intravenous Methylprednisolone (IVMP),Methylprednisolone | Methylprednisolone sodium succinate | Intravenous methylprednisolone pulse therapy | IVMP,"IVMP will be administered after urgent orbital decompression at 0.5 to 1.0 g per day for 3 consecutive days, followed by oral prednisone tapering according to the participant's clinical status and investigator judgment.",Postoperative Sequential Intravenous Methylprednisolone,1,Methylprednisolone,Intravenous Methylprednisolone (IVMP) | Methylprednisolone sodium succinate | Intravenous methylprednisolone pulse therapy | IVMP,standard of care,standard of care,Glucocorticoid receptor,Glucocorticoid immunomodulation,No,Managed in SoC table,ClinicalTrials.gov; NCT07594912,high,PASS_CURATED_RULE
NCT07596849-196,NCT07596849,BIOLOGICAL,efgartigimod PH20 SC,NR (none reported),Subcutaneous injection of Efgartigimod PH20 Via Prefilled Syringe (PFS),Part A - efgartigimod PH20 SC PFS | Part B - efgartigimod PH20 SC PFS | Part C - efgartigimod PH20 SC PFS,1,Efgartigimod PH20 SC,NR (no additional alias),active/intervention,pipeline/approved asset,FcRn,FcRn inhibition,Yes,NA (included),ClinicalTrials.gov; NCT07596849,high,PASS_CURATED_RULE
NCT07596849-197,NCT07596849,OTHER,Placebo PH20 SC,NR (none reported),Subcutaneous injection of placebo PH20 via Prefilled Syringe (PFS),Part A - placebo PH20 SC PFS | Part B - placebo PH20 SC PFS,1,Placebo,Placebo PH20 SC,comparator/control,placebo/comparator,NA,Inert comparator,No,Inert comparator,ClinicalTrials.gov; NCT07596849,high,PASS_CURATED_RULE
NCT07597200-168,NCT07597200,DRUG,Cizutamig will be dosed according to the protocol.,NR (none reported),CND106,Cizutamig,1,Cizutamig (CND106),Cizutamig will be dosed according to the protocol.,active/intervention,pipeline/approved asset,BCMA×CD3,Plasma-cell/B-lineage depletion,Yes,NA (included),ClinicalTrials.gov; NCT07597200,high,PASS_CURATED_RULE
NCT07620405-045,NCT07620405,DRUG,MHB018A injection,NR (none reported),MHB018A 450mg for subcutaneous injection once every 4 weeks (Q4W),MHB018A Injection,1,MHB018A,MHB018A injection,active/intervention,pipeline/approved asset,IGF-1R,IGF-1R inhibition,Yes,NA (included),ClinicalTrials.gov; NCT07620405,high,PASS_CURATED_RULE
NCT07622108-030,NCT07622108,DRUG,MHB018A,NR (none reported),MHB018A 450mg for subcutaneous injection once every 4 weeks (Q4W),MHB018A,1,MHB018A,NR (no additional alias),active/intervention,pipeline/approved asset,IGF-1R,IGF-1R inhibition,Yes,NA (included),ClinicalTrials.gov; NCT07622108,high,PASS_CURATED_RULE
NCT07622108-031,NCT07622108,DRUG,MHB018A placebo,NR (none reported),6 subcutaneous injections of MHB018A placebo once every 4 weeks (q4w),MHB018A Placebo,1,Placebo,MHB018A placebo,comparator/control,placebo/comparator,NA,Inert comparator,No,Inert comparator,ClinicalTrials.gov; NCT07622108,high,PASS_CURATED_RULE
NCT07622121-048,NCT07622121,DRUG,MHB018A injection,NR (none reported),MHB018A 450mg for subcutaneous injection once every 4 weeks (Q4W),MHB018A Injection,1,MHB018A,MHB018A injection,active/intervention,pipeline/approved asset,IGF-1R,IGF-1R inhibition,Yes,NA (included),ClinicalTrials.gov; NCT07622121,high,PASS_CURATED_RULE
NCT07622121-049,NCT07622121,DRUG,MHB018A injection Placebo,NR (none reported),6 subcutaneous injections of MHB018A placebo once every 4 weeks (q4w),MHB018A Injection Placebo,1,Placebo,MHB018A injection Placebo,comparator/control,placebo/comparator,NA,Inert comparator,No,Inert comparator,ClinicalTrials.gov; NCT07622121,high,PASS_CURATED_RULE
NCT07622368-290,NCT07622368,DRUG,IBI3031,NR (none reported),subcutaneous injection or intravenous infusion.,MAD Dose 1- IBI3031A101 Treatment Group | MAD Dose 2- IBI3031A101 Treatment Group | MAD Dose 3- IBI3031A101 Treatment Group | SAD Dose 1 - IBI3031A101 Treatment Group | SAD Dose 2 - IBI3031A101 Treatment Group | SAD Dose 3 - IBI3031A101 Treatment Group | SAD Dose 4 - IBI3031A101 Treatment Group | SAD Dose 5 - IBI3031A101 Treatment Group,1,IBI3031,NR (no additional alias),active/intervention,pipeline/approved asset,IGF-1R and TSHR,Dual IGF-1R/TSHR blockade,Yes,NA (included),ClinicalTrials.gov; NCT07622368,high,PASS_CURATED_RULE
NCT07622368-291,NCT07622368,DRUG,placebo,NR (none reported),subcutaneous injection or intravenous infusion.,MAD Dose 1 - Placebo Control Group | MAD Dose 2 - Placebo Control Group | MAD Dose 3 - Placebo Control Group | SAD - Dose 1 - Placebo Control Group | SAD - Dose 2 - Placebo Control Group | SAD Dose 3 - Placebo Control Group | SAD Dose 4 - Placebo Control Group | SAD Dose 5 - Placebo Control Group,1,Placebo,NR (no additional alias),comparator/control,placebo/comparator,NA,Inert comparator,No,Inert comparator,ClinicalTrials.gov; NCT07622368,high,PASS_CURATED_RULE
NCT07661056-101,NCT07661056,DRUG,BHV-1300,NR (none reported),delivered subcutaneously via autoinjector,BHV-1300,1,BHV-1300,NR (no additional alias),active/intervention,pipeline/approved asset,IgG/extracellular degradation pathway,IgG-directed extracellular protein degradation,Yes,NA (included),ClinicalTrials.gov; NCT07661056,high,PASS_CURATED_RULE
NCT07661056-102,NCT07661056,DRUG,Placebo,NR (none reported),delivered subcutaneously via autoinjector,Placebo,1,Placebo,NR (no additional alias),comparator/control,placebo/comparator,NA,Inert comparator,No,Inert comparator,ClinicalTrials.gov; NCT07661056,high,PASS_CURATED_RULE
NCT07682896-132,NCT07682896,DRUG,Experimental: YB-101,NR (none reported),YB-101 is administered over a 24 week period.,YB-101,1,GenSci098 / YB-101,Experimental: YB-101,active/intervention,pipeline/approved asset,TSHR,TSHR blockade/antagonism,Yes,NA (included),ClinicalTrials.gov; NCT07682896,high,PASS_CURATED_RULE
NCT07682896-133,NCT07682896,DRUG,Placebo YB-101,NR (none reported),Placebo will be administered over a 24 week period.,Placebo YB-101,1,Placebo,Placebo YB-101,comparator/control,placebo/comparator,NA,Inert comparator,No,Inert comparator,ClinicalTrials.gov; NCT07682896,high,PASS_CURATED_RULE
NCT07720635-182,NCT07720635,DRUG,KHN939,NR (none reported),Intravenous (IV) infusion: 20 mg/kg every 3 weeks (Q3W) for a total of 8 doses over 21 weeks,KHN939 20 mg/kg,1,KHN939,NR (no additional alias),active/intervention,unknown-but-retained,Not publicly verified,Unknown—do not infer,Yes,NA (retained watchlist),ClinicalTrials.gov; NCT07720635,high,PASS_CURATED_RULE
NCT07720635-183,NCT07720635,DRUG,Placebo,NR (none reported),Intravenous (IV) infusion: placebo every 3 weeks (Q3W) for a total of 8 doses over 21 weeks,Placebo,1,Placebo,NR (no additional alias),comparator/control,placebo/comparator,NA,Inert comparator,No,Inert comparator,ClinicalTrials.gov; NCT07720635,high,PASS_CURATED_RULE
NCT07720648-319,NCT07720648,DRUG,KHN939,NR (none reported),Intravenous (IV) infusion: 20 mg/kg every 3 weeks (Q3W) for a total of 8 doses over 21 weeks,KHN939 20 mg/kg,1,KHN939,NR (no additional alias),active/intervention,unknown-but-retained,Not publicly verified,Unknown—do not infer,Yes,NA (retained watchlist),ClinicalTrials.gov; NCT07720648,high,PASS_CURATED_RULE
NCT07720648-320,NCT07720648,DRUG,Placebo,NR (none reported),Intravenous (IV) infusion: placebo every 3 weeks (Q3W) for a total of 8 doses over 21 weeks,Placebo,1,Placebo,NR (no additional alias),comparator/control,placebo/comparator,NA,Inert comparator,No,Inert comparator,ClinicalTrials.gov; NCT07720648,high,PASS_CURATED_RULE
NCT07722546-099,NCT07722546,DRUG,Felzartamab,BIIB148 | MOR202 | MOR03087 | TJ202,Administered IV,Felzartamab | Felzartamab or Placebo,1,Felzartamab,BIIB148 | MOR202 | MOR03087 | TJ202,active/intervention,pipeline/approved asset,CD38,CD38 plasma-cell depletion,Yes,NA (included),ClinicalTrials.gov; NCT07722546,high,PASS_CURATED_RULE
NCT07722546-100,NCT07722546,DRUG,Placebo,NR (none reported),Administered IV,Felzartamab or Placebo | Placebo,1,Placebo,NR (no additional alias),comparator/control,placebo/comparator,NA,Inert comparator,No,Inert comparator,ClinicalTrials.gov; NCT07722546,high,PASS_CURATED_RULE
NCT07753603-225,NCT07753603,DRUG,linsitinib,NR (none reported),150 mg linsitinib is taken twice daily by mouth for 24 weeks,Double-mask Treatment Arm | Open-label Extension Treatment Arm,1,Linsitinib,NR (no additional alias),active/intervention,pipeline/approved asset,IGF-1R/insulin receptor kinases,IGF-1R-pathway kinase inhibition,Yes,NA (included),ClinicalTrials.gov; NCT07753603,high,PASS_CURATED_RULE
NCT07753603-226,NCT07753603,DRUG,Placebo,NR (none reported),0 mg placebo taken twice daily by mouth for 24 weeks,Double-mask Placebo Arm,1,Placebo,NR (no additional alias),comparator/control,placebo/comparator,NA,Inert comparator,No,Inert comparator,ClinicalTrials.gov; NCT07753603,high,PASS_CURATED_RULE
NCT07762105-166,NCT07762105,DRUG,Atorvastatin,NR (none reported),"Moderate-to-severe Graves' orbitopathy at a tertiary referral centre in Yogyakarta, Indonesia, will be allocated 1:1 to intravenous methylprednisolone (500 mg weekly for six weeks, then 250 mg weekly for six weeks) with oral atorvastatin 20 mg daily for 24 weeks.",Methylprednisolone plus Atorvastatin,1,Statin,Atorvastatin,adjunct/supportive,adjunct/supportive,HMG-CoA reductase/pleiotropic pathways,Statin/pleiotropic anti-inflammatory,No,Adjunct/repurposing evidence; not core pipeline,ClinicalTrials.gov; NCT07762105,high,PASS_CURATED_RULE
NCT07762105-167,NCT07762105,DRUG,methylprednisolone (IVMP),NR (none reported),"Moderate-to-severe Graves' orbitopathy at a tertiary referral centre in Yogyakarta, Indonesia, will be allocated 1:1 to intravenous methylprednisolone (500 mg weekly for six weeks, then 250 mg weekly for six weeks)",Methylprednisolone only | Methylprednisolone plus Atorvastatin,1,Methylprednisolone,methylprednisolone (IVMP),standard of care,standard of care,Glucocorticoid receptor,Glucocorticoid immunomodulation,No,Managed in SoC table,ClinicalTrials.gov; NCT07762105,high,PASS_CURATED_RULE
