resolution_id,artifact,artifact_type,location,raw_citation,source_id,resolution_status,reference_occurrence_count,reference_title,data_cut,schema_version
CIT-FINAL-00001,claim_evidence_anchors_v2.csv,CSV,row=2;field=source_id,2,2,resolved,1,Graves Disease · Phase I (2025-524053-14-00) | CTIS.eu,2026-09-10,2.0.0
CIT-FINAL-00002,claim_evidence_anchors_v2.csv,CSV,row=3;field=source_id,2,2,resolved,1,Graves Disease · Phase I (2025-524053-14-00) | CTIS.eu,2026-09-10,2.0.0
CIT-FINAL-00003,claim_evidence_anchors_v2.csv,CSV,row=4;field=source_id,2,2,resolved,1,Graves Disease · Phase I (2025-524053-14-00) | CTIS.eu,2026-09-10,2.0.0
CIT-FINAL-00004,claim_evidence_anchors_v2.csv,CSV,row=5;field=source_id,1,1,resolved,1,Programs - Lycia Therapeutics,2026-09-10,2.0.0
CIT-FINAL-00005,claim_evidence_anchors_v2.csv,CSV,row=6;field=source_id,1,1,resolved,1,Programs - Lycia Therapeutics,2026-09-10,2.0.0
CIT-FINAL-00006,claim_evidence_anchors_v2.csv,CSV,row=7;field=source_id,1,1,resolved,1,Programs - Lycia Therapeutics,2026-09-10,2.0.0
CIT-FINAL-00007,claim_evidence_anchors_v2.csv,CSV,row=8;field=source_id,7,7,resolved,1,NEXUS Study: A Study to Test Single and Multiple Doses of MER511 Given to Adults With Graves' Disease,2026-09-10,2.0.0
CIT-FINAL-00008,claim_evidence_anchors_v2.csv,CSV,row=9;field=source_id,7,7,resolved,1,NEXUS Study: A Study to Test Single and Multiple Doses of MER511 Given to Adults With Graves' Disease,2026-09-10,2.0.0
CIT-FINAL-00009,claim_evidence_anchors_v2.csv,CSV,row=10;field=source_id,7,7,resolved,1,NEXUS Study: A Study to Test Single and Multiple Doses of MER511 Given to Adults With Graves' Disease,2026-09-10,2.0.0
CIT-FINAL-00010,claim_evidence_anchors_v2.csv,CSV,row=11;field=source_id,7,7,resolved,1,NEXUS Study: A Study to Test Single and Multiple Doses of MER511 Given to Adults With Graves' Disease,2026-09-10,2.0.0
CIT-FINAL-00011,claim_evidence_anchors_v2.csv,CSV,row=12;field=source_id,8,8,resolved,1,OR31-05 Specific and Deep Depletion of anti-TSHR Autoantibodies for the Treatment of Graves’ and Thyroid Eye Disease,2026-09-10,2.0.0
CIT-FINAL-00012,claim_evidence_anchors_v2.csv,CSV,row=13;field=source_id,8,8,resolved,1,OR31-05 Specific and Deep Depletion of anti-TSHR Autoantibodies for the Treatment of Graves’ and Thyroid Eye Disease,2026-09-10,2.0.0
CIT-FINAL-00013,claim_evidence_anchors_v2.csv,CSV,row=14;field=source_id,8,8,resolved,1,OR31-05 Specific and Deep Depletion of anti-TSHR Autoantibodies for the Treatment of Graves’ and Thyroid Eye Disease,2026-09-10,2.0.0
CIT-FINAL-00014,claim_evidence_anchors_v2.csv,CSV,row=15;field=source_id,8,8,resolved,1,OR31-05 Specific and Deep Depletion of anti-TSHR Autoantibodies for the Treatment of Graves’ and Thyroid Eye Disease,2026-09-10,2.0.0
CIT-FINAL-00015,claim_evidence_anchors_v2.csv,CSV,row=16;field=source_id,6,6,resolved,1,Pipeline & Programs - Merida Biosciences,2026-09-10,2.0.0
CIT-FINAL-00016,claim_evidence_anchors_v2.csv,CSV,row=17;field=source_id,6,6,resolved,1,Pipeline & Programs - Merida Biosciences,2026-09-10,2.0.0
CIT-FINAL-00017,claim_evidence_anchors_v2.csv,CSV,row=18;field=source_id,6,6,resolved,1,Pipeline & Programs - Merida Biosciences,2026-09-10,2.0.0
CIT-FINAL-00018,clinical_trials_v2.csv,CSV,row=19;field=source_ids,[191]; ClinicalTrials.gov; NCT03461211,191,resolved,1,"Teprotumumab Efficacy, Safety and Durability in Longer Duration Thyroid Eye Disease and Retreatment: Optic-X Study.",2026-09-10,2.0.0
CIT-FINAL-00019,clinical_trials_v2.csv,CSV,row=52;field=source_ids,[230]; [713]; ClinicalTrials.gov; NCT05176639,230,resolved,1,THRIVE,2026-09-10,2.0.0
CIT-FINAL-00020,clinical_trials_v2.csv,CSV,row=52;field=source_ids,[230]; [713]; ClinicalTrials.gov; NCT05176639,713,resolved,1,"Viridian Therapeutics, Inc. - Viridian Therapeutics Announces Positive Long-Term Durability Data from the Veligrotug Phase 3 THRIVE Clinical Trial in Patients with Active Thyroid Eye Disease (TED)",2026-09-10,2.0.0
CIT-FINAL-00021,clinical_trials_v2.csv,CSV,row=54;field=source_ids,[714]; [715]; ClinicalTrials.gov; NCT05276063,714,resolved,1,"A Phase 2b, Study of Linsitinib in Subjects With Active, Moderate to Severe Thyroid Eye Disease (TED)",2026-09-10,2.0.0
CIT-FINAL-00022,clinical_trials_v2.csv,CSV,row=54;field=source_ids,[714]; [715]; ClinicalTrials.gov; NCT05276063,715,resolved,1,News - Sling Therapeutics,2026-09-10,2.0.0
CIT-FINAL-00023,clinical_trials_v2.csv,CSV,row=64;field=source_ids,[422]; [521]; ClinicalTrials.gov; NCT06226545,422,resolved,1,IL-11 receptor is a novel target for drug development with pharmacological activity in fibro-inflammatory disease | Scientific Reports,2026-09-10,2.0.0
CIT-FINAL-00024,clinical_trials_v2.csv,CSV,row=64;field=source_ids,[422]; [521]; ClinicalTrials.gov; NCT06226545,521,resolved,1,IL-11 receptor is a novel target for drug development with pharmacological activity in fibro-inflammatory disease — article PDF,2026-09-10,2.0.0
CIT-FINAL-00025,clinical_trials_v2.csv,CSV,row=90;field=source_ids,[190]; ClinicalTrials.gov; NCT04583735,190,resolved,1,Efficacy and Safety of Teprotumumab in Patients With Thyroid Eye Disease of Long Duration and Low Disease Activity,2026-09-10,2.0.0
CIT-FINAL-00026,clinical_trials_v2.csv,CSV,row=91;field=source_ids,[678]; [679]; [712]; ClinicalTrials.gov; NCT06021054,678,resolved,1,THRIVE-2 phase 3 trial of Veligrotug (VRDN-001) in chronic thyroid eye disease (TED): efficacy and safety at 15 weeks,2026-09-10,2.0.0
CIT-FINAL-00027,clinical_trials_v2.csv,CSV,row=91;field=source_ids,[678]; [679]; [712]; ClinicalTrials.gov; NCT06021054,679,resolved,1,OR31-07 THRIVE-2 Phase 3 Trial of Veligrotug (VRDN-001) in Chronic Thyroid Eye Disease (TED): Efficacy and Safety at 15 Weeks,2026-09-10,2.0.0
CIT-FINAL-00028,clinical_trials_v2.csv,CSV,row=91;field=source_ids,[678]; [679]; [712]; ClinicalTrials.gov; NCT06021054,712,resolved,1,News Details,2026-09-10,2.0.0
CIT-FINAL-00029,clinical_trials_v2.csv,CSV,row=115;field=source_ids,[253]; ClinicalTrials.gov; NCT02973802,253,resolved,1,Antigen-Specific Immunotherapy with Thyrotropin Receptor Peptides in Graves' Hyperthyroidism: A Phase I Study,2026-09-10,2.0.0
CIT-FINAL-00030,clinical_trials_v2.csv,CSV,row=120;field=source_ids,ClinicalTrials.gov; NCT05907668; [683],683,resolved,1,OR31-08 The FcRn Inhibitor Batoclimab Rapidly Normalizes Thyroid Function and Improves Clinical Outcomes in Graves’ Disease,2026-09-10,2.0.0
CIT-FINAL-00031,clinical_trials_v2.csv,CSV,row=150;field=source_ids,[699]; [701]; ClinicalTrials.gov; NCT05987423,699,resolved,1,Primary Results of the Phase-3 SatraGO-1 and SatraGO 2 Trials: Efficacy and Safety of Satralizumab▼ in Thyroid Eye Disease,2026-09-10,2.0.0
CIT-FINAL-00032,clinical_trials_v2.csv,CSV,row=150;field=source_ids,[699]; [701]; ClinicalTrials.gov; NCT05987423,701,resolved,1,"FDA grants Priority Review to Roche’s Enspryng, the first and only at-home subcutaneous treatment option for thyroid eye disease (TED)",2026-09-10,2.0.0
CIT-FINAL-00033,clinical_trials_v2.csv,CSV,row=151;field=source_ids,[699]; [701]; ClinicalTrials.gov; NCT06106828,699,resolved,1,Primary Results of the Phase-3 SatraGO-1 and SatraGO 2 Trials: Efficacy and Safety of Satralizumab▼ in Thyroid Eye Disease,2026-09-10,2.0.0
CIT-FINAL-00034,clinical_trials_v2.csv,CSV,row=151;field=source_ids,[699]; [701]; ClinicalTrials.gov; NCT06106828,701,resolved,1,"FDA grants Priority Review to Roche’s Enspryng, the first and only at-home subcutaneous treatment option for thyroid eye disease (TED)",2026-09-10,2.0.0
CIT-FINAL-00035,evidence_claims_v2.csv,CSV,row=36;field=source_ids,762,762,resolved,1,Phase 2/3 Study of Rituximab for Graves' Ophthalmopathy,2026-09-10,2.0.0
CIT-FINAL-00036,evidence_claims_v2.csv,CSV,row=37;field=source_ids,762,762,resolved,1,Phase 2/3 Study of Rituximab for Graves' Ophthalmopathy,2026-09-10,2.0.0
CIT-FINAL-00037,evidence_claims_v2.csv,CSV,row=38;field=source_ids,767,767,resolved,1,"A Randomised, Comparator Controlled, Two Part, Open-label Study to Evaluate the Safety, Tolerability and Pharmacodynamics of Multiple Doses of Otelixizumab in Patients With Thyroid Orbitopathy",2026-09-10,2.0.0
CIT-FINAL-00038,evidence_claims_v2.csv,CSV,row=39;field=source_ids,769,769,resolved,1,Radioactive Iodide Therapy for Pediatric Graves' Disease,2026-09-10,2.0.0
CIT-FINAL-00039,evidence_claims_v2.csv,CSV,row=40;field=source_ids,780,780,resolved,1,"A Multicenter, Double-Masked, Placebo-Controlled, Efficacy And Safety Study Of RV 001, An Insulin-Like Growth Factor-1 Receptor (IGF-1R) Antagonist Antibody (Fully Human), Administered Every 3 Weeks (q3W) By Intravenous (IV) Infusion In Patients Suffering From Active Thyroid Eye Disease (TED)",2026-09-10,2.0.0
CIT-FINAL-00040,evidence_claims_v2.csv,CSV,row=41;field=source_ids,780,780,resolved,1,"A Multicenter, Double-Masked, Placebo-Controlled, Efficacy And Safety Study Of RV 001, An Insulin-Like Growth Factor-1 Receptor (IGF-1R) Antagonist Antibody (Fully Human), Administered Every 3 Weeks (q3W) By Intravenous (IV) Infusion In Patients Suffering From Active Thyroid Eye Disease (TED)",2026-09-10,2.0.0
CIT-FINAL-00041,evidence_claims_v2.csv,CSV,row=42;field=source_ids,782,782,resolved,1,Prevention of Overt Hypothyroidism Following Radioactive Iodine Therapy for Graves' Disease,2026-09-10,2.0.0
CIT-FINAL-00042,evidence_claims_v2.csv,CSV,row=43;field=source_ids,791,791,resolved,1,Rituximab (RTX) Therapy in Steroid Resistant Patients or Patients Relapsing After Intravenous Steroids With Active TAO,2026-09-10,2.0.0
CIT-FINAL-00043,evidence_claims_v2.csv,CSV,row=44;field=source_ids,796,796,resolved,1,An Open Label Study to Evaluate the Safety and Efficacy of 12 Week Treatment With CFZ533 in Patients With Graves' Disease,2026-09-10,2.0.0
CIT-FINAL-00044,evidence_claims_v2.csv,CSV,row=45;field=source_ids,796,796,resolved,1,An Open Label Study to Evaluate the Safety and Efficacy of 12 Week Treatment With CFZ533 in Patients With Graves' Disease,2026-09-10,2.0.0
CIT-FINAL-00045,evidence_claims_v2.csv,CSV,row=46;field=source_ids,798,798,resolved,1,An Open Label Trial of Celecoxib in the Treatment of Mild Thyroid Eye Disease,2026-09-10,2.0.0
CIT-FINAL-00046,evidence_claims_v2.csv,CSV,row=47;field=source_ids,800,800,resolved,1,"Safety and Proof of Principle Study of ATX-GD-59 in Male and Female Subjects With Graves' Disease Not Currently Treated With Anti-thyroid Therapy: An Open Label Study, With an Upward Titration Over Five Dose Levels Administered by Intradermal Injection",2026-09-10,2.0.0
CIT-FINAL-00047,evidence_claims_v2.csv,CSV,row=48;field=source_ids,800,800,resolved,1,"Safety and Proof of Principle Study of ATX-GD-59 in Male and Female Subjects With Graves' Disease Not Currently Treated With Anti-thyroid Therapy: An Open Label Study, With an Upward Titration Over Five Dose Levels Administered by Intradermal Injection",2026-09-10,2.0.0
CIT-FINAL-00048,evidence_claims_v2.csv,CSV,row=49;field=source_ids,800,800,resolved,1,"Safety and Proof of Principle Study of ATX-GD-59 in Male and Female Subjects With Graves' Disease Not Currently Treated With Anti-thyroid Therapy: An Open Label Study, With an Upward Titration Over Five Dose Levels Administered by Intradermal Injection",2026-09-10,2.0.0
CIT-FINAL-00049,evidence_claims_v2.csv,CSV,row=50;field=source_ids,801,801,resolved,1,Effects Of Oral Alfacalcidol On Maturation Of Dendritic Cells In Graves' Disease Patients,2026-09-10,2.0.0
CIT-FINAL-00050,evidence_claims_v2.csv,CSV,row=51;field=source_ids,807,807,resolved,1,"A Phase 3, Randomized, Double-Masked, Placebo-Controlled, Parallel-Group, Multicenter Study Evaluating Teprotumumab (HZN-001) Treatment in Subjects With Active Thyroid Eye Disease",2026-09-10,2.0.0
CIT-FINAL-00051,evidence_claims_v2.csv,CSV,row=52;field=source_ids,807,807,resolved,1,"A Phase 3, Randomized, Double-Masked, Placebo-Controlled, Parallel-Group, Multicenter Study Evaluating Teprotumumab (HZN-001) Treatment in Subjects With Active Thyroid Eye Disease",2026-09-10,2.0.0
CIT-FINAL-00052,evidence_claims_v2.csv,CSV,row=53;field=source_ids,809,809,resolved,1,"Multicenter, Safety and Efficacy, Open-Label Extension Study Evaluating Teprotumumab (HZN-001) Treatment in Subjects With Thyroid Eye Disease",2026-09-10,2.0.0
CIT-FINAL-00053,evidence_claims_v2.csv,CSV,row=54;field=source_ids,809,809,resolved,1,"Multicenter, Safety and Efficacy, Open-Label Extension Study Evaluating Teprotumumab (HZN-001) Treatment in Subjects With Thyroid Eye Disease",2026-09-10,2.0.0
CIT-FINAL-00054,evidence_claims_v2.csv,CSV,row=55;field=source_ids,812,812,resolved,1,"A Phase 2a, Multicenter, Open-Label Study of RVT-1401 for the Treatment of Patients With Moderate to Severe Active Graves' Ophthalmopathy",2026-09-10,2.0.0
CIT-FINAL-00055,evidence_claims_v2.csv,CSV,row=56;field=source_ids,813,813,resolved,1,"ASCEND GO-2: A Phase 2b, Multicenter, Randomized, Double-blind, Placebo-controlled Study of RVT-1401 for the Treatment of Patients With Active, Moderate to Severe Graves' Ophthalmopathy",2026-09-10,2.0.0
CIT-FINAL-00056,evidence_claims_v2.csv,CSV,row=57;field=source_ids,813,813,resolved,1,"ASCEND GO-2: A Phase 2b, Multicenter, Randomized, Double-blind, Placebo-controlled Study of RVT-1401 for the Treatment of Patients With Active, Moderate to Severe Graves' Ophthalmopathy",2026-09-10,2.0.0
CIT-FINAL-00057,evidence_claims_v2.csv,CSV,row=58;field=source_ids,817,817,resolved,1,"A Phase 4, Randomized, Double-masked, Placebo-controlled, Multicenter Trial to Evaluate the Efficacy and Safety of TEPEZZA® in Treating Patients With Chronic (Inactive) Thyroid Eye Disease",2026-09-10,2.0.0
CIT-FINAL-00058,evidence_claims_v2.csv,CSV,row=59;field=source_ids,817,817,resolved,1,"A Phase 4, Randomized, Double-masked, Placebo-controlled, Multicenter Trial to Evaluate the Efficacy and Safety of TEPEZZA® in Treating Patients With Chronic (Inactive) Thyroid Eye Disease",2026-09-10,2.0.0
CIT-FINAL-00059,evidence_claims_v2.csv,CSV,row=60;field=source_ids,817,817,resolved,1,"A Phase 4, Randomized, Double-masked, Placebo-controlled, Multicenter Trial to Evaluate the Efficacy and Safety of TEPEZZA® in Treating Patients With Chronic (Inactive) Thyroid Eye Disease",2026-09-10,2.0.0
CIT-FINAL-00060,evidence_claims_v2.csv,CSV,row=61;field=source_ids,819,819,resolved,1,"A Two-year Multi-center Phase 3 Study to Investigate the Efficacy and Safety of Secukinumab in Adult Patients With Active, Moderate to Severe Thyroid Eye Disease (ORBIT), With a Randomized, Parallel-group, Double-blind, Placebo-controlled, 16-week Treatment Period, and a Follow-up/Retreatment Period",2026-09-10,2.0.0
CIT-FINAL-00061,evidence_claims_v2.csv,CSV,row=62;field=source_ids,819,819,resolved,1,"A Two-year Multi-center Phase 3 Study to Investigate the Efficacy and Safety of Secukinumab in Adult Patients With Active, Moderate to Severe Thyroid Eye Disease (ORBIT), With a Randomized, Parallel-group, Double-blind, Placebo-controlled, 16-week Treatment Period, and a Follow-up/Retreatment Period",2026-09-10,2.0.0
CIT-FINAL-00062,evidence_claims_v2.csv,CSV,row=63;field=source_ids,829,829,resolved,1,"A Safety, Tolerability, and Efficacy Study of Veligrotug, a Humanized Monoclonal Antibody Directed Against the IGF-1 Receptor in Subjects With Thyroid Eye Disease",2026-09-10,2.0.0
CIT-FINAL-00063,evidence_claims_v2.csv,CSV,row=64;field=source_ids,829,829,resolved,1,"A Safety, Tolerability, and Efficacy Study of Veligrotug, a Humanized Monoclonal Antibody Directed Against the IGF-1 Receptor in Subjects With Thyroid Eye Disease",2026-09-10,2.0.0
CIT-FINAL-00064,evidence_claims_v2.csv,CSV,row=65;field=source_ids,829,829,resolved,1,"A Safety, Tolerability, and Efficacy Study of Veligrotug, a Humanized Monoclonal Antibody Directed Against the IGF-1 Receptor in Subjects With Thyroid Eye Disease",2026-09-10,2.0.0
CIT-FINAL-00065,evidence_claims_v2.csv,CSV,row=66;field=source_ids,829,829,resolved,1,"A Safety, Tolerability, and Efficacy Study of Veligrotug, a Humanized Monoclonal Antibody Directed Against the IGF-1 Receptor in Subjects With Thyroid Eye Disease",2026-09-10,2.0.0
CIT-FINAL-00066,evidence_claims_v2.csv,CSV,row=67;field=source_ids,831,831,resolved,1,"A Phase 2b, Randomized, Double-Mask, Placebo-Controlled, Study to Evaluate the Safety, Pharmacokinetics and Efficacy of Linsitinib in Subjects With Active, Moderate to Severe Thyroid Eye Disease (TED)",2026-09-10,2.0.0
CIT-FINAL-00067,evidence_claims_v2.csv,CSV,row=68;field=source_ids,831,831,resolved,1,"A Phase 2b, Randomized, Double-Mask, Placebo-Controlled, Study to Evaluate the Safety, Pharmacokinetics and Efficacy of Linsitinib in Subjects With Active, Moderate to Severe Thyroid Eye Disease (TED)",2026-09-10,2.0.0
CIT-FINAL-00068,evidence_claims_v2.csv,CSV,row=69;field=source_ids,831,831,resolved,1,"A Phase 2b, Randomized, Double-Mask, Placebo-Controlled, Study to Evaluate the Safety, Pharmacokinetics and Efficacy of Linsitinib in Subjects With Active, Moderate to Severe Thyroid Eye Disease (TED)",2026-09-10,2.0.0
CIT-FINAL-00069,evidence_claims_v2.csv,CSV,row=70;field=source_ids,843,843,resolved,1,"IMVT-1401-2501: A Proof-of-Concept, Open-label Study to Assess the Safety and Efficacy of Batoclimab in Participants With Graves' Disease (GD)",2026-09-10,2.0.0
CIT-FINAL-00070,evidence_claims_v2.csv,CSV,row=71;field=source_ids,843,843,resolved,1,"IMVT-1401-2501: A Proof-of-Concept, Open-label Study to Assess the Safety and Efficacy of Batoclimab in Participants With Graves' Disease (GD)",2026-09-10,2.0.0
CIT-FINAL-00071,evidence_claims_v2.csv,CSV,row=72;field=source_ids,843,843,resolved,1,"IMVT-1401-2501: A Proof-of-Concept, Open-label Study to Assess the Safety and Efficacy of Batoclimab in Participants With Graves' Disease (GD)",2026-09-10,2.0.0
CIT-FINAL-00072,evidence_claims_v2.csv,CSV,row=73;field=source_ids,844,844,resolved,1,"A Phase III, Randomized, Double-Masked, Placebo-Controlled, Multicenter Study to Evaluate the Efficacy, Safety, Pharmacokinetics, and Pharmacodynamics of Satralizumab in Participants With Moderate-to-Severe Thyroid Eye Disease",2026-09-10,2.0.0
CIT-FINAL-00073,evidence_claims_v2.csv,CSV,row=74;field=source_ids,844,844,resolved,1,"A Phase III, Randomized, Double-Masked, Placebo-Controlled, Multicenter Study to Evaluate the Efficacy, Safety, Pharmacokinetics, and Pharmacodynamics of Satralizumab in Participants With Moderate-to-Severe Thyroid Eye Disease",2026-09-10,2.0.0
CIT-FINAL-00074,evidence_claims_v2.csv,CSV,row=75;field=source_ids,845,845,resolved,1,"A Randomized, Double-masked, Placebo-controlled Safety, Tolerability, and Efficacy Study of VRDN-001, a Humanized Monoclonal Antibody Directed Against the IGF-1 Receptor, in Participants With Chronic Thyroid Eye Disease (TED)",2026-09-10,2.0.0
CIT-FINAL-00075,evidence_claims_v2.csv,CSV,row=76;field=source_ids,845,845,resolved,1,"A Randomized, Double-masked, Placebo-controlled Safety, Tolerability, and Efficacy Study of VRDN-001, a Humanized Monoclonal Antibody Directed Against the IGF-1 Receptor, in Participants With Chronic Thyroid Eye Disease (TED)",2026-09-10,2.0.0
CIT-FINAL-00076,evidence_claims_v2.csv,CSV,row=77;field=source_ids,845,845,resolved,1,"A Randomized, Double-masked, Placebo-controlled Safety, Tolerability, and Efficacy Study of VRDN-001, a Humanized Monoclonal Antibody Directed Against the IGF-1 Receptor, in Participants With Chronic Thyroid Eye Disease (TED)",2026-09-10,2.0.0
CIT-FINAL-00077,evidence_claims_v2.csv,CSV,row=78;field=source_ids,845,845,resolved,1,"A Randomized, Double-masked, Placebo-controlled Safety, Tolerability, and Efficacy Study of VRDN-001, a Humanized Monoclonal Antibody Directed Against the IGF-1 Receptor, in Participants With Chronic Thyroid Eye Disease (TED)",2026-09-10,2.0.0
CIT-FINAL-00078,evidence_claims_v2.csv,CSV,row=79;field=source_ids,849,849,resolved,1,"A Phase III, Randomized, Double-Masked, Placebo-Controlled, Multicenter Study to Evaluate the Efficacy, Safety, Pharmacokinetics, and Pharmacodynamics of Satralizumab in Participants With Moderate-to-Severe Thyroid Eye Disease",2026-09-10,2.0.0
CIT-FINAL-00079,evidence_claims_v2.csv,CSV,row=80;field=source_ids,849,849,resolved,1,"A Phase III, Randomized, Double-Masked, Placebo-Controlled, Multicenter Study to Evaluate the Efficacy, Safety, Pharmacokinetics, and Pharmacodynamics of Satralizumab in Participants With Moderate-to-Severe Thyroid Eye Disease",2026-09-10,2.0.0
CIT-FINAL-00080,evidence_claims_v2.csv,CSV,row=81;field=source_ids,849,849,resolved,1,"A Phase III, Randomized, Double-Masked, Placebo-Controlled, Multicenter Study to Evaluate the Efficacy, Safety, Pharmacokinetics, and Pharmacodynamics of Satralizumab in Participants With Moderate-to-Severe Thyroid Eye Disease",2026-09-10,2.0.0
CIT-FINAL-00081,evidence_claims_v2.csv,CSV,row=82;field=source_ids,852,852,resolved,1,An Open-label Study for Participants Who Are Non-responders at the End of Treatment Assessment on the VRDN-001-101 and VRDN-001-301 Pivotal Studies,2026-09-10,2.0.0
CIT-FINAL-00082,evidence_claims_v2.csv,CSV,row=83;field=source_ids,853,853,resolved,1,"A Phase 2, Proof-of-Concept, Randomized, Double-Masked, Placebo-Controlled Study to Determine the Efficacy and Safety of LASN01 in Patients With Thyroid Eye Disease",2026-09-10,2.0.0
CIT-FINAL-00083,evidence_claims_v2.csv,CSV,row=84;field=source_ids,853,853,resolved,1,"A Phase 2, Proof-of-Concept, Randomized, Double-Masked, Placebo-Controlled Study to Determine the Efficacy and Safety of LASN01 in Patients With Thyroid Eye Disease",2026-09-10,2.0.0
CIT-FINAL-00084,evidence_claims_v2.csv,CSV,row=85;field=source_ids,859,859,resolved,1,"A Randomized, Controlled, Safety and Tolerability Study of VRDN-001, a Humanized Monoclonal Antibody Directed Against the IGF-1 Receptor, in Participants With Thyroid Eye Disease (TED)",2026-09-10,2.0.0
CIT-FINAL-00085,evidence_claims_v2.csv,CSV,row=86;field=source_ids,859,859,resolved,1,"A Randomized, Controlled, Safety and Tolerability Study of VRDN-001, a Humanized Monoclonal Antibody Directed Against the IGF-1 Receptor, in Participants With Thyroid Eye Disease (TED)",2026-09-10,2.0.0
CIT-FINAL-00086,evidence_claims_v2.csv,CSV,row=87;field=source_ids,728,728,resolved,1,TEPEZZA (teprotumumab-trbw) current prescribing information,2026-09-10,2.0.0
CIT-FINAL-00087,evidence_claims_v2.csv,CSV,row=89;field=source_ids,373; 726,373,resolved,1,LUMVOA (veligrotug-vvze) Prescribing Information,2026-09-10,2.0.0
CIT-FINAL-00088,evidence_claims_v2.csv,CSV,row=89;field=source_ids,373; 726,726,resolved,1,BLA 761530 approval letter for LUMVOA,2026-09-10,2.0.0
CIT-FINAL-00089,evidence_claims_v2.csv,CSV,row=91;field=source_ids,729,729,resolved,1,Tepezza EPAR,2026-09-10,2.0.0
CIT-FINAL-00090,evidence_claims_v2.csv,CSV,row=92;field=source_ids,751,751,resolved,1,Official search record: Tepezza reimbursement/access—EU/EEA,2026-09-10,2.0.0
CIT-FINAL-00091,evidence_claims_v2.csv,CSV,row=93;field=source_ids,747,747,resolved,1,Official search record: Lumvoa authorization—EU/EEA,2026-09-10,2.0.0
CIT-FINAL-00092,evidence_claims_v2.csv,CSV,row=95;field=source_ids,731,731,resolved,1,MHRA approves teprotumumab as the first UK treatment for adults with moderate-to-severe TED,2026-09-10,2.0.0
CIT-FINAL-00093,evidence_claims_v2.csv,CSV,row=96;field=source_ids,732; 733,732,resolved,1,Teprotumumab for treating thyroid eye disease (deferred appraisal of D1) [ID6756],2026-09-10,2.0.0
CIT-FINAL-00094,evidence_claims_v2.csv,CSV,row=96;field=source_ids,732; 733,733,resolved,1,Teprotumumab for treating thyroid eye disease—draft guidance consultation,2026-09-10,2.0.0
CIT-FINAL-00095,evidence_claims_v2.csv,CSV,row=97;field=source_ids,749,749,resolved,1,Official search record: Lumvoa authorization/access—United Kingdom,2026-09-10,2.0.0
CIT-FINAL-00096,evidence_claims_v2.csv,CSV,row=98;field=source_ids,749,749,resolved,1,Official search record: Lumvoa authorization/access—United Kingdom,2026-09-10,2.0.0
CIT-FINAL-00097,evidence_claims_v2.csv,CSV,row=99;field=source_ids,745,745,resolved,1,Official search record: Tepezza authorization—South Korea,2026-09-10,2.0.0
CIT-FINAL-00098,evidence_claims_v2.csv,CSV,row=100;field=source_ids,746,746,resolved,1,Official search record: Tepezza reimbursement/access—South Korea,2026-09-10,2.0.0
CIT-FINAL-00099,evidence_claims_v2.csv,CSV,row=101;field=source_ids,750,750,resolved,1,Official search record: Lumvoa authorization/reimbursement—South Korea,2026-09-10,2.0.0
CIT-FINAL-00100,evidence_claims_v2.csv,CSV,row=102;field=source_ids,750,750,resolved,1,Official search record: Lumvoa authorization/reimbursement—South Korea,2026-09-10,2.0.0
CIT-FINAL-00101,evidence_claims_v2.csv,CSV,row=103;field=source_ids,735; 736,735,resolved,1,Tepezza deliberation and review report,2026-09-10,2.0.0
CIT-FINAL-00102,evidence_claims_v2.csv,CSV,row=103;field=source_ids,735; 736,736,resolved,1,List of Approved Drugs (Tepezza row),2026-09-10,2.0.0
CIT-FINAL-00103,evidence_claims_v2.csv,CSV,row=104;field=source_ids,752,752,resolved,1,Official search record: Tepezza reimbursement/access—Japan,2026-09-10,2.0.0
CIT-FINAL-00104,evidence_claims_v2.csv,CSV,row=105;field=source_ids,748,748,resolved,1,Official search record: Lumvoa authorization—Japan,2026-09-10,2.0.0
CIT-FINAL-00105,evidence_claims_v2.csv,CSV,row=111;field=source_ids,28,28,resolved,1,2025 Korean Thyroid Association Management Guidelines for Radioactive Iodine Therapy in Patients with Hyperthyroidism,2026-09-10,2.0.0
CIT-FINAL-00106,evidence_claims_v2.csv,CSV,row=112;field=source_ids,732; 733,732,resolved,1,Teprotumumab for treating thyroid eye disease (deferred appraisal of D1) [ID6756],2026-09-10,2.0.0
CIT-FINAL-00107,evidence_claims_v2.csv,CSV,row=112;field=source_ids,732; 733,733,resolved,1,Teprotumumab for treating thyroid eye disease—draft guidance consultation,2026-09-10,2.0.0
CIT-FINAL-00108,evidence_claims_v2.csv,CSV,row=113;field=source_ids,741; 743,741,resolved,1,バセドウ病治療ガイドライン2019 CQ一覧,2026-09-10,2.0.0
CIT-FINAL-00109,evidence_claims_v2.csv,CSV,row=113;field=source_ids,741; 743,743,resolved,1,妊娠初期における薬物治療は第一選択薬として何が推奨されるか（GD guideline 2019 FCQ1 explanation）,2026-09-10,2.0.0
CIT-FINAL-00110,evidence_claims_v2.csv,CSV,row=114;field=source_ids,741,741,resolved,1,バセドウ病治療ガイドライン2019 CQ一覧,2026-09-10,2.0.0
CIT-FINAL-00111,evidence_claims_v2.csv,CSV,row=115;field=source_ids,1,1,resolved,1,Programs - Lycia Therapeutics,2026-09-10,2.0.0
CIT-FINAL-00112,evidence_claims_v2.csv,CSV,row=116;field=source_ids,2,2,resolved,1,Graves Disease · Phase I (2025-524053-14-00) | CTIS.eu,2026-09-10,2.0.0
CIT-FINAL-00113,evidence_claims_v2.csv,CSV,row=117;field=source_ids,2,2,resolved,1,Graves Disease · Phase I (2025-524053-14-00) | CTIS.eu,2026-09-10,2.0.0
CIT-FINAL-00114,evidence_claims_v2.csv,CSV,row=118;field=source_ids,6; 8,6,resolved,1,Pipeline & Programs - Merida Biosciences,2026-09-10,2.0.0
CIT-FINAL-00115,evidence_claims_v2.csv,CSV,row=118;field=source_ids,6; 8,8,resolved,1,OR31-05 Specific and Deep Depletion of anti-TSHR Autoantibodies for the Treatment of Graves’ and Thyroid Eye Disease,2026-09-10,2.0.0
CIT-FINAL-00116,evidence_claims_v2.csv,CSV,row=119;field=source_ids,7; 898,7,resolved,1,NEXUS Study: A Study to Test Single and Multiple Doses of MER511 Given to Adults With Graves' Disease,2026-09-10,2.0.0
CIT-FINAL-00117,evidence_claims_v2.csv,CSV,row=119;field=source_ids,7; 898,898,resolved,1,"A Phase 1, First-in-Human, Placebo-Controlled, Single and Multiple Ascending Dose Study to Evaluate Safety, Tolerability, Pharmacokinetics, Pharmacodynamics, and Immunogenicity of Intravenous and Subcutaneous Administration of MER511 in Adults With Graves' Disease",2026-09-10,2.0.0
CIT-FINAL-00118,evidence_claims_v2.csv,CSV,row=120;field=source_ids,6; 8,6,resolved,1,Pipeline & Programs - Merida Biosciences,2026-09-10,2.0.0
CIT-FINAL-00119,evidence_claims_v2.csv,CSV,row=120;field=source_ids,6; 8,8,resolved,1,OR31-05 Specific and Deep Depletion of anti-TSHR Autoantibodies for the Treatment of Graves’ and Thyroid Eye Disease,2026-09-10,2.0.0
CIT-FINAL-00120,evidence_claims_v2.csv,CSV,row=121;field=source_ids,1; 2,1,resolved,1,Programs - Lycia Therapeutics,2026-09-10,2.0.0
CIT-FINAL-00121,evidence_claims_v2.csv,CSV,row=121;field=source_ids,1; 2,2,resolved,1,Graves Disease · Phase I (2025-524053-14-00) | CTIS.eu,2026-09-10,2.0.0
CIT-FINAL-00122,evidence_claims_v2.csv,CSV,row=122;field=source_ids,7; 898,7,resolved,1,NEXUS Study: A Study to Test Single and Multiple Doses of MER511 Given to Adults With Graves' Disease,2026-09-10,2.0.0
CIT-FINAL-00123,evidence_claims_v2.csv,CSV,row=122;field=source_ids,7; 898,898,resolved,1,"A Phase 1, First-in-Human, Placebo-Controlled, Single and Multiple Ascending Dose Study to Evaluate Safety, Tolerability, Pharmacokinetics, Pharmacodynamics, and Immunogenicity of Intravenous and Subcutaneous Administration of MER511 in Adults With Graves' Disease",2026-09-10,2.0.0
CIT-FINAL-00124,evidence_claims_v2.csv,CSV,row=123;field=source_ids,541; 870; 897; 915,541,resolved,1,GenSci098,2026-09-10,2.0.0
CIT-FINAL-00125,evidence_claims_v2.csv,CSV,row=123;field=source_ids,541; 870; 897; 915,870,resolved,1,"A Phase 1 Clinical Study to Evaluate the Safety, Tolerability, Pharmacokinetics, and Pharmacodynamics of Single and Multiple Ascending Subcutaneous Doses of GenSci098 in TED Patients",2026-09-10,2.0.0
CIT-FINAL-00126,evidence_claims_v2.csv,CSV,row=123;field=source_ids,541; 870; 897; 915,897,resolved,1,"A Phase I Clinical Study to Evaluate the Safety, Tolerability, Pharmacokinetics, and Pharmacodynamics of Single Ascending Subcutaneous Dose of GenSci098 in Patients With Graves' Disease",2026-09-10,2.0.0
CIT-FINAL-00127,evidence_claims_v2.csv,CSV,row=123;field=source_ids,541; 870; 897; 915,915,resolved,1,"A Randomized, Blinded, Placebo-Controlled, Two-Part, Phase 2 Study to Assess Safety, Tolerability, Pharmacokinetics, and Efficacy of YB-101 in Participants With Graves' Disease",2026-09-10,2.0.0
CIT-FINAL-00128,evidence_claims_v2.csv,CSV,row=124;field=source_ids,164; 799,164,resolved,1,"Safety, pharmacokinetics, and potential benefits of TSH-receptor-specific monoclonal autoantibody K1-70TM in Japanese Graves’ disease patients: results of a phase 1 trial",2026-09-10,2.0.0
CIT-FINAL-00129,evidence_claims_v2.csv,CSV,row=124;field=source_ids,164; 799,799,resolved,1,"K1-70 - A Phase I, Single Ascending Intramuscular Dose or Single Ascending Intravenous Dose, Safety, Tolerability, Pharmacokinetic and Pharmacodynamic Study in Subjects With Graves' Disease",2026-09-10,2.0.0
CIT-FINAL-00130,evidence_claims_v2.csv,CSV,row=125;field=source_ids,253; 800; 854,253,resolved,1,Antigen-Specific Immunotherapy with Thyrotropin Receptor Peptides in Graves' Hyperthyroidism: A Phase I Study,2026-09-10,2.0.0
CIT-FINAL-00131,evidence_claims_v2.csv,CSV,row=125;field=source_ids,253; 800; 854,800,resolved,1,"Safety and Proof of Principle Study of ATX-GD-59 in Male and Female Subjects With Graves' Disease Not Currently Treated With Anti-thyroid Therapy: An Open Label Study, With an Upward Titration Over Five Dose Levels Administered by Intradermal Injection",2026-09-10,2.0.0
CIT-FINAL-00132,evidence_claims_v2.csv,CSV,row=125;field=source_ids,253; 800; 854,854,resolved,1,"A Double-blind, Placebo-controlled, Phase 2 Dose-range Study to Assess the Efficacy and Safety of WP1302 in Preventing Disease Relapse Following Methimazole Withdrawal in Subjects With Graves' Disease",2026-09-10,2.0.0
CIT-FINAL-00133,evidence_claims_v2.csv,CSV,row=126;field=source_ids,619; 913,619,resolved,1,NCT07622368,2026-09-10,2.0.0
CIT-FINAL-00134,evidence_claims_v2.csv,CSV,row=126;field=source_ids,619; 913,913,resolved,1,"A Phase I Clinical Study to Evaluate the Safety, Tolerability, and Pharmacokinetics of Single and Multiple Ascending Doses of IBI3031 in Participants With Thyroid Eye Disease",2026-09-10,2.0.0
CIT-FINAL-00135,evidence_claims_v2.csv,CSV,row=127;field=source_ids,854,854,resolved,1,"A Double-blind, Placebo-controlled, Phase 2 Dose-range Study to Assess the Efficacy and Safety of WP1302 in Preventing Disease Relapse Following Methimazole Withdrawal in Subjects With Graves' Disease",2026-09-10,2.0.0
CIT-FINAL-00136,evidence_claims_v2.csv,CSV,row=128;field=source_ids,815,815,resolved,1,Anti-VEGF Therapy for Acute Thyroid Eye Disease (AcTED Study),2026-09-10,2.0.0
CIT-FINAL-00137,evidence_claims_v2.csv,CSV,row=129;field=source_ids,884; 893,884,resolved,1,The Efficacy and Safety of Allogenic Anti-CD19 CAR-T Cell Therapy for Refractory Graves' Disease,2026-09-10,2.0.0
CIT-FINAL-00138,evidence_claims_v2.csv,CSV,row=129;field=source_ids,884; 893,893,resolved,1,The Safety and Efficacy of Allogenic Anti-CD19/BCMA CAR-T Cell Therapy for Refractory Graves' Disease,2026-09-10,2.0.0
CIT-FINAL-00139,evidence_claims_v2.csv,CSV,row=130;field=source_ids,862; 903,862,resolved,1,"A Phase 1/2, Randomized, Double-Masked, Placebo-Controlled, Multicenter Study to Assess the Safety, Pharmacokinetics, and Efficacy of AMG 732 in Healthy Subjects and Subjects With Moderate-to-Severe Active Thyroid Eye Disease",2026-09-10,2.0.0
CIT-FINAL-00140,evidence_claims_v2.csv,CSV,row=130;field=source_ids,862; 903,903,resolved,1,"An Open-label, Rollover Study for Participants With Thyroid Eye Disease Previously Enrolled in Amgen-sponsored AMG 732 Studies and Are Primary Proptosis Non-responders or Who Relapsed During the Safety Follow-up",2026-09-10,2.0.0
CIT-FINAL-00141,evidence_claims_v2.csv,CSV,row=131;field=source_ids,253; 800; 854,253,resolved,1,Antigen-Specific Immunotherapy with Thyrotropin Receptor Peptides in Graves' Hyperthyroidism: A Phase I Study,2026-09-10,2.0.0
CIT-FINAL-00142,evidence_claims_v2.csv,CSV,row=131;field=source_ids,253; 800; 854,800,resolved,1,"Safety and Proof of Principle Study of ATX-GD-59 in Male and Female Subjects With Graves' Disease Not Currently Treated With Anti-thyroid Therapy: An Open Label Study, With an Upward Titration Over Five Dose Levels Administered by Intradermal Injection",2026-09-10,2.0.0
CIT-FINAL-00143,evidence_claims_v2.csv,CSV,row=131;field=source_ids,253; 800; 854,854,resolved,1,"A Double-blind, Placebo-controlled, Phase 2 Dose-range Study to Assess the Efficacy and Safety of WP1302 in Preventing Disease Relapse Following Methimazole Withdrawal in Subjects With Graves' Disease",2026-09-10,2.0.0
CIT-FINAL-00144,evidence_claims_v2.csv,CSV,row=132;field=source_ids,683; 812; 813; 824; 836; 837; 838; 843,683,resolved,1,OR31-08 The FcRn Inhibitor Batoclimab Rapidly Normalizes Thyroid Function and Improves Clinical Outcomes in Graves’ Disease,2026-09-10,2.0.0
CIT-FINAL-00145,evidence_claims_v2.csv,CSV,row=132;field=source_ids,683; 812; 813; 824; 836; 837; 838; 843,812,resolved,1,"A Phase 2a, Multicenter, Open-Label Study of RVT-1401 for the Treatment of Patients With Moderate to Severe Active Graves' Ophthalmopathy",2026-09-10,2.0.0
CIT-FINAL-00146,evidence_claims_v2.csv,CSV,row=132;field=source_ids,683; 812; 813; 824; 836; 837; 838; 843,813,resolved,1,"ASCEND GO-2: A Phase 2b, Multicenter, Randomized, Double-blind, Placebo-controlled Study of RVT-1401 for the Treatment of Patients With Active, Moderate to Severe Graves' Ophthalmopathy",2026-09-10,2.0.0
CIT-FINAL-00147,evidence_claims_v2.csv,CSV,row=132;field=source_ids,683; 812; 813; 824; 836; 837; 838; 843,824,resolved,1,"A Randomized, Double-blind, Placebo-controlled, Phase 2/3 Operational Seamless Design Clinical Study to Evaluate the Efficacy and Safety of HBM9161 Subcutaneous Injection in Chinese Patients With Active, Moderate to Severe Thyroid Eye Disease (TED)",2026-09-10,2.0.0
CIT-FINAL-00148,evidence_claims_v2.csv,CSV,row=132;field=source_ids,683; 812; 813; 824; 836; 837; 838; 843,836,resolved,1,"A Phase 3, Multi-center, Randomized, Quadruple-masked, Placebo-controlled Study of Batoclimab for the Treatment of Participants With Active Thyroid Eye Disease (TED)",2026-09-10,2.0.0
CIT-FINAL-00149,evidence_claims_v2.csv,CSV,row=132;field=source_ids,683; 812; 813; 824; 836; 837; 838; 843,837,resolved,1,An Open-label Extension Study for Participants Who Completed Study IMVT-1401-3201 or Study IMVT-1401-3202 to Assess the Efficacy and Safety of Batoclimab for the Treatment of Thyroid Eye Disease (TED),2026-09-10,2.0.0
CIT-FINAL-00150,evidence_claims_v2.csv,CSV,row=132;field=source_ids,683; 812; 813; 824; 836; 837; 838; 843,838,resolved,1,"A Phase 3, Multi-center, Randomized, Quadruple-masked, Placebo-controlled Study of Batoclimab for the Treatment of Participants With Active Thyroid Eye Disease (TED)",2026-09-10,2.0.0
CIT-FINAL-00151,evidence_claims_v2.csv,CSV,row=132;field=source_ids,683; 812; 813; 824; 836; 837; 838; 843,843,resolved,1,"IMVT-1401-2501: A Proof-of-Concept, Open-label Study to Assess the Safety and Efficacy of Batoclimab in Participants With Graves' Disease (GD)",2026-09-10,2.0.0
CIT-FINAL-00152,evidence_claims_v2.csv,CSV,row=133;field=source_ids,879; 914,879,resolved,1,An Open-Label Biomarker Study of BHV-1300 in Graves' Disease,2026-09-10,2.0.0
CIT-FINAL-00153,evidence_claims_v2.csv,CSV,row=133;field=source_ids,879; 914,914,resolved,1,"A Phase 3, Double-blind, Multicenter, Randomized, Placebo-Controlled Study to Evaluate the Efficacy, Safety and Tolerability of BHV-1300 in the Treatment of Adults With Graves' Disease",2026-09-10,2.0.0
CIT-FINAL-00154,evidence_claims_v2.csv,CSV,row=134;field=source_ids,798,798,resolved,1,An Open Label Trial of Celecoxib in the Treatment of Mild Thyroid Eye Disease,2026-09-10,2.0.0
CIT-FINAL-00155,evidence_claims_v2.csv,CSV,row=135;field=source_ids,564; 645; 909,564,resolved,1,"UCB to acquire Candid Therapeutics, building upon its existing immunology pipeline with novel T-cell engagers | UCB",2026-09-10,2.0.0
CIT-FINAL-00156,evidence_claims_v2.csv,CSV,row=135;field=source_ids,564; 645; 909,645,resolved,1,"UCB completes acquisition of Candid Therapeutics, strengthening next generation immunology pipeline | UCB",2026-09-10,2.0.0
CIT-FINAL-00157,evidence_claims_v2.csv,CSV,row=135;field=source_ids,564; 645; 909,909,resolved,1,"A Phase 1b, Open-Label, Multicenter Study Evaluating the Safety, Tolerability, Pharmacokinetics, Pharmacodynamics, Immunogenicity, and Preliminary Clinical Activity of Cizutamig in Patients With Thyroid Eye Disease",2026-09-10,2.0.0
CIT-FINAL-00158,evidence_claims_v2.csv,CSV,row=136;field=source_ids,857; 858; 906; 908,857,resolved,1,"A Phase 3, Randomized, Double-Masked, Placebo-Controlled, Multicenter Study to Evaluate the Efficacy, Safety, Tolerability, Pharmacokinetics, Pharmacodynamics, and Immunogenicity of Efgartigimod PH20 SC Administered by Prefilled Syringe in Adult Participants With Thyroid Eye Disease",2026-09-10,2.0.0
CIT-FINAL-00159,evidence_claims_v2.csv,CSV,row=136;field=source_ids,857; 858; 906; 908,858,resolved,1,"A Phase 3, Randomized, Double-Masked, Placebo-Controlled, Multicenter Study to Evaluate the Efficacy, Safety, Tolerability, Pharmacokinetics, Pharmacodynamics, and Immunogenicity of Efgartigimod PH20 SC Administered by Prefilled Syringe in Adult Participants With Thyroid Eye Disease",2026-09-10,2.0.0
CIT-FINAL-00160,evidence_claims_v2.csv,CSV,row=136;field=source_ids,857; 858; 906; 908,906,resolved,1,"A Phase 3, Randomized, Double-Masked, Placebo-Controlled, Multicenter Study Evaluating the Efficacy and Safety of Efgartigimod PH20 SC PFS in Adult Participants With Graves' Disease Inadequately Controlled With Antithyroid Drugs",2026-09-10,2.0.0
CIT-FINAL-00161,evidence_claims_v2.csv,CSV,row=136;field=source_ids,857; 858; 906; 908,908,resolved,1,"A Phase 3, Randomized, Double-Masked, Placebo-Controlled, Multicenter Study Evaluating the Efficacy and Safety of Efgartigimod PH20 SC PFS in Adult Participants With Graves' Disease Inadequately Controlled With Antithyroid Drugs",2026-09-10,2.0.0
CIT-FINAL-00162,evidence_claims_v2.csv,CSV,row=137;field=source_ids,918,918,resolved,1,"A Placebo-Controlled, Multicenter, Randomized Phase 2 Trial Evaluating the Efficacy and Safety of Felzartamab Compared to Placebo in Adult Participants With Graves' Disease",2026-09-10,2.0.0
CIT-FINAL-00163,evidence_claims_v2.csv,CSV,row=138;field=source_ids,541; 870; 897; 915,541,resolved,1,GenSci098,2026-09-10,2.0.0
CIT-FINAL-00164,evidence_claims_v2.csv,CSV,row=138;field=source_ids,541; 870; 897; 915,870,resolved,1,"A Phase 1 Clinical Study to Evaluate the Safety, Tolerability, Pharmacokinetics, and Pharmacodynamics of Single and Multiple Ascending Subcutaneous Doses of GenSci098 in TED Patients",2026-09-10,2.0.0
CIT-FINAL-00165,evidence_claims_v2.csv,CSV,row=138;field=source_ids,541; 870; 897; 915,897,resolved,1,"A Phase I Clinical Study to Evaluate the Safety, Tolerability, Pharmacokinetics, and Pharmacodynamics of Single Ascending Subcutaneous Dose of GenSci098 in Patients With Graves' Disease",2026-09-10,2.0.0
CIT-FINAL-00166,evidence_claims_v2.csv,CSV,row=138;field=source_ids,541; 870; 897; 915,915,resolved,1,"A Randomized, Blinded, Placebo-Controlled, Two-Part, Phase 2 Study to Assess Safety, Tolerability, Pharmacokinetics, and Efficacy of YB-101 in Participants With Graves' Disease",2026-09-10,2.0.0
CIT-FINAL-00167,evidence_claims_v2.csv,CSV,row=139;field=source_ids,900,900,resolved,1,A Safety and Efficacy Study of in Vivo CAR-T (HN2301) for Refractory Graves' Disease,2026-09-10,2.0.0
CIT-FINAL-00168,evidence_claims_v2.csv,CSV,row=140;field=source_ids,828,828,resolved,1,A Randomized Controlled Trial on the Effect of Hydroxychloroquine in Mild Graves' Orbitopathy,2026-09-10,2.0.0
CIT-FINAL-00169,evidence_claims_v2.csv,CSV,row=141;field=source_ids,619; 913,619,resolved,1,NCT07622368,2026-09-10,2.0.0
CIT-FINAL-00170,evidence_claims_v2.csv,CSV,row=141;field=source_ids,619; 913,913,resolved,1,"A Phase I Clinical Study to Evaluate the Safety, Tolerability, and Pharmacokinetics of Single and Multiple Ascending Doses of IBI3031 in Participants With Thyroid Eye Disease",2026-09-10,2.0.0
CIT-FINAL-00171,evidence_claims_v2.csv,CSV,row=142;field=source_ids,842; 851; 856; 866; 883; 886; 887; 888,842,resolved,1,"A Multicenter, Randomized, Double-masked, Placebo-controlled Phase II/III Study Evaluating the Efficacy and Safety of IBI311 in Subjects With Active Thyroid Eye Disease",2026-09-10,2.0.0
CIT-FINAL-00172,evidence_claims_v2.csv,CSV,row=142;field=source_ids,842; 851; 856; 866; 883; 886; 887; 888,851,resolved,1,"A Multicenter, Open-label Extension Study Evaluating the Efficacy and Safety of IBI311 in Subjects With Thyroid Eye Disease",2026-09-10,2.0.0
CIT-FINAL-00173,evidence_claims_v2.csv,CSV,row=142;field=source_ids,842; 851; 856; 866; 883; 886; 887; 888,856,resolved,1,"An Exploratory Study of the Efficacy and Safety of IBI311, a Modified Anti-IGF-1R Antibody, in Patients With Steroid-resistant, Thyroid Associated Ophthalmopathy",2026-09-10,2.0.0
CIT-FINAL-00174,evidence_claims_v2.csv,CSV,row=142;field=source_ids,842; 851; 856; 866; 883; 886; 887; 888,866,resolved,1,"A Multicenter, Randomized, Double-Masked Phase II Study Evaluating the Efficacy and Safety of IBI311 in Subjects With Inactive or Active Thyroid Eye Disease",2026-09-10,2.0.0
CIT-FINAL-00175,evidence_claims_v2.csv,CSV,row=142;field=source_ids,842; 851; 856; 866; 883; 886; 887; 888,883,resolved,1,"A Multicenter, Randomized, Double-masked, Placebo-controlled Phase III Clinical Study to Evaluate the Efficacy and Safety of IBI311 in Subjects With Inactive Thyroid Eye Disease",2026-09-10,2.0.0
CIT-FINAL-00176,evidence_claims_v2.csv,CSV,row=142;field=source_ids,842; 851; 856; 866; 883; 886; 887; 888,886,resolved,1,The Safety and Efficacy of Sequential Hormone Therapy and IBI311 Therapy in Patients With Active Moderate to Severe TAO in the Initial Treatment.,2026-09-10,2.0.0
CIT-FINAL-00177,evidence_claims_v2.csv,CSV,row=142;field=source_ids,842; 851; 856; 866; 883; 886; 887; 888,887,resolved,1,Efficacy and Safety of Sequential Hormone Therapy and Tetuzumab Therapy in Patients With Moderate to Severe TAO in the Active Stage After Glucocorticoid Treatment,2026-09-10,2.0.0
CIT-FINAL-00178,evidence_claims_v2.csv,CSV,row=142;field=source_ids,842; 851; 856; 866; 883; 886; 887; 888,888,resolved,1,Evaluation of the Efficacy and Safety Observation of IBI311 Treatment in Patients With Inactive TAO,2026-09-10,2.0.0
CIT-FINAL-00179,evidence_claims_v2.csv,CSV,row=143;field=source_ids,875; 882; 896,875,resolved,1,"A Randomized, Double-Blind, Placebo-Controlled, Phase 2b Study to Assess the Efficacy, Safety, and Tolerability of IMVT-1402 as Treatment for Adult Patients With Graves' Disease",2026-09-10,2.0.0
CIT-FINAL-00180,evidence_claims_v2.csv,CSV,row=143;field=source_ids,875; 882; 896,882,resolved,1,"A Randomized, Double-Blind, Placebo-Controlled, Phase 2b Study to Assess the Efficacy, Safety, and Tolerability of IMVT-1402 as Treatment for Adult Patients With Graves' Disease",2026-09-10,2.0.0
CIT-FINAL-00181,evidence_claims_v2.csv,CSV,row=143;field=source_ids,875; 882; 896,896,resolved,1,"A Long-Term Extension Study to Assess the Efficacy, Safety, and Tolerability of IMVT-1402 in Adult Patients With Graves' Disease",2026-09-10,2.0.0
CIT-FINAL-00182,evidence_claims_v2.csv,CSV,row=144;field=source_ids,796,796,resolved,1,An Open Label Study to Evaluate the Safety and Efficacy of 12 Week Treatment With CFZ533 in Patients With Graves' Disease,2026-09-10,2.0.0
CIT-FINAL-00183,evidence_claims_v2.csv,CSV,row=145;field=source_ids,164; 799,164,resolved,1,"Safety, pharmacokinetics, and potential benefits of TSH-receptor-specific monoclonal autoantibody K1-70TM in Japanese Graves’ disease patients: results of a phase 1 trial",2026-09-10,2.0.0
CIT-FINAL-00184,evidence_claims_v2.csv,CSV,row=145;field=source_ids,164; 799,799,resolved,1,"K1-70 - A Phase I, Single Ascending Intramuscular Dose or Single Ascending Intravenous Dose, Safety, Tolerability, Pharmacokinetic and Pharmacodynamic Study in Subjects With Graves' Disease",2026-09-10,2.0.0
CIT-FINAL-00185,evidence_claims_v2.csv,CSV,row=146;field=source_ids,864,864,resolved,1,Evaluation of K9 in Subjects With Thyroid Eye Disease (TED),2026-09-10,2.0.0
CIT-FINAL-00186,evidence_claims_v2.csv,CSV,row=147;field=source_ids,916; 917,916,resolved,1,"A Multicenter, Randomized, Double-Blind, Placebo-Controlled Phase III Clinical Study to Evaluate the Efficacy and Safety of KHN939 in the Treatment of Moderate-to-Severe Active Thyroid Eye Disease (TED) in China",2026-09-10,2.0.0
CIT-FINAL-00187,evidence_claims_v2.csv,CSV,row=147;field=source_ids,916; 917,917,resolved,1,"A Multicenter, Randomized, Double-masked, Placebo-Controlled Phase III Clinical Study to Evaluate the Efficacy and Safety of KHN939 in the Treatment of Moderate-to-Severe Inactive Thyroid Eye Disease (TED) in China.",2026-09-10,2.0.0
CIT-FINAL-00188,evidence_claims_v2.csv,CSV,row=148;field=source_ids,758,758,resolved,1,"A Phase II, Single Centre, Randomized, Double-blind, Parallel and Placebo Controlled, Pilot Study to Evaluate the Efficacy and Safety of Somatuline Autogel 60mg in Patients With Active Thyroid-associated Ophthalmopathy of Moderate Intensity.",2026-09-10,2.0.0
CIT-FINAL-00189,evidence_claims_v2.csv,CSV,row=149;field=source_ids,422; 521; 832; 853,422,resolved,1,IL-11 receptor is a novel target for drug development with pharmacological activity in fibro-inflammatory disease | Scientific Reports,2026-09-10,2.0.0
CIT-FINAL-00190,evidence_claims_v2.csv,CSV,row=149;field=source_ids,422; 521; 832; 853,521,resolved,1,IL-11 receptor is a novel target for drug development with pharmacological activity in fibro-inflammatory disease — article PDF,2026-09-10,2.0.0
CIT-FINAL-00191,evidence_claims_v2.csv,CSV,row=149;field=source_ids,422; 521; 832; 853,832,resolved,1,"A Phase 1/2a, Randomized, Double-blind, Placebo-controlled, Single and Multiple Ascending Dose Study to Determine the Safety, Tolerability, Preliminary Efficacy, Immunogenicity and Pharmacokinetic Properties of LASN01 in Healthy Subjects and in Patients With Pulmonary Fibrosis or Thyroid Eye Disease",2026-09-10,2.0.0
CIT-FINAL-00192,evidence_claims_v2.csv,CSV,row=149;field=source_ids,422; 521; 832; 853,853,resolved,1,"A Phase 2, Proof-of-Concept, Randomized, Double-Masked, Placebo-Controlled Study to Determine the Efficacy and Safety of LASN01 in Patients With Thyroid Eye Disease",2026-09-10,2.0.0
CIT-FINAL-00193,evidence_claims_v2.csv,CSV,row=150;field=source_ids,1; 2,1,resolved,1,Programs - Lycia Therapeutics,2026-09-10,2.0.0
CIT-FINAL-00194,evidence_claims_v2.csv,CSV,row=150;field=source_ids,1; 2,2,resolved,1,Graves Disease · Phase I (2025-524053-14-00) | CTIS.eu,2026-09-10,2.0.0
CIT-FINAL-00195,evidence_claims_v2.csv,CSV,row=151;field=source_ids,714; 715; 831; 850; 919,714,resolved,1,"A Phase 2b, Study of Linsitinib in Subjects With Active, Moderate to Severe Thyroid Eye Disease (TED)",2026-09-10,2.0.0
CIT-FINAL-00196,evidence_claims_v2.csv,CSV,row=151;field=source_ids,714; 715; 831; 850; 919,715,resolved,1,News - Sling Therapeutics,2026-09-10,2.0.0
CIT-FINAL-00197,evidence_claims_v2.csv,CSV,row=151;field=source_ids,714; 715; 831; 850; 919,831,resolved,1,"A Phase 2b, Randomized, Double-Mask, Placebo-Controlled, Study to Evaluate the Safety, Pharmacokinetics and Efficacy of Linsitinib in Subjects With Active, Moderate to Severe Thyroid Eye Disease (TED)",2026-09-10,2.0.0
CIT-FINAL-00198,evidence_claims_v2.csv,CSV,row=151;field=source_ids,714; 715; 831; 850; 919,850,resolved,1,"A Multicenter, Extension Study to Evaluate the Efficacy, Safety, Pharmacokinetics, and Pharmacodynamics of Two Doses of Linsitinib in Subjects With Active, Moderate to Severe Thyroid Eye Disease (TED)",2026-09-10,2.0.0
CIT-FINAL-00199,evidence_claims_v2.csv,CSV,row=151;field=source_ids,714; 715; 831; 850; 919,919,resolved,1,"A Phase 3, Randomized, Double-mask, Placebo-controlled Study With Open-label Extension to Evaluate the Efficacy and Safety of Linsitinib in Participants With Moderate to Severe Active Thyroid Eye Disease (TED)",2026-09-10,2.0.0
CIT-FINAL-00200,evidence_claims_v2.csv,CSV,row=152;field=source_ids,840,840,resolved,1,"A Phase 1/2, Adaptive, Multiple Dose Ranging Study Evaluating the Safety, Tolerability, Pharmacokinetics, and Clinical Efficacy of Lonigutamab in Subjects With Thyroid Eye Disease (TED)",2026-09-10,2.0.0
CIT-FINAL-00201,evidence_claims_v2.csv,CSV,row=153;field=source_ids,868,868,resolved,1,"Interventional, Open-label, Single-group, Long-term Follow-up Trial of Lu AG22515 in Patients With Moderate-to-severe Thyroid Eye Disease",2026-09-10,2.0.0
CIT-FINAL-00202,evidence_claims_v2.csv,CSV,row=154;field=source_ids,6; 7; 8; 898,6,resolved,1,Pipeline & Programs - Merida Biosciences,2026-09-10,2.0.0
CIT-FINAL-00203,evidence_claims_v2.csv,CSV,row=154;field=source_ids,6; 7; 8; 898,7,resolved,1,NEXUS Study: A Study to Test Single and Multiple Doses of MER511 Given to Adults With Graves' Disease,2026-09-10,2.0.0
CIT-FINAL-00204,evidence_claims_v2.csv,CSV,row=154;field=source_ids,6; 7; 8; 898,8,resolved,1,OR31-05 Specific and Deep Depletion of anti-TSHR Autoantibodies for the Treatment of Graves’ and Thyroid Eye Disease,2026-09-10,2.0.0
CIT-FINAL-00205,evidence_claims_v2.csv,CSV,row=154;field=source_ids,6; 7; 8; 898,898,resolved,1,"A Phase 1, First-in-Human, Placebo-Controlled, Single and Multiple Ascending Dose Study to Evaluate Safety, Tolerability, Pharmacokinetics, Pharmacodynamics, and Immunogenicity of Intravenous and Subcutaneous Administration of MER511 in Adults With Graves' Disease",2026-09-10,2.0.0
CIT-FINAL-00206,evidence_claims_v2.csv,CSV,row=155;field=source_ids,459; 460; 461; 881; 892; 894; 910; 911; 912,459,resolved,1,MHB018A Treatment in Patients With Active Thyroid Eye Disease,2026-09-10,2.0.0
CIT-FINAL-00207,evidence_claims_v2.csv,CSV,row=155;field=source_ids,459; 460; 461; 881; 892; 894; 910; 911; 912,460,resolved,1,"Treatment of Active Thyroid Eye Disease With MHB018A in a Randomized, Placebo-Controlled Study",2026-09-10,2.0.0
CIT-FINAL-00208,evidence_claims_v2.csv,CSV,row=155;field=source_ids,459; 460; 461; 881; 892; 894; 910; 911; 912,461,resolved,1,MHB018A shows clinical activity in active and chronic thyroid eye disease - touchOPHTHALMOLOGY,2026-09-10,2.0.0
CIT-FINAL-00209,evidence_claims_v2.csv,CSV,row=155;field=source_ids,459; 460; 461; 881; 892; 894; 910; 911; 912,881,resolved,1,"A Phase III, Randomized, Double-Blind, Placebo-Controlled Study to Evaluate the Efficacy of MHB018A Injection in Subjects With Active Moderate-to-Severe Thyroid Eye Disease.",2026-09-10,2.0.0
CIT-FINAL-00210,evidence_claims_v2.csv,CSV,row=155;field=source_ids,459; 460; 461; 881; 892; 894; 910; 911; 912,892,resolved,1,"A Phase III, Randomized, Double-Blind, Placebo-Controlled Study to Evaluate the Efficacy of MHB018A Injection in Subjects With Chronic Moderate-to-Severe Thyroid Eye Disease.",2026-09-10,2.0.0
CIT-FINAL-00211,evidence_claims_v2.csv,CSV,row=155;field=source_ids,459; 460; 461; 881; 892; 894; 910; 911; 912,894,resolved,1,"A Phase III, Multicenter, Open-Label Extension Study to Evaluate the Efficacy and Safety of MHB018A Injection in Subjects With Thyroid Eye Disease",2026-09-10,2.0.0
CIT-FINAL-00212,evidence_claims_v2.csv,CSV,row=155;field=source_ids,459; 460; 461; 881; 892; 894; 910; 911; 912,910,resolved,1,"A Phase III, Multicenter, Open-Label Extension Study to Evaluate the Efficacy and Safety of MHB018A Injection in Subjects With Thyroid Eye Disease",2026-09-10,2.0.0
CIT-FINAL-00213,evidence_claims_v2.csv,CSV,row=155;field=source_ids,459; 460; 461; 881; 892; 894; 910; 911; 912,911,resolved,1,"A Phase III, Randomized, Double-Masked, Placebo-Controlled Study to Evaluate the Efficacy of MHB018A Injection Treatment in Subjects With Active Moderate to Severe Thyroid Eye Disease.",2026-09-10,2.0.0
CIT-FINAL-00214,evidence_claims_v2.csv,CSV,row=155;field=source_ids,459; 460; 461; 881; 892; 894; 910; 911; 912,912,resolved,1,"A Phase III, Randomized, Double-Masked, Placebo-Controlled Study to Evaluate the Efficacy of MHB018A Injection Treatment in Subjects With Chronic Moderate-to-Severe Thyroid Eye Disease",2026-09-10,2.0.0
CIT-FINAL-00215,evidence_claims_v2.csv,CSV,row=156;field=source_ids,404; 495; 904,404,resolved,1,An Efficacy and Safety Study of NTB003 in Participants With Thyroid Eye Disease (TED),2026-09-10,2.0.0
CIT-FINAL-00216,evidence_claims_v2.csv,CSV,row=156;field=source_ids,404; 495; 904,495,resolved,1,Biocytogen and Nanjing Chia Tai Tianqing Announce IND Approval in China for Co-Developed Anti-IGF-1R Antibody NTB003 (BCG009),2026-09-10,2.0.0
CIT-FINAL-00217,evidence_claims_v2.csv,CSV,row=156;field=source_ids,404; 495; 904,904,resolved,1,"A Phase Ib/II, Efficacy and Safety Study of NTB003 in Participants With Thyroid Eye Disease (TED)",2026-09-10,2.0.0
CIT-FINAL-00218,evidence_claims_v2.csv,CSV,row=157;field=source_ids,767,767,resolved,1,"A Randomised, Comparator Controlled, Two Part, Open-label Study to Evaluate the Safety, Tolerability and Pharmacodynamics of Multiple Doses of Otelixizumab in Patients With Thyroid Orbitopathy",2026-09-10,2.0.0
CIT-FINAL-00219,evidence_claims_v2.csv,CSV,row=158;field=source_ids,830,830,resolved,1,"Single-centre, Safety and Efficacy, Open-label Study Evaluating Antithymocyte Globulin Treatment in Subjects With Graves Orbitopathy",2026-09-10,2.0.0
CIT-FINAL-00220,evidence_claims_v2.csv,CSV,row=159;field=source_ids,880,880,resolved,1,An Open-label Phase 2 Study to Investigate the Efficacy and Safety of Rilzabrutinib in Adult Participants With Graves' Disease,2026-09-10,2.0.0
CIT-FINAL-00221,evidence_claims_v2.csv,CSV,row=160;field=source_ids,755; 760; 762; 791,755,resolved,1,B Cell Depletion With the Anti-CD20 Monoclonal Antibody Rituximab in the Treatment of Graves' Disease,2026-09-10,2.0.0
CIT-FINAL-00222,evidence_claims_v2.csv,CSV,row=160;field=source_ids,755; 760; 762; 791,760,resolved,1,Rituximab Treatment of Graves' Dysthyroid Ophthalmopathy Phase I/II,2026-09-10,2.0.0
CIT-FINAL-00223,evidence_claims_v2.csv,CSV,row=160;field=source_ids,755; 760; 762; 791,762,resolved,1,Phase 2/3 Study of Rituximab for Graves' Ophthalmopathy,2026-09-10,2.0.0
CIT-FINAL-00224,evidence_claims_v2.csv,CSV,row=160;field=source_ids,755; 760; 762; 791,791,resolved,1,Rituximab (RTX) Therapy in Steroid Resistant Patients or Patients Relapsing After Intravenous Steroids With Active TAO,2026-09-10,2.0.0
CIT-FINAL-00225,evidence_claims_v2.csv,CSV,row=161;field=source_ids,675; 699; 701; 844; 849,675,resolved,1,Targeting IL-6 Receptor Signaling with Satralizumab in Thyroid Eye Disease: Design of the Phase 3 SatraGO-1 and SatraGO-2 Trials,2026-09-10,2.0.0
CIT-FINAL-00226,evidence_claims_v2.csv,CSV,row=161;field=source_ids,675; 699; 701; 844; 849,699,resolved,1,Primary Results of the Phase-3 SatraGO-1 and SatraGO 2 Trials: Efficacy and Safety of Satralizumab▼ in Thyroid Eye Disease,2026-09-10,2.0.0
CIT-FINAL-00227,evidence_claims_v2.csv,CSV,row=161;field=source_ids,675; 699; 701; 844; 849,701,resolved,1,"FDA grants Priority Review to Roche’s Enspryng, the first and only at-home subcutaneous treatment option for thyroid eye disease (TED)",2026-09-10,2.0.0
CIT-FINAL-00228,evidence_claims_v2.csv,CSV,row=161;field=source_ids,675; 699; 701; 844; 849,844,resolved,1,"A Phase III, Randomized, Double-Masked, Placebo-Controlled, Multicenter Study to Evaluate the Efficacy, Safety, Pharmacokinetics, and Pharmacodynamics of Satralizumab in Participants With Moderate-to-Severe Thyroid Eye Disease",2026-09-10,2.0.0
CIT-FINAL-00229,evidence_claims_v2.csv,CSV,row=161;field=source_ids,675; 699; 701; 844; 849,849,resolved,1,"A Phase III, Randomized, Double-Masked, Placebo-Controlled, Multicenter Study to Evaluate the Efficacy, Safety, Pharmacokinetics, and Pharmacodynamics of Satralizumab in Participants With Moderate-to-Severe Thyroid Eye Disease",2026-09-10,2.0.0
CIT-FINAL-00230,evidence_claims_v2.csv,CSV,row=162;field=source_ids,876,876,resolved,1,"A Multicentre, Randomized, Double-blinded, Placebo-controlled Phase I/II Clinical Study to Evaluate the Safety, Tolerability, Pharmacokinetics, Pharmacodynamics, and Efficacy of SCTT11 in Healthy Participants and Participants with Moderate-to-severe Thyroid Eye Disease",2026-09-10,2.0.0
CIT-FINAL-00231,evidence_claims_v2.csv,CSV,row=163;field=source_ids,819,819,resolved,1,"A Two-year Multi-center Phase 3 Study to Investigate the Efficacy and Safety of Secukinumab in Adult Patients With Active, Moderate to Severe Thyroid Eye Disease (ORBIT), With a Randomized, Parallel-group, Double-blind, Placebo-controlled, 16-week Treatment Period, and a Follow-up/Retreatment Period",2026-09-10,2.0.0
CIT-FINAL-00232,evidence_claims_v2.csv,CSV,row=164;field=source_ids,833,833,resolved,1,"A Single-arm, Open-label, Prospective Phase II Study to Evaluate the Efficacy and Safety of SHR-1314 by Subcutaneous Injection in Active Moderate to Severe Graves' Orbitopathy Patients",2026-09-10,2.0.0
CIT-FINAL-00233,evidence_claims_v2.csv,CSV,row=165;field=source_ids,818; 822; 839,818,resolved,1,"A Phase II, Randomized, Superiority, Adaptive, Open-label, Single-center, Clinical Trial to Evaluate the Efficacy of Sirolimus (Rapamycin) in Patients With Graves' Disease and Moderate-to-severe and Active Graves' Orbitopathy (GO)",2026-09-10,2.0.0
CIT-FINAL-00234,evidence_claims_v2.csv,CSV,row=165;field=source_ids,818; 822; 839,822,resolved,1,Prospective Comparison of Sirolimus Against Corticosteroids in Treatment of Patients With Active Thyroid Eye Disease,2026-09-10,2.0.0
CIT-FINAL-00235,evidence_claims_v2.csv,CSV,row=165;field=source_ids,818; 822; 839,839,resolved,1,"Efficacy and Safety Evaluation of Rapamycin Combined With Methylprednisolone in the Treatment of Hyperthyroidism Exophthalmos: A Randomized, Controlled, Multicenter Clinical Trial.",2026-09-10,2.0.0
CIT-FINAL-00236,evidence_claims_v2.csv,CSV,row=166;field=source_ids,814,814,resolved,1,"A Double-masked, Methylprednisolone-control, Efficacy and Safety Study of 99Tc-MDP for Thyroid Associated Ophthalmopathy.",2026-09-10,2.0.0
CIT-FINAL-00237,evidence_claims_v2.csv,CSV,row=167;field=source_ids,190; 191; 274; 780; 807; 809; 817; 823; 855; 860; 869; 873; 885; 895; 899; 907,190,resolved,1,Efficacy and Safety of Teprotumumab in Patients With Thyroid Eye Disease of Long Duration and Low Disease Activity,2026-09-10,2.0.0
CIT-FINAL-00238,evidence_claims_v2.csv,CSV,row=167;field=source_ids,190; 191; 274; 780; 807; 809; 817; 823; 855; 860; 869; 873; 885; 895; 899; 907,191,resolved,1,"Teprotumumab Efficacy, Safety and Durability in Longer Duration Thyroid Eye Disease and Retreatment: Optic-X Study.",2026-09-10,2.0.0
CIT-FINAL-00239,evidence_claims_v2.csv,CSV,row=167;field=source_ids,190; 191; 274; 780; 807; 809; 817; 823; 855; 860; 869; 873; 885; 895; 899; 907,274,resolved,1,TEPEZZA (teprotumumab-trbw) Prescribing Information — original 2020 label,2026-09-10,2.0.0
CIT-FINAL-00240,evidence_claims_v2.csv,CSV,row=167;field=source_ids,190; 191; 274; 780; 807; 809; 817; 823; 855; 860; 869; 873; 885; 895; 899; 907,780,resolved,1,"A Multicenter, Double-Masked, Placebo-Controlled, Efficacy And Safety Study Of RV 001, An Insulin-Like Growth Factor-1 Receptor (IGF-1R) Antagonist Antibody (Fully Human), Administered Every 3 Weeks (q3W) By Intravenous (IV) Infusion In Patients Suffering From Active Thyroid Eye Disease (TED)",2026-09-10,2.0.0
CIT-FINAL-00241,evidence_claims_v2.csv,CSV,row=167;field=source_ids,190; 191; 274; 780; 807; 809; 817; 823; 855; 860; 869; 873; 885; 895; 899; 907,807,resolved,1,"A Phase 3, Randomized, Double-Masked, Placebo-Controlled, Parallel-Group, Multicenter Study Evaluating Teprotumumab (HZN-001) Treatment in Subjects With Active Thyroid Eye Disease",2026-09-10,2.0.0
CIT-FINAL-00242,evidence_claims_v2.csv,CSV,row=167;field=source_ids,190; 191; 274; 780; 807; 809; 817; 823; 855; 860; 869; 873; 885; 895; 899; 907,809,resolved,1,"Multicenter, Safety and Efficacy, Open-Label Extension Study Evaluating Teprotumumab (HZN-001) Treatment in Subjects With Thyroid Eye Disease",2026-09-10,2.0.0
CIT-FINAL-00243,evidence_claims_v2.csv,CSV,row=167;field=source_ids,190; 191; 274; 780; 807; 809; 817; 823; 855; 860; 869; 873; 885; 895; 899; 907,817,resolved,1,"A Phase 4, Randomized, Double-masked, Placebo-controlled, Multicenter Trial to Evaluate the Efficacy and Safety of TEPEZZA® in Treating Patients With Chronic (Inactive) Thyroid Eye Disease",2026-09-10,2.0.0
CIT-FINAL-00244,evidence_claims_v2.csv,CSV,row=167;field=source_ids,190; 191; 274; 780; 807; 809; 817; 823; 855; 860; 869; 873; 885; 895; 899; 907,823,resolved,1,"A Phase 3b/4, Double-masked, Randomized, International, Parallel-assignment, Multicenter Trial in Patients With Thyroid Eye Disease to Evaluate the Safety and Tolerability of Different Dosing Durations of Teprotumumab",2026-09-10,2.0.0
CIT-FINAL-00245,evidence_claims_v2.csv,CSV,row=167;field=source_ids,190; 191; 274; 780; 807; 809; 817; 823; 855; 860; 869; 873; 885; 895; 899; 907,855,resolved,1,"A Phase 3, Randomized, Double-masked, Placebo-controlled, Parallel-group, Multicenter Trial to Evaluate the Efficacy, Safety and Tolerability of Subcutaneous Teprotumumab in Participants With Moderate-to-Severe Active Thyroid Eye Disease",2026-09-10,2.0.0
CIT-FINAL-00246,evidence_claims_v2.csv,CSV,row=167;field=source_ids,190; 191; 274; 780; 807; 809; 817; 823; 855; 860; 869; 873; 885; 895; 899; 907,860,resolved,1,"A Phase 1b, Open-label, Multicenter Trial to Evaluate the Pharmacokinetics, Safety, and Tolerability of Two Formulations of a Single Subcutaneous Dose of Teprotumumab Followed by Multiple Intravenous Doses of TEPEZZA in Participants With Thyroid Eye Disease",2026-09-10,2.0.0
CIT-FINAL-00247,evidence_claims_v2.csv,CSV,row=167;field=source_ids,190; 191; 274; 780; 807; 809; 817; 823; 855; 860; 869; 873; 885; 895; 899; 907,869,resolved,1,"A Phase 1, Open-Label, Single Ascending Dose Study to Evaluate the Safety, Tolerability, and Pharmacokinetics of TEPEZZA Subcutaneous Administration in Healthy Adult Subjects",2026-09-10,2.0.0
CIT-FINAL-00248,evidence_claims_v2.csv,CSV,row=167;field=source_ids,190; 191; 274; 780; 807; 809; 817; 823; 855; 860; 869; 873; 885; 895; 899; 907,873,resolved,1,"A Phase 1, Open-label, Single-dose Trial to Evaluate the Pharmacokinetics, Safety and Tolerability of Teprotumumab (High-concentration Formulation) Subcutaneous Administration in Healthy Adult Non-Japanese and Japanese Volunteers",2026-09-10,2.0.0
CIT-FINAL-00249,evidence_claims_v2.csv,CSV,row=167;field=source_ids,190; 191; 274; 780; 807; 809; 817; 823; 855; 860; 869; 873; 885; 895; 899; 907,885,resolved,1,"A Phase 1, Randomized, Placebo-controlled, Double-blind, Single-dose Study to Evaluate Pharmacokinetics, Safety, and Tolerability of Teprotumumab (AMG 632) Administered Intravenously in Healthy Chinese Participants",2026-09-10,2.0.0
CIT-FINAL-00250,evidence_claims_v2.csv,CSV,row=167;field=source_ids,190; 191; 274; 780; 807; 809; 817; 823; 855; 860; 869; 873; 885; 895; 899; 907,895,resolved,1,"A Multicenter, Randomized, Open-Label, Active-Controlled Phase IV Clinical Study to Evaluate the Efficacy and Safety of Teprotumumab N01 in the Treatment of Active Thyroid Eye Disease",2026-09-10,2.0.0
CIT-FINAL-00251,evidence_claims_v2.csv,CSV,row=167;field=source_ids,190; 191; 274; 780; 807; 809; 817; 823; 855; 860; 869; 873; 885; 895; 899; 907,899,resolved,1,A Comparative Study of Shortened (4-Infusion) Versus Standard (8-Infusion) Teprotumumab Regimens in Patients With Thyroid Eye Disease (TED) Exhibiting an Early Optimal Clinical Response,2026-09-10,2.0.0
CIT-FINAL-00252,evidence_claims_v2.csv,CSV,row=167;field=source_ids,190; 191; 274; 780; 807; 809; 817; 823; 855; 860; 869; 873; 885; 895; 899; 907,907,resolved,1,"A Single-Center, Prospective, Randomized, Open-Label, Parallel-Group Study Comparing Sequential Teprotumumab N01 With Intravenous Methylprednisolone After Urgent Orbital Decompression in Patients With Dysthyroid Optic Neuropathy",2026-09-10,2.0.0
CIT-FINAL-00253,evidence_claims_v2.csv,CSV,row=168;field=source_ids,772; 821; 847; 878,772,resolved,1,"Clinical Trial Phase III, Parallel Group, Randomized, Placebo-controlled, Double-blind, Multicenter Study to Evaluate the Efficacy and Safety of Tocilizumab Administration in Patients With Moderate-to-severe or Sight-threatening Graves' Ophthalmopathy (GO), That Had Not Responded Adequately to Treatment With Intravenous Corticoid Pulses.",2026-09-10,2.0.0
CIT-FINAL-00254,evidence_claims_v2.csv,CSV,row=168;field=source_ids,772; 821; 847; 878,821,resolved,1,"Multicenter, Randomized, Observer-blind, Controlled Study of the Anti-IL-6 Receptor Antibody Tocilizumab (TCZ) or Methylprednisolone (MP) Treatment in Patients With Active Moderate-severe Graves' Orbitopathy",2026-09-10,2.0.0
CIT-FINAL-00255,evidence_claims_v2.csv,CSV,row=168;field=source_ids,772; 821; 847; 878,847,resolved,1,Efficacy and Safety of Tocilizumab for Patients With Thyroid-associated Ophthalmopathy,2026-09-10,2.0.0
CIT-FINAL-00256,evidence_claims_v2.csv,CSV,row=168;field=source_ids,772; 821; 847; 878,878,resolved,1,Clinical Study on the Combined Use of Tocilizumab and Flupentixol-Melitracen in the Treatment of Thyroid-Associated Ophthalmopathy: A Prospective Exploratory Study,2026-09-10,2.0.0
CIT-FINAL-00257,evidence_claims_v2.csv,CSV,row=169;field=source_ids,905,905,resolved,1,"A Single-Arm, Open-Label, Exploratory Study of Tofacitinib in Patients With Glucocorticoid-Resistant or Intolerant Moderate-to-Severe Active Thyroid Eye Disease",2026-09-10,2.0.0
CIT-FINAL-00258,evidence_claims_v2.csv,CSV,row=170;field=source_ids,848,848,resolved,1,"A Multicenter Phase 2b Randomized, Double-Masked, Placebo-Controlled Dose-Ranging Study of TOUR006 in Participants With Thyroid Eye Disease",2026-09-10,2.0.0
CIT-FINAL-00259,evidence_claims_v2.csv,CSV,row=171;field=source_ids,826,826,resolved,1,A Multi-model Image of Immunosuppressive Agents in Thyroid Associated Ophthalmopathy.,2026-09-10,2.0.0
CIT-FINAL-00260,evidence_claims_v2.csv,CSV,row=172;field=source_ids,230; 373; 726; 727; 829; 845; 852; 859,230,resolved,1,THRIVE,2026-09-10,2.0.0
CIT-FINAL-00261,evidence_claims_v2.csv,CSV,row=172;field=source_ids,230; 373; 726; 727; 829; 845; 852; 859,373,resolved,1,LUMVOA (veligrotug-vvze) Prescribing Information,2026-09-10,2.0.0
CIT-FINAL-00262,evidence_claims_v2.csv,CSV,row=172;field=source_ids,230; 373; 726; 727; 829; 845; 852; 859,726,resolved,1,BLA 761530 approval letter for LUMVOA,2026-09-10,2.0.0
CIT-FINAL-00263,evidence_claims_v2.csv,CSV,row=172;field=source_ids,230; 373; 726; 727; 829; 845; 852; 859,727,resolved,1,Novel Drug Approvals for 2026,2026-09-10,2.0.0
CIT-FINAL-00264,evidence_claims_v2.csv,CSV,row=172;field=source_ids,230; 373; 726; 727; 829; 845; 852; 859,829,resolved,1,"A Safety, Tolerability, and Efficacy Study of Veligrotug, a Humanized Monoclonal Antibody Directed Against the IGF-1 Receptor in Subjects With Thyroid Eye Disease",2026-09-10,2.0.0
CIT-FINAL-00265,evidence_claims_v2.csv,CSV,row=172;field=source_ids,230; 373; 726; 727; 829; 845; 852; 859,845,resolved,1,"A Randomized, Double-masked, Placebo-controlled Safety, Tolerability, and Efficacy Study of VRDN-001, a Humanized Monoclonal Antibody Directed Against the IGF-1 Receptor, in Participants With Chronic Thyroid Eye Disease (TED)",2026-09-10,2.0.0
CIT-FINAL-00266,evidence_claims_v2.csv,CSV,row=172;field=source_ids,230; 373; 726; 727; 829; 845; 852; 859,852,resolved,1,An Open-label Study for Participants Who Are Non-responders at the End of Treatment Assessment on the VRDN-001-101 and VRDN-001-301 Pivotal Studies,2026-09-10,2.0.0
CIT-FINAL-00267,evidence_claims_v2.csv,CSV,row=172;field=source_ids,230; 373; 726; 727; 829; 845; 852; 859,859,resolved,1,"A Randomized, Controlled, Safety and Tolerability Study of VRDN-001, a Humanized Monoclonal Antibody Directed Against the IGF-1 Receptor, in Participants With Thyroid Eye Disease (TED)",2026-09-10,2.0.0
CIT-FINAL-00268,evidence_claims_v2.csv,CSV,row=173;field=source_ids,871; 872; 877; 889; 891,871,resolved,1,"REVEAL-2 - A Phase 3, Randomized, Double-masked, Placebo-controlled, Efficacy, Safety, and Tolerability Study of VRDN-003 in Participants With Chronic Thyroid Eye Disease (TED)",2026-09-10,2.0.0
CIT-FINAL-00269,evidence_claims_v2.csv,CSV,row=173;field=source_ids,871; 872; 877; 889; 891,872,resolved,1,"REVEAL-1 - A Phase 3, Randomized, Double-masked, Placebo-controlled, Efficacy, Safety, and Tolerability Study of VRDN-003 in Participants With Active Thyroid Eye Disease (TED)",2026-09-10,2.0.0
CIT-FINAL-00270,evidence_claims_v2.csv,CSV,row=173;field=source_ids,871; 872; 877; 889; 891,877,resolved,1,"A Randomized, Double-masked, Controlled, Safety and Tolerability Study of VRDN-003 in Participants With Thyroid Eye Disease (TED)",2026-09-10,2.0.0
CIT-FINAL-00271,evidence_claims_v2.csv,CSV,row=173;field=source_ids,871; 872; 877; 889; 891,889,resolved,1,"A Randomized, Open-label Study Evaluating the Safety, Tolerability and Pharmacokinetics of VRDN-003 Administered Subcutaneously in Participants With Thyroid Eye Disease (TED)",2026-09-10,2.0.0
CIT-FINAL-00272,evidence_claims_v2.csv,CSV,row=173;field=source_ids,871; 872; 877; 889; 891,891,resolved,1,"A Multicenter, Double-blinded, Randomized, Placebo Controlled Phase 3 Trial to Evaluate the Efficacy and Safety of ZL-1109 in Chinese Participants With Thyroid Eye Disease (TED)",2026-09-10,2.0.0
CIT-FINAL-00273,evidence_claims_v2.csv,CSV,row=174;field=source_ids,854,854,resolved,1,"A Double-blind, Placebo-controlled, Phase 2 Dose-range Study to Assess the Efficacy and Safety of WP1302 in Preventing Disease Relapse Following Methimazole Withdrawal in Subjects With Graves' Disease",2026-09-10,2.0.0
CIT-FINAL-00274,evidence_claims_v2.csv,CSV,row=175;field=source_ids,841,841,resolved,1,A Multiple Ascending Doses Study of ZB001 in Chinese Patients With Thyroid-Associated Ophthalmopathy,2026-09-10,2.0.0
CIT-FINAL-00275,evidence_claims_v2.csv,CSV,row=198;field=source_ids,1; 2; 6; 7; 8,1,resolved,1,Programs - Lycia Therapeutics,2026-09-10,2.0.0
CIT-FINAL-00276,evidence_claims_v2.csv,CSV,row=198;field=source_ids,1; 2; 6; 7; 8,2,resolved,1,Graves Disease · Phase I (2025-524053-14-00) | CTIS.eu,2026-09-10,2.0.0
CIT-FINAL-00277,evidence_claims_v2.csv,CSV,row=198;field=source_ids,1; 2; 6; 7; 8,6,resolved,1,Pipeline & Programs - Merida Biosciences,2026-09-10,2.0.0
CIT-FINAL-00278,evidence_claims_v2.csv,CSV,row=198;field=source_ids,1; 2; 6; 7; 8,7,resolved,1,NEXUS Study: A Study to Test Single and Multiple Doses of MER511 Given to Adults With Graves' Disease,2026-09-10,2.0.0
CIT-FINAL-00279,evidence_claims_v2.csv,CSV,row=198;field=source_ids,1; 2; 6; 7; 8,8,resolved,1,OR31-05 Specific and Deep Depletion of anti-TSHR Autoantibodies for the Treatment of Graves’ and Thyroid Eye Disease,2026-09-10,2.0.0
CIT-FINAL-00280,evidence_claims_v2.csv,CSV,row=199;field=source_ids,728; 729; 731; 735; 780,728,resolved,1,TEPEZZA (teprotumumab-trbw) current prescribing information,2026-09-10,2.0.0
CIT-FINAL-00281,evidence_claims_v2.csv,CSV,row=199;field=source_ids,728; 729; 731; 735; 780,729,resolved,1,Tepezza EPAR,2026-09-10,2.0.0
CIT-FINAL-00282,evidence_claims_v2.csv,CSV,row=199;field=source_ids,728; 729; 731; 735; 780,731,resolved,1,MHRA approves teprotumumab as the first UK treatment for adults with moderate-to-severe TED,2026-09-10,2.0.0
CIT-FINAL-00283,evidence_claims_v2.csv,CSV,row=199;field=source_ids,728; 729; 731; 735; 780,735,resolved,1,Tepezza deliberation and review report,2026-09-10,2.0.0
CIT-FINAL-00284,evidence_claims_v2.csv,CSV,row=199;field=source_ids,728; 729; 731; 735; 780,780,resolved,1,"A Multicenter, Double-Masked, Placebo-Controlled, Efficacy And Safety Study Of RV 001, An Insulin-Like Growth Factor-1 Receptor (IGF-1R) Antagonist Antibody (Fully Human), Administered Every 3 Weeks (q3W) By Intravenous (IV) Infusion In Patients Suffering From Active Thyroid Eye Disease (TED)",2026-09-10,2.0.0
CIT-FINAL-00285,evidence_claims_v2.csv,CSV,row=200;field=source_ids,1; 2; 6; 7; 8; 898,1,resolved,1,Programs - Lycia Therapeutics,2026-09-10,2.0.0
CIT-FINAL-00286,evidence_claims_v2.csv,CSV,row=200;field=source_ids,1; 2; 6; 7; 8; 898,2,resolved,1,Graves Disease · Phase I (2025-524053-14-00) | CTIS.eu,2026-09-10,2.0.0
CIT-FINAL-00287,evidence_claims_v2.csv,CSV,row=200;field=source_ids,1; 2; 6; 7; 8; 898,6,resolved,1,Pipeline & Programs - Merida Biosciences,2026-09-10,2.0.0
CIT-FINAL-00288,evidence_claims_v2.csv,CSV,row=200;field=source_ids,1; 2; 6; 7; 8; 898,7,resolved,1,NEXUS Study: A Study to Test Single and Multiple Doses of MER511 Given to Adults With Graves' Disease,2026-09-10,2.0.0
CIT-FINAL-00289,evidence_claims_v2.csv,CSV,row=200;field=source_ids,1; 2; 6; 7; 8; 898,8,resolved,1,OR31-05 Specific and Deep Depletion of anti-TSHR Autoantibodies for the Treatment of Graves’ and Thyroid Eye Disease,2026-09-10,2.0.0
CIT-FINAL-00290,evidence_claims_v2.csv,CSV,row=200;field=source_ids,1; 2; 6; 7; 8; 898,898,resolved,1,"A Phase 1, First-in-Human, Placebo-Controlled, Single and Multiple Ascending Dose Study to Evaluate Safety, Tolerability, Pharmacokinetics, Pharmacodynamics, and Immunogenicity of Intravenous and Subcutaneous Administration of MER511 in Adults With Graves' Disease",2026-09-10,2.0.0
CIT-FINAL-00291,evidence_claims_v2.csv,CSV,row=201;field=source_ids,732; 733,732,resolved,1,Teprotumumab for treating thyroid eye disease (deferred appraisal of D1) [ID6756],2026-09-10,2.0.0
CIT-FINAL-00292,evidence_claims_v2.csv,CSV,row=201;field=source_ids,732; 733,733,resolved,1,Teprotumumab for treating thyroid eye disease—draft guidance consultation,2026-09-10,2.0.0
CIT-FINAL-00293,evidence_claims_v2.csv,CSV,row=202;field=source_ids,741; 743,741,resolved,1,バセドウ病治療ガイドライン2019 CQ一覧,2026-09-10,2.0.0
CIT-FINAL-00294,evidence_claims_v2.csv,CSV,row=202;field=source_ids,741; 743,743,resolved,1,妊娠初期における薬物治療は第一選択薬として何が推奨されるか（GD guideline 2019 FCQ1 explanation）,2026-09-10,2.0.0
CIT-FINAL-00295,evidence_claims_v2.csv,CSV,row=203;field=source_ids,28,28,resolved,1,2025 Korean Thyroid Association Management Guidelines for Radioactive Iodine Therapy in Patients with Hyperthyroidism,2026-09-10,2.0.0
CIT-FINAL-00296,pipeline_assets_v2.csv,CSV,row=2;field=source_ids,[1]; CTIS 2025-524053-14-00,1,resolved,1,Programs - Lycia Therapeutics,2026-09-10,2.0.0
CIT-FINAL-00297,pipeline_assets_v2.csv,CSV,row=3;field=source_ids,[6]; [7]; [8]; NCT07305818; ClinicalTrials.gov,6,resolved,1,Pipeline & Programs - Merida Biosciences,2026-09-10,2.0.0
CIT-FINAL-00298,pipeline_assets_v2.csv,CSV,row=3;field=source_ids,[6]; [7]; [8]; NCT07305818; ClinicalTrials.gov,7,resolved,1,NEXUS Study: A Study to Test Single and Multiple Doses of MER511 Given to Adults With Graves' Disease,2026-09-10,2.0.0
CIT-FINAL-00299,pipeline_assets_v2.csv,CSV,row=3;field=source_ids,[6]; [7]; [8]; NCT07305818; ClinicalTrials.gov,8,resolved,1,OR31-05 Specific and Deep Depletion of anti-TSHR Autoantibodies for the Treatment of Graves’ and Thyroid Eye Disease,2026-09-10,2.0.0
CIT-FINAL-00300,pipeline_assets_v2.csv,CSV,row=4;field=source_ids,[541]; NCT06569758; NCT07286656; NCT07682896; ClinicalTrials.gov,541,resolved,1,GenSci098,2026-09-10,2.0.0
CIT-FINAL-00301,pipeline_assets_v2.csv,CSV,row=5;field=source_ids,[164]; NCT02904330; ClinicalTrials.gov,164,resolved,1,"Safety, pharmacokinetics, and potential benefits of TSH-receptor-specific monoclonal autoantibody K1-70TM in Japanese Graves’ disease patients: results of a phase 1 trial",2026-09-10,2.0.0
CIT-FINAL-00302,pipeline_assets_v2.csv,CSV,row=6;field=source_ids,[253]; NCT02973802; NCT06240455; ClinicalTrials.gov,253,resolved,1,Antigen-Specific Immunotherapy with Thyrotropin Receptor Peptides in Graves' Hyperthyroidism: A Phase I Study,2026-09-10,2.0.0
CIT-FINAL-00303,pipeline_assets_v2.csv,CSV,row=7;field=source_ids,[619]; NCT07622368; ClinicalTrials.gov,619,resolved,1,NCT07622368,2026-09-10,2.0.0
CIT-FINAL-00304,pipeline_assets_v2.csv,CSV,row=8;field=source_ids,[230]; [373]; [726]; [727]; ClinicalTrials.gov; NCT05176639; NCT06021054; NCT06179875; NCT06384547,230,resolved,1,THRIVE,2026-09-10,2.0.0
CIT-FINAL-00305,pipeline_assets_v2.csv,CSV,row=8;field=source_ids,[230]; [373]; [726]; [727]; ClinicalTrials.gov; NCT05176639; NCT06021054; NCT06179875; NCT06384547,373,resolved,1,LUMVOA (veligrotug-vvze) Prescribing Information,2026-09-10,2.0.0
CIT-FINAL-00306,pipeline_assets_v2.csv,CSV,row=8;field=source_ids,[230]; [373]; [726]; [727]; ClinicalTrials.gov; NCT05176639; NCT06021054; NCT06179875; NCT06384547,726,resolved,1,BLA 761530 approval letter for LUMVOA,2026-09-10,2.0.0
CIT-FINAL-00307,pipeline_assets_v2.csv,CSV,row=8;field=source_ids,[230]; [373]; [726]; [727]; ClinicalTrials.gov; NCT05176639; NCT06021054; NCT06179875; NCT06384547,727,resolved,1,Novel Drug Approvals for 2026,2026-09-10,2.0.0
CIT-FINAL-00308,pipeline_assets_v2.csv,CSV,row=9;field=source_ids,[190]; [191]; [274]; ClinicalTrials.gov; NCT01868997; NCT03298867; NCT03461211; NCT04583735; NCT05002998; NCT06248619; NCT06389578; NCT06563856; NCT06674941; NCT07142642; NCT07265258; NCT07308964; NCT07594912,190,resolved,1,Efficacy and Safety of Teprotumumab in Patients With Thyroid Eye Disease of Long Duration and Low Disease Activity,2026-09-10,2.0.0
CIT-FINAL-00309,pipeline_assets_v2.csv,CSV,row=9;field=source_ids,[190]; [191]; [274]; ClinicalTrials.gov; NCT01868997; NCT03298867; NCT03461211; NCT04583735; NCT05002998; NCT06248619; NCT06389578; NCT06563856; NCT06674941; NCT07142642; NCT07265258; NCT07308964; NCT07594912,191,resolved,1,"Teprotumumab Efficacy, Safety and Durability in Longer Duration Thyroid Eye Disease and Retreatment: Optic-X Study.",2026-09-10,2.0.0
CIT-FINAL-00310,pipeline_assets_v2.csv,CSV,row=9;field=source_ids,[190]; [191]; [274]; ClinicalTrials.gov; NCT01868997; NCT03298867; NCT03461211; NCT04583735; NCT05002998; NCT06248619; NCT06389578; NCT06563856; NCT06674941; NCT07142642; NCT07265258; NCT07308964; NCT07594912,274,resolved,1,TEPEZZA (teprotumumab-trbw) Prescribing Information — original 2020 label,2026-09-10,2.0.0
CIT-FINAL-00311,pipeline_assets_v2.csv,CSV,row=10;field=source_ids,[714]; [715]; NCT07753603; ClinicalTrials.gov; NCT05276063; NCT06112340,714,resolved,1,"A Phase 2b, Study of Linsitinib in Subjects With Active, Moderate to Severe Thyroid Eye Disease (TED)",2026-09-10,2.0.0
CIT-FINAL-00312,pipeline_assets_v2.csv,CSV,row=10;field=source_ids,[714]; [715]; NCT07753603; ClinicalTrials.gov; NCT05276063; NCT06112340,715,resolved,1,News - Sling Therapeutics,2026-09-10,2.0.0
CIT-FINAL-00313,pipeline_assets_v2.csv,CSV,row=11;field=source_ids,[675]; [699]; [701]; ClinicalTrials.gov; NCT05987423; NCT06106828,675,resolved,1,Targeting IL-6 Receptor Signaling with Satralizumab in Thyroid Eye Disease: Design of the Phase 3 SatraGO-1 and SatraGO-2 Trials,2026-09-10,2.0.0
CIT-FINAL-00314,pipeline_assets_v2.csv,CSV,row=11;field=source_ids,[675]; [699]; [701]; ClinicalTrials.gov; NCT05987423; NCT06106828,699,resolved,1,Primary Results of the Phase-3 SatraGO-1 and SatraGO 2 Trials: Efficacy and Safety of Satralizumab▼ in Thyroid Eye Disease,2026-09-10,2.0.0
CIT-FINAL-00315,pipeline_assets_v2.csv,CSV,row=11;field=source_ids,[675]; [699]; [701]; ClinicalTrials.gov; NCT05987423; NCT06106828,701,resolved,1,"FDA grants Priority Review to Roche’s Enspryng, the first and only at-home subcutaneous treatment option for thyroid eye disease (TED)",2026-09-10,2.0.0
CIT-FINAL-00316,pipeline_assets_v2.csv,CSV,row=12;field=source_ids,[683]; NCT05907668; ClinicalTrials.gov; NCT03922321; NCT03938545; NCT05015127; NCT05517421; NCT05517447; NCT05524571,683,resolved,1,OR31-08 The FcRn Inhibitor Batoclimab Rapidly Normalizes Thyroid Function and Improves Clinical Outcomes in Graves’ Disease,2026-09-10,2.0.0
CIT-FINAL-00317,pipeline_assets_v2.csv,CSV,row=13;field=source_ids,[422]; [521]; ClinicalTrials.gov; NCT05331300; NCT06226545,422,resolved,1,IL-11 receptor is a novel target for drug development with pharmacological activity in fibro-inflammatory disease | Scientific Reports,2026-09-10,2.0.0
CIT-FINAL-00318,pipeline_assets_v2.csv,CSV,row=13;field=source_ids,[422]; [521]; ClinicalTrials.gov; NCT05331300; NCT06226545,521,resolved,1,IL-11 receptor is a novel target for drug development with pharmacological activity in fibro-inflammatory disease — article PDF,2026-09-10,2.0.0
CIT-FINAL-00319,pipeline_assets_v2.csv,CSV,row=17;field=source_ids,[564]; [645]; NCT07597200; ClinicalTrials.gov,564,resolved,1,"UCB to acquire Candid Therapeutics, building upon its existing immunology pipeline with novel T-cell engagers | UCB",2026-09-10,2.0.0
CIT-FINAL-00320,pipeline_assets_v2.csv,CSV,row=17;field=source_ids,[564]; [645]; NCT07597200; ClinicalTrials.gov,645,resolved,1,"UCB completes acquisition of Candid Therapeutics, strengthening next generation immunology pipeline | UCB",2026-09-10,2.0.0
CIT-FINAL-00321,pipeline_assets_v2.csv,CSV,row=34;field=source_ids,ClinicalTrials.gov; NCT06989918; NCT07257185; NCT07262476; NCT07620405; NCT07622108; NCT07622121; [459]; [460]; [461],459,resolved,1,MHB018A Treatment in Patients With Active Thyroid Eye Disease,2026-09-10,2.0.0
CIT-FINAL-00322,pipeline_assets_v2.csv,CSV,row=34;field=source_ids,ClinicalTrials.gov; NCT06989918; NCT07257185; NCT07262476; NCT07620405; NCT07622108; NCT07622121; [459]; [460]; [461],460,resolved,1,"Treatment of Active Thyroid Eye Disease With MHB018A in a Randomized, Placebo-Controlled Study",2026-09-10,2.0.0
CIT-FINAL-00323,pipeline_assets_v2.csv,CSV,row=34;field=source_ids,ClinicalTrials.gov; NCT06989918; NCT07257185; NCT07262476; NCT07620405; NCT07622108; NCT07622121; [459]; [460]; [461],461,resolved,1,MHB018A shows clinical activity in active and chronic thyroid eye disease - touchOPHTHALMOLOGY,2026-09-10,2.0.0
CIT-FINAL-00324,pipeline_assets_v2.csv,CSV,row=35;field=source_ids,ClinicalTrials.gov; NCT07462130; [404]; [495],404,resolved,1,An Efficacy and Safety Study of NTB003 in Participants With Thyroid Eye Disease (TED),2026-09-10,2.0.0
CIT-FINAL-00325,pipeline_assets_v2.csv,CSV,row=35;field=source_ids,ClinicalTrials.gov; NCT07462130; [404]; [495],495,resolved,1,Biocytogen and Nanjing Chia Tai Tianqing Announce IND Approval in China for Co-Developed Anti-IGF-1R Antibody NTB003 (BCG009),2026-09-10,2.0.0
CIT-FINAL-00326,result_trial_curation_v2.csv,CSV,row=10;field=source_ids,[253]; ClinicalTrials.gov; NCT02973802,253,resolved,1,Antigen-Specific Immunotherapy with Thyrotropin Receptor Peptides in Graves' Hyperthyroidism: A Phase I Study,2026-09-10,2.0.0
CIT-FINAL-00327,result_trial_curation_v2.csv,CSV,row=13;field=source_ids,[191]; ClinicalTrials.gov; NCT03461211,191,resolved,1,"Teprotumumab Efficacy, Safety and Durability in Longer Duration Thyroid Eye Disease and Retreatment: Optic-X Study.",2026-09-10,2.0.0
CIT-FINAL-00328,result_trial_curation_v2.csv,CSV,row=16;field=source_ids,[190]; ClinicalTrials.gov; NCT04583735,190,resolved,1,Efficacy and Safety of Teprotumumab in Patients With Thyroid Eye Disease of Long Duration and Low Disease Activity,2026-09-10,2.0.0
CIT-FINAL-00329,result_trial_curation_v2.csv,CSV,row=18;field=source_ids,[230]; [713]; ClinicalTrials.gov; NCT05176639,230,resolved,1,THRIVE,2026-09-10,2.0.0
CIT-FINAL-00330,result_trial_curation_v2.csv,CSV,row=18;field=source_ids,[230]; [713]; ClinicalTrials.gov; NCT05176639,713,resolved,1,"Viridian Therapeutics, Inc. - Viridian Therapeutics Announces Positive Long-Term Durability Data from the Veligrotug Phase 3 THRIVE Clinical Trial in Patients with Active Thyroid Eye Disease (TED)",2026-09-10,2.0.0
CIT-FINAL-00331,result_trial_curation_v2.csv,CSV,row=19;field=source_ids,[714]; [715]; ClinicalTrials.gov; NCT05276063,714,resolved,1,"A Phase 2b, Study of Linsitinib in Subjects With Active, Moderate to Severe Thyroid Eye Disease (TED)",2026-09-10,2.0.0
CIT-FINAL-00332,result_trial_curation_v2.csv,CSV,row=19;field=source_ids,[714]; [715]; ClinicalTrials.gov; NCT05276063,715,resolved,1,News - Sling Therapeutics,2026-09-10,2.0.0
CIT-FINAL-00333,result_trial_curation_v2.csv,CSV,row=20;field=source_ids,ClinicalTrials.gov; NCT05907668; [683],683,resolved,1,OR31-08 The FcRn Inhibitor Batoclimab Rapidly Normalizes Thyroid Function and Improves Clinical Outcomes in Graves’ Disease,2026-09-10,2.0.0
CIT-FINAL-00334,result_trial_curation_v2.csv,CSV,row=21;field=source_ids,[699]; [701]; ClinicalTrials.gov; NCT05987423,699,resolved,1,Primary Results of the Phase-3 SatraGO-1 and SatraGO 2 Trials: Efficacy and Safety of Satralizumab▼ in Thyroid Eye Disease,2026-09-10,2.0.0
CIT-FINAL-00335,result_trial_curation_v2.csv,CSV,row=21;field=source_ids,[699]; [701]; ClinicalTrials.gov; NCT05987423,701,resolved,1,"FDA grants Priority Review to Roche’s Enspryng, the first and only at-home subcutaneous treatment option for thyroid eye disease (TED)",2026-09-10,2.0.0
CIT-FINAL-00336,result_trial_curation_v2.csv,CSV,row=22;field=source_ids,[678]; [679]; [712]; ClinicalTrials.gov; NCT06021054,678,resolved,1,THRIVE-2 phase 3 trial of Veligrotug (VRDN-001) in chronic thyroid eye disease (TED): efficacy and safety at 15 weeks,2026-09-10,2.0.0
CIT-FINAL-00337,result_trial_curation_v2.csv,CSV,row=22;field=source_ids,[678]; [679]; [712]; ClinicalTrials.gov; NCT06021054,679,resolved,1,OR31-07 THRIVE-2 Phase 3 Trial of Veligrotug (VRDN-001) in Chronic Thyroid Eye Disease (TED): Efficacy and Safety at 15 Weeks,2026-09-10,2.0.0
CIT-FINAL-00338,result_trial_curation_v2.csv,CSV,row=22;field=source_ids,[678]; [679]; [712]; ClinicalTrials.gov; NCT06021054,712,resolved,1,News Details,2026-09-10,2.0.0
CIT-FINAL-00339,result_trial_curation_v2.csv,CSV,row=23;field=source_ids,[699]; [701]; ClinicalTrials.gov; NCT06106828,699,resolved,1,Primary Results of the Phase-3 SatraGO-1 and SatraGO 2 Trials: Efficacy and Safety of Satralizumab▼ in Thyroid Eye Disease,2026-09-10,2.0.0
CIT-FINAL-00340,result_trial_curation_v2.csv,CSV,row=23;field=source_ids,[699]; [701]; ClinicalTrials.gov; NCT06106828,701,resolved,1,"FDA grants Priority Review to Roche’s Enspryng, the first and only at-home subcutaneous treatment option for thyroid eye disease (TED)",2026-09-10,2.0.0
CIT-FINAL-00341,result_trial_curation_v2.csv,CSV,row=25;field=source_ids,[422]; [521]; ClinicalTrials.gov; NCT06226545,422,resolved,1,IL-11 receptor is a novel target for drug development with pharmacological activity in fibro-inflammatory disease | Scientific Reports,2026-09-10,2.0.0
CIT-FINAL-00342,result_trial_curation_v2.csv,CSV,row=25;field=source_ids,[422]; [521]; ClinicalTrials.gov; NCT06226545,521,resolved,1,IL-11 receptor is a novel target for drug development with pharmacological activity in fibro-inflammatory disease — article PDF,2026-09-10,2.0.0
CIT-FINAL-00343,soc_outcomes_v2.csv,CSV,row=2;field=source_ids,26,26,resolved,1,2016 American Thyroid Association Guidelines for Diagnosis and Management of Hyperthyroidism and Other Causes of Thyrotoxicosis,2026-09-10,2.0.0
CIT-FINAL-00344,soc_outcomes_v2.csv,CSV,row=3;field=source_ids,26,26,resolved,1,2016 American Thyroid Association Guidelines for Diagnosis and Management of Hyperthyroidism and Other Causes of Thyrotoxicosis,2026-09-10,2.0.0
CIT-FINAL-00345,soc_outcomes_v2.csv,CSV,row=4;field=source_ids,26;39,26,resolved,1,2016 American Thyroid Association Guidelines for Diagnosis and Management of Hyperthyroidism and Other Causes of Thyrotoxicosis,2026-09-10,2.0.0
CIT-FINAL-00346,soc_outcomes_v2.csv,CSV,row=4;field=source_ids,26;39,39,resolved,1,2018 European Thyroid Association Guideline for the Management of Graves' Hyperthyroidism,2026-09-10,2.0.0
CIT-FINAL-00347,soc_outcomes_v2.csv,CSV,row=5;field=source_ids,26,26,resolved,1,2016 American Thyroid Association Guidelines for Diagnosis and Management of Hyperthyroidism and Other Causes of Thyrotoxicosis,2026-09-10,2.0.0
CIT-FINAL-00348,soc_outcomes_v2.csv,CSV,row=6;field=source_ids,26;744,26,resolved,1,2016 American Thyroid Association Guidelines for Diagnosis and Management of Hyperthyroidism and Other Causes of Thyrotoxicosis,2026-09-10,2.0.0
CIT-FINAL-00349,soc_outcomes_v2.csv,CSV,row=6;field=source_ids,26;744,744,resolved,1,Correction to: Thyroid 2016;26:1343–1421. DOI: 10.1089/thy.2016.0229,2026-09-10,2.0.0
CIT-FINAL-00350,soc_outcomes_v2.csv,CSV,row=7;field=source_ids,26,26,resolved,1,2016 American Thyroid Association Guidelines for Diagnosis and Management of Hyperthyroidism and Other Causes of Thyrotoxicosis,2026-09-10,2.0.0
CIT-FINAL-00351,soc_outcomes_v2.csv,CSV,row=8;field=source_ids,39,39,resolved,1,2018 European Thyroid Association Guideline for the Management of Graves' Hyperthyroidism,2026-09-10,2.0.0
CIT-FINAL-00352,soc_outcomes_v2.csv,CSV,row=9;field=source_ids,26;39,26,resolved,1,2016 American Thyroid Association Guidelines for Diagnosis and Management of Hyperthyroidism and Other Causes of Thyrotoxicosis,2026-09-10,2.0.0
CIT-FINAL-00353,soc_outcomes_v2.csv,CSV,row=9;field=source_ids,26;39,39,resolved,1,2018 European Thyroid Association Guideline for the Management of Graves' Hyperthyroidism,2026-09-10,2.0.0
CIT-FINAL-00354,soc_outcomes_v2.csv,CSV,row=10;field=source_ids,139,139,resolved,1,Management of Thyroid Eye Disease: A Consensus Statement by the American Thyroid Association and the European Thyroid Association,2026-09-10,2.0.0
CIT-FINAL-00355,soc_outcomes_v2.csv,CSV,row=11;field=source_ids,139,139,resolved,1,Management of Thyroid Eye Disease: A Consensus Statement by the American Thyroid Association and the European Thyroid Association,2026-09-10,2.0.0
CIT-FINAL-00356,soc_outcomes_v2.csv,CSV,row=12;field=source_ids,728;139,728,resolved,1,TEPEZZA (teprotumumab-trbw) current prescribing information,2026-09-10,2.0.0
CIT-FINAL-00357,soc_outcomes_v2.csv,CSV,row=12;field=source_ids,728;139,139,resolved,1,Management of Thyroid Eye Disease: A Consensus Statement by the American Thyroid Association and the European Thyroid Association,2026-09-10,2.0.0
CIT-FINAL-00358,soc_outcomes_v2.csv,CSV,row=13;field=source_ids,373;726;727,373,resolved,1,LUMVOA (veligrotug-vvze) Prescribing Information,2026-09-10,2.0.0
CIT-FINAL-00359,soc_outcomes_v2.csv,CSV,row=13;field=source_ids,373;726;727,726,resolved,1,BLA 761530 approval letter for LUMVOA,2026-09-10,2.0.0
CIT-FINAL-00360,soc_outcomes_v2.csv,CSV,row=13;field=source_ids,373;726;727,727,resolved,1,Novel Drug Approvals for 2026,2026-09-10,2.0.0
CIT-FINAL-00361,soc_outcomes_v2.csv,CSV,row=14;field=source_ids,139,139,resolved,1,Management of Thyroid Eye Disease: A Consensus Statement by the American Thyroid Association and the European Thyroid Association,2026-09-10,2.0.0
CIT-FINAL-00362,soc_outcomes_v2.csv,CSV,row=15;field=source_ids,139,139,resolved,1,Management of Thyroid Eye Disease: A Consensus Statement by the American Thyroid Association and the European Thyroid Association,2026-09-10,2.0.0
CIT-FINAL-00363,soc_outcomes_v2.csv,CSV,row=16;field=source_ids,139,139,resolved,1,Management of Thyroid Eye Disease: A Consensus Statement by the American Thyroid Association and the European Thyroid Association,2026-09-10,2.0.0
CIT-FINAL-00364,soc_outcomes_v2.csv,CSV,row=17;field=source_ids,39,39,resolved,1,2018 European Thyroid Association Guideline for the Management of Graves' Hyperthyroidism,2026-09-10,2.0.0
CIT-FINAL-00365,soc_outcomes_v2.csv,CSV,row=18;field=source_ids,39,39,resolved,1,2018 European Thyroid Association Guideline for the Management of Graves' Hyperthyroidism,2026-09-10,2.0.0
CIT-FINAL-00366,soc_outcomes_v2.csv,CSV,row=19;field=source_ids,39,39,resolved,1,2018 European Thyroid Association Guideline for the Management of Graves' Hyperthyroidism,2026-09-10,2.0.0
CIT-FINAL-00367,soc_outcomes_v2.csv,CSV,row=20;field=source_ids,39,39,resolved,1,2018 European Thyroid Association Guideline for the Management of Graves' Hyperthyroidism,2026-09-10,2.0.0
CIT-FINAL-00368,soc_outcomes_v2.csv,CSV,row=21;field=source_ids,39,39,resolved,1,2018 European Thyroid Association Guideline for the Management of Graves' Hyperthyroidism,2026-09-10,2.0.0
CIT-FINAL-00369,soc_outcomes_v2.csv,CSV,row=22;field=source_ids,39,39,resolved,1,2018 European Thyroid Association Guideline for the Management of Graves' Hyperthyroidism,2026-09-10,2.0.0
CIT-FINAL-00370,soc_outcomes_v2.csv,CSV,row=23;field=source_ids,39,39,resolved,1,2018 European Thyroid Association Guideline for the Management of Graves' Hyperthyroidism,2026-09-10,2.0.0
CIT-FINAL-00371,soc_outcomes_v2.csv,CSV,row=24;field=source_ids,39,39,resolved,1,2018 European Thyroid Association Guideline for the Management of Graves' Hyperthyroidism,2026-09-10,2.0.0
CIT-FINAL-00372,soc_outcomes_v2.csv,CSV,row=25;field=source_ids,135,135,resolved,1,The 2021 European Group on Graves' orbitopathy clinical practice guidelines for the medical management of Graves' orbitopathy,2026-09-10,2.0.0
CIT-FINAL-00373,soc_outcomes_v2.csv,CSV,row=26;field=source_ids,135,135,resolved,1,The 2021 European Group on Graves' orbitopathy clinical practice guidelines for the medical management of Graves' orbitopathy,2026-09-10,2.0.0
CIT-FINAL-00374,soc_outcomes_v2.csv,CSV,row=27;field=source_ids,729;730;751,729,resolved,1,Tepezza EPAR,2026-09-10,2.0.0
CIT-FINAL-00375,soc_outcomes_v2.csv,CSV,row=27;field=source_ids,729;730;751,730,resolved,1,TEPEZZA EU product information,2026-09-10,2.0.0
CIT-FINAL-00376,soc_outcomes_v2.csv,CSV,row=27;field=source_ids,729;730;751,751,resolved,1,Official search record: Tepezza reimbursement/access—EU/EEA,2026-09-10,2.0.0
CIT-FINAL-00377,soc_outcomes_v2.csv,CSV,row=28;field=source_ids,747,747,resolved,1,Official search record: Lumvoa authorization—EU/EEA,2026-09-10,2.0.0
CIT-FINAL-00378,soc_outcomes_v2.csv,CSV,row=29;field=source_ids,135,135,resolved,1,The 2021 European Group on Graves' orbitopathy clinical practice guidelines for the medical management of Graves' orbitopathy,2026-09-10,2.0.0
CIT-FINAL-00379,soc_outcomes_v2.csv,CSV,row=30;field=source_ids,135,135,resolved,1,The 2021 European Group on Graves' orbitopathy clinical practice guidelines for the medical management of Graves' orbitopathy,2026-09-10,2.0.0
CIT-FINAL-00380,soc_outcomes_v2.csv,CSV,row=31;field=source_ids,135,135,resolved,1,The 2021 European Group on Graves' orbitopathy clinical practice guidelines for the medical management of Graves' orbitopathy,2026-09-10,2.0.0
CIT-FINAL-00381,soc_outcomes_v2.csv,CSV,row=32;field=source_ids,739,739,resolved,1,Thyroid disease: assessment and management—recommendations (NG145),2026-09-10,2.0.0
CIT-FINAL-00382,soc_outcomes_v2.csv,CSV,row=33;field=source_ids,739,739,resolved,1,Thyroid disease: assessment and management—recommendations (NG145),2026-09-10,2.0.0
CIT-FINAL-00383,soc_outcomes_v2.csv,CSV,row=34;field=source_ids,739,739,resolved,1,Thyroid disease: assessment and management—recommendations (NG145),2026-09-10,2.0.0
CIT-FINAL-00384,soc_outcomes_v2.csv,CSV,row=35;field=source_ids,739,739,resolved,1,Thyroid disease: assessment and management—recommendations (NG145),2026-09-10,2.0.0
CIT-FINAL-00385,soc_outcomes_v2.csv,CSV,row=36;field=source_ids,739,739,resolved,1,Thyroid disease: assessment and management—recommendations (NG145),2026-09-10,2.0.0
CIT-FINAL-00386,soc_outcomes_v2.csv,CSV,row=37;field=source_ids,739;740,739,resolved,1,Thyroid disease: assessment and management—recommendations (NG145),2026-09-10,2.0.0
CIT-FINAL-00387,soc_outcomes_v2.csv,CSV,row=37;field=source_ids,739;740,740,resolved,1,Carbimazole: increased risk of congenital malformations; strengthened advice on contraception,2026-09-10,2.0.0
CIT-FINAL-00388,soc_outcomes_v2.csv,CSV,row=38;field=source_ids,39,39,resolved,1,2018 European Thyroid Association Guideline for the Management of Graves' Hyperthyroidism,2026-09-10,2.0.0
CIT-FINAL-00389,soc_outcomes_v2.csv,CSV,row=39;field=source_ids,739;39,739,resolved,1,Thyroid disease: assessment and management—recommendations (NG145),2026-09-10,2.0.0
CIT-FINAL-00390,soc_outcomes_v2.csv,CSV,row=39;field=source_ids,739;39,39,resolved,1,2018 European Thyroid Association Guideline for the Management of Graves' Hyperthyroidism,2026-09-10,2.0.0
CIT-FINAL-00391,soc_outcomes_v2.csv,CSV,row=40;field=source_ids,135;139,135,resolved,1,The 2021 European Group on Graves' orbitopathy clinical practice guidelines for the medical management of Graves' orbitopathy,2026-09-10,2.0.0
CIT-FINAL-00392,soc_outcomes_v2.csv,CSV,row=40;field=source_ids,135;139,139,resolved,1,Management of Thyroid Eye Disease: A Consensus Statement by the American Thyroid Association and the European Thyroid Association,2026-09-10,2.0.0
CIT-FINAL-00393,soc_outcomes_v2.csv,CSV,row=41;field=source_ids,135;139,135,resolved,1,The 2021 European Group on Graves' orbitopathy clinical practice guidelines for the medical management of Graves' orbitopathy,2026-09-10,2.0.0
CIT-FINAL-00394,soc_outcomes_v2.csv,CSV,row=41;field=source_ids,135;139,139,resolved,1,Management of Thyroid Eye Disease: A Consensus Statement by the American Thyroid Association and the European Thyroid Association,2026-09-10,2.0.0
CIT-FINAL-00395,soc_outcomes_v2.csv,CSV,row=42;field=source_ids,731;732;733;734,731,resolved,1,MHRA approves teprotumumab as the first UK treatment for adults with moderate-to-severe TED,2026-09-10,2.0.0
CIT-FINAL-00396,soc_outcomes_v2.csv,CSV,row=42;field=source_ids,731;732;733;734,732,resolved,1,Teprotumumab for treating thyroid eye disease (deferred appraisal of D1) [ID6756],2026-09-10,2.0.0
CIT-FINAL-00397,soc_outcomes_v2.csv,CSV,row=42;field=source_ids,731;732;733;734,733,resolved,1,Teprotumumab for treating thyroid eye disease—draft guidance consultation,2026-09-10,2.0.0
CIT-FINAL-00398,soc_outcomes_v2.csv,CSV,row=42;field=source_ids,731;732;733;734,734,resolved,1,TEPEZZA 500 mg powder for concentrate for solution for infusion—UK SmPC,2026-09-10,2.0.0
CIT-FINAL-00399,soc_outcomes_v2.csv,CSV,row=43;field=source_ids,749,749,resolved,1,Official search record: Lumvoa authorization/access—United Kingdom,2026-09-10,2.0.0
CIT-FINAL-00400,soc_outcomes_v2.csv,CSV,row=44;field=source_ids,135;139,135,resolved,1,The 2021 European Group on Graves' orbitopathy clinical practice guidelines for the medical management of Graves' orbitopathy,2026-09-10,2.0.0
CIT-FINAL-00401,soc_outcomes_v2.csv,CSV,row=44;field=source_ids,135;139,139,resolved,1,Management of Thyroid Eye Disease: A Consensus Statement by the American Thyroid Association and the European Thyroid Association,2026-09-10,2.0.0
CIT-FINAL-00402,soc_outcomes_v2.csv,CSV,row=45;field=source_ids,135;139,135,resolved,1,The 2021 European Group on Graves' orbitopathy clinical practice guidelines for the medical management of Graves' orbitopathy,2026-09-10,2.0.0
CIT-FINAL-00403,soc_outcomes_v2.csv,CSV,row=45;field=source_ids,135;139,139,resolved,1,Management of Thyroid Eye Disease: A Consensus Statement by the American Thyroid Association and the European Thyroid Association,2026-09-10,2.0.0
CIT-FINAL-00404,soc_outcomes_v2.csv,CSV,row=46;field=source_ids,135;139,135,resolved,1,The 2021 European Group on Graves' orbitopathy clinical practice guidelines for the medical management of Graves' orbitopathy,2026-09-10,2.0.0
CIT-FINAL-00405,soc_outcomes_v2.csv,CSV,row=46;field=source_ids,135;139,139,resolved,1,Management of Thyroid Eye Disease: A Consensus Statement by the American Thyroid Association and the European Thyroid Association,2026-09-10,2.0.0
CIT-FINAL-00406,soc_outcomes_v2.csv,CSV,row=47;field=source_ids,39;28,39,resolved,1,2018 European Thyroid Association Guideline for the Management of Graves' Hyperthyroidism,2026-09-10,2.0.0
CIT-FINAL-00407,soc_outcomes_v2.csv,CSV,row=47;field=source_ids,39;28,28,resolved,1,2025 Korean Thyroid Association Management Guidelines for Radioactive Iodine Therapy in Patients with Hyperthyroidism,2026-09-10,2.0.0
CIT-FINAL-00408,soc_outcomes_v2.csv,CSV,row=48;field=source_ids,28,28,resolved,1,2025 Korean Thyroid Association Management Guidelines for Radioactive Iodine Therapy in Patients with Hyperthyroidism,2026-09-10,2.0.0
CIT-FINAL-00409,soc_outcomes_v2.csv,CSV,row=49;field=source_ids,28;39,28,resolved,1,2025 Korean Thyroid Association Management Guidelines for Radioactive Iodine Therapy in Patients with Hyperthyroidism,2026-09-10,2.0.0
CIT-FINAL-00410,soc_outcomes_v2.csv,CSV,row=49;field=source_ids,28;39,39,resolved,1,2018 European Thyroid Association Guideline for the Management of Graves' Hyperthyroidism,2026-09-10,2.0.0
CIT-FINAL-00411,soc_outcomes_v2.csv,CSV,row=50;field=source_ids,28;39,28,resolved,1,2025 Korean Thyroid Association Management Guidelines for Radioactive Iodine Therapy in Patients with Hyperthyroidism,2026-09-10,2.0.0
CIT-FINAL-00412,soc_outcomes_v2.csv,CSV,row=50;field=source_ids,28;39,39,resolved,1,2018 European Thyroid Association Guideline for the Management of Graves' Hyperthyroidism,2026-09-10,2.0.0
CIT-FINAL-00413,soc_outcomes_v2.csv,CSV,row=51;field=source_ids,39;744,39,resolved,1,2018 European Thyroid Association Guideline for the Management of Graves' Hyperthyroidism,2026-09-10,2.0.0
CIT-FINAL-00414,soc_outcomes_v2.csv,CSV,row=51;field=source_ids,39;744,744,resolved,1,Correction to: Thyroid 2016;26:1343–1421. DOI: 10.1089/thy.2016.0229,2026-09-10,2.0.0
CIT-FINAL-00415,soc_outcomes_v2.csv,CSV,row=52;field=source_ids,28;39,28,resolved,1,2025 Korean Thyroid Association Management Guidelines for Radioactive Iodine Therapy in Patients with Hyperthyroidism,2026-09-10,2.0.0
CIT-FINAL-00416,soc_outcomes_v2.csv,CSV,row=52;field=source_ids,28;39,39,resolved,1,2018 European Thyroid Association Guideline for the Management of Graves' Hyperthyroidism,2026-09-10,2.0.0
CIT-FINAL-00417,soc_outcomes_v2.csv,CSV,row=53;field=source_ids,28;39,28,resolved,1,2025 Korean Thyroid Association Management Guidelines for Radioactive Iodine Therapy in Patients with Hyperthyroidism,2026-09-10,2.0.0
CIT-FINAL-00418,soc_outcomes_v2.csv,CSV,row=53;field=source_ids,28;39,39,resolved,1,2018 European Thyroid Association Guideline for the Management of Graves' Hyperthyroidism,2026-09-10,2.0.0
CIT-FINAL-00419,soc_outcomes_v2.csv,CSV,row=54;field=source_ids,28;39,28,resolved,1,2025 Korean Thyroid Association Management Guidelines for Radioactive Iodine Therapy in Patients with Hyperthyroidism,2026-09-10,2.0.0
CIT-FINAL-00420,soc_outcomes_v2.csv,CSV,row=54;field=source_ids,28;39,39,resolved,1,2018 European Thyroid Association Guideline for the Management of Graves' Hyperthyroidism,2026-09-10,2.0.0
CIT-FINAL-00421,soc_outcomes_v2.csv,CSV,row=55;field=source_ids,127;139,127,resolved,1,A Korean Clinical Practice Framework for Thyroid Eye Disease: Integrating International Recommendations with Survey-Informed Consensus,2026-09-10,2.0.0
CIT-FINAL-00422,soc_outcomes_v2.csv,CSV,row=55;field=source_ids,127;139,139,resolved,1,Management of Thyroid Eye Disease: A Consensus Statement by the American Thyroid Association and the European Thyroid Association,2026-09-10,2.0.0
CIT-FINAL-00423,soc_outcomes_v2.csv,CSV,row=56;field=source_ids,127,127,resolved,1,A Korean Clinical Practice Framework for Thyroid Eye Disease: Integrating International Recommendations with Survey-Informed Consensus,2026-09-10,2.0.0
CIT-FINAL-00424,soc_outcomes_v2.csv,CSV,row=57;field=source_ids,127;745;746,127,resolved,1,A Korean Clinical Practice Framework for Thyroid Eye Disease: Integrating International Recommendations with Survey-Informed Consensus,2026-09-10,2.0.0
CIT-FINAL-00425,soc_outcomes_v2.csv,CSV,row=57;field=source_ids,127;745;746,745,resolved,1,Official search record: Tepezza authorization—South Korea,2026-09-10,2.0.0
CIT-FINAL-00426,soc_outcomes_v2.csv,CSV,row=57;field=source_ids,127;745;746,746,resolved,1,Official search record: Tepezza reimbursement/access—South Korea,2026-09-10,2.0.0
CIT-FINAL-00427,soc_outcomes_v2.csv,CSV,row=58;field=source_ids,750,750,resolved,1,Official search record: Lumvoa authorization/reimbursement—South Korea,2026-09-10,2.0.0
CIT-FINAL-00428,soc_outcomes_v2.csv,CSV,row=59;field=source_ids,127;139,127,resolved,1,A Korean Clinical Practice Framework for Thyroid Eye Disease: Integrating International Recommendations with Survey-Informed Consensus,2026-09-10,2.0.0
CIT-FINAL-00429,soc_outcomes_v2.csv,CSV,row=59;field=source_ids,127;139,139,resolved,1,Management of Thyroid Eye Disease: A Consensus Statement by the American Thyroid Association and the European Thyroid Association,2026-09-10,2.0.0
CIT-FINAL-00430,soc_outcomes_v2.csv,CSV,row=60;field=source_ids,127;139,127,resolved,1,A Korean Clinical Practice Framework for Thyroid Eye Disease: Integrating International Recommendations with Survey-Informed Consensus,2026-09-10,2.0.0
CIT-FINAL-00431,soc_outcomes_v2.csv,CSV,row=60;field=source_ids,127;139,139,resolved,1,Management of Thyroid Eye Disease: A Consensus Statement by the American Thyroid Association and the European Thyroid Association,2026-09-10,2.0.0
CIT-FINAL-00432,soc_outcomes_v2.csv,CSV,row=61;field=source_ids,127;135,127,resolved,1,A Korean Clinical Practice Framework for Thyroid Eye Disease: Integrating International Recommendations with Survey-Informed Consensus,2026-09-10,2.0.0
CIT-FINAL-00433,soc_outcomes_v2.csv,CSV,row=61;field=source_ids,127;135,135,resolved,1,The 2021 European Group on Graves' orbitopathy clinical practice guidelines for the medical management of Graves' orbitopathy,2026-09-10,2.0.0
CIT-FINAL-00434,soc_outcomes_v2.csv,CSV,row=62;field=source_ids,741,741,resolved,1,バセドウ病治療ガイドライン2019 CQ一覧,2026-09-10,2.0.0
CIT-FINAL-00435,soc_outcomes_v2.csv,CSV,row=63;field=source_ids,741,741,resolved,1,バセドウ病治療ガイドライン2019 CQ一覧,2026-09-10,2.0.0
CIT-FINAL-00436,soc_outcomes_v2.csv,CSV,row=64;field=source_ids,741,741,resolved,1,バセドウ病治療ガイドライン2019 CQ一覧,2026-09-10,2.0.0
CIT-FINAL-00437,soc_outcomes_v2.csv,CSV,row=65;field=source_ids,741,741,resolved,1,バセドウ病治療ガイドライン2019 CQ一覧,2026-09-10,2.0.0
CIT-FINAL-00438,soc_outcomes_v2.csv,CSV,row=66;field=source_ids,741,741,resolved,1,バセドウ病治療ガイドライン2019 CQ一覧,2026-09-10,2.0.0
CIT-FINAL-00439,soc_outcomes_v2.csv,CSV,row=67;field=source_ids,741;743,741,resolved,1,バセドウ病治療ガイドライン2019 CQ一覧,2026-09-10,2.0.0
CIT-FINAL-00440,soc_outcomes_v2.csv,CSV,row=67;field=source_ids,741;743,743,resolved,1,妊娠初期における薬物治療は第一選択薬として何が推奨されるか（GD guideline 2019 FCQ1 explanation）,2026-09-10,2.0.0
CIT-FINAL-00441,soc_outcomes_v2.csv,CSV,row=68;field=source_ids,741,741,resolved,1,バセドウ病治療ガイドライン2019 CQ一覧,2026-09-10,2.0.0
CIT-FINAL-00442,soc_outcomes_v2.csv,CSV,row=69;field=source_ids,741;39,741,resolved,1,バセドウ病治療ガイドライン2019 CQ一覧,2026-09-10,2.0.0
CIT-FINAL-00443,soc_outcomes_v2.csv,CSV,row=69;field=source_ids,741;39,39,resolved,1,2018 European Thyroid Association Guideline for the Management of Graves' Hyperthyroidism,2026-09-10,2.0.0
CIT-FINAL-00444,soc_outcomes_v2.csv,CSV,row=70;field=source_ids,742;139,742,resolved,1,バセドウ病悪性眼球突出症（甲状腺眼症）の診断基準と治療指針2023（第3次案）,2026-09-10,2.0.0
CIT-FINAL-00445,soc_outcomes_v2.csv,CSV,row=70;field=source_ids,742;139,139,resolved,1,Management of Thyroid Eye Disease: A Consensus Statement by the American Thyroid Association and the European Thyroid Association,2026-09-10,2.0.0
CIT-FINAL-00446,soc_outcomes_v2.csv,CSV,row=71;field=source_ids,742;139,742,resolved,1,バセドウ病悪性眼球突出症（甲状腺眼症）の診断基準と治療指針2023（第3次案）,2026-09-10,2.0.0
CIT-FINAL-00447,soc_outcomes_v2.csv,CSV,row=71;field=source_ids,742;139,139,resolved,1,Management of Thyroid Eye Disease: A Consensus Statement by the American Thyroid Association and the European Thyroid Association,2026-09-10,2.0.0
CIT-FINAL-00448,soc_outcomes_v2.csv,CSV,row=72;field=source_ids,735;736;737;752,735,resolved,1,Tepezza deliberation and review report,2026-09-10,2.0.0
CIT-FINAL-00449,soc_outcomes_v2.csv,CSV,row=72;field=source_ids,735;736;737;752,736,resolved,1,List of Approved Drugs (Tepezza row),2026-09-10,2.0.0
CIT-FINAL-00450,soc_outcomes_v2.csv,CSV,row=72;field=source_ids,735;736;737;752,737,resolved,1,承認品目一覧（新医薬品：2024年4月～2025年3月）,2026-09-10,2.0.0
CIT-FINAL-00451,soc_outcomes_v2.csv,CSV,row=72;field=source_ids,735;736;737;752,752,resolved,1,Official search record: Tepezza reimbursement/access—Japan,2026-09-10,2.0.0
CIT-FINAL-00452,soc_outcomes_v2.csv,CSV,row=73;field=source_ids,748,748,resolved,1,Official search record: Lumvoa authorization—Japan,2026-09-10,2.0.0
CIT-FINAL-00453,soc_outcomes_v2.csv,CSV,row=74;field=source_ids,135;139,135,resolved,1,The 2021 European Group on Graves' orbitopathy clinical practice guidelines for the medical management of Graves' orbitopathy,2026-09-10,2.0.0
CIT-FINAL-00454,soc_outcomes_v2.csv,CSV,row=74;field=source_ids,135;139,139,resolved,1,Management of Thyroid Eye Disease: A Consensus Statement by the American Thyroid Association and the European Thyroid Association,2026-09-10,2.0.0
CIT-FINAL-00455,soc_outcomes_v2.csv,CSV,row=75;field=source_ids,742,742,resolved,1,バセドウ病悪性眼球突出症（甲状腺眼症）の診断基準と治療指針2023（第3次案）,2026-09-10,2.0.0
CIT-FINAL-00456,soc_outcomes_v2.csv,CSV,row=76;field=source_ids,742,742,resolved,1,バセドウ病悪性眼球突出症（甲状腺眼症）の診断基準と治療指針2023（第3次案）,2026-09-10,2.0.0
CIT-FINAL-00457,source_anchors_v2.csv,CSV,row=2;field=source_id,729,729,resolved,1,Tepezza EPAR,2026-09-10,2.0.0
CIT-FINAL-00458,source_anchors_v2.csv,CSV,row=3;field=source_id,729,729,resolved,1,Tepezza EPAR,2026-09-10,2.0.0
CIT-FINAL-00459,source_anchors_v2.csv,CSV,row=4;field=source_id,729,729,resolved,1,Tepezza EPAR,2026-09-10,2.0.0
CIT-FINAL-00460,source_anchors_v2.csv,CSV,row=5;field=source_id,39,39,resolved,1,2018 European Thyroid Association Guideline for the Management of Graves' Hyperthyroidism,2026-09-10,2.0.0
CIT-FINAL-00461,source_anchors_v2.csv,CSV,row=6;field=source_id,39,39,resolved,1,2018 European Thyroid Association Guideline for the Management of Graves' Hyperthyroidism,2026-09-10,2.0.0
CIT-FINAL-00462,source_anchors_v2.csv,CSV,row=7;field=source_id,39,39,resolved,1,2018 European Thyroid Association Guideline for the Management of Graves' Hyperthyroidism,2026-09-10,2.0.0
CIT-FINAL-00463,source_anchors_v2.csv,CSV,row=8;field=source_id,39,39,resolved,1,2018 European Thyroid Association Guideline for the Management of Graves' Hyperthyroidism,2026-09-10,2.0.0
CIT-FINAL-00464,source_anchors_v2.csv,CSV,row=9;field=source_id,39,39,resolved,1,2018 European Thyroid Association Guideline for the Management of Graves' Hyperthyroidism,2026-09-10,2.0.0
CIT-FINAL-00465,source_anchors_v2.csv,CSV,row=10;field=source_id,39,39,resolved,1,2018 European Thyroid Association Guideline for the Management of Graves' Hyperthyroidism,2026-09-10,2.0.0
CIT-FINAL-00466,source_anchors_v2.csv,CSV,row=11;field=source_id,39,39,resolved,1,2018 European Thyroid Association Guideline for the Management of Graves' Hyperthyroidism,2026-09-10,2.0.0
CIT-FINAL-00467,source_anchors_v2.csv,CSV,row=12;field=source_id,39,39,resolved,1,2018 European Thyroid Association Guideline for the Management of Graves' Hyperthyroidism,2026-09-10,2.0.0
CIT-FINAL-00468,source_anchors_v2.csv,CSV,row=13;field=source_id,39,39,resolved,1,2018 European Thyroid Association Guideline for the Management of Graves' Hyperthyroidism,2026-09-10,2.0.0
CIT-FINAL-00469,source_anchors_v2.csv,CSV,row=14;field=source_id,39,39,resolved,1,2018 European Thyroid Association Guideline for the Management of Graves' Hyperthyroidism,2026-09-10,2.0.0
CIT-FINAL-00470,source_anchors_v2.csv,CSV,row=15;field=source_id,39,39,resolved,1,2018 European Thyroid Association Guideline for the Management of Graves' Hyperthyroidism,2026-09-10,2.0.0
CIT-FINAL-00471,source_anchors_v2.csv,CSV,row=16;field=source_id,39,39,resolved,1,2018 European Thyroid Association Guideline for the Management of Graves' Hyperthyroidism,2026-09-10,2.0.0
CIT-FINAL-00472,source_anchors_v2.csv,CSV,row=17;field=source_id,39,39,resolved,1,2018 European Thyroid Association Guideline for the Management of Graves' Hyperthyroidism,2026-09-10,2.0.0
CIT-FINAL-00473,source_anchors_v2.csv,CSV,row=18;field=source_id,39,39,resolved,1,2018 European Thyroid Association Guideline for the Management of Graves' Hyperthyroidism,2026-09-10,2.0.0
CIT-FINAL-00474,source_anchors_v2.csv,CSV,row=19;field=source_id,39,39,resolved,1,2018 European Thyroid Association Guideline for the Management of Graves' Hyperthyroidism,2026-09-10,2.0.0
CIT-FINAL-00475,source_anchors_v2.csv,CSV,row=20;field=source_id,39,39,resolved,1,2018 European Thyroid Association Guideline for the Management of Graves' Hyperthyroidism,2026-09-10,2.0.0
CIT-FINAL-00476,source_anchors_v2.csv,CSV,row=21;field=source_id,39,39,resolved,1,2018 European Thyroid Association Guideline for the Management of Graves' Hyperthyroidism,2026-09-10,2.0.0
CIT-FINAL-00477,source_anchors_v2.csv,CSV,row=22;field=source_id,135,135,resolved,1,The 2021 European Group on Graves' orbitopathy clinical practice guidelines for the medical management of Graves' orbitopathy,2026-09-10,2.0.0
CIT-FINAL-00478,source_anchors_v2.csv,CSV,row=23;field=source_id,135,135,resolved,1,The 2021 European Group on Graves' orbitopathy clinical practice guidelines for the medical management of Graves' orbitopathy,2026-09-10,2.0.0
CIT-FINAL-00479,source_anchors_v2.csv,CSV,row=24;field=source_id,135,135,resolved,1,The 2021 European Group on Graves' orbitopathy clinical practice guidelines for the medical management of Graves' orbitopathy,2026-09-10,2.0.0
CIT-FINAL-00480,source_anchors_v2.csv,CSV,row=25;field=source_id,135,135,resolved,1,The 2021 European Group on Graves' orbitopathy clinical practice guidelines for the medical management of Graves' orbitopathy,2026-09-10,2.0.0
CIT-FINAL-00481,source_anchors_v2.csv,CSV,row=26;field=source_id,135,135,resolved,1,The 2021 European Group on Graves' orbitopathy clinical practice guidelines for the medical management of Graves' orbitopathy,2026-09-10,2.0.0
CIT-FINAL-00482,source_anchors_v2.csv,CSV,row=27;field=source_id,135,135,resolved,1,The 2021 European Group on Graves' orbitopathy clinical practice guidelines for the medical management of Graves' orbitopathy,2026-09-10,2.0.0
CIT-FINAL-00483,source_anchors_v2.csv,CSV,row=28;field=source_id,135,135,resolved,1,The 2021 European Group on Graves' orbitopathy clinical practice guidelines for the medical management of Graves' orbitopathy,2026-09-10,2.0.0
CIT-FINAL-00484,source_anchors_v2.csv,CSV,row=29;field=source_id,135,135,resolved,1,The 2021 European Group on Graves' orbitopathy clinical practice guidelines for the medical management of Graves' orbitopathy,2026-09-10,2.0.0
CIT-FINAL-00485,source_anchors_v2.csv,CSV,row=30;field=source_id,135,135,resolved,1,The 2021 European Group on Graves' orbitopathy clinical practice guidelines for the medical management of Graves' orbitopathy,2026-09-10,2.0.0
CIT-FINAL-00486,source_anchors_v2.csv,CSV,row=31;field=source_id,135,135,resolved,1,The 2021 European Group on Graves' orbitopathy clinical practice guidelines for the medical management of Graves' orbitopathy,2026-09-10,2.0.0
CIT-FINAL-00487,source_anchors_v2.csv,CSV,row=32;field=source_id,135,135,resolved,1,The 2021 European Group on Graves' orbitopathy clinical practice guidelines for the medical management of Graves' orbitopathy,2026-09-10,2.0.0
CIT-FINAL-00488,source_anchors_v2.csv,CSV,row=33;field=source_id,135,135,resolved,1,The 2021 European Group on Graves' orbitopathy clinical practice guidelines for the medical management of Graves' orbitopathy,2026-09-10,2.0.0
CIT-FINAL-00489,source_anchors_v2.csv,CSV,row=34;field=source_id,730,730,resolved,1,TEPEZZA EU product information,2026-09-10,2.0.0
CIT-FINAL-00490,source_anchors_v2.csv,CSV,row=35;field=source_id,730,730,resolved,1,TEPEZZA EU product information,2026-09-10,2.0.0
CIT-FINAL-00491,source_anchors_v2.csv,CSV,row=36;field=source_id,730,730,resolved,1,TEPEZZA EU product information,2026-09-10,2.0.0
CIT-FINAL-00492,source_anchors_v2.csv,CSV,row=37;field=source_id,139,139,resolved,1,Management of Thyroid Eye Disease: A Consensus Statement by the American Thyroid Association and the European Thyroid Association,2026-09-10,2.0.0
CIT-FINAL-00493,source_anchors_v2.csv,CSV,row=38;field=source_id,139,139,resolved,1,Management of Thyroid Eye Disease: A Consensus Statement by the American Thyroid Association and the European Thyroid Association,2026-09-10,2.0.0
CIT-FINAL-00494,source_anchors_v2.csv,CSV,row=39;field=source_id,139,139,resolved,1,Management of Thyroid Eye Disease: A Consensus Statement by the American Thyroid Association and the European Thyroid Association,2026-09-10,2.0.0
CIT-FINAL-00495,source_anchors_v2.csv,CSV,row=40;field=source_id,139,139,resolved,1,Management of Thyroid Eye Disease: A Consensus Statement by the American Thyroid Association and the European Thyroid Association,2026-09-10,2.0.0
CIT-FINAL-00496,source_anchors_v2.csv,CSV,row=41;field=source_id,139,139,resolved,1,Management of Thyroid Eye Disease: A Consensus Statement by the American Thyroid Association and the European Thyroid Association,2026-09-10,2.0.0
CIT-FINAL-00497,source_anchors_v2.csv,CSV,row=42;field=source_id,139,139,resolved,1,Management of Thyroid Eye Disease: A Consensus Statement by the American Thyroid Association and the European Thyroid Association,2026-09-10,2.0.0
CIT-FINAL-00498,source_anchors_v2.csv,CSV,row=43;field=source_id,139,139,resolved,1,Management of Thyroid Eye Disease: A Consensus Statement by the American Thyroid Association and the European Thyroid Association,2026-09-10,2.0.0
CIT-FINAL-00499,source_anchors_v2.csv,CSV,row=44;field=source_id,139,139,resolved,1,Management of Thyroid Eye Disease: A Consensus Statement by the American Thyroid Association and the European Thyroid Association,2026-09-10,2.0.0
CIT-FINAL-00500,source_anchors_v2.csv,CSV,row=45;field=source_id,139,139,resolved,1,Management of Thyroid Eye Disease: A Consensus Statement by the American Thyroid Association and the European Thyroid Association,2026-09-10,2.0.0
CIT-FINAL-00501,source_anchors_v2.csv,CSV,row=46;field=source_id,139,139,resolved,1,Management of Thyroid Eye Disease: A Consensus Statement by the American Thyroid Association and the European Thyroid Association,2026-09-10,2.0.0
CIT-FINAL-00502,source_anchors_v2.csv,CSV,row=47;field=source_id,139,139,resolved,1,Management of Thyroid Eye Disease: A Consensus Statement by the American Thyroid Association and the European Thyroid Association,2026-09-10,2.0.0
CIT-FINAL-00503,source_anchors_v2.csv,CSV,row=48;field=source_id,741,741,resolved,1,バセドウ病治療ガイドライン2019 CQ一覧,2026-09-10,2.0.0
CIT-FINAL-00504,source_anchors_v2.csv,CSV,row=49;field=source_id,741,741,resolved,1,バセドウ病治療ガイドライン2019 CQ一覧,2026-09-10,2.0.0
CIT-FINAL-00505,source_anchors_v2.csv,CSV,row=50;field=source_id,741,741,resolved,1,バセドウ病治療ガイドライン2019 CQ一覧,2026-09-10,2.0.0
CIT-FINAL-00506,source_anchors_v2.csv,CSV,row=51;field=source_id,741,741,resolved,1,バセドウ病治療ガイドライン2019 CQ一覧,2026-09-10,2.0.0
CIT-FINAL-00507,source_anchors_v2.csv,CSV,row=52;field=source_id,741,741,resolved,1,バセドウ病治療ガイドライン2019 CQ一覧,2026-09-10,2.0.0
CIT-FINAL-00508,source_anchors_v2.csv,CSV,row=53;field=source_id,741,741,resolved,1,バセドウ病治療ガイドライン2019 CQ一覧,2026-09-10,2.0.0
CIT-FINAL-00509,source_anchors_v2.csv,CSV,row=54;field=source_id,741,741,resolved,1,バセドウ病治療ガイドライン2019 CQ一覧,2026-09-10,2.0.0
CIT-FINAL-00510,source_anchors_v2.csv,CSV,row=55;field=source_id,741,741,resolved,1,バセドウ病治療ガイドライン2019 CQ一覧,2026-09-10,2.0.0
CIT-FINAL-00511,source_anchors_v2.csv,CSV,row=56;field=source_id,741,741,resolved,1,バセドウ病治療ガイドライン2019 CQ一覧,2026-09-10,2.0.0
CIT-FINAL-00512,source_anchors_v2.csv,CSV,row=57;field=source_id,741,741,resolved,1,バセドウ病治療ガイドライン2019 CQ一覧,2026-09-10,2.0.0
CIT-FINAL-00513,source_anchors_v2.csv,CSV,row=58;field=source_id,741,741,resolved,1,バセドウ病治療ガイドライン2019 CQ一覧,2026-09-10,2.0.0
CIT-FINAL-00514,source_anchors_v2.csv,CSV,row=59;field=source_id,741,741,resolved,1,バセドウ病治療ガイドライン2019 CQ一覧,2026-09-10,2.0.0
CIT-FINAL-00515,source_anchors_v2.csv,CSV,row=60;field=source_id,741,741,resolved,1,バセドウ病治療ガイドライン2019 CQ一覧,2026-09-10,2.0.0
CIT-FINAL-00516,source_anchors_v2.csv,CSV,row=61;field=source_id,741,741,resolved,1,バセドウ病治療ガイドライン2019 CQ一覧,2026-09-10,2.0.0
CIT-FINAL-00517,source_anchors_v2.csv,CSV,row=62;field=source_id,741,741,resolved,1,バセドウ病治療ガイドライン2019 CQ一覧,2026-09-10,2.0.0
CIT-FINAL-00518,source_anchors_v2.csv,CSV,row=63;field=source_id,741,741,resolved,1,バセドウ病治療ガイドライン2019 CQ一覧,2026-09-10,2.0.0
CIT-FINAL-00519,source_anchors_v2.csv,CSV,row=64;field=source_id,743,743,resolved,1,妊娠初期における薬物治療は第一選択薬として何が推奨されるか（GD guideline 2019 FCQ1 explanation）,2026-09-10,2.0.0
CIT-FINAL-00520,source_anchors_v2.csv,CSV,row=65;field=source_id,735,735,resolved,1,Tepezza deliberation and review report,2026-09-10,2.0.0
CIT-FINAL-00521,source_anchors_v2.csv,CSV,row=66;field=source_id,736,736,resolved,1,List of Approved Drugs (Tepezza row),2026-09-10,2.0.0
CIT-FINAL-00522,source_anchors_v2.csv,CSV,row=67;field=source_id,737,737,resolved,1,承認品目一覧（新医薬品：2024年4月～2025年3月）,2026-09-10,2.0.0
CIT-FINAL-00523,source_anchors_v2.csv,CSV,row=68;field=source_id,735,735,resolved,1,Tepezza deliberation and review report,2026-09-10,2.0.0
CIT-FINAL-00524,source_anchors_v2.csv,CSV,row=69;field=source_id,742,742,resolved,1,バセドウ病悪性眼球突出症（甲状腺眼症）の診断基準と治療指針2023（第3次案）,2026-09-10,2.0.0
CIT-FINAL-00525,source_anchors_v2.csv,CSV,row=70;field=source_id,742,742,resolved,1,バセドウ病悪性眼球突出症（甲状腺眼症）の診断基準と治療指針2023（第3次案）,2026-09-10,2.0.0
CIT-FINAL-00526,source_anchors_v2.csv,CSV,row=71;field=source_id,742,742,resolved,1,バセドウ病悪性眼球突出症（甲状腺眼症）の診断基準と治療指針2023（第3次案）,2026-09-10,2.0.0
CIT-FINAL-00527,source_anchors_v2.csv,CSV,row=72;field=source_id,742,742,resolved,1,バセドウ病悪性眼球突出症（甲状腺眼症）の診断基準と治療指針2023（第3次案）,2026-09-10,2.0.0
CIT-FINAL-00528,source_anchors_v2.csv,CSV,row=73;field=source_id,742,742,resolved,1,バセドウ病悪性眼球突出症（甲状腺眼症）の診断基準と治療指針2023（第3次案）,2026-09-10,2.0.0
CIT-FINAL-00529,source_anchors_v2.csv,CSV,row=74;field=source_id,127,127,resolved,1,A Korean Clinical Practice Framework for Thyroid Eye Disease: Integrating International Recommendations with Survey-Informed Consensus,2026-09-10,2.0.0
CIT-FINAL-00530,source_anchors_v2.csv,CSV,row=75;field=source_id,127,127,resolved,1,A Korean Clinical Practice Framework for Thyroid Eye Disease: Integrating International Recommendations with Survey-Informed Consensus,2026-09-10,2.0.0
CIT-FINAL-00531,source_anchors_v2.csv,CSV,row=76;field=source_id,127,127,resolved,1,A Korean Clinical Practice Framework for Thyroid Eye Disease: Integrating International Recommendations with Survey-Informed Consensus,2026-09-10,2.0.0
CIT-FINAL-00532,source_anchors_v2.csv,CSV,row=77;field=source_id,127,127,resolved,1,A Korean Clinical Practice Framework for Thyroid Eye Disease: Integrating International Recommendations with Survey-Informed Consensus,2026-09-10,2.0.0
CIT-FINAL-00533,source_anchors_v2.csv,CSV,row=78;field=source_id,127,127,resolved,1,A Korean Clinical Practice Framework for Thyroid Eye Disease: Integrating International Recommendations with Survey-Informed Consensus,2026-09-10,2.0.0
CIT-FINAL-00534,source_anchors_v2.csv,CSV,row=79;field=source_id,127,127,resolved,1,A Korean Clinical Practice Framework for Thyroid Eye Disease: Integrating International Recommendations with Survey-Informed Consensus,2026-09-10,2.0.0
CIT-FINAL-00535,source_anchors_v2.csv,CSV,row=80;field=source_id,127,127,resolved,1,A Korean Clinical Practice Framework for Thyroid Eye Disease: Integrating International Recommendations with Survey-Informed Consensus,2026-09-10,2.0.0
CIT-FINAL-00536,source_anchors_v2.csv,CSV,row=81;field=source_id,28,28,resolved,1,2025 Korean Thyroid Association Management Guidelines for Radioactive Iodine Therapy in Patients with Hyperthyroidism,2026-09-10,2.0.0
CIT-FINAL-00537,source_anchors_v2.csv,CSV,row=82;field=source_id,28,28,resolved,1,2025 Korean Thyroid Association Management Guidelines for Radioactive Iodine Therapy in Patients with Hyperthyroidism,2026-09-10,2.0.0
CIT-FINAL-00538,source_anchors_v2.csv,CSV,row=83;field=source_id,28,28,resolved,1,2025 Korean Thyroid Association Management Guidelines for Radioactive Iodine Therapy in Patients with Hyperthyroidism,2026-09-10,2.0.0
CIT-FINAL-00539,source_anchors_v2.csv,CSV,row=84;field=source_id,28,28,resolved,1,2025 Korean Thyroid Association Management Guidelines for Radioactive Iodine Therapy in Patients with Hyperthyroidism,2026-09-10,2.0.0
CIT-FINAL-00540,source_anchors_v2.csv,CSV,row=85;field=source_id,28,28,resolved,1,2025 Korean Thyroid Association Management Guidelines for Radioactive Iodine Therapy in Patients with Hyperthyroidism,2026-09-10,2.0.0
CIT-FINAL-00541,source_anchors_v2.csv,CSV,row=86;field=source_id,28,28,resolved,1,2025 Korean Thyroid Association Management Guidelines for Radioactive Iodine Therapy in Patients with Hyperthyroidism,2026-09-10,2.0.0
CIT-FINAL-00542,source_anchors_v2.csv,CSV,row=87;field=source_id,28,28,resolved,1,2025 Korean Thyroid Association Management Guidelines for Radioactive Iodine Therapy in Patients with Hyperthyroidism,2026-09-10,2.0.0
CIT-FINAL-00543,source_anchors_v2.csv,CSV,row=88;field=source_id,28,28,resolved,1,2025 Korean Thyroid Association Management Guidelines for Radioactive Iodine Therapy in Patients with Hyperthyroidism,2026-09-10,2.0.0
CIT-FINAL-00544,source_anchors_v2.csv,CSV,row=89;field=source_id,28,28,resolved,1,2025 Korean Thyroid Association Management Guidelines for Radioactive Iodine Therapy in Patients with Hyperthyroidism,2026-09-10,2.0.0
CIT-FINAL-00545,source_anchors_v2.csv,CSV,row=90;field=source_id,28,28,resolved,1,2025 Korean Thyroid Association Management Guidelines for Radioactive Iodine Therapy in Patients with Hyperthyroidism,2026-09-10,2.0.0
CIT-FINAL-00546,source_anchors_v2.csv,CSV,row=91;field=source_id,28,28,resolved,1,2025 Korean Thyroid Association Management Guidelines for Radioactive Iodine Therapy in Patients with Hyperthyroidism,2026-09-10,2.0.0
CIT-FINAL-00547,source_anchors_v2.csv,CSV,row=92;field=source_id,28,28,resolved,1,2025 Korean Thyroid Association Management Guidelines for Radioactive Iodine Therapy in Patients with Hyperthyroidism,2026-09-10,2.0.0
CIT-FINAL-00548,source_anchors_v2.csv,CSV,row=93;field=source_id,28,28,resolved,1,2025 Korean Thyroid Association Management Guidelines for Radioactive Iodine Therapy in Patients with Hyperthyroidism,2026-09-10,2.0.0
CIT-FINAL-00549,source_anchors_v2.csv,CSV,row=94;field=source_id,28,28,resolved,1,2025 Korean Thyroid Association Management Guidelines for Radioactive Iodine Therapy in Patients with Hyperthyroidism,2026-09-10,2.0.0
CIT-FINAL-00550,source_anchors_v2.csv,CSV,row=95;field=source_id,28,28,resolved,1,2025 Korean Thyroid Association Management Guidelines for Radioactive Iodine Therapy in Patients with Hyperthyroidism,2026-09-10,2.0.0
CIT-FINAL-00551,source_anchors_v2.csv,CSV,row=96;field=source_id,28,28,resolved,1,2025 Korean Thyroid Association Management Guidelines for Radioactive Iodine Therapy in Patients with Hyperthyroidism,2026-09-10,2.0.0
CIT-FINAL-00552,source_anchors_v2.csv,CSV,row=97;field=source_id,28,28,resolved,1,2025 Korean Thyroid Association Management Guidelines for Radioactive Iodine Therapy in Patients with Hyperthyroidism,2026-09-10,2.0.0
CIT-FINAL-00553,source_anchors_v2.csv,CSV,row=98;field=source_id,28,28,resolved,1,2025 Korean Thyroid Association Management Guidelines for Radioactive Iodine Therapy in Patients with Hyperthyroidism,2026-09-10,2.0.0
CIT-FINAL-00554,source_anchors_v2.csv,CSV,row=99;field=source_id,28,28,resolved,1,2025 Korean Thyroid Association Management Guidelines for Radioactive Iodine Therapy in Patients with Hyperthyroidism,2026-09-10,2.0.0
CIT-FINAL-00555,source_anchors_v2.csv,CSV,row=100;field=source_id,28,28,resolved,1,2025 Korean Thyroid Association Management Guidelines for Radioactive Iodine Therapy in Patients with Hyperthyroidism,2026-09-10,2.0.0
CIT-FINAL-00556,source_anchors_v2.csv,CSV,row=101;field=source_id,28,28,resolved,1,2025 Korean Thyroid Association Management Guidelines for Radioactive Iodine Therapy in Patients with Hyperthyroidism,2026-09-10,2.0.0
CIT-FINAL-00557,source_anchors_v2.csv,CSV,row=102;field=source_id,28,28,resolved,1,2025 Korean Thyroid Association Management Guidelines for Radioactive Iodine Therapy in Patients with Hyperthyroidism,2026-09-10,2.0.0
CIT-FINAL-00558,source_anchors_v2.csv,CSV,row=103;field=source_id,28,28,resolved,1,2025 Korean Thyroid Association Management Guidelines for Radioactive Iodine Therapy in Patients with Hyperthyroidism,2026-09-10,2.0.0
CIT-FINAL-00559,source_anchors_v2.csv,CSV,row=104;field=source_id,28,28,resolved,1,2025 Korean Thyroid Association Management Guidelines for Radioactive Iodine Therapy in Patients with Hyperthyroidism,2026-09-10,2.0.0
CIT-FINAL-00560,source_anchors_v2.csv,CSV,row=105;field=source_id,28,28,resolved,1,2025 Korean Thyroid Association Management Guidelines for Radioactive Iodine Therapy in Patients with Hyperthyroidism,2026-09-10,2.0.0
CIT-FINAL-00561,source_anchors_v2.csv,CSV,row=106;field=source_id,28,28,resolved,1,2025 Korean Thyroid Association Management Guidelines for Radioactive Iodine Therapy in Patients with Hyperthyroidism,2026-09-10,2.0.0
CIT-FINAL-00562,source_anchors_v2.csv,CSV,row=107;field=source_id,28,28,resolved,1,2025 Korean Thyroid Association Management Guidelines for Radioactive Iodine Therapy in Patients with Hyperthyroidism,2026-09-10,2.0.0
CIT-FINAL-00563,source_anchors_v2.csv,CSV,row=108;field=source_id,28,28,resolved,1,2025 Korean Thyroid Association Management Guidelines for Radioactive Iodine Therapy in Patients with Hyperthyroidism,2026-09-10,2.0.0
CIT-FINAL-00564,source_anchors_v2.csv,CSV,row=109;field=source_id,28,28,resolved,1,2025 Korean Thyroid Association Management Guidelines for Radioactive Iodine Therapy in Patients with Hyperthyroidism,2026-09-10,2.0.0
CIT-FINAL-00565,source_anchors_v2.csv,CSV,row=110;field=source_id,740,740,resolved,1,Carbimazole: increased risk of congenital malformations; strengthened advice on contraception,2026-09-10,2.0.0
CIT-FINAL-00566,source_anchors_v2.csv,CSV,row=111;field=source_id,731,731,resolved,1,MHRA approves teprotumumab as the first UK treatment for adults with moderate-to-severe TED,2026-09-10,2.0.0
CIT-FINAL-00567,source_anchors_v2.csv,CSV,row=112;field=source_id,739,739,resolved,1,Thyroid disease: assessment and management—recommendations (NG145),2026-09-10,2.0.0
CIT-FINAL-00568,source_anchors_v2.csv,CSV,row=113;field=source_id,739,739,resolved,1,Thyroid disease: assessment and management—recommendations (NG145),2026-09-10,2.0.0
CIT-FINAL-00569,source_anchors_v2.csv,CSV,row=114;field=source_id,739,739,resolved,1,Thyroid disease: assessment and management—recommendations (NG145),2026-09-10,2.0.0
CIT-FINAL-00570,source_anchors_v2.csv,CSV,row=115;field=source_id,739,739,resolved,1,Thyroid disease: assessment and management—recommendations (NG145),2026-09-10,2.0.0
CIT-FINAL-00571,source_anchors_v2.csv,CSV,row=116;field=source_id,739,739,resolved,1,Thyroid disease: assessment and management—recommendations (NG145),2026-09-10,2.0.0
CIT-FINAL-00572,source_anchors_v2.csv,CSV,row=117;field=source_id,739,739,resolved,1,Thyroid disease: assessment and management—recommendations (NG145),2026-09-10,2.0.0
CIT-FINAL-00573,source_anchors_v2.csv,CSV,row=118;field=source_id,739,739,resolved,1,Thyroid disease: assessment and management—recommendations (NG145),2026-09-10,2.0.0
CIT-FINAL-00574,source_anchors_v2.csv,CSV,row=119;field=source_id,739,739,resolved,1,Thyroid disease: assessment and management—recommendations (NG145),2026-09-10,2.0.0
CIT-FINAL-00575,source_anchors_v2.csv,CSV,row=120;field=source_id,739,739,resolved,1,Thyroid disease: assessment and management—recommendations (NG145),2026-09-10,2.0.0
CIT-FINAL-00576,source_anchors_v2.csv,CSV,row=121;field=source_id,739,739,resolved,1,Thyroid disease: assessment and management—recommendations (NG145),2026-09-10,2.0.0
CIT-FINAL-00577,source_anchors_v2.csv,CSV,row=122;field=source_id,739,739,resolved,1,Thyroid disease: assessment and management—recommendations (NG145),2026-09-10,2.0.0
CIT-FINAL-00578,source_anchors_v2.csv,CSV,row=123;field=source_id,739,739,resolved,1,Thyroid disease: assessment and management—recommendations (NG145),2026-09-10,2.0.0
CIT-FINAL-00579,source_anchors_v2.csv,CSV,row=124;field=source_id,739,739,resolved,1,Thyroid disease: assessment and management—recommendations (NG145),2026-09-10,2.0.0
CIT-FINAL-00580,source_anchors_v2.csv,CSV,row=125;field=source_id,733,733,resolved,1,Teprotumumab for treating thyroid eye disease—draft guidance consultation,2026-09-10,2.0.0
CIT-FINAL-00581,source_anchors_v2.csv,CSV,row=126;field=source_id,732,732,resolved,1,Teprotumumab for treating thyroid eye disease (deferred appraisal of D1) [ID6756],2026-09-10,2.0.0
CIT-FINAL-00582,source_anchors_v2.csv,CSV,row=127;field=source_id,732,732,resolved,1,Teprotumumab for treating thyroid eye disease (deferred appraisal of D1) [ID6756],2026-09-10,2.0.0
CIT-FINAL-00583,source_anchors_v2.csv,CSV,row=128;field=source_id,732,732,resolved,1,Teprotumumab for treating thyroid eye disease (deferred appraisal of D1) [ID6756],2026-09-10,2.0.0
CIT-FINAL-00584,source_anchors_v2.csv,CSV,row=129;field=source_id,734,734,resolved,1,TEPEZZA 500 mg powder for concentrate for solution for infusion—UK SmPC,2026-09-10,2.0.0
CIT-FINAL-00585,source_anchors_v2.csv,CSV,row=130;field=source_id,734,734,resolved,1,TEPEZZA 500 mg powder for concentrate for solution for infusion—UK SmPC,2026-09-10,2.0.0
CIT-FINAL-00586,source_anchors_v2.csv,CSV,row=131;field=source_id,734,734,resolved,1,TEPEZZA 500 mg powder for concentrate for solution for infusion—UK SmPC,2026-09-10,2.0.0
CIT-FINAL-00587,source_anchors_v2.csv,CSV,row=132;field=source_id,734,734,resolved,1,TEPEZZA 500 mg powder for concentrate for solution for infusion—UK SmPC,2026-09-10,2.0.0
CIT-FINAL-00588,source_anchors_v2.csv,CSV,row=133;field=source_id,26,26,resolved,1,2016 American Thyroid Association Guidelines for Diagnosis and Management of Hyperthyroidism and Other Causes of Thyrotoxicosis,2026-09-10,2.0.0
CIT-FINAL-00589,source_anchors_v2.csv,CSV,row=134;field=source_id,26,26,resolved,1,2016 American Thyroid Association Guidelines for Diagnosis and Management of Hyperthyroidism and Other Causes of Thyrotoxicosis,2026-09-10,2.0.0
CIT-FINAL-00590,source_anchors_v2.csv,CSV,row=135;field=source_id,26,26,resolved,1,2016 American Thyroid Association Guidelines for Diagnosis and Management of Hyperthyroidism and Other Causes of Thyrotoxicosis,2026-09-10,2.0.0
CIT-FINAL-00591,source_anchors_v2.csv,CSV,row=136;field=source_id,26,26,resolved,1,2016 American Thyroid Association Guidelines for Diagnosis and Management of Hyperthyroidism and Other Causes of Thyrotoxicosis,2026-09-10,2.0.0
CIT-FINAL-00592,source_anchors_v2.csv,CSV,row=137;field=source_id,26,26,resolved,1,2016 American Thyroid Association Guidelines for Diagnosis and Management of Hyperthyroidism and Other Causes of Thyrotoxicosis,2026-09-10,2.0.0
CIT-FINAL-00593,source_anchors_v2.csv,CSV,row=138;field=source_id,26,26,resolved,1,2016 American Thyroid Association Guidelines for Diagnosis and Management of Hyperthyroidism and Other Causes of Thyrotoxicosis,2026-09-10,2.0.0
CIT-FINAL-00594,source_anchors_v2.csv,CSV,row=139;field=source_id,26,26,resolved,1,2016 American Thyroid Association Guidelines for Diagnosis and Management of Hyperthyroidism and Other Causes of Thyrotoxicosis,2026-09-10,2.0.0
CIT-FINAL-00595,source_anchors_v2.csv,CSV,row=140;field=source_id,26,26,resolved,1,2016 American Thyroid Association Guidelines for Diagnosis and Management of Hyperthyroidism and Other Causes of Thyrotoxicosis,2026-09-10,2.0.0
CIT-FINAL-00596,source_anchors_v2.csv,CSV,row=141;field=source_id,26,26,resolved,1,2016 American Thyroid Association Guidelines for Diagnosis and Management of Hyperthyroidism and Other Causes of Thyrotoxicosis,2026-09-10,2.0.0
CIT-FINAL-00597,source_anchors_v2.csv,CSV,row=142;field=source_id,26,26,resolved,1,2016 American Thyroid Association Guidelines for Diagnosis and Management of Hyperthyroidism and Other Causes of Thyrotoxicosis,2026-09-10,2.0.0
CIT-FINAL-00598,source_anchors_v2.csv,CSV,row=143;field=source_id,26,26,resolved,1,2016 American Thyroid Association Guidelines for Diagnosis and Management of Hyperthyroidism and Other Causes of Thyrotoxicosis,2026-09-10,2.0.0
CIT-FINAL-00599,source_anchors_v2.csv,CSV,row=144;field=source_id,26,26,resolved,1,2016 American Thyroid Association Guidelines for Diagnosis and Management of Hyperthyroidism and Other Causes of Thyrotoxicosis,2026-09-10,2.0.0
CIT-FINAL-00600,source_anchors_v2.csv,CSV,row=145;field=source_id,26,26,resolved,1,2016 American Thyroid Association Guidelines for Diagnosis and Management of Hyperthyroidism and Other Causes of Thyrotoxicosis,2026-09-10,2.0.0
CIT-FINAL-00601,source_anchors_v2.csv,CSV,row=146;field=source_id,26,26,resolved,1,2016 American Thyroid Association Guidelines for Diagnosis and Management of Hyperthyroidism and Other Causes of Thyrotoxicosis,2026-09-10,2.0.0
CIT-FINAL-00602,source_anchors_v2.csv,CSV,row=147;field=source_id,26,26,resolved,1,2016 American Thyroid Association Guidelines for Diagnosis and Management of Hyperthyroidism and Other Causes of Thyrotoxicosis,2026-09-10,2.0.0
CIT-FINAL-00603,source_anchors_v2.csv,CSV,row=148;field=source_id,26,26,resolved,1,2016 American Thyroid Association Guidelines for Diagnosis and Management of Hyperthyroidism and Other Causes of Thyrotoxicosis,2026-09-10,2.0.0
CIT-FINAL-00604,source_anchors_v2.csv,CSV,row=149;field=source_id,26,26,resolved,1,2016 American Thyroid Association Guidelines for Diagnosis and Management of Hyperthyroidism and Other Causes of Thyrotoxicosis,2026-09-10,2.0.0
CIT-FINAL-00605,source_anchors_v2.csv,CSV,row=150;field=source_id,26,26,resolved,1,2016 American Thyroid Association Guidelines for Diagnosis and Management of Hyperthyroidism and Other Causes of Thyrotoxicosis,2026-09-10,2.0.0
CIT-FINAL-00606,source_anchors_v2.csv,CSV,row=151;field=source_id,744,744,resolved,1,Correction to: Thyroid 2016;26:1343–1421. DOI: 10.1089/thy.2016.0229,2026-09-10,2.0.0
CIT-FINAL-00607,source_anchors_v2.csv,CSV,row=152;field=source_id,744,744,resolved,1,Correction to: Thyroid 2016;26:1343–1421. DOI: 10.1089/thy.2016.0229,2026-09-10,2.0.0
CIT-FINAL-00608,source_anchors_v2.csv,CSV,row=153;field=source_id,744,744,resolved,1,Correction to: Thyroid 2016;26:1343–1421. DOI: 10.1089/thy.2016.0229,2026-09-10,2.0.0
CIT-FINAL-00609,source_anchors_v2.csv,CSV,row=154;field=source_id,727,727,resolved,1,Novel Drug Approvals for 2026,2026-09-10,2.0.0
CIT-FINAL-00610,source_anchors_v2.csv,CSV,row=155;field=source_id,726,726,resolved,1,BLA 761530 approval letter for LUMVOA,2026-09-10,2.0.0
CIT-FINAL-00611,source_anchors_v2.csv,CSV,row=156;field=source_id,726,726,resolved,1,BLA 761530 approval letter for LUMVOA,2026-09-10,2.0.0
CIT-FINAL-00612,source_anchors_v2.csv,CSV,row=157;field=source_id,373,373,resolved,1,LUMVOA (veligrotug-vvze) Prescribing Information,2026-09-10,2.0.0
CIT-FINAL-00613,source_anchors_v2.csv,CSV,row=158;field=source_id,373,373,resolved,1,LUMVOA (veligrotug-vvze) Prescribing Information,2026-09-10,2.0.0
CIT-FINAL-00614,source_anchors_v2.csv,CSV,row=159;field=source_id,373,373,resolved,1,LUMVOA (veligrotug-vvze) Prescribing Information,2026-09-10,2.0.0
CIT-FINAL-00615,source_anchors_v2.csv,CSV,row=160;field=source_id,373,373,resolved,1,LUMVOA (veligrotug-vvze) Prescribing Information,2026-09-10,2.0.0
CIT-FINAL-00616,source_anchors_v2.csv,CSV,row=161;field=source_id,373,373,resolved,1,LUMVOA (veligrotug-vvze) Prescribing Information,2026-09-10,2.0.0
CIT-FINAL-00617,source_anchors_v2.csv,CSV,row=162;field=source_id,373,373,resolved,1,LUMVOA (veligrotug-vvze) Prescribing Information,2026-09-10,2.0.0
CIT-FINAL-00618,source_anchors_v2.csv,CSV,row=163;field=source_id,373,373,resolved,1,LUMVOA (veligrotug-vvze) Prescribing Information,2026-09-10,2.0.0
CIT-FINAL-00619,source_anchors_v2.csv,CSV,row=164;field=source_id,373,373,resolved,1,LUMVOA (veligrotug-vvze) Prescribing Information,2026-09-10,2.0.0
CIT-FINAL-00620,source_anchors_v2.csv,CSV,row=165;field=source_id,373,373,resolved,1,LUMVOA (veligrotug-vvze) Prescribing Information,2026-09-10,2.0.0
CIT-FINAL-00621,source_anchors_v2.csv,CSV,row=166;field=source_id,728,728,resolved,1,TEPEZZA (teprotumumab-trbw) current prescribing information,2026-09-10,2.0.0
CIT-FINAL-00622,source_anchors_v2.csv,CSV,row=167;field=source_id,728,728,resolved,1,TEPEZZA (teprotumumab-trbw) current prescribing information,2026-09-10,2.0.0
CIT-FINAL-00623,source_anchors_v2.csv,CSV,row=168;field=source_id,728,728,resolved,1,TEPEZZA (teprotumumab-trbw) current prescribing information,2026-09-10,2.0.0
CIT-FINAL-00624,source_anchors_v2.csv,CSV,row=169;field=source_id,728,728,resolved,1,TEPEZZA (teprotumumab-trbw) current prescribing information,2026-09-10,2.0.0
CIT-FINAL-00625,source_anchors_v2.csv,CSV,row=170;field=source_id,728,728,resolved,1,TEPEZZA (teprotumumab-trbw) current prescribing information,2026-09-10,2.0.0
CIT-FINAL-00626,source_anchors_v2.csv,CSV,row=171;field=source_id,728,728,resolved,1,TEPEZZA (teprotumumab-trbw) current prescribing information,2026-09-10,2.0.0
CIT-FINAL-00627,source_anchors_v2.csv,CSV,row=172;field=source_id,728,728,resolved,1,TEPEZZA (teprotumumab-trbw) current prescribing information,2026-09-10,2.0.0
CIT-FINAL-00628,source_retrieval_ledger_v2.csv,CSV,row=2;field=canonical_source_id,26,26,resolved,1,2016 American Thyroid Association Guidelines for Diagnosis and Management of Hyperthyroidism and Other Causes of Thyrotoxicosis,2026-09-10,2.0.0
CIT-FINAL-00629,source_retrieval_ledger_v2.csv,CSV,row=3;field=canonical_source_id,28,28,resolved,1,2025 Korean Thyroid Association Management Guidelines for Radioactive Iodine Therapy in Patients with Hyperthyroidism,2026-09-10,2.0.0
CIT-FINAL-00630,source_retrieval_ledger_v2.csv,CSV,row=4;field=canonical_source_id,39,39,resolved,1,2018 European Thyroid Association Guideline for the Management of Graves' Hyperthyroidism,2026-09-10,2.0.0
CIT-FINAL-00631,source_retrieval_ledger_v2.csv,CSV,row=5;field=canonical_source_id,40,40,resolved,1,バセドウ病治療ガイドライン2019 (guideline at a glance),2026-09-10,2.0.0
CIT-FINAL-00632,source_retrieval_ledger_v2.csv,CSV,row=6;field=canonical_source_id,42,42,resolved,1,2022 Update on Clinical Management of Graves Disease and Thyroid Eye Disease,2026-09-10,2.0.0
CIT-FINAL-00633,source_retrieval_ledger_v2.csv,CSV,row=7;field=canonical_source_id,127,127,resolved,1,A Korean Clinical Practice Framework for Thyroid Eye Disease: Integrating International Recommendations with Survey-Informed Consensus,2026-09-10,2.0.0
CIT-FINAL-00634,source_retrieval_ledger_v2.csv,CSV,row=8;field=canonical_source_id,135,135,resolved,1,The 2021 European Group on Graves' orbitopathy clinical practice guidelines for the medical management of Graves' orbitopathy,2026-09-10,2.0.0
CIT-FINAL-00635,source_retrieval_ledger_v2.csv,CSV,row=9;field=canonical_source_id,139,139,resolved,1,Management of Thyroid Eye Disease: A Consensus Statement by the American Thyroid Association and the European Thyroid Association,2026-09-10,2.0.0
CIT-FINAL-00636,source_retrieval_ledger_v2.csv,CSV,row=10;field=canonical_source_id,373,373,resolved,1,LUMVOA (veligrotug-vvze) Prescribing Information,2026-09-10,2.0.0
CIT-FINAL-00637,source_retrieval_ledger_v2.csv,CSV,row=11;field=canonical_source_id,726,726,resolved,1,BLA 761530 approval letter for LUMVOA,2026-09-10,2.0.0
CIT-FINAL-00638,source_retrieval_ledger_v2.csv,CSV,row=12;field=canonical_source_id,727,727,resolved,1,Novel Drug Approvals for 2026,2026-09-10,2.0.0
CIT-FINAL-00639,source_retrieval_ledger_v2.csv,CSV,row=13;field=canonical_source_id,728,728,resolved,1,TEPEZZA (teprotumumab-trbw) current prescribing information,2026-09-10,2.0.0
CIT-FINAL-00640,source_retrieval_ledger_v2.csv,CSV,row=14;field=canonical_source_id,729,729,resolved,1,Tepezza EPAR,2026-09-10,2.0.0
CIT-FINAL-00641,source_retrieval_ledger_v2.csv,CSV,row=15;field=canonical_source_id,730,730,resolved,1,TEPEZZA EU product information,2026-09-10,2.0.0
CIT-FINAL-00642,source_retrieval_ledger_v2.csv,CSV,row=16;field=canonical_source_id,731,731,resolved,1,MHRA approves teprotumumab as the first UK treatment for adults with moderate-to-severe TED,2026-09-10,2.0.0
CIT-FINAL-00643,source_retrieval_ledger_v2.csv,CSV,row=17;field=canonical_source_id,732,732,resolved,1,Teprotumumab for treating thyroid eye disease (deferred appraisal of D1) [ID6756],2026-09-10,2.0.0
CIT-FINAL-00644,source_retrieval_ledger_v2.csv,CSV,row=18;field=canonical_source_id,733,733,resolved,1,Teprotumumab for treating thyroid eye disease—draft guidance consultation,2026-09-10,2.0.0
CIT-FINAL-00645,source_retrieval_ledger_v2.csv,CSV,row=19;field=canonical_source_id,734,734,resolved,1,TEPEZZA 500 mg powder for concentrate for solution for infusion—UK SmPC,2026-09-10,2.0.0
CIT-FINAL-00646,source_retrieval_ledger_v2.csv,CSV,row=20;field=canonical_source_id,735,735,resolved,1,Tepezza deliberation and review report,2026-09-10,2.0.0
CIT-FINAL-00647,source_retrieval_ledger_v2.csv,CSV,row=21;field=canonical_source_id,736,736,resolved,1,List of Approved Drugs (Tepezza row),2026-09-10,2.0.0
CIT-FINAL-00648,source_retrieval_ledger_v2.csv,CSV,row=22;field=canonical_source_id,737,737,resolved,1,承認品目一覧（新医薬品：2024年4月～2025年3月）,2026-09-10,2.0.0
CIT-FINAL-00649,source_retrieval_ledger_v2.csv,CSV,row=23;field=canonical_source_id,738,738,resolved,1,Pharmaceuticals and Medical Devices Safety Information,2026-09-10,2.0.0
CIT-FINAL-00650,source_retrieval_ledger_v2.csv,CSV,row=24;field=canonical_source_id,739,739,resolved,1,Thyroid disease: assessment and management—recommendations (NG145),2026-09-10,2.0.0
CIT-FINAL-00651,source_retrieval_ledger_v2.csv,CSV,row=25;field=canonical_source_id,740,740,resolved,1,Carbimazole: increased risk of congenital malformations; strengthened advice on contraception,2026-09-10,2.0.0
CIT-FINAL-00652,source_retrieval_ledger_v2.csv,CSV,row=26;field=canonical_source_id,741,741,resolved,1,バセドウ病治療ガイドライン2019 CQ一覧,2026-09-10,2.0.0
CIT-FINAL-00653,source_retrieval_ledger_v2.csv,CSV,row=27;field=canonical_source_id,742,742,resolved,1,バセドウ病悪性眼球突出症（甲状腺眼症）の診断基準と治療指針2023（第3次案）,2026-09-10,2.0.0
CIT-FINAL-00654,source_retrieval_ledger_v2.csv,CSV,row=28;field=canonical_source_id,743,743,resolved,1,妊娠初期における薬物治療は第一選択薬として何が推奨されるか（GD guideline 2019 FCQ1 explanation）,2026-09-10,2.0.0
CIT-FINAL-00655,source_retrieval_ledger_v2.csv,CSV,row=29;field=canonical_source_id,744,744,resolved,1,Correction to: Thyroid 2016;26:1343–1421. DOI: 10.1089/thy.2016.0229,2026-09-10,2.0.0
CIT-FINAL-00656,source_retrieval_ledger_v2.csv,CSV,row=30;field=canonical_source_id,745,745,resolved,1,Official search record: Tepezza authorization—South Korea,2026-09-10,2.0.0
CIT-FINAL-00657,source_retrieval_ledger_v2.csv,CSV,row=31;field=canonical_source_id,746,746,resolved,1,Official search record: Tepezza reimbursement/access—South Korea,2026-09-10,2.0.0
CIT-FINAL-00658,source_retrieval_ledger_v2.csv,CSV,row=32;field=canonical_source_id,747,747,resolved,1,Official search record: Lumvoa authorization—EU/EEA,2026-09-10,2.0.0
CIT-FINAL-00659,source_retrieval_ledger_v2.csv,CSV,row=33;field=canonical_source_id,748,748,resolved,1,Official search record: Lumvoa authorization—Japan,2026-09-10,2.0.0
CIT-FINAL-00660,source_retrieval_ledger_v2.csv,CSV,row=34;field=canonical_source_id,749,749,resolved,1,Official search record: Lumvoa authorization/access—United Kingdom,2026-09-10,2.0.0
CIT-FINAL-00661,source_retrieval_ledger_v2.csv,CSV,row=35;field=canonical_source_id,750,750,resolved,1,Official search record: Lumvoa authorization/reimbursement—South Korea,2026-09-10,2.0.0
CIT-FINAL-00662,source_retrieval_ledger_v2.csv,CSV,row=36;field=canonical_source_id,751,751,resolved,1,Official search record: Tepezza reimbursement/access—EU/EEA,2026-09-10,2.0.0
CIT-FINAL-00663,source_retrieval_ledger_v2.csv,CSV,row=37;field=canonical_source_id,752,752,resolved,1,Official search record: Tepezza reimbursement/access—Japan,2026-09-10,2.0.0
CIT-FINAL-00664,trial_registry_sources_v2.csv,CSV,row=2;field=source_id,753,753,resolved,1,Phase II Randomized Controlled Study of Sequential Orbital Radiotherapy for Graves' Ophthalmopathy,2026-09-10,2.0.0
CIT-FINAL-00665,trial_registry_sources_v2.csv,CSV,row=3;field=source_id,754,754,resolved,1,"Pretreatment With Recombinant Human Thyrotropin (rhTSH) for the Effect on Thyroid Size and Function, and for the Effect of Radioiodine Treatment in Patients With Nodular Goiter. Prospective, Randomized Double-blinded Trials.",2026-09-10,2.0.0
CIT-FINAL-00666,trial_registry_sources_v2.csv,CSV,row=4;field=source_id,755,755,resolved,1,B Cell Depletion With the Anti-CD20 Monoclonal Antibody Rituximab in the Treatment of Graves' Disease,2026-09-10,2.0.0
CIT-FINAL-00667,trial_registry_sources_v2.csv,CSV,row=5;field=source_id,756,756,resolved,1,The Influence of Continuous Block-replacement Therapy on the Effect of Radioiodine in Patients With Hyperthyroidism,2026-09-10,2.0.0
CIT-FINAL-00668,trial_registry_sources_v2.csv,CSV,row=6;field=source_id,757,757,resolved,1,The Influence of Continuous Treatment With Antithyroid Drugs on the Effect of Radioiodine in Patients With Hyperthyroidism,2026-09-10,2.0.0
CIT-FINAL-00669,trial_registry_sources_v2.csv,CSV,row=7;field=source_id,758,758,resolved,1,"A Phase II, Single Centre, Randomized, Double-blind, Parallel and Placebo Controlled, Pilot Study to Evaluate the Efficacy and Safety of Somatuline Autogel 60mg in Patients With Active Thyroid-associated Ophthalmopathy of Moderate Intensity.",2026-09-10,2.0.0
CIT-FINAL-00670,trial_registry_sources_v2.csv,CSV,row=8;field=source_id,759,759,resolved,1,"Comparison of Efficacy and Safety of Intravenous Pulsed Methylprednisolone and Oral Methotrexate Versus Intravenous Pulsed Methylprednisolone and Oral Placebo in the Treatment of Active Moderate and Severe Thyroid Eye Disease - a Prospective, Randomized, Double-blind, Parallel, Controlled Multidisciplinary Clinical Trial and Imaging Study.",2026-09-10,2.0.0
CIT-FINAL-00671,trial_registry_sources_v2.csv,CSV,row=9;field=source_id,760,760,resolved,1,Rituximab Treatment of Graves' Dysthyroid Ophthalmopathy Phase I/II,2026-09-10,2.0.0
CIT-FINAL-00672,trial_registry_sources_v2.csv,CSV,row=10;field=source_id,761,761,resolved,1,Thyroid-Associated Ophthalmopathy Subtypes and Orbital Antibodies,2026-09-10,2.0.0
CIT-FINAL-00673,trial_registry_sources_v2.csv,CSV,row=11;field=source_id,762,762,resolved,1,Phase 2/3 Study of Rituximab for Graves' Ophthalmopathy,2026-09-10,2.0.0
CIT-FINAL-00674,trial_registry_sources_v2.csv,CSV,row=12;field=source_id,763,763,resolved,1,Low Doses of Cholestyramine in the Treatment of Hyperthyroidism,2026-09-10,2.0.0
CIT-FINAL-00675,trial_registry_sources_v2.csv,CSV,row=13;field=source_id,764,764,resolved,1,Prevention Relapse of Graves' Disease by Treatment With Intrathyroid Injection of Dexamethasone,2026-09-10,2.0.0
CIT-FINAL-00676,trial_registry_sources_v2.csv,CSV,row=14;field=source_id,765,765,resolved,1,Comparison of Different Doses of 131I in Severe Graves' Hyperthyroidism: A Clinical Trial With Historical Control,2026-09-10,2.0.0
CIT-FINAL-00677,trial_registry_sources_v2.csv,CSV,row=15;field=source_id,766,766,resolved,1,The Effect of Early Total Thyroidectomy in the Course of Graves' Orbitopathy,2026-09-10,2.0.0
CIT-FINAL-00678,trial_registry_sources_v2.csv,CSV,row=16;field=source_id,767,767,resolved,1,"A Randomised, Comparator Controlled, Two Part, Open-label Study to Evaluate the Safety, Tolerability and Pharmacodynamics of Multiple Doses of Otelixizumab in Patients With Thyroid Orbitopathy",2026-09-10,2.0.0
CIT-FINAL-00679,trial_registry_sources_v2.csv,CSV,row=17;field=source_id,768,768,resolved,1,"""5010 Clinical Research Programme""of Sun Yat-sen University",2026-09-10,2.0.0
CIT-FINAL-00680,trial_registry_sources_v2.csv,CSV,row=18;field=source_id,769,769,resolved,1,Radioactive Iodide Therapy for Pediatric Graves' Disease,2026-09-10,2.0.0
CIT-FINAL-00681,trial_registry_sources_v2.csv,CSV,row=19;field=source_id,770,770,resolved,1,Peribulbar and Subconjunctival Kenalog Injection for Thyroid Orbitopathy,2026-09-10,2.0.0
CIT-FINAL-00682,trial_registry_sources_v2.csv,CSV,row=20;field=source_id,771,771,resolved,1,"Assessing the Impact of the Early and Systematic Hormonal Replacement After Radio-isotopic Ablation of Graves'hyperthyroïdism on Quality of Life, Efficiency and Tolerance",2026-09-10,2.0.0
CIT-FINAL-00683,trial_registry_sources_v2.csv,CSV,row=21;field=source_id,772,772,resolved,1,"Clinical Trial Phase III, Parallel Group, Randomized, Placebo-controlled, Double-blind, Multicenter Study to Evaluate the Efficacy and Safety of Tocilizumab Administration in Patients With Moderate-to-severe or Sight-threatening Graves' Ophthalmopathy (GO), That Had Not Responded Adequately to Treatment With Intravenous Corticoid Pulses.",2026-09-10,2.0.0
CIT-FINAL-00684,trial_registry_sources_v2.csv,CSV,row=22;field=source_id,773,773,resolved,1,Use of Azithromycin as Immunomodulatory Therapy in Grave&Apos;s Orbitopathy,2026-09-10,2.0.0
CIT-FINAL-00685,trial_registry_sources_v2.csv,CSV,row=23;field=source_id,774,774,resolved,1,Adjuvant Treatment of Graves´ Ophthalmopathy With NSAID (aGO Study),2026-09-10,2.0.0
CIT-FINAL-00686,trial_registry_sources_v2.csv,CSV,row=24;field=source_id,775,775,resolved,1,Function of Regulatory T Cells Improved by Treatment With an Intrathyroid Injection of Dexamethasone in Graves' Patients,2026-09-10,2.0.0
CIT-FINAL-00687,trial_registry_sources_v2.csv,CSV,row=25;field=source_id,776,776,resolved,1,Evaluation of Optimal Time of Methimazole Discontinuation Before Radio-iodine Therapy in Hyperthyroid Grave's Patients,2026-09-10,2.0.0
CIT-FINAL-00688,trial_registry_sources_v2.csv,CSV,row=26;field=source_id,777,777,resolved,1,"GRAves Selenium Supplementation Trial (GRASS) - an Investigator-initiated Randomised, Blinded, Multicentre Clinical Trial of Selenium Supplementation Versus Placebo in Patients With Graves' Hyperthyroidism",2026-09-10,2.0.0
CIT-FINAL-00689,trial_registry_sources_v2.csv,CSV,row=27;field=source_id,778,778,resolved,1,"Efficacy of Subantimicrobial Dose Doxycycline for Moderate to Severe and Active Graves' Orbitopathy: a Prospective, Uncontrolled Pilot Study",2026-09-10,2.0.0
CIT-FINAL-00690,trial_registry_sources_v2.csv,CSV,row=28;field=source_id,779,779,resolved,1,"The Effect of Prednisone Versus Doxycycline in Active, Moderately Severe Graves' Orbitopathy: A Randomized, Multi-center, Double-blind, Parallel-controlled Trial",2026-09-10,2.0.0
CIT-FINAL-00691,trial_registry_sources_v2.csv,CSV,row=29;field=source_id,780,780,resolved,1,"A Multicenter, Double-Masked, Placebo-Controlled, Efficacy And Safety Study Of RV 001, An Insulin-Like Growth Factor-1 Receptor (IGF-1R) Antagonist Antibody (Fully Human), Administered Every 3 Weeks (q3W) By Intravenous (IV) Infusion In Patients Suffering From Active Thyroid Eye Disease (TED)",2026-09-10,2.0.0
CIT-FINAL-00692,trial_registry_sources_v2.csv,CSV,row=30;field=source_id,781,781,resolved,1,"Comparison of the Effect of Bromocriptine and Pentoxifylline in Mild to Moderate Autoimmune Ophthalmopathy. A Randomized, Controlled, Single Blind, Clinical Trial.",2026-09-10,2.0.0
CIT-FINAL-00693,trial_registry_sources_v2.csv,CSV,row=31;field=source_id,782,782,resolved,1,Prevention of Overt Hypothyroidism Following Radioactive Iodine Therapy for Graves' Disease,2026-09-10,2.0.0
CIT-FINAL-00694,trial_registry_sources_v2.csv,CSV,row=32;field=source_id,783,783,resolved,1,A Randomized Trial of Intravenous Pulse Versus Sequential Steroid Therapy for Patients With Graves' Orbitopathy,2026-09-10,2.0.0
CIT-FINAL-00695,trial_registry_sources_v2.csv,CSV,row=33;field=source_id,784,784,resolved,1,Prostaglandin F2-alpha Eye Drops (Bimatoprost) in Thyroid Eye Disease: a Randomised Controlled Double Blind Crossover Trial,2026-09-10,2.0.0
CIT-FINAL-00696,trial_registry_sources_v2.csv,CSV,row=34;field=source_id,785,785,resolved,1,Selenium - ITEDS: A North American Study,2026-09-10,2.0.0
CIT-FINAL-00697,trial_registry_sources_v2.csv,CSV,row=35;field=source_id,786,786,resolved,1,The Effect of Different Calculated Doses of I-131 in Treatment of Patients With Grave's Disease,2026-09-10,2.0.0
CIT-FINAL-00698,trial_registry_sources_v2.csv,CSV,row=36;field=source_id,787,787,resolved,1,Phase 3 Study of Treatment of Soft Tissue Expansion and Exophthalmos in Inactive Thyroid Eye Disease Patients Using Drops of Prostaglandin Analogues.,2026-09-10,2.0.0
CIT-FINAL-00699,trial_registry_sources_v2.csv,CSV,row=37;field=source_id,788,788,resolved,1,The Effect of Subantimicrobial Dose Doxycycline in Mild Thyroid-Associated Ophthalmopathy,2026-09-10,2.0.0
CIT-FINAL-00700,trial_registry_sources_v2.csv,CSV,row=38;field=source_id,789,789,resolved,1,Combined Radiotherapy and Intravenous Steroids for Early Progressive Thyroid Eye Disease,2026-09-10,2.0.0
CIT-FINAL-00701,trial_registry_sources_v2.csv,CSV,row=39;field=source_id,790,790,resolved,1,Investigation of Novel Biomarkers and Definition of the Role of the Microbiome In Graves' Orbitopathy,2026-09-10,2.0.0
CIT-FINAL-00702,trial_registry_sources_v2.csv,CSV,row=40;field=source_id,791,791,resolved,1,Rituximab (RTX) Therapy in Steroid Resistant Patients or Patients Relapsing After Intravenous Steroids With Active TAO,2026-09-10,2.0.0
CIT-FINAL-00703,trial_registry_sources_v2.csv,CSV,row=41;field=source_id,792,792,resolved,1,"The DAGMAR Study. D-vitamin And Graves' Disease; Morbidity And Relapse Reduction: A Randomised, Clinical Trial.",2026-09-10,2.0.0
CIT-FINAL-00704,trial_registry_sources_v2.csv,CSV,row=42;field=source_id,793,793,resolved,1,"The Effect of a New Antioxidant Combination (ASTED) on Mild Thyroid Eye Disease, a Placebo Controlled Randomized Clinical Trial",2026-09-10,2.0.0
CIT-FINAL-00705,trial_registry_sources_v2.csv,CSV,row=43;field=source_id,794,794,resolved,1,"The Effect of a New Antioxidant Combination (ASTED) on Moderate to Severe Thyroid Eye Disease, a Double Blind Placebo Controlled Randomized Clinical Trial",2026-09-10,2.0.0
CIT-FINAL-00706,trial_registry_sources_v2.csv,CSV,row=44;field=source_id,795,795,resolved,1,The Effects of Metformin in Patients With Mild Graves' Ophthalmopathy,2026-09-10,2.0.0
CIT-FINAL-00707,trial_registry_sources_v2.csv,CSV,row=45;field=source_id,796,796,resolved,1,An Open Label Study to Evaluate the Safety and Efficacy of 12 Week Treatment With CFZ533 in Patients With Graves' Disease,2026-09-10,2.0.0
CIT-FINAL-00708,trial_registry_sources_v2.csv,CSV,row=46;field=source_id,797,797,resolved,1,Randomized Open Clinical Study to Evaluate the Efficacy of Selenium Plus Methimazole for Treatment of Graves' Hyperthyroidism,2026-09-10,2.0.0
CIT-FINAL-00709,trial_registry_sources_v2.csv,CSV,row=47;field=source_id,798,798,resolved,1,An Open Label Trial of Celecoxib in the Treatment of Mild Thyroid Eye Disease,2026-09-10,2.0.0
CIT-FINAL-00710,trial_registry_sources_v2.csv,CSV,row=48;field=source_id,799,799,resolved,1,"K1-70 - A Phase I, Single Ascending Intramuscular Dose or Single Ascending Intravenous Dose, Safety, Tolerability, Pharmacokinetic and Pharmacodynamic Study in Subjects With Graves' Disease",2026-09-10,2.0.0
CIT-FINAL-00711,trial_registry_sources_v2.csv,CSV,row=49;field=source_id,800,800,resolved,1,"Safety and Proof of Principle Study of ATX-GD-59 in Male and Female Subjects With Graves' Disease Not Currently Treated With Anti-thyroid Therapy: An Open Label Study, With an Upward Titration Over Five Dose Levels Administered by Intradermal Injection",2026-09-10,2.0.0
CIT-FINAL-00712,trial_registry_sources_v2.csv,CSV,row=50;field=source_id,801,801,resolved,1,Effects Of Oral Alfacalcidol On Maturation Of Dendritic Cells In Graves' Disease Patients,2026-09-10,2.0.0
CIT-FINAL-00713,trial_registry_sources_v2.csv,CSV,row=51;field=source_id,802,802,resolved,1,Prospective Randomized Clinical Trial of Total Thyroidectomy (Tx) Versus Thionamides (Anti-Thyroid Drugs) in Patients With Moderate-to-Severe Graves' Ophthalmopathy - a 1-year Follow-up,2026-09-10,2.0.0
CIT-FINAL-00714,trial_registry_sources_v2.csv,CSV,row=52;field=source_id,803,803,resolved,1,"A Phase IV, Randomized, Multi-center Clinical Trial to Compare the Efficacy of Orbital Radiotherapy in Association With Intravenous Glucocorticoids vs Intravenous Glucocorticoids Alone for Moderately Severe and Active Graves' Orbitopathy",2026-09-10,2.0.0
CIT-FINAL-00715,trial_registry_sources_v2.csv,CSV,row=53;field=source_id,804,804,resolved,1,"Using A Novel Classification System in Intravenous Glucocorticoids Therapy of TAO: A Multi-central, Randomized, Open, Superior Trial",2026-09-10,2.0.0
CIT-FINAL-00716,trial_registry_sources_v2.csv,CSV,row=54;field=source_id,805,805,resolved,1,"A Phase II, Open-labeled, Ophthalmological External Investigator-blinded, Single-center, Randomized, Superiority, Non Profit, Pilot Clinical Trial to Evaluate the Effects of Atorvastatin on Graves' Orbitopathy (GO) in Hypercholesterolemic Patients With Moderate-to-severe and Active GO Subjected to Intravenous Glucocorticoid Therapy: the STAGO Study",2026-09-10,2.0.0
CIT-FINAL-00717,trial_registry_sources_v2.csv,CSV,row=55;field=source_id,806,806,resolved,1,Treatment of Graves´ophthalmopathy with Simvastatin (GO-S),2026-09-10,2.0.0
CIT-FINAL-00718,trial_registry_sources_v2.csv,CSV,row=56;field=source_id,807,807,resolved,1,"A Phase 3, Randomized, Double-Masked, Placebo-Controlled, Parallel-Group, Multicenter Study Evaluating Teprotumumab (HZN-001) Treatment in Subjects With Active Thyroid Eye Disease",2026-09-10,2.0.0
CIT-FINAL-00719,trial_registry_sources_v2.csv,CSV,row=57;field=source_id,808,808,resolved,1,"A Multi-center, Open Label, Randomised Parallel- Group Study to Compare the Efficacy of Cholestyramine Plus Standard Treatment Versus Prednisolone Plus Standard Treatment Versus Standard Treatment Alone in Treatment of Overt Hyperthyroidism",2026-09-10,2.0.0
CIT-FINAL-00720,trial_registry_sources_v2.csv,CSV,row=58;field=source_id,809,809,resolved,1,"Multicenter, Safety and Efficacy, Open-Label Extension Study Evaluating Teprotumumab (HZN-001) Treatment in Subjects With Thyroid Eye Disease",2026-09-10,2.0.0
CIT-FINAL-00721,trial_registry_sources_v2.csv,CSV,row=59;field=source_id,810,810,resolved,1,The Role of Bimatoprost in Graves' Periorbitopathy,2026-09-10,2.0.0
CIT-FINAL-00722,trial_registry_sources_v2.csv,CSV,row=60;field=source_id,811,811,resolved,1,Oral Supplementation With Selenium in Patients With Mild Thyroid Orbitopathy to Reduce Its,2026-09-10,2.0.0
CIT-FINAL-00723,trial_registry_sources_v2.csv,CSV,row=61;field=source_id,812,812,resolved,1,"A Phase 2a, Multicenter, Open-Label Study of RVT-1401 for the Treatment of Patients With Moderate to Severe Active Graves' Ophthalmopathy",2026-09-10,2.0.0
CIT-FINAL-00724,trial_registry_sources_v2.csv,CSV,row=62;field=source_id,813,813,resolved,1,"ASCEND GO-2: A Phase 2b, Multicenter, Randomized, Double-blind, Placebo-controlled Study of RVT-1401 for the Treatment of Patients With Active, Moderate to Severe Graves' Ophthalmopathy",2026-09-10,2.0.0
CIT-FINAL-00725,trial_registry_sources_v2.csv,CSV,row=63;field=source_id,814,814,resolved,1,"A Double-masked, Methylprednisolone-control, Efficacy and Safety Study of 99Tc-MDP for Thyroid Associated Ophthalmopathy.",2026-09-10,2.0.0
CIT-FINAL-00726,trial_registry_sources_v2.csv,CSV,row=64;field=source_id,815,815,resolved,1,Anti-VEGF Therapy for Acute Thyroid Eye Disease (AcTED Study),2026-09-10,2.0.0
CIT-FINAL-00727,trial_registry_sources_v2.csv,CSV,row=65;field=source_id,816,816,resolved,1,Periorbitally Injected Glucocorticoids for Mild TAO: A Randomized Controlled Study,2026-09-10,2.0.0
CIT-FINAL-00728,trial_registry_sources_v2.csv,CSV,row=66;field=source_id,817,817,resolved,1,"A Phase 4, Randomized, Double-masked, Placebo-controlled, Multicenter Trial to Evaluate the Efficacy and Safety of TEPEZZA® in Treating Patients With Chronic (Inactive) Thyroid Eye Disease",2026-09-10,2.0.0
CIT-FINAL-00729,trial_registry_sources_v2.csv,CSV,row=67;field=source_id,818,818,resolved,1,"A Phase II, Randomized, Superiority, Adaptive, Open-label, Single-center, Clinical Trial to Evaluate the Efficacy of Sirolimus (Rapamycin) in Patients With Graves' Disease and Moderate-to-severe and Active Graves' Orbitopathy (GO)",2026-09-10,2.0.0
CIT-FINAL-00730,trial_registry_sources_v2.csv,CSV,row=68;field=source_id,819,819,resolved,1,"A Two-year Multi-center Phase 3 Study to Investigate the Efficacy and Safety of Secukinumab in Adult Patients With Active, Moderate to Severe Thyroid Eye Disease (ORBIT), With a Randomized, Parallel-group, Double-blind, Placebo-controlled, 16-week Treatment Period, and a Follow-up/Retreatment Period",2026-09-10,2.0.0
CIT-FINAL-00731,trial_registry_sources_v2.csv,CSV,row=69;field=source_id,820,820,resolved,1,"A Phase III, Randomized, Controlled, Open Label, no Profit, Single-center Intervention Study to Compare the Effect of a Conservative (Antithyroid Drugs) and an Ablative Approach (Radioiodine or Total Thyroidectomy) for the Treatment of Hyperthyroidism in Patients With Graves' Disease and Moderate-to-severe and Active Graves' Orbitopathy (GO) Treated With Intravenous Glucocorticoids (ABLAGO Study)",2026-09-10,2.0.0
CIT-FINAL-00732,trial_registry_sources_v2.csv,CSV,row=70;field=source_id,821,821,resolved,1,"Multicenter, Randomized, Observer-blind, Controlled Study of the Anti-IL-6 Receptor Antibody Tocilizumab (TCZ) or Methylprednisolone (MP) Treatment in Patients With Active Moderate-severe Graves' Orbitopathy",2026-09-10,2.0.0
CIT-FINAL-00733,trial_registry_sources_v2.csv,CSV,row=71;field=source_id,822,822,resolved,1,Prospective Comparison of Sirolimus Against Corticosteroids in Treatment of Patients With Active Thyroid Eye Disease,2026-09-10,2.0.0
CIT-FINAL-00734,trial_registry_sources_v2.csv,CSV,row=72;field=source_id,823,823,resolved,1,"A Phase 3b/4, Double-masked, Randomized, International, Parallel-assignment, Multicenter Trial in Patients With Thyroid Eye Disease to Evaluate the Safety and Tolerability of Different Dosing Durations of Teprotumumab",2026-09-10,2.0.0
CIT-FINAL-00735,trial_registry_sources_v2.csv,CSV,row=73;field=source_id,824,824,resolved,1,"A Randomized, Double-blind, Placebo-controlled, Phase 2/3 Operational Seamless Design Clinical Study to Evaluate the Efficacy and Safety of HBM9161 Subcutaneous Injection in Chinese Patients With Active, Moderate to Severe Thyroid Eye Disease (TED)",2026-09-10,2.0.0
CIT-FINAL-00736,trial_registry_sources_v2.csv,CSV,row=74;field=source_id,825,825,resolved,1,"Phase III, Double-blinded, Multicenter, Randomized Clinical Trial to Evaluate the Effects of Atorvastatin on Moderate-to-severe and Active Graves' Orbitopathy (GO) Treated With Intravenous Glucocorticoids: the STAGO-2 Study",2026-09-10,2.0.0
CIT-FINAL-00737,trial_registry_sources_v2.csv,CSV,row=75;field=source_id,826,826,resolved,1,A Multi-model Image of Immunosuppressive Agents in Thyroid Associated Ophthalmopathy.,2026-09-10,2.0.0
CIT-FINAL-00738,trial_registry_sources_v2.csv,CSV,row=76;field=source_id,827,827,resolved,1,"Effect of Hyperthyroidism and Its Treatment in Graves' Disease to Early Marker of Atherosclerosis: Review on the Pathway of Insulin Resistance, Lipid, Inflammation, and Endothelial Dysfunction to Pulse Wave Velocity and Carotid Intima-Media Thickness",2026-09-10,2.0.0
CIT-FINAL-00739,trial_registry_sources_v2.csv,CSV,row=77;field=source_id,828,828,resolved,1,A Randomized Controlled Trial on the Effect of Hydroxychloroquine in Mild Graves' Orbitopathy,2026-09-10,2.0.0
CIT-FINAL-00740,trial_registry_sources_v2.csv,CSV,row=78;field=source_id,829,829,resolved,1,"A Safety, Tolerability, and Efficacy Study of Veligrotug, a Humanized Monoclonal Antibody Directed Against the IGF-1 Receptor in Subjects With Thyroid Eye Disease",2026-09-10,2.0.0
CIT-FINAL-00741,trial_registry_sources_v2.csv,CSV,row=79;field=source_id,830,830,resolved,1,"Single-centre, Safety and Efficacy, Open-label Study Evaluating Antithymocyte Globulin Treatment in Subjects With Graves Orbitopathy",2026-09-10,2.0.0
CIT-FINAL-00742,trial_registry_sources_v2.csv,CSV,row=80;field=source_id,831,831,resolved,1,"A Phase 2b, Randomized, Double-Mask, Placebo-Controlled, Study to Evaluate the Safety, Pharmacokinetics and Efficacy of Linsitinib in Subjects With Active, Moderate to Severe Thyroid Eye Disease (TED)",2026-09-10,2.0.0
CIT-FINAL-00743,trial_registry_sources_v2.csv,CSV,row=81;field=source_id,832,832,resolved,1,"A Phase 1/2a, Randomized, Double-blind, Placebo-controlled, Single and Multiple Ascending Dose Study to Determine the Safety, Tolerability, Preliminary Efficacy, Immunogenicity and Pharmacokinetic Properties of LASN01 in Healthy Subjects and in Patients With Pulmonary Fibrosis or Thyroid Eye Disease",2026-09-10,2.0.0
CIT-FINAL-00744,trial_registry_sources_v2.csv,CSV,row=82;field=source_id,833,833,resolved,1,"A Single-arm, Open-label, Prospective Phase II Study to Evaluate the Efficacy and Safety of SHR-1314 by Subcutaneous Injection in Active Moderate to Severe Graves' Orbitopathy Patients",2026-09-10,2.0.0
CIT-FINAL-00745,trial_registry_sources_v2.csv,CSV,row=83;field=source_id,834,834,resolved,1,Comparative Study on the Efficacy of Periocular Methotrexate Versus Periocular Triamcinolone Injections in Management of Thyroid Associated Orbitopathy,2026-09-10,2.0.0
CIT-FINAL-00746,trial_registry_sources_v2.csv,CSV,row=84;field=source_id,835,835,resolved,1,Clinical Study on the Effect of Routine Treatment and Intensive Treatment on the Regulation of Graves' Disease and the Cumulative Recurrence Two Years After Drug Withdrawal,2026-09-10,2.0.0
CIT-FINAL-00747,trial_registry_sources_v2.csv,CSV,row=85;field=source_id,836,836,resolved,1,"A Phase 3, Multi-center, Randomized, Quadruple-masked, Placebo-controlled Study of Batoclimab for the Treatment of Participants With Active Thyroid Eye Disease (TED)",2026-09-10,2.0.0
CIT-FINAL-00748,trial_registry_sources_v2.csv,CSV,row=86;field=source_id,837,837,resolved,1,An Open-label Extension Study for Participants Who Completed Study IMVT-1401-3201 or Study IMVT-1401-3202 to Assess the Efficacy and Safety of Batoclimab for the Treatment of Thyroid Eye Disease (TED),2026-09-10,2.0.0
CIT-FINAL-00749,trial_registry_sources_v2.csv,CSV,row=87;field=source_id,838,838,resolved,1,"A Phase 3, Multi-center, Randomized, Quadruple-masked, Placebo-controlled Study of Batoclimab for the Treatment of Participants With Active Thyroid Eye Disease (TED)",2026-09-10,2.0.0
CIT-FINAL-00750,trial_registry_sources_v2.csv,CSV,row=88;field=source_id,839,839,resolved,1,"Efficacy and Safety Evaluation of Rapamycin Combined With Methylprednisolone in the Treatment of Hyperthyroidism Exophthalmos: A Randomized, Controlled, Multicenter Clinical Trial.",2026-09-10,2.0.0
CIT-FINAL-00751,trial_registry_sources_v2.csv,CSV,row=89;field=source_id,840,840,resolved,1,"A Phase 1/2, Adaptive, Multiple Dose Ranging Study Evaluating the Safety, Tolerability, Pharmacokinetics, and Clinical Efficacy of Lonigutamab in Subjects With Thyroid Eye Disease (TED)",2026-09-10,2.0.0
CIT-FINAL-00752,trial_registry_sources_v2.csv,CSV,row=90;field=source_id,841,841,resolved,1,A Multiple Ascending Doses Study of ZB001 in Chinese Patients With Thyroid-Associated Ophthalmopathy,2026-09-10,2.0.0
CIT-FINAL-00753,trial_registry_sources_v2.csv,CSV,row=91;field=source_id,842,842,resolved,1,"A Multicenter, Randomized, Double-masked, Placebo-controlled Phase II/III Study Evaluating the Efficacy and Safety of IBI311 in Subjects With Active Thyroid Eye Disease",2026-09-10,2.0.0
CIT-FINAL-00754,trial_registry_sources_v2.csv,CSV,row=92;field=source_id,843,843,resolved,1,"IMVT-1401-2501: A Proof-of-Concept, Open-label Study to Assess the Safety and Efficacy of Batoclimab in Participants With Graves' Disease (GD)",2026-09-10,2.0.0
CIT-FINAL-00755,trial_registry_sources_v2.csv,CSV,row=93;field=source_id,844,844,resolved,1,"A Phase III, Randomized, Double-Masked, Placebo-Controlled, Multicenter Study to Evaluate the Efficacy, Safety, Pharmacokinetics, and Pharmacodynamics of Satralizumab in Participants With Moderate-to-Severe Thyroid Eye Disease",2026-09-10,2.0.0
CIT-FINAL-00756,trial_registry_sources_v2.csv,CSV,row=94;field=source_id,845,845,resolved,1,"A Randomized, Double-masked, Placebo-controlled Safety, Tolerability, and Efficacy Study of VRDN-001, a Humanized Monoclonal Antibody Directed Against the IGF-1 Receptor, in Participants With Chronic Thyroid Eye Disease (TED)",2026-09-10,2.0.0
CIT-FINAL-00757,trial_registry_sources_v2.csv,CSV,row=95;field=source_id,846,846,resolved,1,"The Efficacy and Safety of Combining Mycophenolate Mofetil With Methimazole on Remission of Newly Diagnosis Graves' Disease (3M-RGD Trial): an Open-label, Randomized Trial",2026-09-10,2.0.0
CIT-FINAL-00758,trial_registry_sources_v2.csv,CSV,row=96;field=source_id,847,847,resolved,1,Efficacy and Safety of Tocilizumab for Patients With Thyroid-associated Ophthalmopathy,2026-09-10,2.0.0
CIT-FINAL-00759,trial_registry_sources_v2.csv,CSV,row=97;field=source_id,848,848,resolved,1,"A Multicenter Phase 2b Randomized, Double-Masked, Placebo-Controlled Dose-Ranging Study of TOUR006 in Participants With Thyroid Eye Disease",2026-09-10,2.0.0
CIT-FINAL-00760,trial_registry_sources_v2.csv,CSV,row=98;field=source_id,849,849,resolved,1,"A Phase III, Randomized, Double-Masked, Placebo-Controlled, Multicenter Study to Evaluate the Efficacy, Safety, Pharmacokinetics, and Pharmacodynamics of Satralizumab in Participants With Moderate-to-Severe Thyroid Eye Disease",2026-09-10,2.0.0
CIT-FINAL-00761,trial_registry_sources_v2.csv,CSV,row=99;field=source_id,850,850,resolved,1,"A Multicenter, Extension Study to Evaluate the Efficacy, Safety, Pharmacokinetics, and Pharmacodynamics of Two Doses of Linsitinib in Subjects With Active, Moderate to Severe Thyroid Eye Disease (TED)",2026-09-10,2.0.0
CIT-FINAL-00762,trial_registry_sources_v2.csv,CSV,row=100;field=source_id,851,851,resolved,1,"A Multicenter, Open-label Extension Study Evaluating the Efficacy and Safety of IBI311 in Subjects With Thyroid Eye Disease",2026-09-10,2.0.0
CIT-FINAL-00763,trial_registry_sources_v2.csv,CSV,row=101;field=source_id,852,852,resolved,1,An Open-label Study for Participants Who Are Non-responders at the End of Treatment Assessment on the VRDN-001-101 and VRDN-001-301 Pivotal Studies,2026-09-10,2.0.0
CIT-FINAL-00764,trial_registry_sources_v2.csv,CSV,row=102;field=source_id,853,853,resolved,1,"A Phase 2, Proof-of-Concept, Randomized, Double-Masked, Placebo-Controlled Study to Determine the Efficacy and Safety of LASN01 in Patients With Thyroid Eye Disease",2026-09-10,2.0.0
CIT-FINAL-00765,trial_registry_sources_v2.csv,CSV,row=103;field=source_id,854,854,resolved,1,"A Double-blind, Placebo-controlled, Phase 2 Dose-range Study to Assess the Efficacy and Safety of WP1302 in Preventing Disease Relapse Following Methimazole Withdrawal in Subjects With Graves' Disease",2026-09-10,2.0.0
CIT-FINAL-00766,trial_registry_sources_v2.csv,CSV,row=104;field=source_id,855,855,resolved,1,"A Phase 3, Randomized, Double-masked, Placebo-controlled, Parallel-group, Multicenter Trial to Evaluate the Efficacy, Safety and Tolerability of Subcutaneous Teprotumumab in Participants With Moderate-to-Severe Active Thyroid Eye Disease",2026-09-10,2.0.0
CIT-FINAL-00767,trial_registry_sources_v2.csv,CSV,row=105;field=source_id,856,856,resolved,1,"An Exploratory Study of the Efficacy and Safety of IBI311, a Modified Anti-IGF-1R Antibody, in Patients With Steroid-resistant, Thyroid Associated Ophthalmopathy",2026-09-10,2.0.0
CIT-FINAL-00768,trial_registry_sources_v2.csv,CSV,row=106;field=source_id,857,857,resolved,1,"A Phase 3, Randomized, Double-Masked, Placebo-Controlled, Multicenter Study to Evaluate the Efficacy, Safety, Tolerability, Pharmacokinetics, Pharmacodynamics, and Immunogenicity of Efgartigimod PH20 SC Administered by Prefilled Syringe in Adult Participants With Thyroid Eye Disease",2026-09-10,2.0.0
CIT-FINAL-00769,trial_registry_sources_v2.csv,CSV,row=107;field=source_id,858,858,resolved,1,"A Phase 3, Randomized, Double-Masked, Placebo-Controlled, Multicenter Study to Evaluate the Efficacy, Safety, Tolerability, Pharmacokinetics, Pharmacodynamics, and Immunogenicity of Efgartigimod PH20 SC Administered by Prefilled Syringe in Adult Participants With Thyroid Eye Disease",2026-09-10,2.0.0
CIT-FINAL-00770,trial_registry_sources_v2.csv,CSV,row=108;field=source_id,859,859,resolved,1,"A Randomized, Controlled, Safety and Tolerability Study of VRDN-001, a Humanized Monoclonal Antibody Directed Against the IGF-1 Receptor, in Participants With Thyroid Eye Disease (TED)",2026-09-10,2.0.0
CIT-FINAL-00771,trial_registry_sources_v2.csv,CSV,row=109;field=source_id,860,860,resolved,1,"A Phase 1b, Open-label, Multicenter Trial to Evaluate the Pharmacokinetics, Safety, and Tolerability of Two Formulations of a Single Subcutaneous Dose of Teprotumumab Followed by Multiple Intravenous Doses of TEPEZZA in Participants With Thyroid Eye Disease",2026-09-10,2.0.0
CIT-FINAL-00772,trial_registry_sources_v2.csv,CSV,row=110;field=source_id,861,861,resolved,1,Orbital Radiotherapy in Grave's Ophthalmopathy 1 Week vs 2 Weeks: A Phase II Randomized Controlled Trial (OraGO-1 Trial),2026-09-10,2.0.0
CIT-FINAL-00773,trial_registry_sources_v2.csv,CSV,row=111;field=source_id,862,862,resolved,1,"A Phase 1/2, Randomized, Double-Masked, Placebo-Controlled, Multicenter Study to Assess the Safety, Pharmacokinetics, and Efficacy of AMG 732 in Healthy Subjects and Subjects With Moderate-to-Severe Active Thyroid Eye Disease",2026-09-10,2.0.0
CIT-FINAL-00774,trial_registry_sources_v2.csv,CSV,row=112;field=source_id,863,863,resolved,1,Study on Efficacy of Add on Selenium in Mild-to-moderate Graves Ophthalmopathy: A Randomized Control Trial,2026-09-10,2.0.0
CIT-FINAL-00775,trial_registry_sources_v2.csv,CSV,row=113;field=source_id,864,864,resolved,1,Evaluation of K9 in Subjects With Thyroid Eye Disease (TED),2026-09-10,2.0.0
CIT-FINAL-00776,trial_registry_sources_v2.csv,CSV,row=114;field=source_id,865,865,resolved,1,Comparison of Two Intravenous Methylprednisolone Protocols in Patients With Graves Orbitopathy: a Randomized Clinical Trial,2026-09-10,2.0.0
CIT-FINAL-00777,trial_registry_sources_v2.csv,CSV,row=115;field=source_id,866,866,resolved,1,"A Multicenter, Randomized, Double-Masked Phase II Study Evaluating the Efficacy and Safety of IBI311 in Subjects With Inactive or Active Thyroid Eye Disease",2026-09-10,2.0.0
CIT-FINAL-00778,trial_registry_sources_v2.csv,CSV,row=116;field=source_id,867,867,resolved,1,Effects of Optimal Iodine Supplementation in Anti-thyroid Drug Therapy for Graves' Hyperthyroidism: a Prospective Randomized Controlled Trial,2026-09-10,2.0.0
CIT-FINAL-00779,trial_registry_sources_v2.csv,CSV,row=117;field=source_id,868,868,resolved,1,"Interventional, Open-label, Single-group, Long-term Follow-up Trial of Lu AG22515 in Patients With Moderate-to-severe Thyroid Eye Disease",2026-09-10,2.0.0
CIT-FINAL-00780,trial_registry_sources_v2.csv,CSV,row=118;field=source_id,869,869,resolved,1,"A Phase 1, Open-Label, Single Ascending Dose Study to Evaluate the Safety, Tolerability, and Pharmacokinetics of TEPEZZA Subcutaneous Administration in Healthy Adult Subjects",2026-09-10,2.0.0
CIT-FINAL-00781,trial_registry_sources_v2.csv,CSV,row=119;field=source_id,870,870,resolved,1,"A Phase 1 Clinical Study to Evaluate the Safety, Tolerability, Pharmacokinetics, and Pharmacodynamics of Single and Multiple Ascending Subcutaneous Doses of GenSci098 in TED Patients",2026-09-10,2.0.0
CIT-FINAL-00782,trial_registry_sources_v2.csv,CSV,row=120;field=source_id,871,871,resolved,1,"REVEAL-2 - A Phase 3, Randomized, Double-masked, Placebo-controlled, Efficacy, Safety, and Tolerability Study of VRDN-003 in Participants With Chronic Thyroid Eye Disease (TED)",2026-09-10,2.0.0
CIT-FINAL-00783,trial_registry_sources_v2.csv,CSV,row=121;field=source_id,872,872,resolved,1,"REVEAL-1 - A Phase 3, Randomized, Double-masked, Placebo-controlled, Efficacy, Safety, and Tolerability Study of VRDN-003 in Participants With Active Thyroid Eye Disease (TED)",2026-09-10,2.0.0
CIT-FINAL-00784,trial_registry_sources_v2.csv,CSV,row=122;field=source_id,873,873,resolved,1,"A Phase 1, Open-label, Single-dose Trial to Evaluate the Pharmacokinetics, Safety and Tolerability of Teprotumumab (High-concentration Formulation) Subcutaneous Administration in Healthy Adult Non-Japanese and Japanese Volunteers",2026-09-10,2.0.0
CIT-FINAL-00785,trial_registry_sources_v2.csv,CSV,row=123;field=source_id,874,874,resolved,1,"A Prospective, Multicenter, Randomized Controlled Clinical Study on the Efficacy and Safety of Different Methylprednisolone Pulse Therapy Regimens for the Treatment of Graves' Ophthalmopathy",2026-09-10,2.0.0
CIT-FINAL-00786,trial_registry_sources_v2.csv,CSV,row=124;field=source_id,875,875,resolved,1,"A Randomized, Double-Blind, Placebo-Controlled, Phase 2b Study to Assess the Efficacy, Safety, and Tolerability of IMVT-1402 as Treatment for Adult Patients With Graves' Disease",2026-09-10,2.0.0
CIT-FINAL-00787,trial_registry_sources_v2.csv,CSV,row=125;field=source_id,876,876,resolved,1,"A Multicentre, Randomized, Double-blinded, Placebo-controlled Phase I/II Clinical Study to Evaluate the Safety, Tolerability, Pharmacokinetics, Pharmacodynamics, and Efficacy of SCTT11 in Healthy Participants and Participants with Moderate-to-severe Thyroid Eye Disease",2026-09-10,2.0.0
CIT-FINAL-00788,trial_registry_sources_v2.csv,CSV,row=126;field=source_id,877,877,resolved,1,"A Randomized, Double-masked, Controlled, Safety and Tolerability Study of VRDN-003 in Participants With Thyroid Eye Disease (TED)",2026-09-10,2.0.0
CIT-FINAL-00789,trial_registry_sources_v2.csv,CSV,row=127;field=source_id,878,878,resolved,1,Clinical Study on the Combined Use of Tocilizumab and Flupentixol-Melitracen in the Treatment of Thyroid-Associated Ophthalmopathy: A Prospective Exploratory Study,2026-09-10,2.0.0
CIT-FINAL-00790,trial_registry_sources_v2.csv,CSV,row=128;field=source_id,879,879,resolved,1,An Open-Label Biomarker Study of BHV-1300 in Graves' Disease,2026-09-10,2.0.0
CIT-FINAL-00791,trial_registry_sources_v2.csv,CSV,row=129;field=source_id,880,880,resolved,1,An Open-label Phase 2 Study to Investigate the Efficacy and Safety of Rilzabrutinib in Adult Participants With Graves' Disease,2026-09-10,2.0.0
CIT-FINAL-00792,trial_registry_sources_v2.csv,CSV,row=130;field=source_id,881,881,resolved,1,"A Phase III, Randomized, Double-Blind, Placebo-Controlled Study to Evaluate the Efficacy of MHB018A Injection in Subjects With Active Moderate-to-Severe Thyroid Eye Disease.",2026-09-10,2.0.0
CIT-FINAL-00793,trial_registry_sources_v2.csv,CSV,row=131;field=source_id,882,882,resolved,1,"A Randomized, Double-Blind, Placebo-Controlled, Phase 2b Study to Assess the Efficacy, Safety, and Tolerability of IMVT-1402 as Treatment for Adult Patients With Graves' Disease",2026-09-10,2.0.0
CIT-FINAL-00794,trial_registry_sources_v2.csv,CSV,row=132;field=source_id,883,883,resolved,1,"A Multicenter, Randomized, Double-masked, Placebo-controlled Phase III Clinical Study to Evaluate the Efficacy and Safety of IBI311 in Subjects With Inactive Thyroid Eye Disease",2026-09-10,2.0.0
CIT-FINAL-00795,trial_registry_sources_v2.csv,CSV,row=133;field=source_id,884,884,resolved,1,The Efficacy and Safety of Allogenic Anti-CD19 CAR-T Cell Therapy for Refractory Graves' Disease,2026-09-10,2.0.0
CIT-FINAL-00796,trial_registry_sources_v2.csv,CSV,row=134;field=source_id,885,885,resolved,1,"A Phase 1, Randomized, Placebo-controlled, Double-blind, Single-dose Study to Evaluate Pharmacokinetics, Safety, and Tolerability of Teprotumumab (AMG 632) Administered Intravenously in Healthy Chinese Participants",2026-09-10,2.0.0
CIT-FINAL-00797,trial_registry_sources_v2.csv,CSV,row=135;field=source_id,886,886,resolved,1,The Safety and Efficacy of Sequential Hormone Therapy and IBI311 Therapy in Patients With Active Moderate to Severe TAO in the Initial Treatment.,2026-09-10,2.0.0
CIT-FINAL-00798,trial_registry_sources_v2.csv,CSV,row=136;field=source_id,887,887,resolved,1,Efficacy and Safety of Sequential Hormone Therapy and Tetuzumab Therapy in Patients With Moderate to Severe TAO in the Active Stage After Glucocorticoid Treatment,2026-09-10,2.0.0
CIT-FINAL-00799,trial_registry_sources_v2.csv,CSV,row=137;field=source_id,888,888,resolved,1,Evaluation of the Efficacy and Safety Observation of IBI311 Treatment in Patients With Inactive TAO,2026-09-10,2.0.0
CIT-FINAL-00800,trial_registry_sources_v2.csv,CSV,row=138;field=source_id,889,889,resolved,1,"A Randomized, Open-label Study Evaluating the Safety, Tolerability and Pharmacokinetics of VRDN-003 Administered Subcutaneously in Participants With Thyroid Eye Disease (TED)",2026-09-10,2.0.0
CIT-FINAL-00801,trial_registry_sources_v2.csv,CSV,row=139;field=source_id,890,890,resolved,1,Effect of Dietary Supplementation of Rubus Sanctus (Wild Blackberry) Root Extract on Disease Prognosis in Graves' Disease: A Randomized Controlled Clinical Trial,2026-09-10,2.0.0
CIT-FINAL-00802,trial_registry_sources_v2.csv,CSV,row=140;field=source_id,891,891,resolved,1,"A Multicenter, Double-blinded, Randomized, Placebo Controlled Phase 3 Trial to Evaluate the Efficacy and Safety of ZL-1109 in Chinese Participants With Thyroid Eye Disease (TED)",2026-09-10,2.0.0
CIT-FINAL-00803,trial_registry_sources_v2.csv,CSV,row=141;field=source_id,892,892,resolved,1,"A Phase III, Randomized, Double-Blind, Placebo-Controlled Study to Evaluate the Efficacy of MHB018A Injection in Subjects With Chronic Moderate-to-Severe Thyroid Eye Disease.",2026-09-10,2.0.0
CIT-FINAL-00804,trial_registry_sources_v2.csv,CSV,row=142;field=source_id,893,893,resolved,1,The Safety and Efficacy of Allogenic Anti-CD19/BCMA CAR-T Cell Therapy for Refractory Graves' Disease,2026-09-10,2.0.0
CIT-FINAL-00805,trial_registry_sources_v2.csv,CSV,row=143;field=source_id,894,894,resolved,1,"A Phase III, Multicenter, Open-Label Extension Study to Evaluate the Efficacy and Safety of MHB018A Injection in Subjects With Thyroid Eye Disease",2026-09-10,2.0.0
CIT-FINAL-00806,trial_registry_sources_v2.csv,CSV,row=144;field=source_id,895,895,resolved,1,"A Multicenter, Randomized, Open-Label, Active-Controlled Phase IV Clinical Study to Evaluate the Efficacy and Safety of Teprotumumab N01 in the Treatment of Active Thyroid Eye Disease",2026-09-10,2.0.0
CIT-FINAL-00807,trial_registry_sources_v2.csv,CSV,row=145;field=source_id,896,896,resolved,1,"A Long-Term Extension Study to Assess the Efficacy, Safety, and Tolerability of IMVT-1402 in Adult Patients With Graves' Disease",2026-09-10,2.0.0
CIT-FINAL-00808,trial_registry_sources_v2.csv,CSV,row=146;field=source_id,897,897,resolved,1,"A Phase I Clinical Study to Evaluate the Safety, Tolerability, Pharmacokinetics, and Pharmacodynamics of Single Ascending Subcutaneous Dose of GenSci098 in Patients With Graves' Disease",2026-09-10,2.0.0
CIT-FINAL-00809,trial_registry_sources_v2.csv,CSV,row=147;field=source_id,898,898,resolved,1,"A Phase 1, First-in-Human, Placebo-Controlled, Single and Multiple Ascending Dose Study to Evaluate Safety, Tolerability, Pharmacokinetics, Pharmacodynamics, and Immunogenicity of Intravenous and Subcutaneous Administration of MER511 in Adults With Graves' Disease",2026-09-10,2.0.0
CIT-FINAL-00810,trial_registry_sources_v2.csv,CSV,row=148;field=source_id,899,899,resolved,1,A Comparative Study of Shortened (4-Infusion) Versus Standard (8-Infusion) Teprotumumab Regimens in Patients With Thyroid Eye Disease (TED) Exhibiting an Early Optimal Clinical Response,2026-09-10,2.0.0
CIT-FINAL-00811,trial_registry_sources_v2.csv,CSV,row=149;field=source_id,900,900,resolved,1,A Safety and Efficacy Study of in Vivo CAR-T (HN2301) for Refractory Graves' Disease,2026-09-10,2.0.0
CIT-FINAL-00812,trial_registry_sources_v2.csv,CSV,row=150;field=source_id,901,901,resolved,1,Impact of Vitamin D Therapy on Thyroid Function and Antibody Levels in Pediatric Graves' Disease: A Pilot Feasibility Trial,2026-09-10,2.0.0
CIT-FINAL-00813,trial_registry_sources_v2.csv,CSV,row=151;field=source_id,902,902,resolved,1,The Role of Statin and Vitamin D for the Treatment of Thyroid Eye Disease,2026-09-10,2.0.0
CIT-FINAL-00814,trial_registry_sources_v2.csv,CSV,row=152;field=source_id,903,903,resolved,1,"An Open-label, Rollover Study for Participants With Thyroid Eye Disease Previously Enrolled in Amgen-sponsored AMG 732 Studies and Are Primary Proptosis Non-responders or Who Relapsed During the Safety Follow-up",2026-09-10,2.0.0
CIT-FINAL-00815,trial_registry_sources_v2.csv,CSV,row=153;field=source_id,904,904,resolved,1,"A Phase Ib/II, Efficacy and Safety Study of NTB003 in Participants With Thyroid Eye Disease (TED)",2026-09-10,2.0.0
CIT-FINAL-00816,trial_registry_sources_v2.csv,CSV,row=154;field=source_id,905,905,resolved,1,"A Single-Arm, Open-Label, Exploratory Study of Tofacitinib in Patients With Glucocorticoid-Resistant or Intolerant Moderate-to-Severe Active Thyroid Eye Disease",2026-09-10,2.0.0
CIT-FINAL-00817,trial_registry_sources_v2.csv,CSV,row=155;field=source_id,906,906,resolved,1,"A Phase 3, Randomized, Double-Masked, Placebo-Controlled, Multicenter Study Evaluating the Efficacy and Safety of Efgartigimod PH20 SC PFS in Adult Participants With Graves' Disease Inadequately Controlled With Antithyroid Drugs",2026-09-10,2.0.0
CIT-FINAL-00818,trial_registry_sources_v2.csv,CSV,row=156;field=source_id,907,907,resolved,1,"A Single-Center, Prospective, Randomized, Open-Label, Parallel-Group Study Comparing Sequential Teprotumumab N01 With Intravenous Methylprednisolone After Urgent Orbital Decompression in Patients With Dysthyroid Optic Neuropathy",2026-09-10,2.0.0
CIT-FINAL-00819,trial_registry_sources_v2.csv,CSV,row=157;field=source_id,908,908,resolved,1,"A Phase 3, Randomized, Double-Masked, Placebo-Controlled, Multicenter Study Evaluating the Efficacy and Safety of Efgartigimod PH20 SC PFS in Adult Participants With Graves' Disease Inadequately Controlled With Antithyroid Drugs",2026-09-10,2.0.0
CIT-FINAL-00820,trial_registry_sources_v2.csv,CSV,row=158;field=source_id,909,909,resolved,1,"A Phase 1b, Open-Label, Multicenter Study Evaluating the Safety, Tolerability, Pharmacokinetics, Pharmacodynamics, Immunogenicity, and Preliminary Clinical Activity of Cizutamig in Patients With Thyroid Eye Disease",2026-09-10,2.0.0
CIT-FINAL-00821,trial_registry_sources_v2.csv,CSV,row=159;field=source_id,910,910,resolved,1,"A Phase III, Multicenter, Open-Label Extension Study to Evaluate the Efficacy and Safety of MHB018A Injection in Subjects With Thyroid Eye Disease",2026-09-10,2.0.0
CIT-FINAL-00822,trial_registry_sources_v2.csv,CSV,row=160;field=source_id,911,911,resolved,1,"A Phase III, Randomized, Double-Masked, Placebo-Controlled Study to Evaluate the Efficacy of MHB018A Injection Treatment in Subjects With Active Moderate to Severe Thyroid Eye Disease.",2026-09-10,2.0.0
CIT-FINAL-00823,trial_registry_sources_v2.csv,CSV,row=161;field=source_id,912,912,resolved,1,"A Phase III, Randomized, Double-Masked, Placebo-Controlled Study to Evaluate the Efficacy of MHB018A Injection Treatment in Subjects With Chronic Moderate-to-Severe Thyroid Eye Disease",2026-09-10,2.0.0
CIT-FINAL-00824,trial_registry_sources_v2.csv,CSV,row=162;field=source_id,913,913,resolved,1,"A Phase I Clinical Study to Evaluate the Safety, Tolerability, and Pharmacokinetics of Single and Multiple Ascending Doses of IBI3031 in Participants With Thyroid Eye Disease",2026-09-10,2.0.0
CIT-FINAL-00825,trial_registry_sources_v2.csv,CSV,row=163;field=source_id,914,914,resolved,1,"A Phase 3, Double-blind, Multicenter, Randomized, Placebo-Controlled Study to Evaluate the Efficacy, Safety and Tolerability of BHV-1300 in the Treatment of Adults With Graves' Disease",2026-09-10,2.0.0
CIT-FINAL-00826,trial_registry_sources_v2.csv,CSV,row=164;field=source_id,915,915,resolved,1,"A Randomized, Blinded, Placebo-Controlled, Two-Part, Phase 2 Study to Assess Safety, Tolerability, Pharmacokinetics, and Efficacy of YB-101 in Participants With Graves' Disease",2026-09-10,2.0.0
CIT-FINAL-00827,trial_registry_sources_v2.csv,CSV,row=165;field=source_id,916,916,resolved,1,"A Multicenter, Randomized, Double-Blind, Placebo-Controlled Phase III Clinical Study to Evaluate the Efficacy and Safety of KHN939 in the Treatment of Moderate-to-Severe Active Thyroid Eye Disease (TED) in China",2026-09-10,2.0.0
CIT-FINAL-00828,trial_registry_sources_v2.csv,CSV,row=166;field=source_id,917,917,resolved,1,"A Multicenter, Randomized, Double-masked, Placebo-Controlled Phase III Clinical Study to Evaluate the Efficacy and Safety of KHN939 in the Treatment of Moderate-to-Severe Inactive Thyroid Eye Disease (TED) in China.",2026-09-10,2.0.0
CIT-FINAL-00829,trial_registry_sources_v2.csv,CSV,row=167;field=source_id,918,918,resolved,1,"A Placebo-Controlled, Multicenter, Randomized Phase 2 Trial Evaluating the Efficacy and Safety of Felzartamab Compared to Placebo in Adult Participants With Graves' Disease",2026-09-10,2.0.0
CIT-FINAL-00830,trial_registry_sources_v2.csv,CSV,row=168;field=source_id,919,919,resolved,1,"A Phase 3, Randomized, Double-mask, Placebo-controlled Study With Open-label Extension to Evaluate the Efficacy and Safety of Linsitinib in Participants With Moderate to Severe Active Thyroid Eye Disease (TED)",2026-09-10,2.0.0
CIT-FINAL-00831,trial_registry_sources_v2.csv,CSV,row=169;field=source_id,920,920,resolved,1,"Adjunctive Atorvastatin in Moderate-to-severe Thyroid Eye Disease (SEMAR-TED: Structural, Biomarker Expression and Muscle Endpoints of Atorvastatin): Study Protocol for a Randomised, Open-label, Assessor-masked Controlled Trial",2026-09-10,2.0.0
CIT-FINAL-00832,trial_result_evidence_anchors_v2.csv,CSV,row=2;field=source_id,762,762,resolved,1,Phase 2/3 Study of Rituximab for Graves' Ophthalmopathy,2026-09-10,2.0.0
CIT-FINAL-00833,trial_result_evidence_anchors_v2.csv,CSV,row=3;field=source_id,767,767,resolved,1,"A Randomised, Comparator Controlled, Two Part, Open-label Study to Evaluate the Safety, Tolerability and Pharmacodynamics of Multiple Doses of Otelixizumab in Patients With Thyroid Orbitopathy",2026-09-10,2.0.0
CIT-FINAL-00834,trial_result_evidence_anchors_v2.csv,CSV,row=4;field=source_id,769,769,resolved,1,Radioactive Iodide Therapy for Pediatric Graves' Disease,2026-09-10,2.0.0
CIT-FINAL-00835,trial_result_evidence_anchors_v2.csv,CSV,row=5;field=source_id,780,780,resolved,1,"A Multicenter, Double-Masked, Placebo-Controlled, Efficacy And Safety Study Of RV 001, An Insulin-Like Growth Factor-1 Receptor (IGF-1R) Antagonist Antibody (Fully Human), Administered Every 3 Weeks (q3W) By Intravenous (IV) Infusion In Patients Suffering From Active Thyroid Eye Disease (TED)",2026-09-10,2.0.0
CIT-FINAL-00836,trial_result_evidence_anchors_v2.csv,CSV,row=6;field=source_id,782,782,resolved,1,Prevention of Overt Hypothyroidism Following Radioactive Iodine Therapy for Graves' Disease,2026-09-10,2.0.0
CIT-FINAL-00837,trial_result_evidence_anchors_v2.csv,CSV,row=7;field=source_id,791,791,resolved,1,Rituximab (RTX) Therapy in Steroid Resistant Patients or Patients Relapsing After Intravenous Steroids With Active TAO,2026-09-10,2.0.0
CIT-FINAL-00838,trial_result_evidence_anchors_v2.csv,CSV,row=8;field=source_id,796,796,resolved,1,An Open Label Study to Evaluate the Safety and Efficacy of 12 Week Treatment With CFZ533 in Patients With Graves' Disease,2026-09-10,2.0.0
CIT-FINAL-00839,trial_result_evidence_anchors_v2.csv,CSV,row=9;field=source_id,798,798,resolved,1,An Open Label Trial of Celecoxib in the Treatment of Mild Thyroid Eye Disease,2026-09-10,2.0.0
CIT-FINAL-00840,trial_result_evidence_anchors_v2.csv,CSV,row=10;field=source_id,800,800,resolved,1,"Safety and Proof of Principle Study of ATX-GD-59 in Male and Female Subjects With Graves' Disease Not Currently Treated With Anti-thyroid Therapy: An Open Label Study, With an Upward Titration Over Five Dose Levels Administered by Intradermal Injection",2026-09-10,2.0.0
CIT-FINAL-00841,trial_result_evidence_anchors_v2.csv,CSV,row=11;field=source_id,801,801,resolved,1,Effects Of Oral Alfacalcidol On Maturation Of Dendritic Cells In Graves' Disease Patients,2026-09-10,2.0.0
CIT-FINAL-00842,trial_result_evidence_anchors_v2.csv,CSV,row=12;field=source_id,807,807,resolved,1,"A Phase 3, Randomized, Double-Masked, Placebo-Controlled, Parallel-Group, Multicenter Study Evaluating Teprotumumab (HZN-001) Treatment in Subjects With Active Thyroid Eye Disease",2026-09-10,2.0.0
CIT-FINAL-00843,trial_result_evidence_anchors_v2.csv,CSV,row=13;field=source_id,809,809,resolved,1,"Multicenter, Safety and Efficacy, Open-Label Extension Study Evaluating Teprotumumab (HZN-001) Treatment in Subjects With Thyroid Eye Disease",2026-09-10,2.0.0
CIT-FINAL-00844,trial_result_evidence_anchors_v2.csv,CSV,row=14;field=source_id,812,812,resolved,1,"A Phase 2a, Multicenter, Open-Label Study of RVT-1401 for the Treatment of Patients With Moderate to Severe Active Graves' Ophthalmopathy",2026-09-10,2.0.0
CIT-FINAL-00845,trial_result_evidence_anchors_v2.csv,CSV,row=15;field=source_id,813,813,resolved,1,"ASCEND GO-2: A Phase 2b, Multicenter, Randomized, Double-blind, Placebo-controlled Study of RVT-1401 for the Treatment of Patients With Active, Moderate to Severe Graves' Ophthalmopathy",2026-09-10,2.0.0
CIT-FINAL-00846,trial_result_evidence_anchors_v2.csv,CSV,row=16;field=source_id,817,817,resolved,1,"A Phase 4, Randomized, Double-masked, Placebo-controlled, Multicenter Trial to Evaluate the Efficacy and Safety of TEPEZZA® in Treating Patients With Chronic (Inactive) Thyroid Eye Disease",2026-09-10,2.0.0
CIT-FINAL-00847,trial_result_evidence_anchors_v2.csv,CSV,row=17;field=source_id,819,819,resolved,1,"A Two-year Multi-center Phase 3 Study to Investigate the Efficacy and Safety of Secukinumab in Adult Patients With Active, Moderate to Severe Thyroid Eye Disease (ORBIT), With a Randomized, Parallel-group, Double-blind, Placebo-controlled, 16-week Treatment Period, and a Follow-up/Retreatment Period",2026-09-10,2.0.0
CIT-FINAL-00848,trial_result_evidence_anchors_v2.csv,CSV,row=18;field=source_id,829,829,resolved,1,"A Safety, Tolerability, and Efficacy Study of Veligrotug, a Humanized Monoclonal Antibody Directed Against the IGF-1 Receptor in Subjects With Thyroid Eye Disease",2026-09-10,2.0.0
CIT-FINAL-00849,trial_result_evidence_anchors_v2.csv,CSV,row=19;field=source_id,831,831,resolved,1,"A Phase 2b, Randomized, Double-Mask, Placebo-Controlled, Study to Evaluate the Safety, Pharmacokinetics and Efficacy of Linsitinib in Subjects With Active, Moderate to Severe Thyroid Eye Disease (TED)",2026-09-10,2.0.0
CIT-FINAL-00850,trial_result_evidence_anchors_v2.csv,CSV,row=20;field=source_id,843,843,resolved,1,"IMVT-1401-2501: A Proof-of-Concept, Open-label Study to Assess the Safety and Efficacy of Batoclimab in Participants With Graves' Disease (GD)",2026-09-10,2.0.0
CIT-FINAL-00851,trial_result_evidence_anchors_v2.csv,CSV,row=21;field=source_id,844,844,resolved,1,"A Phase III, Randomized, Double-Masked, Placebo-Controlled, Multicenter Study to Evaluate the Efficacy, Safety, Pharmacokinetics, and Pharmacodynamics of Satralizumab in Participants With Moderate-to-Severe Thyroid Eye Disease",2026-09-10,2.0.0
CIT-FINAL-00852,trial_result_evidence_anchors_v2.csv,CSV,row=22;field=source_id,845,845,resolved,1,"A Randomized, Double-masked, Placebo-controlled Safety, Tolerability, and Efficacy Study of VRDN-001, a Humanized Monoclonal Antibody Directed Against the IGF-1 Receptor, in Participants With Chronic Thyroid Eye Disease (TED)",2026-09-10,2.0.0
CIT-FINAL-00853,trial_result_evidence_anchors_v2.csv,CSV,row=23;field=source_id,849,849,resolved,1,"A Phase III, Randomized, Double-Masked, Placebo-Controlled, Multicenter Study to Evaluate the Efficacy, Safety, Pharmacokinetics, and Pharmacodynamics of Satralizumab in Participants With Moderate-to-Severe Thyroid Eye Disease",2026-09-10,2.0.0
CIT-FINAL-00854,trial_result_evidence_anchors_v2.csv,CSV,row=24;field=source_id,852,852,resolved,1,An Open-label Study for Participants Who Are Non-responders at the End of Treatment Assessment on the VRDN-001-101 and VRDN-001-301 Pivotal Studies,2026-09-10,2.0.0
CIT-FINAL-00855,trial_result_evidence_anchors_v2.csv,CSV,row=25;field=source_id,853,853,resolved,1,"A Phase 2, Proof-of-Concept, Randomized, Double-Masked, Placebo-Controlled Study to Determine the Efficacy and Safety of LASN01 in Patients With Thyroid Eye Disease",2026-09-10,2.0.0
CIT-FINAL-00856,trial_result_evidence_anchors_v2.csv,CSV,row=26;field=source_id,859,859,resolved,1,"A Randomized, Controlled, Safety and Tolerability Study of VRDN-001, a Humanized Monoclonal Antibody Directed Against the IGF-1 Receptor, in Participants With Thyroid Eye Disease (TED)",2026-09-10,2.0.0
CIT-FINAL-00857,figure_source_map_v2.csv,CSV,row=5;field=canonical_source_ids,807;829;844;845;849;853,807,resolved,1,"A Phase 3, Randomized, Double-Masked, Placebo-Controlled, Parallel-Group, Multicenter Study Evaluating Teprotumumab (HZN-001) Treatment in Subjects With Active Thyroid Eye Disease",2026-09-10,2.0.0
CIT-FINAL-00858,figure_source_map_v2.csv,CSV,row=5;field=canonical_source_ids,807;829;844;845;849;853,829,resolved,1,"A Safety, Tolerability, and Efficacy Study of Veligrotug, a Humanized Monoclonal Antibody Directed Against the IGF-1 Receptor in Subjects With Thyroid Eye Disease",2026-09-10,2.0.0
CIT-FINAL-00859,figure_source_map_v2.csv,CSV,row=5;field=canonical_source_ids,807;829;844;845;849;853,844,resolved,1,"A Phase III, Randomized, Double-Masked, Placebo-Controlled, Multicenter Study to Evaluate the Efficacy, Safety, Pharmacokinetics, and Pharmacodynamics of Satralizumab in Participants With Moderate-to-Severe Thyroid Eye Disease",2026-09-10,2.0.0
CIT-FINAL-00860,figure_source_map_v2.csv,CSV,row=5;field=canonical_source_ids,807;829;844;845;849;853,845,resolved,1,"A Randomized, Double-masked, Placebo-controlled Safety, Tolerability, and Efficacy Study of VRDN-001, a Humanized Monoclonal Antibody Directed Against the IGF-1 Receptor, in Participants With Chronic Thyroid Eye Disease (TED)",2026-09-10,2.0.0
CIT-FINAL-00861,figure_source_map_v2.csv,CSV,row=5;field=canonical_source_ids,807;829;844;845;849;853,849,resolved,1,"A Phase III, Randomized, Double-Masked, Placebo-Controlled, Multicenter Study to Evaluate the Efficacy, Safety, Pharmacokinetics, and Pharmacodynamics of Satralizumab in Participants With Moderate-to-Severe Thyroid Eye Disease",2026-09-10,2.0.0
CIT-FINAL-00862,figure_source_map_v2.csv,CSV,row=5;field=canonical_source_ids,807;829;844;845;849;853,853,resolved,1,"A Phase 2, Proof-of-Concept, Randomized, Double-Masked, Placebo-Controlled Study to Determine the Efficacy and Safety of LASN01 in Patients With Thyroid Eye Disease",2026-09-10,2.0.0
CIT-FINAL-00863,figure_source_map_v2.csv,CSV,row=7;field=canonical_source_ids,762;767;769;780;782;791;796;798;800;801;807;809;812;813;817;819;829;831;843;844;845;849;852;853;859,762,resolved,1,Phase 2/3 Study of Rituximab for Graves' Ophthalmopathy,2026-09-10,2.0.0
CIT-FINAL-00864,figure_source_map_v2.csv,CSV,row=7;field=canonical_source_ids,762;767;769;780;782;791;796;798;800;801;807;809;812;813;817;819;829;831;843;844;845;849;852;853;859,767,resolved,1,"A Randomised, Comparator Controlled, Two Part, Open-label Study to Evaluate the Safety, Tolerability and Pharmacodynamics of Multiple Doses of Otelixizumab in Patients With Thyroid Orbitopathy",2026-09-10,2.0.0
CIT-FINAL-00865,figure_source_map_v2.csv,CSV,row=7;field=canonical_source_ids,762;767;769;780;782;791;796;798;800;801;807;809;812;813;817;819;829;831;843;844;845;849;852;853;859,769,resolved,1,Radioactive Iodide Therapy for Pediatric Graves' Disease,2026-09-10,2.0.0
CIT-FINAL-00866,figure_source_map_v2.csv,CSV,row=7;field=canonical_source_ids,762;767;769;780;782;791;796;798;800;801;807;809;812;813;817;819;829;831;843;844;845;849;852;853;859,780,resolved,1,"A Multicenter, Double-Masked, Placebo-Controlled, Efficacy And Safety Study Of RV 001, An Insulin-Like Growth Factor-1 Receptor (IGF-1R) Antagonist Antibody (Fully Human), Administered Every 3 Weeks (q3W) By Intravenous (IV) Infusion In Patients Suffering From Active Thyroid Eye Disease (TED)",2026-09-10,2.0.0
CIT-FINAL-00867,figure_source_map_v2.csv,CSV,row=7;field=canonical_source_ids,762;767;769;780;782;791;796;798;800;801;807;809;812;813;817;819;829;831;843;844;845;849;852;853;859,782,resolved,1,Prevention of Overt Hypothyroidism Following Radioactive Iodine Therapy for Graves' Disease,2026-09-10,2.0.0
CIT-FINAL-00868,figure_source_map_v2.csv,CSV,row=7;field=canonical_source_ids,762;767;769;780;782;791;796;798;800;801;807;809;812;813;817;819;829;831;843;844;845;849;852;853;859,791,resolved,1,Rituximab (RTX) Therapy in Steroid Resistant Patients or Patients Relapsing After Intravenous Steroids With Active TAO,2026-09-10,2.0.0
CIT-FINAL-00869,figure_source_map_v2.csv,CSV,row=7;field=canonical_source_ids,762;767;769;780;782;791;796;798;800;801;807;809;812;813;817;819;829;831;843;844;845;849;852;853;859,796,resolved,1,An Open Label Study to Evaluate the Safety and Efficacy of 12 Week Treatment With CFZ533 in Patients With Graves' Disease,2026-09-10,2.0.0
CIT-FINAL-00870,figure_source_map_v2.csv,CSV,row=7;field=canonical_source_ids,762;767;769;780;782;791;796;798;800;801;807;809;812;813;817;819;829;831;843;844;845;849;852;853;859,798,resolved,1,An Open Label Trial of Celecoxib in the Treatment of Mild Thyroid Eye Disease,2026-09-10,2.0.0
CIT-FINAL-00871,figure_source_map_v2.csv,CSV,row=7;field=canonical_source_ids,762;767;769;780;782;791;796;798;800;801;807;809;812;813;817;819;829;831;843;844;845;849;852;853;859,800,resolved,1,"Safety and Proof of Principle Study of ATX-GD-59 in Male and Female Subjects With Graves' Disease Not Currently Treated With Anti-thyroid Therapy: An Open Label Study, With an Upward Titration Over Five Dose Levels Administered by Intradermal Injection",2026-09-10,2.0.0
CIT-FINAL-00872,figure_source_map_v2.csv,CSV,row=7;field=canonical_source_ids,762;767;769;780;782;791;796;798;800;801;807;809;812;813;817;819;829;831;843;844;845;849;852;853;859,801,resolved,1,Effects Of Oral Alfacalcidol On Maturation Of Dendritic Cells In Graves' Disease Patients,2026-09-10,2.0.0
CIT-FINAL-00873,figure_source_map_v2.csv,CSV,row=7;field=canonical_source_ids,762;767;769;780;782;791;796;798;800;801;807;809;812;813;817;819;829;831;843;844;845;849;852;853;859,807,resolved,1,"A Phase 3, Randomized, Double-Masked, Placebo-Controlled, Parallel-Group, Multicenter Study Evaluating Teprotumumab (HZN-001) Treatment in Subjects With Active Thyroid Eye Disease",2026-09-10,2.0.0
CIT-FINAL-00874,figure_source_map_v2.csv,CSV,row=7;field=canonical_source_ids,762;767;769;780;782;791;796;798;800;801;807;809;812;813;817;819;829;831;843;844;845;849;852;853;859,809,resolved,1,"Multicenter, Safety and Efficacy, Open-Label Extension Study Evaluating Teprotumumab (HZN-001) Treatment in Subjects With Thyroid Eye Disease",2026-09-10,2.0.0
CIT-FINAL-00875,figure_source_map_v2.csv,CSV,row=7;field=canonical_source_ids,762;767;769;780;782;791;796;798;800;801;807;809;812;813;817;819;829;831;843;844;845;849;852;853;859,812,resolved,1,"A Phase 2a, Multicenter, Open-Label Study of RVT-1401 for the Treatment of Patients With Moderate to Severe Active Graves' Ophthalmopathy",2026-09-10,2.0.0
CIT-FINAL-00876,figure_source_map_v2.csv,CSV,row=7;field=canonical_source_ids,762;767;769;780;782;791;796;798;800;801;807;809;812;813;817;819;829;831;843;844;845;849;852;853;859,813,resolved,1,"ASCEND GO-2: A Phase 2b, Multicenter, Randomized, Double-blind, Placebo-controlled Study of RVT-1401 for the Treatment of Patients With Active, Moderate to Severe Graves' Ophthalmopathy",2026-09-10,2.0.0
CIT-FINAL-00877,figure_source_map_v2.csv,CSV,row=7;field=canonical_source_ids,762;767;769;780;782;791;796;798;800;801;807;809;812;813;817;819;829;831;843;844;845;849;852;853;859,817,resolved,1,"A Phase 4, Randomized, Double-masked, Placebo-controlled, Multicenter Trial to Evaluate the Efficacy and Safety of TEPEZZA® in Treating Patients With Chronic (Inactive) Thyroid Eye Disease",2026-09-10,2.0.0
CIT-FINAL-00878,figure_source_map_v2.csv,CSV,row=7;field=canonical_source_ids,762;767;769;780;782;791;796;798;800;801;807;809;812;813;817;819;829;831;843;844;845;849;852;853;859,819,resolved,1,"A Two-year Multi-center Phase 3 Study to Investigate the Efficacy and Safety of Secukinumab in Adult Patients With Active, Moderate to Severe Thyroid Eye Disease (ORBIT), With a Randomized, Parallel-group, Double-blind, Placebo-controlled, 16-week Treatment Period, and a Follow-up/Retreatment Period",2026-09-10,2.0.0
CIT-FINAL-00879,figure_source_map_v2.csv,CSV,row=7;field=canonical_source_ids,762;767;769;780;782;791;796;798;800;801;807;809;812;813;817;819;829;831;843;844;845;849;852;853;859,829,resolved,1,"A Safety, Tolerability, and Efficacy Study of Veligrotug, a Humanized Monoclonal Antibody Directed Against the IGF-1 Receptor in Subjects With Thyroid Eye Disease",2026-09-10,2.0.0
CIT-FINAL-00880,figure_source_map_v2.csv,CSV,row=7;field=canonical_source_ids,762;767;769;780;782;791;796;798;800;801;807;809;812;813;817;819;829;831;843;844;845;849;852;853;859,831,resolved,1,"A Phase 2b, Randomized, Double-Mask, Placebo-Controlled, Study to Evaluate the Safety, Pharmacokinetics and Efficacy of Linsitinib in Subjects With Active, Moderate to Severe Thyroid Eye Disease (TED)",2026-09-10,2.0.0
CIT-FINAL-00881,figure_source_map_v2.csv,CSV,row=7;field=canonical_source_ids,762;767;769;780;782;791;796;798;800;801;807;809;812;813;817;819;829;831;843;844;845;849;852;853;859,843,resolved,1,"IMVT-1401-2501: A Proof-of-Concept, Open-label Study to Assess the Safety and Efficacy of Batoclimab in Participants With Graves' Disease (GD)",2026-09-10,2.0.0
CIT-FINAL-00882,figure_source_map_v2.csv,CSV,row=7;field=canonical_source_ids,762;767;769;780;782;791;796;798;800;801;807;809;812;813;817;819;829;831;843;844;845;849;852;853;859,844,resolved,1,"A Phase III, Randomized, Double-Masked, Placebo-Controlled, Multicenter Study to Evaluate the Efficacy, Safety, Pharmacokinetics, and Pharmacodynamics of Satralizumab in Participants With Moderate-to-Severe Thyroid Eye Disease",2026-09-10,2.0.0
CIT-FINAL-00883,figure_source_map_v2.csv,CSV,row=7;field=canonical_source_ids,762;767;769;780;782;791;796;798;800;801;807;809;812;813;817;819;829;831;843;844;845;849;852;853;859,845,resolved,1,"A Randomized, Double-masked, Placebo-controlled Safety, Tolerability, and Efficacy Study of VRDN-001, a Humanized Monoclonal Antibody Directed Against the IGF-1 Receptor, in Participants With Chronic Thyroid Eye Disease (TED)",2026-09-10,2.0.0
CIT-FINAL-00884,figure_source_map_v2.csv,CSV,row=7;field=canonical_source_ids,762;767;769;780;782;791;796;798;800;801;807;809;812;813;817;819;829;831;843;844;845;849;852;853;859,849,resolved,1,"A Phase III, Randomized, Double-Masked, Placebo-Controlled, Multicenter Study to Evaluate the Efficacy, Safety, Pharmacokinetics, and Pharmacodynamics of Satralizumab in Participants With Moderate-to-Severe Thyroid Eye Disease",2026-09-10,2.0.0
CIT-FINAL-00885,figure_source_map_v2.csv,CSV,row=7;field=canonical_source_ids,762;767;769;780;782;791;796;798;800;801;807;809;812;813;817;819;829;831;843;844;845;849;852;853;859,852,resolved,1,An Open-label Study for Participants Who Are Non-responders at the End of Treatment Assessment on the VRDN-001-101 and VRDN-001-301 Pivotal Studies,2026-09-10,2.0.0
CIT-FINAL-00886,figure_source_map_v2.csv,CSV,row=7;field=canonical_source_ids,762;767;769;780;782;791;796;798;800;801;807;809;812;813;817;819;829;831;843;844;845;849;852;853;859,853,resolved,1,"A Phase 2, Proof-of-Concept, Randomized, Double-Masked, Placebo-Controlled Study to Determine the Efficacy and Safety of LASN01 in Patients With Thyroid Eye Disease",2026-09-10,2.0.0
CIT-FINAL-00887,figure_source_map_v2.csv,CSV,row=7;field=canonical_source_ids,762;767;769;780;782;791;796;798;800;801;807;809;812;813;817;819;829;831;843;844;845;849;852;853;859,859,resolved,1,"A Randomized, Controlled, Safety and Tolerability Study of VRDN-001, a Humanized Monoclonal Antibody Directed Against the IGF-1 Receptor, in Participants With Thyroid Eye Disease (TED)",2026-09-10,2.0.0
CIT-FINAL-00888,slide_source_map_v2.csv,CSV,row=3;field=canonical_source_ids,728;729;731;735;780;1;2;6;7;8;898;373;726,728,resolved,1,TEPEZZA (teprotumumab-trbw) current prescribing information,2026-09-10,2.0.0
CIT-FINAL-00889,slide_source_map_v2.csv,CSV,row=3;field=canonical_source_ids,728;729;731;735;780;1;2;6;7;8;898;373;726,729,resolved,1,Tepezza EPAR,2026-09-10,2.0.0
CIT-FINAL-00890,slide_source_map_v2.csv,CSV,row=3;field=canonical_source_ids,728;729;731;735;780;1;2;6;7;8;898;373;726,731,resolved,1,MHRA approves teprotumumab as the first UK treatment for adults with moderate-to-severe TED,2026-09-10,2.0.0
CIT-FINAL-00891,slide_source_map_v2.csv,CSV,row=3;field=canonical_source_ids,728;729;731;735;780;1;2;6;7;8;898;373;726,735,resolved,1,Tepezza deliberation and review report,2026-09-10,2.0.0
CIT-FINAL-00892,slide_source_map_v2.csv,CSV,row=3;field=canonical_source_ids,728;729;731;735;780;1;2;6;7;8;898;373;726,780,resolved,1,"A Multicenter, Double-Masked, Placebo-Controlled, Efficacy And Safety Study Of RV 001, An Insulin-Like Growth Factor-1 Receptor (IGF-1R) Antagonist Antibody (Fully Human), Administered Every 3 Weeks (q3W) By Intravenous (IV) Infusion In Patients Suffering From Active Thyroid Eye Disease (TED)",2026-09-10,2.0.0
CIT-FINAL-00893,slide_source_map_v2.csv,CSV,row=3;field=canonical_source_ids,728;729;731;735;780;1;2;6;7;8;898;373;726,1,resolved,1,Programs - Lycia Therapeutics,2026-09-10,2.0.0
CIT-FINAL-00894,slide_source_map_v2.csv,CSV,row=3;field=canonical_source_ids,728;729;731;735;780;1;2;6;7;8;898;373;726,2,resolved,1,Graves Disease · Phase I (2025-524053-14-00) | CTIS.eu,2026-09-10,2.0.0
CIT-FINAL-00895,slide_source_map_v2.csv,CSV,row=3;field=canonical_source_ids,728;729;731;735;780;1;2;6;7;8;898;373;726,6,resolved,1,Pipeline & Programs - Merida Biosciences,2026-09-10,2.0.0
CIT-FINAL-00896,slide_source_map_v2.csv,CSV,row=3;field=canonical_source_ids,728;729;731;735;780;1;2;6;7;8;898;373;726,7,resolved,1,NEXUS Study: A Study to Test Single and Multiple Doses of MER511 Given to Adults With Graves' Disease,2026-09-10,2.0.0
CIT-FINAL-00897,slide_source_map_v2.csv,CSV,row=3;field=canonical_source_ids,728;729;731;735;780;1;2;6;7;8;898;373;726,8,resolved,1,OR31-05 Specific and Deep Depletion of anti-TSHR Autoantibodies for the Treatment of Graves’ and Thyroid Eye Disease,2026-09-10,2.0.0
CIT-FINAL-00898,slide_source_map_v2.csv,CSV,row=3;field=canonical_source_ids,728;729;731;735;780;1;2;6;7;8;898;373;726,898,resolved,1,"A Phase 1, First-in-Human, Placebo-Controlled, Single and Multiple Ascending Dose Study to Evaluate Safety, Tolerability, Pharmacokinetics, Pharmacodynamics, and Immunogenicity of Intravenous and Subcutaneous Administration of MER511 in Adults With Graves' Disease",2026-09-10,2.0.0
CIT-FINAL-00899,slide_source_map_v2.csv,CSV,row=3;field=canonical_source_ids,728;729;731;735;780;1;2;6;7;8;898;373;726,373,resolved,1,LUMVOA (veligrotug-vvze) Prescribing Information,2026-09-10,2.0.0
CIT-FINAL-00900,slide_source_map_v2.csv,CSV,row=3;field=canonical_source_ids,728;729;731;735;780;1;2;6;7;8;898;373;726,726,resolved,1,BLA 761530 approval letter for LUMVOA,2026-09-10,2.0.0
CIT-FINAL-00901,slide_source_map_v2.csv,CSV,row=6;field=canonical_source_ids,728;373;726;729;751;747;731;732;733;749;745;746;750;735;736;752;748,728,resolved,1,TEPEZZA (teprotumumab-trbw) current prescribing information,2026-09-10,2.0.0
CIT-FINAL-00902,slide_source_map_v2.csv,CSV,row=6;field=canonical_source_ids,728;373;726;729;751;747;731;732;733;749;745;746;750;735;736;752;748,373,resolved,1,LUMVOA (veligrotug-vvze) Prescribing Information,2026-09-10,2.0.0
CIT-FINAL-00903,slide_source_map_v2.csv,CSV,row=6;field=canonical_source_ids,728;373;726;729;751;747;731;732;733;749;745;746;750;735;736;752;748,726,resolved,1,BLA 761530 approval letter for LUMVOA,2026-09-10,2.0.0
CIT-FINAL-00904,slide_source_map_v2.csv,CSV,row=6;field=canonical_source_ids,728;373;726;729;751;747;731;732;733;749;745;746;750;735;736;752;748,729,resolved,1,Tepezza EPAR,2026-09-10,2.0.0
CIT-FINAL-00905,slide_source_map_v2.csv,CSV,row=6;field=canonical_source_ids,728;373;726;729;751;747;731;732;733;749;745;746;750;735;736;752;748,751,resolved,1,Official search record: Tepezza reimbursement/access—EU/EEA,2026-09-10,2.0.0
CIT-FINAL-00906,slide_source_map_v2.csv,CSV,row=6;field=canonical_source_ids,728;373;726;729;751;747;731;732;733;749;745;746;750;735;736;752;748,747,resolved,1,Official search record: Lumvoa authorization—EU/EEA,2026-09-10,2.0.0
CIT-FINAL-00907,slide_source_map_v2.csv,CSV,row=6;field=canonical_source_ids,728;373;726;729;751;747;731;732;733;749;745;746;750;735;736;752;748,731,resolved,1,MHRA approves teprotumumab as the first UK treatment for adults with moderate-to-severe TED,2026-09-10,2.0.0
CIT-FINAL-00908,slide_source_map_v2.csv,CSV,row=6;field=canonical_source_ids,728;373;726;729;751;747;731;732;733;749;745;746;750;735;736;752;748,732,resolved,1,Teprotumumab for treating thyroid eye disease (deferred appraisal of D1) [ID6756],2026-09-10,2.0.0
CIT-FINAL-00909,slide_source_map_v2.csv,CSV,row=6;field=canonical_source_ids,728;373;726;729;751;747;731;732;733;749;745;746;750;735;736;752;748,733,resolved,1,Teprotumumab for treating thyroid eye disease—draft guidance consultation,2026-09-10,2.0.0
CIT-FINAL-00910,slide_source_map_v2.csv,CSV,row=6;field=canonical_source_ids,728;373;726;729;751;747;731;732;733;749;745;746;750;735;736;752;748,749,resolved,1,Official search record: Lumvoa authorization/access—United Kingdom,2026-09-10,2.0.0
CIT-FINAL-00911,slide_source_map_v2.csv,CSV,row=6;field=canonical_source_ids,728;373;726;729;751;747;731;732;733;749;745;746;750;735;736;752;748,745,resolved,1,Official search record: Tepezza authorization—South Korea,2026-09-10,2.0.0
CIT-FINAL-00912,slide_source_map_v2.csv,CSV,row=6;field=canonical_source_ids,728;373;726;729;751;747;731;732;733;749;745;746;750;735;736;752;748,746,resolved,1,Official search record: Tepezza reimbursement/access—South Korea,2026-09-10,2.0.0
CIT-FINAL-00913,slide_source_map_v2.csv,CSV,row=6;field=canonical_source_ids,728;373;726;729;751;747;731;732;733;749;745;746;750;735;736;752;748,750,resolved,1,Official search record: Lumvoa authorization/reimbursement—South Korea,2026-09-10,2.0.0
CIT-FINAL-00914,slide_source_map_v2.csv,CSV,row=6;field=canonical_source_ids,728;373;726;729;751;747;731;732;733;749;745;746;750;735;736;752;748,735,resolved,1,Tepezza deliberation and review report,2026-09-10,2.0.0
CIT-FINAL-00915,slide_source_map_v2.csv,CSV,row=6;field=canonical_source_ids,728;373;726;729;751;747;731;732;733;749;745;746;750;735;736;752;748,736,resolved,1,List of Approved Drugs (Tepezza row),2026-09-10,2.0.0
CIT-FINAL-00916,slide_source_map_v2.csv,CSV,row=6;field=canonical_source_ids,728;373;726;729;751;747;731;732;733;749;745;746;750;735;736;752;748,752,resolved,1,Official search record: Tepezza reimbursement/access—Japan,2026-09-10,2.0.0
CIT-FINAL-00917,slide_source_map_v2.csv,CSV,row=6;field=canonical_source_ids,728;373;726;729;751;747;731;732;733;749;745;746;750;735;736;752;748,748,resolved,1,Official search record: Lumvoa authorization—Japan,2026-09-10,2.0.0
CIT-FINAL-00918,slide_source_map_v2.csv,CSV,row=10;field=canonical_source_ids,807;829;844;845;849;853,807,resolved,1,"A Phase 3, Randomized, Double-Masked, Placebo-Controlled, Parallel-Group, Multicenter Study Evaluating Teprotumumab (HZN-001) Treatment in Subjects With Active Thyroid Eye Disease",2026-09-10,2.0.0
CIT-FINAL-00919,slide_source_map_v2.csv,CSV,row=10;field=canonical_source_ids,807;829;844;845;849;853,829,resolved,1,"A Safety, Tolerability, and Efficacy Study of Veligrotug, a Humanized Monoclonal Antibody Directed Against the IGF-1 Receptor in Subjects With Thyroid Eye Disease",2026-09-10,2.0.0
CIT-FINAL-00920,slide_source_map_v2.csv,CSV,row=10;field=canonical_source_ids,807;829;844;845;849;853,844,resolved,1,"A Phase III, Randomized, Double-Masked, Placebo-Controlled, Multicenter Study to Evaluate the Efficacy, Safety, Pharmacokinetics, and Pharmacodynamics of Satralizumab in Participants With Moderate-to-Severe Thyroid Eye Disease",2026-09-10,2.0.0
CIT-FINAL-00921,slide_source_map_v2.csv,CSV,row=10;field=canonical_source_ids,807;829;844;845;849;853,845,resolved,1,"A Randomized, Double-masked, Placebo-controlled Safety, Tolerability, and Efficacy Study of VRDN-001, a Humanized Monoclonal Antibody Directed Against the IGF-1 Receptor, in Participants With Chronic Thyroid Eye Disease (TED)",2026-09-10,2.0.0
CIT-FINAL-00922,slide_source_map_v2.csv,CSV,row=10;field=canonical_source_ids,807;829;844;845;849;853,849,resolved,1,"A Phase III, Randomized, Double-Masked, Placebo-Controlled, Multicenter Study to Evaluate the Efficacy, Safety, Pharmacokinetics, and Pharmacodynamics of Satralizumab in Participants With Moderate-to-Severe Thyroid Eye Disease",2026-09-10,2.0.0
CIT-FINAL-00923,slide_source_map_v2.csv,CSV,row=10;field=canonical_source_ids,807;829;844;845;849;853,853,resolved,1,"A Phase 2, Proof-of-Concept, Randomized, Double-Masked, Placebo-Controlled Study to Determine the Efficacy and Safety of LASN01 in Patients With Thyroid Eye Disease",2026-09-10,2.0.0
CIT-FINAL-00924,slide_source_map_v2.csv,CSV,row=11;field=canonical_source_ids,817;829;831;849;859,817,resolved,1,"A Phase 4, Randomized, Double-masked, Placebo-controlled, Multicenter Trial to Evaluate the Efficacy and Safety of TEPEZZA® in Treating Patients With Chronic (Inactive) Thyroid Eye Disease",2026-09-10,2.0.0
CIT-FINAL-00925,slide_source_map_v2.csv,CSV,row=11;field=canonical_source_ids,817;829;831;849;859,829,resolved,1,"A Safety, Tolerability, and Efficacy Study of Veligrotug, a Humanized Monoclonal Antibody Directed Against the IGF-1 Receptor in Subjects With Thyroid Eye Disease",2026-09-10,2.0.0
CIT-FINAL-00926,slide_source_map_v2.csv,CSV,row=11;field=canonical_source_ids,817;829;831;849;859,831,resolved,1,"A Phase 2b, Randomized, Double-Mask, Placebo-Controlled, Study to Evaluate the Safety, Pharmacokinetics and Efficacy of Linsitinib in Subjects With Active, Moderate to Severe Thyroid Eye Disease (TED)",2026-09-10,2.0.0
CIT-FINAL-00927,slide_source_map_v2.csv,CSV,row=11;field=canonical_source_ids,817;829;831;849;859,849,resolved,1,"A Phase III, Randomized, Double-Masked, Placebo-Controlled, Multicenter Study to Evaluate the Efficacy, Safety, Pharmacokinetics, and Pharmacodynamics of Satralizumab in Participants With Moderate-to-Severe Thyroid Eye Disease",2026-09-10,2.0.0
CIT-FINAL-00928,slide_source_map_v2.csv,CSV,row=11;field=canonical_source_ids,817;829;831;849;859,859,resolved,1,"A Randomized, Controlled, Safety and Tolerability Study of VRDN-001, a Humanized Monoclonal Antibody Directed Against the IGF-1 Receptor, in Participants With Thyroid Eye Disease (TED)",2026-09-10,2.0.0
CIT-FINAL-00929,slide_source_map_v2.csv,CSV,row=12;field=canonical_source_ids,1;2;6;8;7;898;541;870;897;915;164;799;253;800;854;619;913,1,resolved,1,Programs - Lycia Therapeutics,2026-09-10,2.0.0
CIT-FINAL-00930,slide_source_map_v2.csv,CSV,row=12;field=canonical_source_ids,1;2;6;8;7;898;541;870;897;915;164;799;253;800;854;619;913,2,resolved,1,Graves Disease · Phase I (2025-524053-14-00) | CTIS.eu,2026-09-10,2.0.0
CIT-FINAL-00931,slide_source_map_v2.csv,CSV,row=12;field=canonical_source_ids,1;2;6;8;7;898;541;870;897;915;164;799;253;800;854;619;913,6,resolved,1,Pipeline & Programs - Merida Biosciences,2026-09-10,2.0.0
CIT-FINAL-00932,slide_source_map_v2.csv,CSV,row=12;field=canonical_source_ids,1;2;6;8;7;898;541;870;897;915;164;799;253;800;854;619;913,8,resolved,1,OR31-05 Specific and Deep Depletion of anti-TSHR Autoantibodies for the Treatment of Graves’ and Thyroid Eye Disease,2026-09-10,2.0.0
CIT-FINAL-00933,slide_source_map_v2.csv,CSV,row=12;field=canonical_source_ids,1;2;6;8;7;898;541;870;897;915;164;799;253;800;854;619;913,7,resolved,1,NEXUS Study: A Study to Test Single and Multiple Doses of MER511 Given to Adults With Graves' Disease,2026-09-10,2.0.0
CIT-FINAL-00934,slide_source_map_v2.csv,CSV,row=12;field=canonical_source_ids,1;2;6;8;7;898;541;870;897;915;164;799;253;800;854;619;913,898,resolved,1,"A Phase 1, First-in-Human, Placebo-Controlled, Single and Multiple Ascending Dose Study to Evaluate Safety, Tolerability, Pharmacokinetics, Pharmacodynamics, and Immunogenicity of Intravenous and Subcutaneous Administration of MER511 in Adults With Graves' Disease",2026-09-10,2.0.0
CIT-FINAL-00935,slide_source_map_v2.csv,CSV,row=12;field=canonical_source_ids,1;2;6;8;7;898;541;870;897;915;164;799;253;800;854;619;913,541,resolved,1,GenSci098,2026-09-10,2.0.0
CIT-FINAL-00936,slide_source_map_v2.csv,CSV,row=12;field=canonical_source_ids,1;2;6;8;7;898;541;870;897;915;164;799;253;800;854;619;913,870,resolved,1,"A Phase 1 Clinical Study to Evaluate the Safety, Tolerability, Pharmacokinetics, and Pharmacodynamics of Single and Multiple Ascending Subcutaneous Doses of GenSci098 in TED Patients",2026-09-10,2.0.0
CIT-FINAL-00937,slide_source_map_v2.csv,CSV,row=12;field=canonical_source_ids,1;2;6;8;7;898;541;870;897;915;164;799;253;800;854;619;913,897,resolved,1,"A Phase I Clinical Study to Evaluate the Safety, Tolerability, Pharmacokinetics, and Pharmacodynamics of Single Ascending Subcutaneous Dose of GenSci098 in Patients With Graves' Disease",2026-09-10,2.0.0
CIT-FINAL-00938,slide_source_map_v2.csv,CSV,row=12;field=canonical_source_ids,1;2;6;8;7;898;541;870;897;915;164;799;253;800;854;619;913,915,resolved,1,"A Randomized, Blinded, Placebo-Controlled, Two-Part, Phase 2 Study to Assess Safety, Tolerability, Pharmacokinetics, and Efficacy of YB-101 in Participants With Graves' Disease",2026-09-10,2.0.0
CIT-FINAL-00939,slide_source_map_v2.csv,CSV,row=12;field=canonical_source_ids,1;2;6;8;7;898;541;870;897;915;164;799;253;800;854;619;913,164,resolved,1,"Safety, pharmacokinetics, and potential benefits of TSH-receptor-specific monoclonal autoantibody K1-70TM in Japanese Graves’ disease patients: results of a phase 1 trial",2026-09-10,2.0.0
CIT-FINAL-00940,slide_source_map_v2.csv,CSV,row=12;field=canonical_source_ids,1;2;6;8;7;898;541;870;897;915;164;799;253;800;854;619;913,799,resolved,1,"K1-70 - A Phase I, Single Ascending Intramuscular Dose or Single Ascending Intravenous Dose, Safety, Tolerability, Pharmacokinetic and Pharmacodynamic Study in Subjects With Graves' Disease",2026-09-10,2.0.0
CIT-FINAL-00941,slide_source_map_v2.csv,CSV,row=12;field=canonical_source_ids,1;2;6;8;7;898;541;870;897;915;164;799;253;800;854;619;913,253,resolved,1,Antigen-Specific Immunotherapy with Thyrotropin Receptor Peptides in Graves' Hyperthyroidism: A Phase I Study,2026-09-10,2.0.0
CIT-FINAL-00942,slide_source_map_v2.csv,CSV,row=12;field=canonical_source_ids,1;2;6;8;7;898;541;870;897;915;164;799;253;800;854;619;913,800,resolved,1,"Safety and Proof of Principle Study of ATX-GD-59 in Male and Female Subjects With Graves' Disease Not Currently Treated With Anti-thyroid Therapy: An Open Label Study, With an Upward Titration Over Five Dose Levels Administered by Intradermal Injection",2026-09-10,2.0.0
CIT-FINAL-00943,slide_source_map_v2.csv,CSV,row=12;field=canonical_source_ids,1;2;6;8;7;898;541;870;897;915;164;799;253;800;854;619;913,854,resolved,1,"A Double-blind, Placebo-controlled, Phase 2 Dose-range Study to Assess the Efficacy and Safety of WP1302 in Preventing Disease Relapse Following Methimazole Withdrawal in Subjects With Graves' Disease",2026-09-10,2.0.0
CIT-FINAL-00944,slide_source_map_v2.csv,CSV,row=12;field=canonical_source_ids,1;2;6;8;7;898;541;870;897;915;164;799;253;800;854;619;913,619,resolved,1,NCT07622368,2026-09-10,2.0.0
CIT-FINAL-00945,slide_source_map_v2.csv,CSV,row=12;field=canonical_source_ids,1;2;6;8;7;898;541;870;897;915;164;799;253;800;854;619;913,913,resolved,1,"A Phase I Clinical Study to Evaluate the Safety, Tolerability, and Pharmacokinetics of Single and Multiple Ascending Doses of IBI3031 in Participants With Thyroid Eye Disease",2026-09-10,2.0.0
CIT-FINAL-00946,slide_source_map_v2.csv,CSV,row=13;field=canonical_source_ids,1;2;6;7;8;898,1,resolved,1,Programs - Lycia Therapeutics,2026-09-10,2.0.0
CIT-FINAL-00947,slide_source_map_v2.csv,CSV,row=13;field=canonical_source_ids,1;2;6;7;8;898,2,resolved,1,Graves Disease · Phase I (2025-524053-14-00) | CTIS.eu,2026-09-10,2.0.0
CIT-FINAL-00948,slide_source_map_v2.csv,CSV,row=13;field=canonical_source_ids,1;2;6;7;8;898,6,resolved,1,Pipeline & Programs - Merida Biosciences,2026-09-10,2.0.0
CIT-FINAL-00949,slide_source_map_v2.csv,CSV,row=13;field=canonical_source_ids,1;2;6;7;8;898,7,resolved,1,NEXUS Study: A Study to Test Single and Multiple Doses of MER511 Given to Adults With Graves' Disease,2026-09-10,2.0.0
CIT-FINAL-00950,slide_source_map_v2.csv,CSV,row=13;field=canonical_source_ids,1;2;6;7;8;898,8,resolved,1,OR31-05 Specific and Deep Depletion of anti-TSHR Autoantibodies for the Treatment of Graves’ and Thyroid Eye Disease,2026-09-10,2.0.0
CIT-FINAL-00951,slide_source_map_v2.csv,CSV,row=13;field=canonical_source_ids,1;2;6;7;8;898,898,resolved,1,"A Phase 1, First-in-Human, Placebo-Controlled, Single and Multiple Ascending Dose Study to Evaluate Safety, Tolerability, Pharmacokinetics, Pharmacodynamics, and Immunogenicity of Intravenous and Subcutaneous Administration of MER511 in Adults With Graves' Disease",2026-09-10,2.0.0
CIT-FINAL-00952,slide_source_map_v2.csv,CSV,row=14;field=canonical_source_ids,6;8;7;898;1;2,6,resolved,1,Pipeline & Programs - Merida Biosciences,2026-09-10,2.0.0
CIT-FINAL-00953,slide_source_map_v2.csv,CSV,row=14;field=canonical_source_ids,6;8;7;898;1;2,8,resolved,1,OR31-05 Specific and Deep Depletion of anti-TSHR Autoantibodies for the Treatment of Graves’ and Thyroid Eye Disease,2026-09-10,2.0.0
CIT-FINAL-00954,slide_source_map_v2.csv,CSV,row=14;field=canonical_source_ids,6;8;7;898;1;2,7,resolved,1,NEXUS Study: A Study to Test Single and Multiple Doses of MER511 Given to Adults With Graves' Disease,2026-09-10,2.0.0
CIT-FINAL-00955,slide_source_map_v2.csv,CSV,row=14;field=canonical_source_ids,6;8;7;898;1;2,898,resolved,1,"A Phase 1, First-in-Human, Placebo-Controlled, Single and Multiple Ascending Dose Study to Evaluate Safety, Tolerability, Pharmacokinetics, Pharmacodynamics, and Immunogenicity of Intravenous and Subcutaneous Administration of MER511 in Adults With Graves' Disease",2026-09-10,2.0.0
CIT-FINAL-00956,slide_source_map_v2.csv,CSV,row=14;field=canonical_source_ids,6;8;7;898;1;2,1,resolved,1,Programs - Lycia Therapeutics,2026-09-10,2.0.0
CIT-FINAL-00957,slide_source_map_v2.csv,CSV,row=14;field=canonical_source_ids,6;8;7;898;1;2,2,resolved,1,Graves Disease · Phase I (2025-524053-14-00) | CTIS.eu,2026-09-10,2.0.0
CIT-FINAL-00958,slide_source_map_v2.csv,CSV,row=16;field=canonical_source_ids,728;729;731;735;780;1;2;6;7;8;898,728,resolved,1,TEPEZZA (teprotumumab-trbw) current prescribing information,2026-09-10,2.0.0
CIT-FINAL-00959,slide_source_map_v2.csv,CSV,row=16;field=canonical_source_ids,728;729;731;735;780;1;2;6;7;8;898,729,resolved,1,Tepezza EPAR,2026-09-10,2.0.0
CIT-FINAL-00960,slide_source_map_v2.csv,CSV,row=16;field=canonical_source_ids,728;729;731;735;780;1;2;6;7;8;898,731,resolved,1,MHRA approves teprotumumab as the first UK treatment for adults with moderate-to-severe TED,2026-09-10,2.0.0
CIT-FINAL-00961,slide_source_map_v2.csv,CSV,row=16;field=canonical_source_ids,728;729;731;735;780;1;2;6;7;8;898,735,resolved,1,Tepezza deliberation and review report,2026-09-10,2.0.0
CIT-FINAL-00962,slide_source_map_v2.csv,CSV,row=16;field=canonical_source_ids,728;729;731;735;780;1;2;6;7;8;898,780,resolved,1,"A Multicenter, Double-Masked, Placebo-Controlled, Efficacy And Safety Study Of RV 001, An Insulin-Like Growth Factor-1 Receptor (IGF-1R) Antagonist Antibody (Fully Human), Administered Every 3 Weeks (q3W) By Intravenous (IV) Infusion In Patients Suffering From Active Thyroid Eye Disease (TED)",2026-09-10,2.0.0
CIT-FINAL-00963,slide_source_map_v2.csv,CSV,row=16;field=canonical_source_ids,728;729;731;735;780;1;2;6;7;8;898,1,resolved,1,Programs - Lycia Therapeutics,2026-09-10,2.0.0
CIT-FINAL-00964,slide_source_map_v2.csv,CSV,row=16;field=canonical_source_ids,728;729;731;735;780;1;2;6;7;8;898,2,resolved,1,Graves Disease · Phase I (2025-524053-14-00) | CTIS.eu,2026-09-10,2.0.0
CIT-FINAL-00965,slide_source_map_v2.csv,CSV,row=16;field=canonical_source_ids,728;729;731;735;780;1;2;6;7;8;898,6,resolved,1,Pipeline & Programs - Merida Biosciences,2026-09-10,2.0.0
CIT-FINAL-00966,slide_source_map_v2.csv,CSV,row=16;field=canonical_source_ids,728;729;731;735;780;1;2;6;7;8;898,7,resolved,1,NEXUS Study: A Study to Test Single and Multiple Doses of MER511 Given to Adults With Graves' Disease,2026-09-10,2.0.0
CIT-FINAL-00967,slide_source_map_v2.csv,CSV,row=16;field=canonical_source_ids,728;729;731;735;780;1;2;6;7;8;898,8,resolved,1,OR31-05 Specific and Deep Depletion of anti-TSHR Autoantibodies for the Treatment of Graves’ and Thyroid Eye Disease,2026-09-10,2.0.0
CIT-FINAL-00968,slide_source_map_v2.csv,CSV,row=16;field=canonical_source_ids,728;729;731;735;780;1;2;6;7;8;898,898,resolved,1,"A Phase 1, First-in-Human, Placebo-Controlled, Single and Multiple Ascending Dose Study to Evaluate Safety, Tolerability, Pharmacokinetics, Pharmacodynamics, and Immunogenicity of Intravenous and Subcutaneous Administration of MER511 in Adults With Graves' Disease",2026-09-10,2.0.0
CIT-FINAL-00969,report_graves_ted_landscape_v2.md,Markdown,line=13,[373],373,resolved,1,LUMVOA (veligrotug-vvze) Prescribing Information,2026-09-10,2.0.0
CIT-FINAL-00970,report_graves_ted_landscape_v2.md,Markdown,line=13,[726],726,resolved,1,BLA 761530 approval letter for LUMVOA,2026-09-10,2.0.0
CIT-FINAL-00971,report_graves_ted_landscape_v2.md,Markdown,line=14,[2],2,resolved,1,Graves Disease · Phase I (2025-524053-14-00) | CTIS.eu,2026-09-10,2.0.0
CIT-FINAL-00972,report_graves_ted_landscape_v2.md,Markdown,line=15,[7],7,resolved,1,NEXUS Study: A Study to Test Single and Multiple Doses of MER511 Given to Adults With Graves' Disease,2026-09-10,2.0.0
CIT-FINAL-00973,report_graves_ted_landscape_v2.md,Markdown,line=15,[898],898,resolved,1,"A Phase 1, First-in-Human, Placebo-Controlled, Single and Multiple Ascending Dose Study to Evaluate Safety, Tolerability, Pharmacokinetics, Pharmacodynamics, and Immunogenicity of Intravenous and Subcutaneous Administration of MER511 in Adults With Graves' Disease",2026-09-10,2.0.0
CIT-FINAL-00974,report_graves_ted_landscape_v2.md,Markdown,line=66,[728],728,resolved,1,TEPEZZA (teprotumumab-trbw) current prescribing information,2026-09-10,2.0.0
CIT-FINAL-00975,report_graves_ted_landscape_v2.md,Markdown,line=66,[373],373,resolved,1,LUMVOA (veligrotug-vvze) Prescribing Information,2026-09-10,2.0.0
CIT-FINAL-00976,report_graves_ted_landscape_v2.md,Markdown,line=66,[726],726,resolved,1,BLA 761530 approval letter for LUMVOA,2026-09-10,2.0.0
CIT-FINAL-00977,report_graves_ted_landscape_v2.md,Markdown,line=67,[729],729,resolved,1,Tepezza EPAR,2026-09-10,2.0.0
CIT-FINAL-00978,report_graves_ted_landscape_v2.md,Markdown,line=67,[751],751,resolved,1,Official search record: Tepezza reimbursement/access—EU/EEA,2026-09-10,2.0.0
CIT-FINAL-00979,report_graves_ted_landscape_v2.md,Markdown,line=67,[747],747,resolved,1,Official search record: Lumvoa authorization—EU/EEA,2026-09-10,2.0.0
CIT-FINAL-00980,report_graves_ted_landscape_v2.md,Markdown,line=68,[731],731,resolved,1,MHRA approves teprotumumab as the first UK treatment for adults with moderate-to-severe TED,2026-09-10,2.0.0
CIT-FINAL-00981,report_graves_ted_landscape_v2.md,Markdown,line=68,[732],732,resolved,1,Teprotumumab for treating thyroid eye disease (deferred appraisal of D1) [ID6756],2026-09-10,2.0.0
CIT-FINAL-00982,report_graves_ted_landscape_v2.md,Markdown,line=68,[733],733,resolved,1,Teprotumumab for treating thyroid eye disease—draft guidance consultation,2026-09-10,2.0.0
CIT-FINAL-00983,report_graves_ted_landscape_v2.md,Markdown,line=68,[749],749,resolved,1,Official search record: Lumvoa authorization/access—United Kingdom,2026-09-10,2.0.0
CIT-FINAL-00984,report_graves_ted_landscape_v2.md,Markdown,line=68,[749],749,resolved,1,Official search record: Lumvoa authorization/access—United Kingdom,2026-09-10,2.0.0
CIT-FINAL-00985,report_graves_ted_landscape_v2.md,Markdown,line=69,[745],745,resolved,1,Official search record: Tepezza authorization—South Korea,2026-09-10,2.0.0
CIT-FINAL-00986,report_graves_ted_landscape_v2.md,Markdown,line=69,[746],746,resolved,1,Official search record: Tepezza reimbursement/access—South Korea,2026-09-10,2.0.0
CIT-FINAL-00987,report_graves_ted_landscape_v2.md,Markdown,line=69,[750],750,resolved,1,Official search record: Lumvoa authorization/reimbursement—South Korea,2026-09-10,2.0.0
CIT-FINAL-00988,report_graves_ted_landscape_v2.md,Markdown,line=69,[750],750,resolved,1,Official search record: Lumvoa authorization/reimbursement—South Korea,2026-09-10,2.0.0
CIT-FINAL-00989,report_graves_ted_landscape_v2.md,Markdown,line=70,[735],735,resolved,1,Tepezza deliberation and review report,2026-09-10,2.0.0
CIT-FINAL-00990,report_graves_ted_landscape_v2.md,Markdown,line=70,[736],736,resolved,1,List of Approved Drugs (Tepezza row),2026-09-10,2.0.0
CIT-FINAL-00991,report_graves_ted_landscape_v2.md,Markdown,line=70,[752],752,resolved,1,Official search record: Tepezza reimbursement/access—Japan,2026-09-10,2.0.0
CIT-FINAL-00992,report_graves_ted_landscape_v2.md,Markdown,line=70,[748],748,resolved,1,Official search record: Lumvoa authorization—Japan,2026-09-10,2.0.0
CIT-FINAL-00993,report_graves_ted_landscape_v2.md,Markdown,line=74,[28],28,resolved,1,2025 Korean Thyroid Association Management Guidelines for Radioactive Iodine Therapy in Patients with Hyperthyroidism,2026-09-10,2.0.0
CIT-FINAL-00994,report_graves_ted_landscape_v2.md,Markdown,line=75,[732],732,resolved,1,Teprotumumab for treating thyroid eye disease (deferred appraisal of D1) [ID6756],2026-09-10,2.0.0
CIT-FINAL-00995,report_graves_ted_landscape_v2.md,Markdown,line=75,[733],733,resolved,1,Teprotumumab for treating thyroid eye disease—draft guidance consultation,2026-09-10,2.0.0
CIT-FINAL-00996,report_graves_ted_landscape_v2.md,Markdown,line=76,[741],741,resolved,1,バセドウ病治療ガイドライン2019 CQ一覧,2026-09-10,2.0.0
CIT-FINAL-00997,report_graves_ted_landscape_v2.md,Markdown,line=76,[743],743,resolved,1,妊娠初期における薬物治療は第一選択薬として何が推奨されるか（GD guideline 2019 FCQ1 explanation）,2026-09-10,2.0.0
CIT-FINAL-00998,report_graves_ted_landscape_v2.md,Markdown,line=77,[741],741,resolved,1,バセドウ病治療ガイドライン2019 CQ一覧,2026-09-10,2.0.0
CIT-FINAL-00999,report_graves_ted_landscape_v2.md,Markdown,line=87,[762],762,resolved,1,Phase 2/3 Study of Rituximab for Graves' Ophthalmopathy,2026-09-10,2.0.0
CIT-FINAL-01000,report_graves_ted_landscape_v2.md,Markdown,line=88,[767],767,resolved,1,"A Randomised, Comparator Controlled, Two Part, Open-label Study to Evaluate the Safety, Tolerability and Pharmacodynamics of Multiple Doses of Otelixizumab in Patients With Thyroid Orbitopathy",2026-09-10,2.0.0
CIT-FINAL-01001,report_graves_ted_landscape_v2.md,Markdown,line=89,[769],769,resolved,1,Radioactive Iodide Therapy for Pediatric Graves' Disease,2026-09-10,2.0.0
CIT-FINAL-01002,report_graves_ted_landscape_v2.md,Markdown,line=90,[780],780,resolved,1,"A Multicenter, Double-Masked, Placebo-Controlled, Efficacy And Safety Study Of RV 001, An Insulin-Like Growth Factor-1 Receptor (IGF-1R) Antagonist Antibody (Fully Human), Administered Every 3 Weeks (q3W) By Intravenous (IV) Infusion In Patients Suffering From Active Thyroid Eye Disease (TED)",2026-09-10,2.0.0
CIT-FINAL-01003,report_graves_ted_landscape_v2.md,Markdown,line=91,[782],782,resolved,1,Prevention of Overt Hypothyroidism Following Radioactive Iodine Therapy for Graves' Disease,2026-09-10,2.0.0
CIT-FINAL-01004,report_graves_ted_landscape_v2.md,Markdown,line=92,[791],791,resolved,1,Rituximab (RTX) Therapy in Steroid Resistant Patients or Patients Relapsing After Intravenous Steroids With Active TAO,2026-09-10,2.0.0
CIT-FINAL-01005,report_graves_ted_landscape_v2.md,Markdown,line=93,[796],796,resolved,1,An Open Label Study to Evaluate the Safety and Efficacy of 12 Week Treatment With CFZ533 in Patients With Graves' Disease,2026-09-10,2.0.0
CIT-FINAL-01006,report_graves_ted_landscape_v2.md,Markdown,line=94,[798],798,resolved,1,An Open Label Trial of Celecoxib in the Treatment of Mild Thyroid Eye Disease,2026-09-10,2.0.0
CIT-FINAL-01007,report_graves_ted_landscape_v2.md,Markdown,line=95,[800],800,resolved,1,"Safety and Proof of Principle Study of ATX-GD-59 in Male and Female Subjects With Graves' Disease Not Currently Treated With Anti-thyroid Therapy: An Open Label Study, With an Upward Titration Over Five Dose Levels Administered by Intradermal Injection",2026-09-10,2.0.0
CIT-FINAL-01008,report_graves_ted_landscape_v2.md,Markdown,line=96,[801],801,resolved,1,Effects Of Oral Alfacalcidol On Maturation Of Dendritic Cells In Graves' Disease Patients,2026-09-10,2.0.0
CIT-FINAL-01009,report_graves_ted_landscape_v2.md,Markdown,line=97,[807],807,resolved,1,"A Phase 3, Randomized, Double-Masked, Placebo-Controlled, Parallel-Group, Multicenter Study Evaluating Teprotumumab (HZN-001) Treatment in Subjects With Active Thyroid Eye Disease",2026-09-10,2.0.0
CIT-FINAL-01010,report_graves_ted_landscape_v2.md,Markdown,line=98,[809],809,resolved,1,"Multicenter, Safety and Efficacy, Open-Label Extension Study Evaluating Teprotumumab (HZN-001) Treatment in Subjects With Thyroid Eye Disease",2026-09-10,2.0.0
CIT-FINAL-01011,report_graves_ted_landscape_v2.md,Markdown,line=99,[812],812,resolved,1,"A Phase 2a, Multicenter, Open-Label Study of RVT-1401 for the Treatment of Patients With Moderate to Severe Active Graves' Ophthalmopathy",2026-09-10,2.0.0
CIT-FINAL-01012,report_graves_ted_landscape_v2.md,Markdown,line=100,[813],813,resolved,1,"ASCEND GO-2: A Phase 2b, Multicenter, Randomized, Double-blind, Placebo-controlled Study of RVT-1401 for the Treatment of Patients With Active, Moderate to Severe Graves' Ophthalmopathy",2026-09-10,2.0.0
CIT-FINAL-01013,report_graves_ted_landscape_v2.md,Markdown,line=101,[817],817,resolved,1,"A Phase 4, Randomized, Double-masked, Placebo-controlled, Multicenter Trial to Evaluate the Efficacy and Safety of TEPEZZA® in Treating Patients With Chronic (Inactive) Thyroid Eye Disease",2026-09-10,2.0.0
CIT-FINAL-01014,report_graves_ted_landscape_v2.md,Markdown,line=102,[819],819,resolved,1,"A Two-year Multi-center Phase 3 Study to Investigate the Efficacy and Safety of Secukinumab in Adult Patients With Active, Moderate to Severe Thyroid Eye Disease (ORBIT), With a Randomized, Parallel-group, Double-blind, Placebo-controlled, 16-week Treatment Period, and a Follow-up/Retreatment Period",2026-09-10,2.0.0
CIT-FINAL-01015,report_graves_ted_landscape_v2.md,Markdown,line=103,[829],829,resolved,1,"A Safety, Tolerability, and Efficacy Study of Veligrotug, a Humanized Monoclonal Antibody Directed Against the IGF-1 Receptor in Subjects With Thyroid Eye Disease",2026-09-10,2.0.0
CIT-FINAL-01016,report_graves_ted_landscape_v2.md,Markdown,line=104,[831],831,resolved,1,"A Phase 2b, Randomized, Double-Mask, Placebo-Controlled, Study to Evaluate the Safety, Pharmacokinetics and Efficacy of Linsitinib in Subjects With Active, Moderate to Severe Thyroid Eye Disease (TED)",2026-09-10,2.0.0
CIT-FINAL-01017,report_graves_ted_landscape_v2.md,Markdown,line=105,[843],843,resolved,1,"IMVT-1401-2501: A Proof-of-Concept, Open-label Study to Assess the Safety and Efficacy of Batoclimab in Participants With Graves' Disease (GD)",2026-09-10,2.0.0
CIT-FINAL-01018,report_graves_ted_landscape_v2.md,Markdown,line=106,[844],844,resolved,1,"A Phase III, Randomized, Double-Masked, Placebo-Controlled, Multicenter Study to Evaluate the Efficacy, Safety, Pharmacokinetics, and Pharmacodynamics of Satralizumab in Participants With Moderate-to-Severe Thyroid Eye Disease",2026-09-10,2.0.0
CIT-FINAL-01019,report_graves_ted_landscape_v2.md,Markdown,line=107,[845],845,resolved,1,"A Randomized, Double-masked, Placebo-controlled Safety, Tolerability, and Efficacy Study of VRDN-001, a Humanized Monoclonal Antibody Directed Against the IGF-1 Receptor, in Participants With Chronic Thyroid Eye Disease (TED)",2026-09-10,2.0.0
CIT-FINAL-01020,report_graves_ted_landscape_v2.md,Markdown,line=108,[849],849,resolved,1,"A Phase III, Randomized, Double-Masked, Placebo-Controlled, Multicenter Study to Evaluate the Efficacy, Safety, Pharmacokinetics, and Pharmacodynamics of Satralizumab in Participants With Moderate-to-Severe Thyroid Eye Disease",2026-09-10,2.0.0
CIT-FINAL-01021,report_graves_ted_landscape_v2.md,Markdown,line=109,[852],852,resolved,1,An Open-label Study for Participants Who Are Non-responders at the End of Treatment Assessment on the VRDN-001-101 and VRDN-001-301 Pivotal Studies,2026-09-10,2.0.0
CIT-FINAL-01022,report_graves_ted_landscape_v2.md,Markdown,line=110,[853],853,resolved,1,"A Phase 2, Proof-of-Concept, Randomized, Double-Masked, Placebo-Controlled Study to Determine the Efficacy and Safety of LASN01 in Patients With Thyroid Eye Disease",2026-09-10,2.0.0
CIT-FINAL-01023,report_graves_ted_landscape_v2.md,Markdown,line=111,[859],859,resolved,1,"A Randomized, Controlled, Safety and Tolerability Study of VRDN-001, a Humanized Monoclonal Antibody Directed Against the IGF-1 Receptor, in Participants With Thyroid Eye Disease (TED)",2026-09-10,2.0.0
CIT-FINAL-01024,report_graves_ted_landscape_v2.md,Markdown,line=119,[762],762,resolved,1,Phase 2/3 Study of Rituximab for Graves' Ophthalmopathy,2026-09-10,2.0.0
CIT-FINAL-01025,report_graves_ted_landscape_v2.md,Markdown,line=120,[780],780,resolved,1,"A Multicenter, Double-Masked, Placebo-Controlled, Efficacy And Safety Study Of RV 001, An Insulin-Like Growth Factor-1 Receptor (IGF-1R) Antagonist Antibody (Fully Human), Administered Every 3 Weeks (q3W) By Intravenous (IV) Infusion In Patients Suffering From Active Thyroid Eye Disease (TED)",2026-09-10,2.0.0
CIT-FINAL-01026,report_graves_ted_landscape_v2.md,Markdown,line=121,[796],796,resolved,1,An Open Label Study to Evaluate the Safety and Efficacy of 12 Week Treatment With CFZ533 in Patients With Graves' Disease,2026-09-10,2.0.0
CIT-FINAL-01027,report_graves_ted_landscape_v2.md,Markdown,line=122,[800],800,resolved,1,"Safety and Proof of Principle Study of ATX-GD-59 in Male and Female Subjects With Graves' Disease Not Currently Treated With Anti-thyroid Therapy: An Open Label Study, With an Upward Titration Over Five Dose Levels Administered by Intradermal Injection",2026-09-10,2.0.0
CIT-FINAL-01028,report_graves_ted_landscape_v2.md,Markdown,line=123,[807],807,resolved,1,"A Phase 3, Randomized, Double-Masked, Placebo-Controlled, Parallel-Group, Multicenter Study Evaluating Teprotumumab (HZN-001) Treatment in Subjects With Active Thyroid Eye Disease",2026-09-10,2.0.0
CIT-FINAL-01029,report_graves_ted_landscape_v2.md,Markdown,line=124,[813],813,resolved,1,"ASCEND GO-2: A Phase 2b, Multicenter, Randomized, Double-blind, Placebo-controlled Study of RVT-1401 for the Treatment of Patients With Active, Moderate to Severe Graves' Ophthalmopathy",2026-09-10,2.0.0
CIT-FINAL-01030,report_graves_ted_landscape_v2.md,Markdown,line=125,[817],817,resolved,1,"A Phase 4, Randomized, Double-masked, Placebo-controlled, Multicenter Trial to Evaluate the Efficacy and Safety of TEPEZZA® in Treating Patients With Chronic (Inactive) Thyroid Eye Disease",2026-09-10,2.0.0
CIT-FINAL-01031,report_graves_ted_landscape_v2.md,Markdown,line=126,[819],819,resolved,1,"A Two-year Multi-center Phase 3 Study to Investigate the Efficacy and Safety of Secukinumab in Adult Patients With Active, Moderate to Severe Thyroid Eye Disease (ORBIT), With a Randomized, Parallel-group, Double-blind, Placebo-controlled, 16-week Treatment Period, and a Follow-up/Retreatment Period",2026-09-10,2.0.0
CIT-FINAL-01032,report_graves_ted_landscape_v2.md,Markdown,line=127,[829],829,resolved,1,"A Safety, Tolerability, and Efficacy Study of Veligrotug, a Humanized Monoclonal Antibody Directed Against the IGF-1 Receptor in Subjects With Thyroid Eye Disease",2026-09-10,2.0.0
CIT-FINAL-01033,report_graves_ted_landscape_v2.md,Markdown,line=128,[831],831,resolved,1,"A Phase 2b, Randomized, Double-Mask, Placebo-Controlled, Study to Evaluate the Safety, Pharmacokinetics and Efficacy of Linsitinib in Subjects With Active, Moderate to Severe Thyroid Eye Disease (TED)",2026-09-10,2.0.0
CIT-FINAL-01034,report_graves_ted_landscape_v2.md,Markdown,line=129,[843],843,resolved,1,"IMVT-1401-2501: A Proof-of-Concept, Open-label Study to Assess the Safety and Efficacy of Batoclimab in Participants With Graves' Disease (GD)",2026-09-10,2.0.0
CIT-FINAL-01035,report_graves_ted_landscape_v2.md,Markdown,line=130,[844],844,resolved,1,"A Phase III, Randomized, Double-Masked, Placebo-Controlled, Multicenter Study to Evaluate the Efficacy, Safety, Pharmacokinetics, and Pharmacodynamics of Satralizumab in Participants With Moderate-to-Severe Thyroid Eye Disease",2026-09-10,2.0.0
CIT-FINAL-01036,report_graves_ted_landscape_v2.md,Markdown,line=131,[845],845,resolved,1,"A Randomized, Double-masked, Placebo-controlled Safety, Tolerability, and Efficacy Study of VRDN-001, a Humanized Monoclonal Antibody Directed Against the IGF-1 Receptor, in Participants With Chronic Thyroid Eye Disease (TED)",2026-09-10,2.0.0
CIT-FINAL-01037,report_graves_ted_landscape_v2.md,Markdown,line=132,[849],849,resolved,1,"A Phase III, Randomized, Double-Masked, Placebo-Controlled, Multicenter Study to Evaluate the Efficacy, Safety, Pharmacokinetics, and Pharmacodynamics of Satralizumab in Participants With Moderate-to-Severe Thyroid Eye Disease",2026-09-10,2.0.0
CIT-FINAL-01038,report_graves_ted_landscape_v2.md,Markdown,line=133,[853],853,resolved,1,"A Phase 2, Proof-of-Concept, Randomized, Double-Masked, Placebo-Controlled Study to Determine the Efficacy and Safety of LASN01 in Patients With Thyroid Eye Disease",2026-09-10,2.0.0
CIT-FINAL-01039,report_graves_ted_landscape_v2.md,Markdown,line=139,[817],817,resolved,1,"A Phase 4, Randomized, Double-masked, Placebo-controlled, Multicenter Trial to Evaluate the Efficacy and Safety of TEPEZZA® in Treating Patients With Chronic (Inactive) Thyroid Eye Disease",2026-09-10,2.0.0
CIT-FINAL-01040,report_graves_ted_landscape_v2.md,Markdown,line=140,[829],829,resolved,1,"A Safety, Tolerability, and Efficacy Study of Veligrotug, a Humanized Monoclonal Antibody Directed Against the IGF-1 Receptor in Subjects With Thyroid Eye Disease",2026-09-10,2.0.0
CIT-FINAL-01041,report_graves_ted_landscape_v2.md,Markdown,line=141,[831],831,resolved,1,"A Phase 2b, Randomized, Double-Mask, Placebo-Controlled, Study to Evaluate the Safety, Pharmacokinetics and Efficacy of Linsitinib in Subjects With Active, Moderate to Severe Thyroid Eye Disease (TED)",2026-09-10,2.0.0
CIT-FINAL-01042,report_graves_ted_landscape_v2.md,Markdown,line=142,[845],845,resolved,1,"A Randomized, Double-masked, Placebo-controlled Safety, Tolerability, and Efficacy Study of VRDN-001, a Humanized Monoclonal Antibody Directed Against the IGF-1 Receptor, in Participants With Chronic Thyroid Eye Disease (TED)",2026-09-10,2.0.0
CIT-FINAL-01043,report_graves_ted_landscape_v2.md,Markdown,line=143,[849],849,resolved,1,"A Phase III, Randomized, Double-Masked, Placebo-Controlled, Multicenter Study to Evaluate the Efficacy, Safety, Pharmacokinetics, and Pharmacodynamics of Satralizumab in Participants With Moderate-to-Severe Thyroid Eye Disease",2026-09-10,2.0.0
CIT-FINAL-01044,report_graves_ted_landscape_v2.md,Markdown,line=144,[859],859,resolved,1,"A Randomized, Controlled, Safety and Tolerability Study of VRDN-001, a Humanized Monoclonal Antibody Directed Against the IGF-1 Receptor, in Participants With Thyroid Eye Disease (TED)",2026-09-10,2.0.0
CIT-FINAL-01045,report_graves_ted_landscape_v2.md,Markdown,line=150,[800],800,resolved,1,"Safety and Proof of Principle Study of ATX-GD-59 in Male and Female Subjects With Graves' Disease Not Currently Treated With Anti-thyroid Therapy: An Open Label Study, With an Upward Titration Over Five Dose Levels Administered by Intradermal Injection",2026-09-10,2.0.0
CIT-FINAL-01046,report_graves_ted_landscape_v2.md,Markdown,line=151,[809],809,resolved,1,"Multicenter, Safety and Efficacy, Open-Label Extension Study Evaluating Teprotumumab (HZN-001) Treatment in Subjects With Thyroid Eye Disease",2026-09-10,2.0.0
CIT-FINAL-01047,report_graves_ted_landscape_v2.md,Markdown,line=152,[829],829,resolved,1,"A Safety, Tolerability, and Efficacy Study of Veligrotug, a Humanized Monoclonal Antibody Directed Against the IGF-1 Receptor in Subjects With Thyroid Eye Disease",2026-09-10,2.0.0
CIT-FINAL-01048,report_graves_ted_landscape_v2.md,Markdown,line=153,[843],843,resolved,1,"IMVT-1401-2501: A Proof-of-Concept, Open-label Study to Assess the Safety and Efficacy of Batoclimab in Participants With Graves' Disease (GD)",2026-09-10,2.0.0
CIT-FINAL-01049,report_graves_ted_landscape_v2.md,Markdown,line=154,[845],845,resolved,1,"A Randomized, Double-masked, Placebo-controlled Safety, Tolerability, and Efficacy Study of VRDN-001, a Humanized Monoclonal Antibody Directed Against the IGF-1 Receptor, in Participants With Chronic Thyroid Eye Disease (TED)",2026-09-10,2.0.0
CIT-FINAL-01050,report_graves_ted_landscape_v2.md,Markdown,line=160,[1],1,resolved,1,Programs - Lycia Therapeutics,2026-09-10,2.0.0
CIT-FINAL-01051,report_graves_ted_landscape_v2.md,Markdown,line=161,[2],2,resolved,1,Graves Disease · Phase I (2025-524053-14-00) | CTIS.eu,2026-09-10,2.0.0
CIT-FINAL-01052,report_graves_ted_landscape_v2.md,Markdown,line=162,[2],2,resolved,1,Graves Disease · Phase I (2025-524053-14-00) | CTIS.eu,2026-09-10,2.0.0
CIT-FINAL-01053,report_graves_ted_landscape_v2.md,Markdown,line=163,[1],1,resolved,1,Programs - Lycia Therapeutics,2026-09-10,2.0.0
CIT-FINAL-01054,report_graves_ted_landscape_v2.md,Markdown,line=163,[2],2,resolved,1,Graves Disease · Phase I (2025-524053-14-00) | CTIS.eu,2026-09-10,2.0.0
CIT-FINAL-01055,report_graves_ted_landscape_v2.md,Markdown,line=167,[6],6,resolved,1,Pipeline & Programs - Merida Biosciences,2026-09-10,2.0.0
CIT-FINAL-01056,report_graves_ted_landscape_v2.md,Markdown,line=167,[8],8,resolved,1,OR31-05 Specific and Deep Depletion of anti-TSHR Autoantibodies for the Treatment of Graves’ and Thyroid Eye Disease,2026-09-10,2.0.0
CIT-FINAL-01057,report_graves_ted_landscape_v2.md,Markdown,line=168,[7],7,resolved,1,NEXUS Study: A Study to Test Single and Multiple Doses of MER511 Given to Adults With Graves' Disease,2026-09-10,2.0.0
CIT-FINAL-01058,report_graves_ted_landscape_v2.md,Markdown,line=168,[898],898,resolved,1,"A Phase 1, First-in-Human, Placebo-Controlled, Single and Multiple Ascending Dose Study to Evaluate Safety, Tolerability, Pharmacokinetics, Pharmacodynamics, and Immunogenicity of Intravenous and Subcutaneous Administration of MER511 in Adults With Graves' Disease",2026-09-10,2.0.0
CIT-FINAL-01059,report_graves_ted_landscape_v2.md,Markdown,line=169,[6],6,resolved,1,Pipeline & Programs - Merida Biosciences,2026-09-10,2.0.0
CIT-FINAL-01060,report_graves_ted_landscape_v2.md,Markdown,line=169,[8],8,resolved,1,OR31-05 Specific and Deep Depletion of anti-TSHR Autoantibodies for the Treatment of Graves’ and Thyroid Eye Disease,2026-09-10,2.0.0
CIT-FINAL-01061,report_graves_ted_landscape_v2.md,Markdown,line=170,[7],7,resolved,1,NEXUS Study: A Study to Test Single and Multiple Doses of MER511 Given to Adults With Graves' Disease,2026-09-10,2.0.0
CIT-FINAL-01062,report_graves_ted_landscape_v2.md,Markdown,line=170,[898],898,resolved,1,"A Phase 1, First-in-Human, Placebo-Controlled, Single and Multiple Ascending Dose Study to Evaluate Safety, Tolerability, Pharmacokinetics, Pharmacodynamics, and Immunogenicity of Intravenous and Subcutaneous Administration of MER511 in Adults With Graves' Disease",2026-09-10,2.0.0
CIT-FINAL-01063,report_graves_ted_landscape_v2.md,Markdown,line=176,[541],541,resolved,1,GenSci098,2026-09-10,2.0.0
CIT-FINAL-01064,report_graves_ted_landscape_v2.md,Markdown,line=176,[870],870,resolved,1,"A Phase 1 Clinical Study to Evaluate the Safety, Tolerability, Pharmacokinetics, and Pharmacodynamics of Single and Multiple Ascending Subcutaneous Doses of GenSci098 in TED Patients",2026-09-10,2.0.0
CIT-FINAL-01065,report_graves_ted_landscape_v2.md,Markdown,line=176,[897],897,resolved,1,"A Phase I Clinical Study to Evaluate the Safety, Tolerability, Pharmacokinetics, and Pharmacodynamics of Single Ascending Subcutaneous Dose of GenSci098 in Patients With Graves' Disease",2026-09-10,2.0.0
CIT-FINAL-01066,report_graves_ted_landscape_v2.md,Markdown,line=176,[915],915,resolved,1,"A Randomized, Blinded, Placebo-Controlled, Two-Part, Phase 2 Study to Assess Safety, Tolerability, Pharmacokinetics, and Efficacy of YB-101 in Participants With Graves' Disease",2026-09-10,2.0.0
CIT-FINAL-01067,report_graves_ted_landscape_v2.md,Markdown,line=177,[164],164,resolved,1,"Safety, pharmacokinetics, and potential benefits of TSH-receptor-specific monoclonal autoantibody K1-70TM in Japanese Graves’ disease patients: results of a phase 1 trial",2026-09-10,2.0.0
CIT-FINAL-01068,report_graves_ted_landscape_v2.md,Markdown,line=177,[799],799,resolved,1,"K1-70 - A Phase I, Single Ascending Intramuscular Dose or Single Ascending Intravenous Dose, Safety, Tolerability, Pharmacokinetic and Pharmacodynamic Study in Subjects With Graves' Disease",2026-09-10,2.0.0
CIT-FINAL-01069,report_graves_ted_landscape_v2.md,Markdown,line=178,[253],253,resolved,1,Antigen-Specific Immunotherapy with Thyrotropin Receptor Peptides in Graves' Hyperthyroidism: A Phase I Study,2026-09-10,2.0.0
CIT-FINAL-01070,report_graves_ted_landscape_v2.md,Markdown,line=178,[800],800,resolved,1,"Safety and Proof of Principle Study of ATX-GD-59 in Male and Female Subjects With Graves' Disease Not Currently Treated With Anti-thyroid Therapy: An Open Label Study, With an Upward Titration Over Five Dose Levels Administered by Intradermal Injection",2026-09-10,2.0.0
CIT-FINAL-01071,report_graves_ted_landscape_v2.md,Markdown,line=178,[854],854,resolved,1,"A Double-blind, Placebo-controlled, Phase 2 Dose-range Study to Assess the Efficacy and Safety of WP1302 in Preventing Disease Relapse Following Methimazole Withdrawal in Subjects With Graves' Disease",2026-09-10,2.0.0
CIT-FINAL-01072,report_graves_ted_landscape_v2.md,Markdown,line=179,[619],619,resolved,1,NCT07622368,2026-09-10,2.0.0
CIT-FINAL-01073,report_graves_ted_landscape_v2.md,Markdown,line=179,[913],913,resolved,1,"A Phase I Clinical Study to Evaluate the Safety, Tolerability, and Pharmacokinetics of Single and Multiple Ascending Doses of IBI3031 in Participants With Thyroid Eye Disease",2026-09-10,2.0.0
CIT-FINAL-01074,report_graves_ted_landscape_v2.md,Markdown,line=180,[854],854,resolved,1,"A Double-blind, Placebo-controlled, Phase 2 Dose-range Study to Assess the Efficacy and Safety of WP1302 in Preventing Disease Relapse Following Methimazole Withdrawal in Subjects With Graves' Disease",2026-09-10,2.0.0
CIT-FINAL-01075,report_graves_ted_landscape_v2.md,Markdown,line=204,[815],815,resolved,1,Anti-VEGF Therapy for Acute Thyroid Eye Disease (AcTED Study),2026-09-10,2.0.0
CIT-FINAL-01076,report_graves_ted_landscape_v2.md,Markdown,line=205,[884],884,resolved,1,The Efficacy and Safety of Allogenic Anti-CD19 CAR-T Cell Therapy for Refractory Graves' Disease,2026-09-10,2.0.0
CIT-FINAL-01077,report_graves_ted_landscape_v2.md,Markdown,line=205,[893],893,resolved,1,The Safety and Efficacy of Allogenic Anti-CD19/BCMA CAR-T Cell Therapy for Refractory Graves' Disease,2026-09-10,2.0.0
CIT-FINAL-01078,report_graves_ted_landscape_v2.md,Markdown,line=206,[862],862,resolved,1,"A Phase 1/2, Randomized, Double-Masked, Placebo-Controlled, Multicenter Study to Assess the Safety, Pharmacokinetics, and Efficacy of AMG 732 in Healthy Subjects and Subjects With Moderate-to-Severe Active Thyroid Eye Disease",2026-09-10,2.0.0
CIT-FINAL-01079,report_graves_ted_landscape_v2.md,Markdown,line=206,[903],903,resolved,1,"An Open-label, Rollover Study for Participants With Thyroid Eye Disease Previously Enrolled in Amgen-sponsored AMG 732 Studies and Are Primary Proptosis Non-responders or Who Relapsed During the Safety Follow-up",2026-09-10,2.0.0
CIT-FINAL-01080,report_graves_ted_landscape_v2.md,Markdown,line=207,[253],253,resolved,1,Antigen-Specific Immunotherapy with Thyrotropin Receptor Peptides in Graves' Hyperthyroidism: A Phase I Study,2026-09-10,2.0.0
CIT-FINAL-01081,report_graves_ted_landscape_v2.md,Markdown,line=207,[800],800,resolved,1,"Safety and Proof of Principle Study of ATX-GD-59 in Male and Female Subjects With Graves' Disease Not Currently Treated With Anti-thyroid Therapy: An Open Label Study, With an Upward Titration Over Five Dose Levels Administered by Intradermal Injection",2026-09-10,2.0.0
CIT-FINAL-01082,report_graves_ted_landscape_v2.md,Markdown,line=207,[854],854,resolved,1,"A Double-blind, Placebo-controlled, Phase 2 Dose-range Study to Assess the Efficacy and Safety of WP1302 in Preventing Disease Relapse Following Methimazole Withdrawal in Subjects With Graves' Disease",2026-09-10,2.0.0
CIT-FINAL-01083,report_graves_ted_landscape_v2.md,Markdown,line=208,[683],683,resolved,1,OR31-08 The FcRn Inhibitor Batoclimab Rapidly Normalizes Thyroid Function and Improves Clinical Outcomes in Graves’ Disease,2026-09-10,2.0.0
CIT-FINAL-01084,report_graves_ted_landscape_v2.md,Markdown,line=208,[812],812,resolved,1,"A Phase 2a, Multicenter, Open-Label Study of RVT-1401 for the Treatment of Patients With Moderate to Severe Active Graves' Ophthalmopathy",2026-09-10,2.0.0
CIT-FINAL-01085,report_graves_ted_landscape_v2.md,Markdown,line=208,[813],813,resolved,1,"ASCEND GO-2: A Phase 2b, Multicenter, Randomized, Double-blind, Placebo-controlled Study of RVT-1401 for the Treatment of Patients With Active, Moderate to Severe Graves' Ophthalmopathy",2026-09-10,2.0.0
CIT-FINAL-01086,report_graves_ted_landscape_v2.md,Markdown,line=208,[824],824,resolved,1,"A Randomized, Double-blind, Placebo-controlled, Phase 2/3 Operational Seamless Design Clinical Study to Evaluate the Efficacy and Safety of HBM9161 Subcutaneous Injection in Chinese Patients With Active, Moderate to Severe Thyroid Eye Disease (TED)",2026-09-10,2.0.0
CIT-FINAL-01087,report_graves_ted_landscape_v2.md,Markdown,line=208,[836],836,resolved,1,"A Phase 3, Multi-center, Randomized, Quadruple-masked, Placebo-controlled Study of Batoclimab for the Treatment of Participants With Active Thyroid Eye Disease (TED)",2026-09-10,2.0.0
CIT-FINAL-01088,report_graves_ted_landscape_v2.md,Markdown,line=208,[837],837,resolved,1,An Open-label Extension Study for Participants Who Completed Study IMVT-1401-3201 or Study IMVT-1401-3202 to Assess the Efficacy and Safety of Batoclimab for the Treatment of Thyroid Eye Disease (TED),2026-09-10,2.0.0
CIT-FINAL-01089,report_graves_ted_landscape_v2.md,Markdown,line=208,[838],838,resolved,1,"A Phase 3, Multi-center, Randomized, Quadruple-masked, Placebo-controlled Study of Batoclimab for the Treatment of Participants With Active Thyroid Eye Disease (TED)",2026-09-10,2.0.0
CIT-FINAL-01090,report_graves_ted_landscape_v2.md,Markdown,line=208,[843],843,resolved,1,"IMVT-1401-2501: A Proof-of-Concept, Open-label Study to Assess the Safety and Efficacy of Batoclimab in Participants With Graves' Disease (GD)",2026-09-10,2.0.0
CIT-FINAL-01091,report_graves_ted_landscape_v2.md,Markdown,line=209,[879],879,resolved,1,An Open-Label Biomarker Study of BHV-1300 in Graves' Disease,2026-09-10,2.0.0
CIT-FINAL-01092,report_graves_ted_landscape_v2.md,Markdown,line=209,[914],914,resolved,1,"A Phase 3, Double-blind, Multicenter, Randomized, Placebo-Controlled Study to Evaluate the Efficacy, Safety and Tolerability of BHV-1300 in the Treatment of Adults With Graves' Disease",2026-09-10,2.0.0
CIT-FINAL-01093,report_graves_ted_landscape_v2.md,Markdown,line=210,[798],798,resolved,1,An Open Label Trial of Celecoxib in the Treatment of Mild Thyroid Eye Disease,2026-09-10,2.0.0
CIT-FINAL-01094,report_graves_ted_landscape_v2.md,Markdown,line=211,[564],564,resolved,1,"UCB to acquire Candid Therapeutics, building upon its existing immunology pipeline with novel T-cell engagers | UCB",2026-09-10,2.0.0
CIT-FINAL-01095,report_graves_ted_landscape_v2.md,Markdown,line=211,[645],645,resolved,1,"UCB completes acquisition of Candid Therapeutics, strengthening next generation immunology pipeline | UCB",2026-09-10,2.0.0
CIT-FINAL-01096,report_graves_ted_landscape_v2.md,Markdown,line=211,[909],909,resolved,1,"A Phase 1b, Open-Label, Multicenter Study Evaluating the Safety, Tolerability, Pharmacokinetics, Pharmacodynamics, Immunogenicity, and Preliminary Clinical Activity of Cizutamig in Patients With Thyroid Eye Disease",2026-09-10,2.0.0
CIT-FINAL-01097,report_graves_ted_landscape_v2.md,Markdown,line=212,[857],857,resolved,1,"A Phase 3, Randomized, Double-Masked, Placebo-Controlled, Multicenter Study to Evaluate the Efficacy, Safety, Tolerability, Pharmacokinetics, Pharmacodynamics, and Immunogenicity of Efgartigimod PH20 SC Administered by Prefilled Syringe in Adult Participants With Thyroid Eye Disease",2026-09-10,2.0.0
CIT-FINAL-01098,report_graves_ted_landscape_v2.md,Markdown,line=212,[858],858,resolved,1,"A Phase 3, Randomized, Double-Masked, Placebo-Controlled, Multicenter Study to Evaluate the Efficacy, Safety, Tolerability, Pharmacokinetics, Pharmacodynamics, and Immunogenicity of Efgartigimod PH20 SC Administered by Prefilled Syringe in Adult Participants With Thyroid Eye Disease",2026-09-10,2.0.0
CIT-FINAL-01099,report_graves_ted_landscape_v2.md,Markdown,line=212,[906],906,resolved,1,"A Phase 3, Randomized, Double-Masked, Placebo-Controlled, Multicenter Study Evaluating the Efficacy and Safety of Efgartigimod PH20 SC PFS in Adult Participants With Graves' Disease Inadequately Controlled With Antithyroid Drugs",2026-09-10,2.0.0
CIT-FINAL-01100,report_graves_ted_landscape_v2.md,Markdown,line=212,[908],908,resolved,1,"A Phase 3, Randomized, Double-Masked, Placebo-Controlled, Multicenter Study Evaluating the Efficacy and Safety of Efgartigimod PH20 SC PFS in Adult Participants With Graves' Disease Inadequately Controlled With Antithyroid Drugs",2026-09-10,2.0.0
CIT-FINAL-01101,report_graves_ted_landscape_v2.md,Markdown,line=213,[918],918,resolved,1,"A Placebo-Controlled, Multicenter, Randomized Phase 2 Trial Evaluating the Efficacy and Safety of Felzartamab Compared to Placebo in Adult Participants With Graves' Disease",2026-09-10,2.0.0
CIT-FINAL-01102,report_graves_ted_landscape_v2.md,Markdown,line=214,[541],541,resolved,1,GenSci098,2026-09-10,2.0.0
CIT-FINAL-01103,report_graves_ted_landscape_v2.md,Markdown,line=214,[870],870,resolved,1,"A Phase 1 Clinical Study to Evaluate the Safety, Tolerability, Pharmacokinetics, and Pharmacodynamics of Single and Multiple Ascending Subcutaneous Doses of GenSci098 in TED Patients",2026-09-10,2.0.0
CIT-FINAL-01104,report_graves_ted_landscape_v2.md,Markdown,line=214,[897],897,resolved,1,"A Phase I Clinical Study to Evaluate the Safety, Tolerability, Pharmacokinetics, and Pharmacodynamics of Single Ascending Subcutaneous Dose of GenSci098 in Patients With Graves' Disease",2026-09-10,2.0.0
CIT-FINAL-01105,report_graves_ted_landscape_v2.md,Markdown,line=214,[915],915,resolved,1,"A Randomized, Blinded, Placebo-Controlled, Two-Part, Phase 2 Study to Assess Safety, Tolerability, Pharmacokinetics, and Efficacy of YB-101 in Participants With Graves' Disease",2026-09-10,2.0.0
CIT-FINAL-01106,report_graves_ted_landscape_v2.md,Markdown,line=215,[900],900,resolved,1,A Safety and Efficacy Study of in Vivo CAR-T (HN2301) for Refractory Graves' Disease,2026-09-10,2.0.0
CIT-FINAL-01107,report_graves_ted_landscape_v2.md,Markdown,line=216,[828],828,resolved,1,A Randomized Controlled Trial on the Effect of Hydroxychloroquine in Mild Graves' Orbitopathy,2026-09-10,2.0.0
CIT-FINAL-01108,report_graves_ted_landscape_v2.md,Markdown,line=217,[619],619,resolved,1,NCT07622368,2026-09-10,2.0.0
CIT-FINAL-01109,report_graves_ted_landscape_v2.md,Markdown,line=217,[913],913,resolved,1,"A Phase I Clinical Study to Evaluate the Safety, Tolerability, and Pharmacokinetics of Single and Multiple Ascending Doses of IBI3031 in Participants With Thyroid Eye Disease",2026-09-10,2.0.0
CIT-FINAL-01110,report_graves_ted_landscape_v2.md,Markdown,line=218,[842],842,resolved,1,"A Multicenter, Randomized, Double-masked, Placebo-controlled Phase II/III Study Evaluating the Efficacy and Safety of IBI311 in Subjects With Active Thyroid Eye Disease",2026-09-10,2.0.0
CIT-FINAL-01111,report_graves_ted_landscape_v2.md,Markdown,line=218,[851],851,resolved,1,"A Multicenter, Open-label Extension Study Evaluating the Efficacy and Safety of IBI311 in Subjects With Thyroid Eye Disease",2026-09-10,2.0.0
CIT-FINAL-01112,report_graves_ted_landscape_v2.md,Markdown,line=218,[856],856,resolved,1,"An Exploratory Study of the Efficacy and Safety of IBI311, a Modified Anti-IGF-1R Antibody, in Patients With Steroid-resistant, Thyroid Associated Ophthalmopathy",2026-09-10,2.0.0
CIT-FINAL-01113,report_graves_ted_landscape_v2.md,Markdown,line=218,[866],866,resolved,1,"A Multicenter, Randomized, Double-Masked Phase II Study Evaluating the Efficacy and Safety of IBI311 in Subjects With Inactive or Active Thyroid Eye Disease",2026-09-10,2.0.0
CIT-FINAL-01114,report_graves_ted_landscape_v2.md,Markdown,line=218,[883],883,resolved,1,"A Multicenter, Randomized, Double-masked, Placebo-controlled Phase III Clinical Study to Evaluate the Efficacy and Safety of IBI311 in Subjects With Inactive Thyroid Eye Disease",2026-09-10,2.0.0
CIT-FINAL-01115,report_graves_ted_landscape_v2.md,Markdown,line=218,[886],886,resolved,1,The Safety and Efficacy of Sequential Hormone Therapy and IBI311 Therapy in Patients With Active Moderate to Severe TAO in the Initial Treatment.,2026-09-10,2.0.0
CIT-FINAL-01116,report_graves_ted_landscape_v2.md,Markdown,line=218,[887],887,resolved,1,Efficacy and Safety of Sequential Hormone Therapy and Tetuzumab Therapy in Patients With Moderate to Severe TAO in the Active Stage After Glucocorticoid Treatment,2026-09-10,2.0.0
CIT-FINAL-01117,report_graves_ted_landscape_v2.md,Markdown,line=218,[888],888,resolved,1,Evaluation of the Efficacy and Safety Observation of IBI311 Treatment in Patients With Inactive TAO,2026-09-10,2.0.0
CIT-FINAL-01118,report_graves_ted_landscape_v2.md,Markdown,line=219,[875],875,resolved,1,"A Randomized, Double-Blind, Placebo-Controlled, Phase 2b Study to Assess the Efficacy, Safety, and Tolerability of IMVT-1402 as Treatment for Adult Patients With Graves' Disease",2026-09-10,2.0.0
CIT-FINAL-01119,report_graves_ted_landscape_v2.md,Markdown,line=219,[882],882,resolved,1,"A Randomized, Double-Blind, Placebo-Controlled, Phase 2b Study to Assess the Efficacy, Safety, and Tolerability of IMVT-1402 as Treatment for Adult Patients With Graves' Disease",2026-09-10,2.0.0
CIT-FINAL-01120,report_graves_ted_landscape_v2.md,Markdown,line=219,[896],896,resolved,1,"A Long-Term Extension Study to Assess the Efficacy, Safety, and Tolerability of IMVT-1402 in Adult Patients With Graves' Disease",2026-09-10,2.0.0
CIT-FINAL-01121,report_graves_ted_landscape_v2.md,Markdown,line=220,[796],796,resolved,1,An Open Label Study to Evaluate the Safety and Efficacy of 12 Week Treatment With CFZ533 in Patients With Graves' Disease,2026-09-10,2.0.0
CIT-FINAL-01122,report_graves_ted_landscape_v2.md,Markdown,line=221,[164],164,resolved,1,"Safety, pharmacokinetics, and potential benefits of TSH-receptor-specific monoclonal autoantibody K1-70TM in Japanese Graves’ disease patients: results of a phase 1 trial",2026-09-10,2.0.0
CIT-FINAL-01123,report_graves_ted_landscape_v2.md,Markdown,line=221,[799],799,resolved,1,"K1-70 - A Phase I, Single Ascending Intramuscular Dose or Single Ascending Intravenous Dose, Safety, Tolerability, Pharmacokinetic and Pharmacodynamic Study in Subjects With Graves' Disease",2026-09-10,2.0.0
CIT-FINAL-01124,report_graves_ted_landscape_v2.md,Markdown,line=222,[864],864,resolved,1,Evaluation of K9 in Subjects With Thyroid Eye Disease (TED),2026-09-10,2.0.0
CIT-FINAL-01125,report_graves_ted_landscape_v2.md,Markdown,line=223,[916],916,resolved,1,"A Multicenter, Randomized, Double-Blind, Placebo-Controlled Phase III Clinical Study to Evaluate the Efficacy and Safety of KHN939 in the Treatment of Moderate-to-Severe Active Thyroid Eye Disease (TED) in China",2026-09-10,2.0.0
CIT-FINAL-01126,report_graves_ted_landscape_v2.md,Markdown,line=223,[917],917,resolved,1,"A Multicenter, Randomized, Double-masked, Placebo-Controlled Phase III Clinical Study to Evaluate the Efficacy and Safety of KHN939 in the Treatment of Moderate-to-Severe Inactive Thyroid Eye Disease (TED) in China.",2026-09-10,2.0.0
CIT-FINAL-01127,report_graves_ted_landscape_v2.md,Markdown,line=224,[758],758,resolved,1,"A Phase II, Single Centre, Randomized, Double-blind, Parallel and Placebo Controlled, Pilot Study to Evaluate the Efficacy and Safety of Somatuline Autogel 60mg in Patients With Active Thyroid-associated Ophthalmopathy of Moderate Intensity.",2026-09-10,2.0.0
CIT-FINAL-01128,report_graves_ted_landscape_v2.md,Markdown,line=225,[422],422,resolved,1,IL-11 receptor is a novel target for drug development with pharmacological activity in fibro-inflammatory disease | Scientific Reports,2026-09-10,2.0.0
CIT-FINAL-01129,report_graves_ted_landscape_v2.md,Markdown,line=225,[521],521,resolved,1,IL-11 receptor is a novel target for drug development with pharmacological activity in fibro-inflammatory disease — article PDF,2026-09-10,2.0.0
CIT-FINAL-01130,report_graves_ted_landscape_v2.md,Markdown,line=225,[832],832,resolved,1,"A Phase 1/2a, Randomized, Double-blind, Placebo-controlled, Single and Multiple Ascending Dose Study to Determine the Safety, Tolerability, Preliminary Efficacy, Immunogenicity and Pharmacokinetic Properties of LASN01 in Healthy Subjects and in Patients With Pulmonary Fibrosis or Thyroid Eye Disease",2026-09-10,2.0.0
CIT-FINAL-01131,report_graves_ted_landscape_v2.md,Markdown,line=225,[853],853,resolved,1,"A Phase 2, Proof-of-Concept, Randomized, Double-Masked, Placebo-Controlled Study to Determine the Efficacy and Safety of LASN01 in Patients With Thyroid Eye Disease",2026-09-10,2.0.0
CIT-FINAL-01132,report_graves_ted_landscape_v2.md,Markdown,line=226,[1],1,resolved,1,Programs - Lycia Therapeutics,2026-09-10,2.0.0
CIT-FINAL-01133,report_graves_ted_landscape_v2.md,Markdown,line=226,[2],2,resolved,1,Graves Disease · Phase I (2025-524053-14-00) | CTIS.eu,2026-09-10,2.0.0
CIT-FINAL-01134,report_graves_ted_landscape_v2.md,Markdown,line=227,[714],714,resolved,1,"A Phase 2b, Study of Linsitinib in Subjects With Active, Moderate to Severe Thyroid Eye Disease (TED)",2026-09-10,2.0.0
CIT-FINAL-01135,report_graves_ted_landscape_v2.md,Markdown,line=227,[715],715,resolved,1,News - Sling Therapeutics,2026-09-10,2.0.0
CIT-FINAL-01136,report_graves_ted_landscape_v2.md,Markdown,line=227,[831],831,resolved,1,"A Phase 2b, Randomized, Double-Mask, Placebo-Controlled, Study to Evaluate the Safety, Pharmacokinetics and Efficacy of Linsitinib in Subjects With Active, Moderate to Severe Thyroid Eye Disease (TED)",2026-09-10,2.0.0
CIT-FINAL-01137,report_graves_ted_landscape_v2.md,Markdown,line=227,[850],850,resolved,1,"A Multicenter, Extension Study to Evaluate the Efficacy, Safety, Pharmacokinetics, and Pharmacodynamics of Two Doses of Linsitinib in Subjects With Active, Moderate to Severe Thyroid Eye Disease (TED)",2026-09-10,2.0.0
CIT-FINAL-01138,report_graves_ted_landscape_v2.md,Markdown,line=227,[919],919,resolved,1,"A Phase 3, Randomized, Double-mask, Placebo-controlled Study With Open-label Extension to Evaluate the Efficacy and Safety of Linsitinib in Participants With Moderate to Severe Active Thyroid Eye Disease (TED)",2026-09-10,2.0.0
CIT-FINAL-01139,report_graves_ted_landscape_v2.md,Markdown,line=228,[840],840,resolved,1,"A Phase 1/2, Adaptive, Multiple Dose Ranging Study Evaluating the Safety, Tolerability, Pharmacokinetics, and Clinical Efficacy of Lonigutamab in Subjects With Thyroid Eye Disease (TED)",2026-09-10,2.0.0
CIT-FINAL-01140,report_graves_ted_landscape_v2.md,Markdown,line=229,[868],868,resolved,1,"Interventional, Open-label, Single-group, Long-term Follow-up Trial of Lu AG22515 in Patients With Moderate-to-severe Thyroid Eye Disease",2026-09-10,2.0.0
CIT-FINAL-01141,report_graves_ted_landscape_v2.md,Markdown,line=230,[6],6,resolved,1,Pipeline & Programs - Merida Biosciences,2026-09-10,2.0.0
CIT-FINAL-01142,report_graves_ted_landscape_v2.md,Markdown,line=230,[7],7,resolved,1,NEXUS Study: A Study to Test Single and Multiple Doses of MER511 Given to Adults With Graves' Disease,2026-09-10,2.0.0
CIT-FINAL-01143,report_graves_ted_landscape_v2.md,Markdown,line=230,[8],8,resolved,1,OR31-05 Specific and Deep Depletion of anti-TSHR Autoantibodies for the Treatment of Graves’ and Thyroid Eye Disease,2026-09-10,2.0.0
CIT-FINAL-01144,report_graves_ted_landscape_v2.md,Markdown,line=230,[898],898,resolved,1,"A Phase 1, First-in-Human, Placebo-Controlled, Single and Multiple Ascending Dose Study to Evaluate Safety, Tolerability, Pharmacokinetics, Pharmacodynamics, and Immunogenicity of Intravenous and Subcutaneous Administration of MER511 in Adults With Graves' Disease",2026-09-10,2.0.0
CIT-FINAL-01145,report_graves_ted_landscape_v2.md,Markdown,line=231,[459],459,resolved,1,MHB018A Treatment in Patients With Active Thyroid Eye Disease,2026-09-10,2.0.0
CIT-FINAL-01146,report_graves_ted_landscape_v2.md,Markdown,line=231,[460],460,resolved,1,"Treatment of Active Thyroid Eye Disease With MHB018A in a Randomized, Placebo-Controlled Study",2026-09-10,2.0.0
CIT-FINAL-01147,report_graves_ted_landscape_v2.md,Markdown,line=231,[461],461,resolved,1,MHB018A shows clinical activity in active and chronic thyroid eye disease - touchOPHTHALMOLOGY,2026-09-10,2.0.0
CIT-FINAL-01148,report_graves_ted_landscape_v2.md,Markdown,line=231,[881],881,resolved,1,"A Phase III, Randomized, Double-Blind, Placebo-Controlled Study to Evaluate the Efficacy of MHB018A Injection in Subjects With Active Moderate-to-Severe Thyroid Eye Disease.",2026-09-10,2.0.0
CIT-FINAL-01149,report_graves_ted_landscape_v2.md,Markdown,line=231,[892],892,resolved,1,"A Phase III, Randomized, Double-Blind, Placebo-Controlled Study to Evaluate the Efficacy of MHB018A Injection in Subjects With Chronic Moderate-to-Severe Thyroid Eye Disease.",2026-09-10,2.0.0
CIT-FINAL-01150,report_graves_ted_landscape_v2.md,Markdown,line=231,[894],894,resolved,1,"A Phase III, Multicenter, Open-Label Extension Study to Evaluate the Efficacy and Safety of MHB018A Injection in Subjects With Thyroid Eye Disease",2026-09-10,2.0.0
CIT-FINAL-01151,report_graves_ted_landscape_v2.md,Markdown,line=231,[910],910,resolved,1,"A Phase III, Multicenter, Open-Label Extension Study to Evaluate the Efficacy and Safety of MHB018A Injection in Subjects With Thyroid Eye Disease",2026-09-10,2.0.0
CIT-FINAL-01152,report_graves_ted_landscape_v2.md,Markdown,line=231,[911],911,resolved,1,"A Phase III, Randomized, Double-Masked, Placebo-Controlled Study to Evaluate the Efficacy of MHB018A Injection Treatment in Subjects With Active Moderate to Severe Thyroid Eye Disease.",2026-09-10,2.0.0
CIT-FINAL-01153,report_graves_ted_landscape_v2.md,Markdown,line=231,[912],912,resolved,1,"A Phase III, Randomized, Double-Masked, Placebo-Controlled Study to Evaluate the Efficacy of MHB018A Injection Treatment in Subjects With Chronic Moderate-to-Severe Thyroid Eye Disease",2026-09-10,2.0.0
CIT-FINAL-01154,report_graves_ted_landscape_v2.md,Markdown,line=232,[404],404,resolved,1,An Efficacy and Safety Study of NTB003 in Participants With Thyroid Eye Disease (TED),2026-09-10,2.0.0
CIT-FINAL-01155,report_graves_ted_landscape_v2.md,Markdown,line=232,[495],495,resolved,1,Biocytogen and Nanjing Chia Tai Tianqing Announce IND Approval in China for Co-Developed Anti-IGF-1R Antibody NTB003 (BCG009),2026-09-10,2.0.0
CIT-FINAL-01156,report_graves_ted_landscape_v2.md,Markdown,line=232,[904],904,resolved,1,"A Phase Ib/II, Efficacy and Safety Study of NTB003 in Participants With Thyroid Eye Disease (TED)",2026-09-10,2.0.0
CIT-FINAL-01157,report_graves_ted_landscape_v2.md,Markdown,line=233,[767],767,resolved,1,"A Randomised, Comparator Controlled, Two Part, Open-label Study to Evaluate the Safety, Tolerability and Pharmacodynamics of Multiple Doses of Otelixizumab in Patients With Thyroid Orbitopathy",2026-09-10,2.0.0
CIT-FINAL-01158,report_graves_ted_landscape_v2.md,Markdown,line=234,[830],830,resolved,1,"Single-centre, Safety and Efficacy, Open-label Study Evaluating Antithymocyte Globulin Treatment in Subjects With Graves Orbitopathy",2026-09-10,2.0.0
CIT-FINAL-01159,report_graves_ted_landscape_v2.md,Markdown,line=235,[880],880,resolved,1,An Open-label Phase 2 Study to Investigate the Efficacy and Safety of Rilzabrutinib in Adult Participants With Graves' Disease,2026-09-10,2.0.0
CIT-FINAL-01160,report_graves_ted_landscape_v2.md,Markdown,line=236,[755],755,resolved,1,B Cell Depletion With the Anti-CD20 Monoclonal Antibody Rituximab in the Treatment of Graves' Disease,2026-09-10,2.0.0
CIT-FINAL-01161,report_graves_ted_landscape_v2.md,Markdown,line=236,[760],760,resolved,1,Rituximab Treatment of Graves' Dysthyroid Ophthalmopathy Phase I/II,2026-09-10,2.0.0
CIT-FINAL-01162,report_graves_ted_landscape_v2.md,Markdown,line=236,[762],762,resolved,1,Phase 2/3 Study of Rituximab for Graves' Ophthalmopathy,2026-09-10,2.0.0
CIT-FINAL-01163,report_graves_ted_landscape_v2.md,Markdown,line=236,[791],791,resolved,1,Rituximab (RTX) Therapy in Steroid Resistant Patients or Patients Relapsing After Intravenous Steroids With Active TAO,2026-09-10,2.0.0
CIT-FINAL-01164,report_graves_ted_landscape_v2.md,Markdown,line=237,[675],675,resolved,1,Targeting IL-6 Receptor Signaling with Satralizumab in Thyroid Eye Disease: Design of the Phase 3 SatraGO-1 and SatraGO-2 Trials,2026-09-10,2.0.0
CIT-FINAL-01165,report_graves_ted_landscape_v2.md,Markdown,line=237,[699],699,resolved,1,Primary Results of the Phase-3 SatraGO-1 and SatraGO 2 Trials: Efficacy and Safety of Satralizumab▼ in Thyroid Eye Disease,2026-09-10,2.0.0
CIT-FINAL-01166,report_graves_ted_landscape_v2.md,Markdown,line=237,[701],701,resolved,1,"FDA grants Priority Review to Roche’s Enspryng, the first and only at-home subcutaneous treatment option for thyroid eye disease (TED)",2026-09-10,2.0.0
CIT-FINAL-01167,report_graves_ted_landscape_v2.md,Markdown,line=237,[844],844,resolved,1,"A Phase III, Randomized, Double-Masked, Placebo-Controlled, Multicenter Study to Evaluate the Efficacy, Safety, Pharmacokinetics, and Pharmacodynamics of Satralizumab in Participants With Moderate-to-Severe Thyroid Eye Disease",2026-09-10,2.0.0
CIT-FINAL-01168,report_graves_ted_landscape_v2.md,Markdown,line=237,[849],849,resolved,1,"A Phase III, Randomized, Double-Masked, Placebo-Controlled, Multicenter Study to Evaluate the Efficacy, Safety, Pharmacokinetics, and Pharmacodynamics of Satralizumab in Participants With Moderate-to-Severe Thyroid Eye Disease",2026-09-10,2.0.0
CIT-FINAL-01169,report_graves_ted_landscape_v2.md,Markdown,line=238,[876],876,resolved,1,"A Multicentre, Randomized, Double-blinded, Placebo-controlled Phase I/II Clinical Study to Evaluate the Safety, Tolerability, Pharmacokinetics, Pharmacodynamics, and Efficacy of SCTT11 in Healthy Participants and Participants with Moderate-to-severe Thyroid Eye Disease",2026-09-10,2.0.0
CIT-FINAL-01170,report_graves_ted_landscape_v2.md,Markdown,line=239,[819],819,resolved,1,"A Two-year Multi-center Phase 3 Study to Investigate the Efficacy and Safety of Secukinumab in Adult Patients With Active, Moderate to Severe Thyroid Eye Disease (ORBIT), With a Randomized, Parallel-group, Double-blind, Placebo-controlled, 16-week Treatment Period, and a Follow-up/Retreatment Period",2026-09-10,2.0.0
CIT-FINAL-01171,report_graves_ted_landscape_v2.md,Markdown,line=240,[833],833,resolved,1,"A Single-arm, Open-label, Prospective Phase II Study to Evaluate the Efficacy and Safety of SHR-1314 by Subcutaneous Injection in Active Moderate to Severe Graves' Orbitopathy Patients",2026-09-10,2.0.0
CIT-FINAL-01172,report_graves_ted_landscape_v2.md,Markdown,line=241,[818],818,resolved,1,"A Phase II, Randomized, Superiority, Adaptive, Open-label, Single-center, Clinical Trial to Evaluate the Efficacy of Sirolimus (Rapamycin) in Patients With Graves' Disease and Moderate-to-severe and Active Graves' Orbitopathy (GO)",2026-09-10,2.0.0
CIT-FINAL-01173,report_graves_ted_landscape_v2.md,Markdown,line=241,[822],822,resolved,1,Prospective Comparison of Sirolimus Against Corticosteroids in Treatment of Patients With Active Thyroid Eye Disease,2026-09-10,2.0.0
CIT-FINAL-01174,report_graves_ted_landscape_v2.md,Markdown,line=241,[839],839,resolved,1,"Efficacy and Safety Evaluation of Rapamycin Combined With Methylprednisolone in the Treatment of Hyperthyroidism Exophthalmos: A Randomized, Controlled, Multicenter Clinical Trial.",2026-09-10,2.0.0
CIT-FINAL-01175,report_graves_ted_landscape_v2.md,Markdown,line=242,[814],814,resolved,1,"A Double-masked, Methylprednisolone-control, Efficacy and Safety Study of 99Tc-MDP for Thyroid Associated Ophthalmopathy.",2026-09-10,2.0.0
CIT-FINAL-01176,report_graves_ted_landscape_v2.md,Markdown,line=243,[190],190,resolved,1,Efficacy and Safety of Teprotumumab in Patients With Thyroid Eye Disease of Long Duration and Low Disease Activity,2026-09-10,2.0.0
CIT-FINAL-01177,report_graves_ted_landscape_v2.md,Markdown,line=243,[191],191,resolved,1,"Teprotumumab Efficacy, Safety and Durability in Longer Duration Thyroid Eye Disease and Retreatment: Optic-X Study.",2026-09-10,2.0.0
CIT-FINAL-01178,report_graves_ted_landscape_v2.md,Markdown,line=243,[274],274,resolved,1,TEPEZZA (teprotumumab-trbw) Prescribing Information — original 2020 label,2026-09-10,2.0.0
CIT-FINAL-01179,report_graves_ted_landscape_v2.md,Markdown,line=243,[780],780,resolved,1,"A Multicenter, Double-Masked, Placebo-Controlled, Efficacy And Safety Study Of RV 001, An Insulin-Like Growth Factor-1 Receptor (IGF-1R) Antagonist Antibody (Fully Human), Administered Every 3 Weeks (q3W) By Intravenous (IV) Infusion In Patients Suffering From Active Thyroid Eye Disease (TED)",2026-09-10,2.0.0
CIT-FINAL-01180,report_graves_ted_landscape_v2.md,Markdown,line=243,[807],807,resolved,1,"A Phase 3, Randomized, Double-Masked, Placebo-Controlled, Parallel-Group, Multicenter Study Evaluating Teprotumumab (HZN-001) Treatment in Subjects With Active Thyroid Eye Disease",2026-09-10,2.0.0
CIT-FINAL-01181,report_graves_ted_landscape_v2.md,Markdown,line=243,[809],809,resolved,1,"Multicenter, Safety and Efficacy, Open-Label Extension Study Evaluating Teprotumumab (HZN-001) Treatment in Subjects With Thyroid Eye Disease",2026-09-10,2.0.0
CIT-FINAL-01182,report_graves_ted_landscape_v2.md,Markdown,line=243,[817],817,resolved,1,"A Phase 4, Randomized, Double-masked, Placebo-controlled, Multicenter Trial to Evaluate the Efficacy and Safety of TEPEZZA® in Treating Patients With Chronic (Inactive) Thyroid Eye Disease",2026-09-10,2.0.0
CIT-FINAL-01183,report_graves_ted_landscape_v2.md,Markdown,line=243,[823],823,resolved,1,"A Phase 3b/4, Double-masked, Randomized, International, Parallel-assignment, Multicenter Trial in Patients With Thyroid Eye Disease to Evaluate the Safety and Tolerability of Different Dosing Durations of Teprotumumab",2026-09-10,2.0.0
CIT-FINAL-01184,report_graves_ted_landscape_v2.md,Markdown,line=243,[855],855,resolved,1,"A Phase 3, Randomized, Double-masked, Placebo-controlled, Parallel-group, Multicenter Trial to Evaluate the Efficacy, Safety and Tolerability of Subcutaneous Teprotumumab in Participants With Moderate-to-Severe Active Thyroid Eye Disease",2026-09-10,2.0.0
CIT-FINAL-01185,report_graves_ted_landscape_v2.md,Markdown,line=243,[860],860,resolved,1,"A Phase 1b, Open-label, Multicenter Trial to Evaluate the Pharmacokinetics, Safety, and Tolerability of Two Formulations of a Single Subcutaneous Dose of Teprotumumab Followed by Multiple Intravenous Doses of TEPEZZA in Participants With Thyroid Eye Disease",2026-09-10,2.0.0
CIT-FINAL-01186,report_graves_ted_landscape_v2.md,Markdown,line=243,[869],869,resolved,1,"A Phase 1, Open-Label, Single Ascending Dose Study to Evaluate the Safety, Tolerability, and Pharmacokinetics of TEPEZZA Subcutaneous Administration in Healthy Adult Subjects",2026-09-10,2.0.0
CIT-FINAL-01187,report_graves_ted_landscape_v2.md,Markdown,line=243,[873],873,resolved,1,"A Phase 1, Open-label, Single-dose Trial to Evaluate the Pharmacokinetics, Safety and Tolerability of Teprotumumab (High-concentration Formulation) Subcutaneous Administration in Healthy Adult Non-Japanese and Japanese Volunteers",2026-09-10,2.0.0
CIT-FINAL-01188,report_graves_ted_landscape_v2.md,Markdown,line=243,[885],885,resolved,1,"A Phase 1, Randomized, Placebo-controlled, Double-blind, Single-dose Study to Evaluate Pharmacokinetics, Safety, and Tolerability of Teprotumumab (AMG 632) Administered Intravenously in Healthy Chinese Participants",2026-09-10,2.0.0
CIT-FINAL-01189,report_graves_ted_landscape_v2.md,Markdown,line=243,[895],895,resolved,1,"A Multicenter, Randomized, Open-Label, Active-Controlled Phase IV Clinical Study to Evaluate the Efficacy and Safety of Teprotumumab N01 in the Treatment of Active Thyroid Eye Disease",2026-09-10,2.0.0
CIT-FINAL-01190,report_graves_ted_landscape_v2.md,Markdown,line=243,[899],899,resolved,1,A Comparative Study of Shortened (4-Infusion) Versus Standard (8-Infusion) Teprotumumab Regimens in Patients With Thyroid Eye Disease (TED) Exhibiting an Early Optimal Clinical Response,2026-09-10,2.0.0
CIT-FINAL-01191,report_graves_ted_landscape_v2.md,Markdown,line=243,[907],907,resolved,1,"A Single-Center, Prospective, Randomized, Open-Label, Parallel-Group Study Comparing Sequential Teprotumumab N01 With Intravenous Methylprednisolone After Urgent Orbital Decompression in Patients With Dysthyroid Optic Neuropathy",2026-09-10,2.0.0
CIT-FINAL-01192,report_graves_ted_landscape_v2.md,Markdown,line=244,[772],772,resolved,1,"Clinical Trial Phase III, Parallel Group, Randomized, Placebo-controlled, Double-blind, Multicenter Study to Evaluate the Efficacy and Safety of Tocilizumab Administration in Patients With Moderate-to-severe or Sight-threatening Graves' Ophthalmopathy (GO), That Had Not Responded Adequately to Treatment With Intravenous Corticoid Pulses.",2026-09-10,2.0.0
CIT-FINAL-01193,report_graves_ted_landscape_v2.md,Markdown,line=244,[821],821,resolved,1,"Multicenter, Randomized, Observer-blind, Controlled Study of the Anti-IL-6 Receptor Antibody Tocilizumab (TCZ) or Methylprednisolone (MP) Treatment in Patients With Active Moderate-severe Graves' Orbitopathy",2026-09-10,2.0.0
CIT-FINAL-01194,report_graves_ted_landscape_v2.md,Markdown,line=244,[847],847,resolved,1,Efficacy and Safety of Tocilizumab for Patients With Thyroid-associated Ophthalmopathy,2026-09-10,2.0.0
CIT-FINAL-01195,report_graves_ted_landscape_v2.md,Markdown,line=244,[878],878,resolved,1,Clinical Study on the Combined Use of Tocilizumab and Flupentixol-Melitracen in the Treatment of Thyroid-Associated Ophthalmopathy: A Prospective Exploratory Study,2026-09-10,2.0.0
CIT-FINAL-01196,report_graves_ted_landscape_v2.md,Markdown,line=245,[905],905,resolved,1,"A Single-Arm, Open-Label, Exploratory Study of Tofacitinib in Patients With Glucocorticoid-Resistant or Intolerant Moderate-to-Severe Active Thyroid Eye Disease",2026-09-10,2.0.0
CIT-FINAL-01197,report_graves_ted_landscape_v2.md,Markdown,line=246,[848],848,resolved,1,"A Multicenter Phase 2b Randomized, Double-Masked, Placebo-Controlled Dose-Ranging Study of TOUR006 in Participants With Thyroid Eye Disease",2026-09-10,2.0.0
CIT-FINAL-01198,report_graves_ted_landscape_v2.md,Markdown,line=247,[826],826,resolved,1,A Multi-model Image of Immunosuppressive Agents in Thyroid Associated Ophthalmopathy.,2026-09-10,2.0.0
CIT-FINAL-01199,report_graves_ted_landscape_v2.md,Markdown,line=248,[230],230,resolved,1,THRIVE,2026-09-10,2.0.0
CIT-FINAL-01200,report_graves_ted_landscape_v2.md,Markdown,line=248,[373],373,resolved,1,LUMVOA (veligrotug-vvze) Prescribing Information,2026-09-10,2.0.0
CIT-FINAL-01201,report_graves_ted_landscape_v2.md,Markdown,line=248,[726],726,resolved,1,BLA 761530 approval letter for LUMVOA,2026-09-10,2.0.0
CIT-FINAL-01202,report_graves_ted_landscape_v2.md,Markdown,line=248,[727],727,resolved,1,Novel Drug Approvals for 2026,2026-09-10,2.0.0
CIT-FINAL-01203,report_graves_ted_landscape_v2.md,Markdown,line=248,[829],829,resolved,1,"A Safety, Tolerability, and Efficacy Study of Veligrotug, a Humanized Monoclonal Antibody Directed Against the IGF-1 Receptor in Subjects With Thyroid Eye Disease",2026-09-10,2.0.0
CIT-FINAL-01204,report_graves_ted_landscape_v2.md,Markdown,line=248,[845],845,resolved,1,"A Randomized, Double-masked, Placebo-controlled Safety, Tolerability, and Efficacy Study of VRDN-001, a Humanized Monoclonal Antibody Directed Against the IGF-1 Receptor, in Participants With Chronic Thyroid Eye Disease (TED)",2026-09-10,2.0.0
CIT-FINAL-01205,report_graves_ted_landscape_v2.md,Markdown,line=248,[852],852,resolved,1,An Open-label Study for Participants Who Are Non-responders at the End of Treatment Assessment on the VRDN-001-101 and VRDN-001-301 Pivotal Studies,2026-09-10,2.0.0
CIT-FINAL-01206,report_graves_ted_landscape_v2.md,Markdown,line=248,[859],859,resolved,1,"A Randomized, Controlled, Safety and Tolerability Study of VRDN-001, a Humanized Monoclonal Antibody Directed Against the IGF-1 Receptor, in Participants With Thyroid Eye Disease (TED)",2026-09-10,2.0.0
CIT-FINAL-01207,report_graves_ted_landscape_v2.md,Markdown,line=249,[871],871,resolved,1,"REVEAL-2 - A Phase 3, Randomized, Double-masked, Placebo-controlled, Efficacy, Safety, and Tolerability Study of VRDN-003 in Participants With Chronic Thyroid Eye Disease (TED)",2026-09-10,2.0.0
CIT-FINAL-01208,report_graves_ted_landscape_v2.md,Markdown,line=249,[872],872,resolved,1,"REVEAL-1 - A Phase 3, Randomized, Double-masked, Placebo-controlled, Efficacy, Safety, and Tolerability Study of VRDN-003 in Participants With Active Thyroid Eye Disease (TED)",2026-09-10,2.0.0
CIT-FINAL-01209,report_graves_ted_landscape_v2.md,Markdown,line=249,[877],877,resolved,1,"A Randomized, Double-masked, Controlled, Safety and Tolerability Study of VRDN-003 in Participants With Thyroid Eye Disease (TED)",2026-09-10,2.0.0
CIT-FINAL-01210,report_graves_ted_landscape_v2.md,Markdown,line=249,[889],889,resolved,1,"A Randomized, Open-label Study Evaluating the Safety, Tolerability and Pharmacokinetics of VRDN-003 Administered Subcutaneously in Participants With Thyroid Eye Disease (TED)",2026-09-10,2.0.0
CIT-FINAL-01211,report_graves_ted_landscape_v2.md,Markdown,line=249,[891],891,resolved,1,"A Multicenter, Double-blinded, Randomized, Placebo Controlled Phase 3 Trial to Evaluate the Efficacy and Safety of ZL-1109 in Chinese Participants With Thyroid Eye Disease (TED)",2026-09-10,2.0.0
CIT-FINAL-01212,report_graves_ted_landscape_v2.md,Markdown,line=250,[854],854,resolved,1,"A Double-blind, Placebo-controlled, Phase 2 Dose-range Study to Assess the Efficacy and Safety of WP1302 in Preventing Disease Relapse Following Methimazole Withdrawal in Subjects With Graves' Disease",2026-09-10,2.0.0
CIT-FINAL-01213,report_graves_ted_landscape_v2.md,Markdown,line=251,[841],841,resolved,1,A Multiple Ascending Doses Study of ZB001 in Chinese Patients With Thyroid-Associated Ophthalmopathy,2026-09-10,2.0.0
CIT-FINAL-01214,report_graves_ted_landscape_v2.md,Markdown,line=263,[1],1,resolved,1,Programs - Lycia Therapeutics,2026-09-10,2.0.0
CIT-FINAL-01215,report_graves_ted_landscape_v2.md,Markdown,line=263,[2],2,resolved,1,Graves Disease · Phase I (2025-524053-14-00) | CTIS.eu,2026-09-10,2.0.0
CIT-FINAL-01216,report_graves_ted_landscape_v2.md,Markdown,line=263,[6],6,resolved,1,Pipeline & Programs - Merida Biosciences,2026-09-10,2.0.0
CIT-FINAL-01217,report_graves_ted_landscape_v2.md,Markdown,line=263,[7],7,resolved,1,NEXUS Study: A Study to Test Single and Multiple Doses of MER511 Given to Adults With Graves' Disease,2026-09-10,2.0.0
CIT-FINAL-01218,report_graves_ted_landscape_v2.md,Markdown,line=263,[8],8,resolved,1,OR31-05 Specific and Deep Depletion of anti-TSHR Autoantibodies for the Treatment of Graves’ and Thyroid Eye Disease,2026-09-10,2.0.0
CIT-FINAL-01219,report_graves_ted_landscape_v2.md,Markdown,line=270,[728],728,resolved,1,TEPEZZA (teprotumumab-trbw) current prescribing information,2026-09-10,2.0.0
CIT-FINAL-01220,report_graves_ted_landscape_v2.md,Markdown,line=270,[729],729,resolved,1,Tepezza EPAR,2026-09-10,2.0.0
CIT-FINAL-01221,report_graves_ted_landscape_v2.md,Markdown,line=270,[731],731,resolved,1,MHRA approves teprotumumab as the first UK treatment for adults with moderate-to-severe TED,2026-09-10,2.0.0
CIT-FINAL-01222,report_graves_ted_landscape_v2.md,Markdown,line=270,[735],735,resolved,1,Tepezza deliberation and review report,2026-09-10,2.0.0
CIT-FINAL-01223,report_graves_ted_landscape_v2.md,Markdown,line=270,[780],780,resolved,1,"A Multicenter, Double-Masked, Placebo-Controlled, Efficacy And Safety Study Of RV 001, An Insulin-Like Growth Factor-1 Receptor (IGF-1R) Antagonist Antibody (Fully Human), Administered Every 3 Weeks (q3W) By Intravenous (IV) Infusion In Patients Suffering From Active Thyroid Eye Disease (TED)",2026-09-10,2.0.0
CIT-FINAL-01224,report_graves_ted_landscape_v2.md,Markdown,line=271,[1],1,resolved,1,Programs - Lycia Therapeutics,2026-09-10,2.0.0
CIT-FINAL-01225,report_graves_ted_landscape_v2.md,Markdown,line=271,[2],2,resolved,1,Graves Disease · Phase I (2025-524053-14-00) | CTIS.eu,2026-09-10,2.0.0
CIT-FINAL-01226,report_graves_ted_landscape_v2.md,Markdown,line=271,[6],6,resolved,1,Pipeline & Programs - Merida Biosciences,2026-09-10,2.0.0
CIT-FINAL-01227,report_graves_ted_landscape_v2.md,Markdown,line=271,[7],7,resolved,1,NEXUS Study: A Study to Test Single and Multiple Doses of MER511 Given to Adults With Graves' Disease,2026-09-10,2.0.0
CIT-FINAL-01228,report_graves_ted_landscape_v2.md,Markdown,line=271,[8],8,resolved,1,OR31-05 Specific and Deep Depletion of anti-TSHR Autoantibodies for the Treatment of Graves’ and Thyroid Eye Disease,2026-09-10,2.0.0
CIT-FINAL-01229,report_graves_ted_landscape_v2.md,Markdown,line=271,[898],898,resolved,1,"A Phase 1, First-in-Human, Placebo-Controlled, Single and Multiple Ascending Dose Study to Evaluate Safety, Tolerability, Pharmacokinetics, Pharmacodynamics, and Immunogenicity of Intravenous and Subcutaneous Administration of MER511 in Adults With Graves' Disease",2026-09-10,2.0.0
CIT-FINAL-01230,plan2.md,Markdown,line=71,[1],1,resolved,1,Programs - Lycia Therapeutics,2026-09-10,2.0.0
CIT-FINAL-01231,plan2.md,Markdown,line=71,[6],6,resolved,1,Pipeline & Programs - Merida Biosciences,2026-09-10,2.0.0
CIT-FINAL-01232,plan2.md,Markdown,line=71,[7],7,resolved,1,NEXUS Study: A Study to Test Single and Multiple Doses of MER511 Given to Adults With Graves' Disease,2026-09-10,2.0.0
CIT-FINAL-01233,plan2.md,Markdown,line=71,[8],8,resolved,1,OR31-05 Specific and Deep Depletion of anti-TSHR Autoantibodies for the Treatment of Graves’ and Thyroid Eye Disease,2026-09-10,2.0.0
CIT-FINAL-01234,plan2.md,Markdown,line=71,[274],274,resolved,1,TEPEZZA (teprotumumab-trbw) Prescribing Information — original 2020 label,2026-09-10,2.0.0
CIT-FINAL-01235,plan2.md,Markdown,line=71,[422],422,resolved,1,IL-11 receptor is a novel target for drug development with pharmacological activity in fibro-inflammatory disease | Scientific Reports,2026-09-10,2.0.0
CIT-FINAL-01236,plan2.md,Markdown,line=71,[444],444,resolved,1,Expanded Access Policy,2026-09-10,2.0.0
CIT-FINAL-01237,plan2.md,Markdown,line=71,[445],445,resolved,1,"GenSci098 Receives FDA Fast Track Designation and Advances into Phase 2 Clinical Trials-Press Releases-Changchun GeneScience Pharmaceuticals Co., Ltd.",2026-09-10,2.0.0
CIT-FINAL-01238,plan2.md,Markdown,line=71,[483],483,resolved,1,WP 1302 - AdisInsight,2026-09-10,2.0.0
CIT-FINAL-01239,plan2.md,Markdown,line=71,[521],521,resolved,1,IL-11 receptor is a novel target for drug development with pharmacological activity in fibro-inflammatory disease — article PDF,2026-09-10,2.0.0
CIT-FINAL-01240,plan2.md,Markdown,line=71,[541],541,resolved,1,GenSci098,2026-09-10,2.0.0
CIT-FINAL-01241,plan2.md,Markdown,line=71,[564],564,resolved,1,"UCB to acquire Candid Therapeutics, building upon its existing immunology pipeline with novel T-cell engagers | UCB",2026-09-10,2.0.0
CIT-FINAL-01242,plan2.md,Markdown,line=71,[619],619,resolved,1,NCT07622368,2026-09-10,2.0.0
CIT-FINAL-01243,plan2.md,Markdown,line=71,[645],645,resolved,1,"UCB completes acquisition of Candid Therapeutics, strengthening next generation immunology pipeline | UCB",2026-09-10,2.0.0
CIT-FINAL-01244,plan2.md,Markdown,line=71,[672],672,resolved,1,Tepezza: First Drug for Thyroid Eye Disease | BioPharma.News,2026-09-10,2.0.0
CIT-FINAL-01245,plan2.md,Markdown,line=71,[675],675,resolved,1,Targeting IL-6 Receptor Signaling with Satralizumab in Thyroid Eye Disease: Design of the Phase 3 SatraGO-1 and SatraGO-2 Trials,2026-09-10,2.0.0
CIT-FINAL-01246,plan2.md,Markdown,line=71,[678],678,resolved,1,THRIVE-2 phase 3 trial of Veligrotug (VRDN-001) in chronic thyroid eye disease (TED): efficacy and safety at 15 weeks,2026-09-10,2.0.0
CIT-FINAL-01247,plan2.md,Markdown,line=71,[679],679,resolved,1,OR31-07 THRIVE-2 Phase 3 Trial of Veligrotug (VRDN-001) in Chronic Thyroid Eye Disease (TED): Efficacy and Safety at 15 Weeks,2026-09-10,2.0.0
CIT-FINAL-01248,plan2.md,Markdown,line=71,[683],683,resolved,1,OR31-08 The FcRn Inhibitor Batoclimab Rapidly Normalizes Thyroid Function and Improves Clinical Outcomes in Graves’ Disease,2026-09-10,2.0.0
CIT-FINAL-01249,plan2.md,Markdown,line=71,[710],710,resolved,1,VRDN-001-302,2026-09-10,2.0.0
CIT-FINAL-01250,plan2.md,Markdown,line=71,[711],711,resolved,1,Statistical Analysis Plan,2026-09-10,2.0.0
CIT-FINAL-01251,plan2.md,Markdown,line=71,[712],712,resolved,1,News Details,2026-09-10,2.0.0
CIT-FINAL-01252,plan2.md,Markdown,line=71,[713],713,resolved,1,"Viridian Therapeutics, Inc. - Viridian Therapeutics Announces Positive Long-Term Durability Data from the Veligrotug Phase 3 THRIVE Clinical Trial in Patients with Active Thyroid Eye Disease (TED)",2026-09-10,2.0.0
CIT-FINAL-01253,presentation_graves_ted_landscape_v2.pptx,PPTX footer,slide=2;shape=SOURCE_FOOTER_02,[728],728,resolved,1,TEPEZZA (teprotumumab-trbw) current prescribing information,2026-09-10,2.0.0
CIT-FINAL-01254,presentation_graves_ted_landscape_v2.pptx,PPTX footer,slide=2;shape=SOURCE_FOOTER_02,[729],729,resolved,1,Tepezza EPAR,2026-09-10,2.0.0
CIT-FINAL-01255,presentation_graves_ted_landscape_v2.pptx,PPTX footer,slide=2;shape=SOURCE_FOOTER_02,[731],731,resolved,1,MHRA approves teprotumumab as the first UK treatment for adults with moderate-to-severe TED,2026-09-10,2.0.0
CIT-FINAL-01256,presentation_graves_ted_landscape_v2.pptx,PPTX footer,slide=2;shape=SOURCE_FOOTER_02,[735],735,resolved,1,Tepezza deliberation and review report,2026-09-10,2.0.0
CIT-FINAL-01257,presentation_graves_ted_landscape_v2.pptx,PPTX footer,slide=2;shape=SOURCE_FOOTER_02,[780],780,resolved,1,"A Multicenter, Double-Masked, Placebo-Controlled, Efficacy And Safety Study Of RV 001, An Insulin-Like Growth Factor-1 Receptor (IGF-1R) Antagonist Antibody (Fully Human), Administered Every 3 Weeks (q3W) By Intravenous (IV) Infusion In Patients Suffering From Active Thyroid Eye Disease (TED)",2026-09-10,2.0.0
CIT-FINAL-01258,presentation_graves_ted_landscape_v2.pptx,PPTX footer,slide=2;shape=SOURCE_FOOTER_02,[1],1,resolved,1,Programs - Lycia Therapeutics,2026-09-10,2.0.0
CIT-FINAL-01259,presentation_graves_ted_landscape_v2.pptx,PPTX footer,slide=2;shape=SOURCE_FOOTER_02,[2],2,resolved,1,Graves Disease · Phase I (2025-524053-14-00) | CTIS.eu,2026-09-10,2.0.0
CIT-FINAL-01260,presentation_graves_ted_landscape_v2.pptx,PPTX footer,slide=2;shape=SOURCE_FOOTER_02,[6],6,resolved,1,Pipeline & Programs - Merida Biosciences,2026-09-10,2.0.0
CIT-FINAL-01261,presentation_graves_ted_landscape_v2.pptx,PPTX footer,slide=2;shape=SOURCE_FOOTER_02,[7],7,resolved,1,NEXUS Study: A Study to Test Single and Multiple Doses of MER511 Given to Adults With Graves' Disease,2026-09-10,2.0.0
CIT-FINAL-01262,presentation_graves_ted_landscape_v2.pptx,PPTX footer,slide=2;shape=SOURCE_FOOTER_02,[8],8,resolved,1,OR31-05 Specific and Deep Depletion of anti-TSHR Autoantibodies for the Treatment of Graves’ and Thyroid Eye Disease,2026-09-10,2.0.0
CIT-FINAL-01263,presentation_graves_ted_landscape_v2.pptx,PPTX footer,slide=2;shape=SOURCE_FOOTER_02,[898],898,resolved,1,"A Phase 1, First-in-Human, Placebo-Controlled, Single and Multiple Ascending Dose Study to Evaluate Safety, Tolerability, Pharmacokinetics, Pharmacodynamics, and Immunogenicity of Intravenous and Subcutaneous Administration of MER511 in Adults With Graves' Disease",2026-09-10,2.0.0
CIT-FINAL-01264,presentation_graves_ted_landscape_v2.pptx,PPTX footer,slide=2;shape=SOURCE_FOOTER_02,[373],373,resolved,1,LUMVOA (veligrotug-vvze) Prescribing Information,2026-09-10,2.0.0
CIT-FINAL-01265,presentation_graves_ted_landscape_v2.pptx,PPTX footer,slide=2;shape=SOURCE_FOOTER_02,[726],726,resolved,1,BLA 761530 approval letter for LUMVOA,2026-09-10,2.0.0
CIT-FINAL-01266,presentation_graves_ted_landscape_v2.pptx,PPTX footer,slide=5;shape=SOURCE_FOOTER_05,[728],728,resolved,1,TEPEZZA (teprotumumab-trbw) current prescribing information,2026-09-10,2.0.0
CIT-FINAL-01267,presentation_graves_ted_landscape_v2.pptx,PPTX footer,slide=5;shape=SOURCE_FOOTER_05,[373],373,resolved,1,LUMVOA (veligrotug-vvze) Prescribing Information,2026-09-10,2.0.0
CIT-FINAL-01268,presentation_graves_ted_landscape_v2.pptx,PPTX footer,slide=5;shape=SOURCE_FOOTER_05,[726],726,resolved,1,BLA 761530 approval letter for LUMVOA,2026-09-10,2.0.0
CIT-FINAL-01269,presentation_graves_ted_landscape_v2.pptx,PPTX footer,slide=5;shape=SOURCE_FOOTER_05,[729],729,resolved,1,Tepezza EPAR,2026-09-10,2.0.0
CIT-FINAL-01270,presentation_graves_ted_landscape_v2.pptx,PPTX footer,slide=5;shape=SOURCE_FOOTER_05,[751],751,resolved,1,Official search record: Tepezza reimbursement/access—EU/EEA,2026-09-10,2.0.0
CIT-FINAL-01271,presentation_graves_ted_landscape_v2.pptx,PPTX footer,slide=5;shape=SOURCE_FOOTER_05,[747],747,resolved,1,Official search record: Lumvoa authorization—EU/EEA,2026-09-10,2.0.0
CIT-FINAL-01272,presentation_graves_ted_landscape_v2.pptx,PPTX footer,slide=5;shape=SOURCE_FOOTER_05,[731],731,resolved,1,MHRA approves teprotumumab as the first UK treatment for adults with moderate-to-severe TED,2026-09-10,2.0.0
CIT-FINAL-01273,presentation_graves_ted_landscape_v2.pptx,PPTX footer,slide=5;shape=SOURCE_FOOTER_05,[732],732,resolved,1,Teprotumumab for treating thyroid eye disease (deferred appraisal of D1) [ID6756],2026-09-10,2.0.0
CIT-FINAL-01274,presentation_graves_ted_landscape_v2.pptx,PPTX footer,slide=5;shape=SOURCE_FOOTER_05,[733],733,resolved,1,Teprotumumab for treating thyroid eye disease—draft guidance consultation,2026-09-10,2.0.0
CIT-FINAL-01275,presentation_graves_ted_landscape_v2.pptx,PPTX footer,slide=5;shape=SOURCE_FOOTER_05,[749],749,resolved,1,Official search record: Lumvoa authorization/access—United Kingdom,2026-09-10,2.0.0
CIT-FINAL-01276,presentation_graves_ted_landscape_v2.pptx,PPTX footer,slide=5;shape=SOURCE_FOOTER_05,[745],745,resolved,1,Official search record: Tepezza authorization—South Korea,2026-09-10,2.0.0
CIT-FINAL-01277,presentation_graves_ted_landscape_v2.pptx,PPTX footer,slide=5;shape=SOURCE_FOOTER_05,[746],746,resolved,1,Official search record: Tepezza reimbursement/access—South Korea,2026-09-10,2.0.0
CIT-FINAL-01278,presentation_graves_ted_landscape_v2.pptx,PPTX footer,slide=5;shape=SOURCE_FOOTER_05,[750],750,resolved,1,Official search record: Lumvoa authorization/reimbursement—South Korea,2026-09-10,2.0.0
CIT-FINAL-01279,presentation_graves_ted_landscape_v2.pptx,PPTX footer,slide=5;shape=SOURCE_FOOTER_05,[735],735,resolved,1,Tepezza deliberation and review report,2026-09-10,2.0.0
CIT-FINAL-01280,presentation_graves_ted_landscape_v2.pptx,PPTX footer,slide=5;shape=SOURCE_FOOTER_05,[736],736,resolved,1,List of Approved Drugs (Tepezza row),2026-09-10,2.0.0
CIT-FINAL-01281,presentation_graves_ted_landscape_v2.pptx,PPTX footer,slide=5;shape=SOURCE_FOOTER_05,[752],752,resolved,1,Official search record: Tepezza reimbursement/access—Japan,2026-09-10,2.0.0
CIT-FINAL-01282,presentation_graves_ted_landscape_v2.pptx,PPTX footer,slide=5;shape=SOURCE_FOOTER_05,[748],748,resolved,1,Official search record: Lumvoa authorization—Japan,2026-09-10,2.0.0
CIT-FINAL-01283,presentation_graves_ted_landscape_v2.pptx,PPTX footer,slide=9;shape=SOURCE_FOOTER_09,[807],807,resolved,1,"A Phase 3, Randomized, Double-Masked, Placebo-Controlled, Parallel-Group, Multicenter Study Evaluating Teprotumumab (HZN-001) Treatment in Subjects With Active Thyroid Eye Disease",2026-09-10,2.0.0
CIT-FINAL-01284,presentation_graves_ted_landscape_v2.pptx,PPTX footer,slide=9;shape=SOURCE_FOOTER_09,[829],829,resolved,1,"A Safety, Tolerability, and Efficacy Study of Veligrotug, a Humanized Monoclonal Antibody Directed Against the IGF-1 Receptor in Subjects With Thyroid Eye Disease",2026-09-10,2.0.0
CIT-FINAL-01285,presentation_graves_ted_landscape_v2.pptx,PPTX footer,slide=9;shape=SOURCE_FOOTER_09,[844],844,resolved,1,"A Phase III, Randomized, Double-Masked, Placebo-Controlled, Multicenter Study to Evaluate the Efficacy, Safety, Pharmacokinetics, and Pharmacodynamics of Satralizumab in Participants With Moderate-to-Severe Thyroid Eye Disease",2026-09-10,2.0.0
CIT-FINAL-01286,presentation_graves_ted_landscape_v2.pptx,PPTX footer,slide=9;shape=SOURCE_FOOTER_09,[845],845,resolved,1,"A Randomized, Double-masked, Placebo-controlled Safety, Tolerability, and Efficacy Study of VRDN-001, a Humanized Monoclonal Antibody Directed Against the IGF-1 Receptor, in Participants With Chronic Thyroid Eye Disease (TED)",2026-09-10,2.0.0
CIT-FINAL-01287,presentation_graves_ted_landscape_v2.pptx,PPTX footer,slide=9;shape=SOURCE_FOOTER_09,[849],849,resolved,1,"A Phase III, Randomized, Double-Masked, Placebo-Controlled, Multicenter Study to Evaluate the Efficacy, Safety, Pharmacokinetics, and Pharmacodynamics of Satralizumab in Participants With Moderate-to-Severe Thyroid Eye Disease",2026-09-10,2.0.0
CIT-FINAL-01288,presentation_graves_ted_landscape_v2.pptx,PPTX footer,slide=9;shape=SOURCE_FOOTER_09,[853],853,resolved,1,"A Phase 2, Proof-of-Concept, Randomized, Double-Masked, Placebo-Controlled Study to Determine the Efficacy and Safety of LASN01 in Patients With Thyroid Eye Disease",2026-09-10,2.0.0
CIT-FINAL-01289,presentation_graves_ted_landscape_v2.pptx,PPTX footer,slide=10;shape=SOURCE_FOOTER_10,[817],817,resolved,1,"A Phase 4, Randomized, Double-masked, Placebo-controlled, Multicenter Trial to Evaluate the Efficacy and Safety of TEPEZZA® in Treating Patients With Chronic (Inactive) Thyroid Eye Disease",2026-09-10,2.0.0
CIT-FINAL-01290,presentation_graves_ted_landscape_v2.pptx,PPTX footer,slide=10;shape=SOURCE_FOOTER_10,[829],829,resolved,1,"A Safety, Tolerability, and Efficacy Study of Veligrotug, a Humanized Monoclonal Antibody Directed Against the IGF-1 Receptor in Subjects With Thyroid Eye Disease",2026-09-10,2.0.0
CIT-FINAL-01291,presentation_graves_ted_landscape_v2.pptx,PPTX footer,slide=10;shape=SOURCE_FOOTER_10,[831],831,resolved,1,"A Phase 2b, Randomized, Double-Mask, Placebo-Controlled, Study to Evaluate the Safety, Pharmacokinetics and Efficacy of Linsitinib in Subjects With Active, Moderate to Severe Thyroid Eye Disease (TED)",2026-09-10,2.0.0
CIT-FINAL-01292,presentation_graves_ted_landscape_v2.pptx,PPTX footer,slide=10;shape=SOURCE_FOOTER_10,[849],849,resolved,1,"A Phase III, Randomized, Double-Masked, Placebo-Controlled, Multicenter Study to Evaluate the Efficacy, Safety, Pharmacokinetics, and Pharmacodynamics of Satralizumab in Participants With Moderate-to-Severe Thyroid Eye Disease",2026-09-10,2.0.0
CIT-FINAL-01293,presentation_graves_ted_landscape_v2.pptx,PPTX footer,slide=10;shape=SOURCE_FOOTER_10,[859],859,resolved,1,"A Randomized, Controlled, Safety and Tolerability Study of VRDN-001, a Humanized Monoclonal Antibody Directed Against the IGF-1 Receptor, in Participants With Thyroid Eye Disease (TED)",2026-09-10,2.0.0
CIT-FINAL-01294,presentation_graves_ted_landscape_v2.pptx,PPTX footer,slide=11;shape=SOURCE_FOOTER_11,[1],1,resolved,1,Programs - Lycia Therapeutics,2026-09-10,2.0.0
CIT-FINAL-01295,presentation_graves_ted_landscape_v2.pptx,PPTX footer,slide=11;shape=SOURCE_FOOTER_11,[2],2,resolved,1,Graves Disease · Phase I (2025-524053-14-00) | CTIS.eu,2026-09-10,2.0.0
CIT-FINAL-01296,presentation_graves_ted_landscape_v2.pptx,PPTX footer,slide=11;shape=SOURCE_FOOTER_11,[6],6,resolved,1,Pipeline & Programs - Merida Biosciences,2026-09-10,2.0.0
CIT-FINAL-01297,presentation_graves_ted_landscape_v2.pptx,PPTX footer,slide=11;shape=SOURCE_FOOTER_11,[8],8,resolved,1,OR31-05 Specific and Deep Depletion of anti-TSHR Autoantibodies for the Treatment of Graves’ and Thyroid Eye Disease,2026-09-10,2.0.0
CIT-FINAL-01298,presentation_graves_ted_landscape_v2.pptx,PPTX footer,slide=11;shape=SOURCE_FOOTER_11,[7],7,resolved,1,NEXUS Study: A Study to Test Single and Multiple Doses of MER511 Given to Adults With Graves' Disease,2026-09-10,2.0.0
CIT-FINAL-01299,presentation_graves_ted_landscape_v2.pptx,PPTX footer,slide=11;shape=SOURCE_FOOTER_11,[898],898,resolved,1,"A Phase 1, First-in-Human, Placebo-Controlled, Single and Multiple Ascending Dose Study to Evaluate Safety, Tolerability, Pharmacokinetics, Pharmacodynamics, and Immunogenicity of Intravenous and Subcutaneous Administration of MER511 in Adults With Graves' Disease",2026-09-10,2.0.0
CIT-FINAL-01300,presentation_graves_ted_landscape_v2.pptx,PPTX footer,slide=11;shape=SOURCE_FOOTER_11,[541],541,resolved,1,GenSci098,2026-09-10,2.0.0
CIT-FINAL-01301,presentation_graves_ted_landscape_v2.pptx,PPTX footer,slide=11;shape=SOURCE_FOOTER_11,[870],870,resolved,1,"A Phase 1 Clinical Study to Evaluate the Safety, Tolerability, Pharmacokinetics, and Pharmacodynamics of Single and Multiple Ascending Subcutaneous Doses of GenSci098 in TED Patients",2026-09-10,2.0.0
CIT-FINAL-01302,presentation_graves_ted_landscape_v2.pptx,PPTX footer,slide=11;shape=SOURCE_FOOTER_11,[897],897,resolved,1,"A Phase I Clinical Study to Evaluate the Safety, Tolerability, Pharmacokinetics, and Pharmacodynamics of Single Ascending Subcutaneous Dose of GenSci098 in Patients With Graves' Disease",2026-09-10,2.0.0
CIT-FINAL-01303,presentation_graves_ted_landscape_v2.pptx,PPTX footer,slide=11;shape=SOURCE_FOOTER_11,[915],915,resolved,1,"A Randomized, Blinded, Placebo-Controlled, Two-Part, Phase 2 Study to Assess Safety, Tolerability, Pharmacokinetics, and Efficacy of YB-101 in Participants With Graves' Disease",2026-09-10,2.0.0
CIT-FINAL-01304,presentation_graves_ted_landscape_v2.pptx,PPTX footer,slide=11;shape=SOURCE_FOOTER_11,[164],164,resolved,1,"Safety, pharmacokinetics, and potential benefits of TSH-receptor-specific monoclonal autoantibody K1-70TM in Japanese Graves’ disease patients: results of a phase 1 trial",2026-09-10,2.0.0
CIT-FINAL-01305,presentation_graves_ted_landscape_v2.pptx,PPTX footer,slide=11;shape=SOURCE_FOOTER_11,[799],799,resolved,1,"K1-70 - A Phase I, Single Ascending Intramuscular Dose or Single Ascending Intravenous Dose, Safety, Tolerability, Pharmacokinetic and Pharmacodynamic Study in Subjects With Graves' Disease",2026-09-10,2.0.0
CIT-FINAL-01306,presentation_graves_ted_landscape_v2.pptx,PPTX footer,slide=11;shape=SOURCE_FOOTER_11,[253],253,resolved,1,Antigen-Specific Immunotherapy with Thyrotropin Receptor Peptides in Graves' Hyperthyroidism: A Phase I Study,2026-09-10,2.0.0
CIT-FINAL-01307,presentation_graves_ted_landscape_v2.pptx,PPTX footer,slide=11;shape=SOURCE_FOOTER_11,[800],800,resolved,1,"Safety and Proof of Principle Study of ATX-GD-59 in Male and Female Subjects With Graves' Disease Not Currently Treated With Anti-thyroid Therapy: An Open Label Study, With an Upward Titration Over Five Dose Levels Administered by Intradermal Injection",2026-09-10,2.0.0
CIT-FINAL-01308,presentation_graves_ted_landscape_v2.pptx,PPTX footer,slide=11;shape=SOURCE_FOOTER_11,[854],854,resolved,1,"A Double-blind, Placebo-controlled, Phase 2 Dose-range Study to Assess the Efficacy and Safety of WP1302 in Preventing Disease Relapse Following Methimazole Withdrawal in Subjects With Graves' Disease",2026-09-10,2.0.0
CIT-FINAL-01309,presentation_graves_ted_landscape_v2.pptx,PPTX footer,slide=11;shape=SOURCE_FOOTER_11,[619],619,resolved,1,NCT07622368,2026-09-10,2.0.0
CIT-FINAL-01310,presentation_graves_ted_landscape_v2.pptx,PPTX footer,slide=11;shape=SOURCE_FOOTER_11,[913],913,resolved,1,"A Phase I Clinical Study to Evaluate the Safety, Tolerability, and Pharmacokinetics of Single and Multiple Ascending Doses of IBI3031 in Participants With Thyroid Eye Disease",2026-09-10,2.0.0
CIT-FINAL-01311,presentation_graves_ted_landscape_v2.pptx,PPTX footer,slide=12;shape=SOURCE_FOOTER_12,[1],1,resolved,1,Programs - Lycia Therapeutics,2026-09-10,2.0.0
CIT-FINAL-01312,presentation_graves_ted_landscape_v2.pptx,PPTX footer,slide=12;shape=SOURCE_FOOTER_12,[2],2,resolved,1,Graves Disease · Phase I (2025-524053-14-00) | CTIS.eu,2026-09-10,2.0.0
CIT-FINAL-01313,presentation_graves_ted_landscape_v2.pptx,PPTX footer,slide=12;shape=SOURCE_FOOTER_12,[6],6,resolved,1,Pipeline & Programs - Merida Biosciences,2026-09-10,2.0.0
CIT-FINAL-01314,presentation_graves_ted_landscape_v2.pptx,PPTX footer,slide=12;shape=SOURCE_FOOTER_12,[7],7,resolved,1,NEXUS Study: A Study to Test Single and Multiple Doses of MER511 Given to Adults With Graves' Disease,2026-09-10,2.0.0
CIT-FINAL-01315,presentation_graves_ted_landscape_v2.pptx,PPTX footer,slide=12;shape=SOURCE_FOOTER_12,[8],8,resolved,1,OR31-05 Specific and Deep Depletion of anti-TSHR Autoantibodies for the Treatment of Graves’ and Thyroid Eye Disease,2026-09-10,2.0.0
CIT-FINAL-01316,presentation_graves_ted_landscape_v2.pptx,PPTX footer,slide=12;shape=SOURCE_FOOTER_12,[898],898,resolved,1,"A Phase 1, First-in-Human, Placebo-Controlled, Single and Multiple Ascending Dose Study to Evaluate Safety, Tolerability, Pharmacokinetics, Pharmacodynamics, and Immunogenicity of Intravenous and Subcutaneous Administration of MER511 in Adults With Graves' Disease",2026-09-10,2.0.0
CIT-FINAL-01317,presentation_graves_ted_landscape_v2.pptx,PPTX footer,slide=13;shape=SOURCE_FOOTER_13,[6],6,resolved,1,Pipeline & Programs - Merida Biosciences,2026-09-10,2.0.0
CIT-FINAL-01318,presentation_graves_ted_landscape_v2.pptx,PPTX footer,slide=13;shape=SOURCE_FOOTER_13,[8],8,resolved,1,OR31-05 Specific and Deep Depletion of anti-TSHR Autoantibodies for the Treatment of Graves’ and Thyroid Eye Disease,2026-09-10,2.0.0
CIT-FINAL-01319,presentation_graves_ted_landscape_v2.pptx,PPTX footer,slide=13;shape=SOURCE_FOOTER_13,[7],7,resolved,1,NEXUS Study: A Study to Test Single and Multiple Doses of MER511 Given to Adults With Graves' Disease,2026-09-10,2.0.0
CIT-FINAL-01320,presentation_graves_ted_landscape_v2.pptx,PPTX footer,slide=13;shape=SOURCE_FOOTER_13,[898],898,resolved,1,"A Phase 1, First-in-Human, Placebo-Controlled, Single and Multiple Ascending Dose Study to Evaluate Safety, Tolerability, Pharmacokinetics, Pharmacodynamics, and Immunogenicity of Intravenous and Subcutaneous Administration of MER511 in Adults With Graves' Disease",2026-09-10,2.0.0
CIT-FINAL-01321,presentation_graves_ted_landscape_v2.pptx,PPTX footer,slide=13;shape=SOURCE_FOOTER_13,[1],1,resolved,1,Programs - Lycia Therapeutics,2026-09-10,2.0.0
CIT-FINAL-01322,presentation_graves_ted_landscape_v2.pptx,PPTX footer,slide=13;shape=SOURCE_FOOTER_13,[2],2,resolved,1,Graves Disease · Phase I (2025-524053-14-00) | CTIS.eu,2026-09-10,2.0.0
CIT-FINAL-01323,presentation_graves_ted_landscape_v2.pptx,PPTX footer,slide=15;shape=SOURCE_FOOTER_15,[728],728,resolved,1,TEPEZZA (teprotumumab-trbw) current prescribing information,2026-09-10,2.0.0
CIT-FINAL-01324,presentation_graves_ted_landscape_v2.pptx,PPTX footer,slide=15;shape=SOURCE_FOOTER_15,[729],729,resolved,1,Tepezza EPAR,2026-09-10,2.0.0
CIT-FINAL-01325,presentation_graves_ted_landscape_v2.pptx,PPTX footer,slide=15;shape=SOURCE_FOOTER_15,[731],731,resolved,1,MHRA approves teprotumumab as the first UK treatment for adults with moderate-to-severe TED,2026-09-10,2.0.0
CIT-FINAL-01326,presentation_graves_ted_landscape_v2.pptx,PPTX footer,slide=15;shape=SOURCE_FOOTER_15,[735],735,resolved,1,Tepezza deliberation and review report,2026-09-10,2.0.0
CIT-FINAL-01327,presentation_graves_ted_landscape_v2.pptx,PPTX footer,slide=15;shape=SOURCE_FOOTER_15,[780],780,resolved,1,"A Multicenter, Double-Masked, Placebo-Controlled, Efficacy And Safety Study Of RV 001, An Insulin-Like Growth Factor-1 Receptor (IGF-1R) Antagonist Antibody (Fully Human), Administered Every 3 Weeks (q3W) By Intravenous (IV) Infusion In Patients Suffering From Active Thyroid Eye Disease (TED)",2026-09-10,2.0.0
CIT-FINAL-01328,presentation_graves_ted_landscape_v2.pptx,PPTX footer,slide=15;shape=SOURCE_FOOTER_15,[1],1,resolved,1,Programs - Lycia Therapeutics,2026-09-10,2.0.0
CIT-FINAL-01329,presentation_graves_ted_landscape_v2.pptx,PPTX footer,slide=15;shape=SOURCE_FOOTER_15,[2],2,resolved,1,Graves Disease · Phase I (2025-524053-14-00) | CTIS.eu,2026-09-10,2.0.0
CIT-FINAL-01330,presentation_graves_ted_landscape_v2.pptx,PPTX footer,slide=15;shape=SOURCE_FOOTER_15,[6],6,resolved,1,Pipeline & Programs - Merida Biosciences,2026-09-10,2.0.0
CIT-FINAL-01331,presentation_graves_ted_landscape_v2.pptx,PPTX footer,slide=15;shape=SOURCE_FOOTER_15,[7],7,resolved,1,NEXUS Study: A Study to Test Single and Multiple Doses of MER511 Given to Adults With Graves' Disease,2026-09-10,2.0.0
CIT-FINAL-01332,presentation_graves_ted_landscape_v2.pptx,PPTX footer,slide=15;shape=SOURCE_FOOTER_15,[8],8,resolved,1,OR31-05 Specific and Deep Depletion of anti-TSHR Autoantibodies for the Treatment of Graves’ and Thyroid Eye Disease,2026-09-10,2.0.0
CIT-FINAL-01333,presentation_graves_ted_landscape_v2.pptx,PPTX footer,slide=15;shape=SOURCE_FOOTER_15,[898],898,resolved,1,"A Phase 1, First-in-Human, Placebo-Controlled, Single and Multiple Ascending Dose Study to Evaluate Safety, Tolerability, Pharmacokinetics, Pharmacodynamics, and Immunogenicity of Intravenous and Subcutaneous Administration of MER511 in Adults With Graves' Disease",2026-09-10,2.0.0
