trial_id,registry,registry_url,asset,asset_aliases,sponsor,owner_at_cutoff,indication,mechanism_class,phase,overall_status,start_date,primary_completion_date,regions,population,ted_activity_severity,n_enrolled,n_randomized,n_analyzed,design,blinding,arms,dose_route_schedule_duration,background_soc_combination,comparator,primary_endpoints,secondary_endpoints,analysis_timepoint,efficacy_results,safety_results,followup_durability,publication_urls,evidence_tier,source_ids,access_depth,last_verified,notes,raw_interventions,registry_allocation,has_posted_results,why_stopped,randomization_basis,analysis_basis,data_cut,schema_version
NCT06563856,ClinicalTrials.gov,https://clinicaltrials.gov/study/NCT06563856,Teprotumumab; EDP formulation enhancer,TEPEZZA | HZN-001; EDP,Amgen,Amgen,Healthy-volunteer asset support,IGF-1R inhibition; Formulation/permeation support,PHASE1,COMPLETED,2020-09-22,2021-05-27,United States,Adults primary,not_applicable,37,NA (not randomized),NA (no posted results at data cut),NON_RANDOMIZED SEQUENTIAL,NONE,"Cohort 1: TEPEZZA Dose A SubQ [EXPERIMENTAL]: Drug: TEPEZZA — Participants will receive Dose A of TEPEZZA administered SubQ.; Cohort 2: TEPEZZA Dose B SubQ [EXPERIMENTAL]: Drug: TEPEZZA — Participants will receive Dose B of TEPEZZA administered SubQ.; Cohort 3: TEPEZZA Dose B Intravenously (IV) [EXPERIMENTAL]: Drug: TEPEZZA — Participants will receive Dose B of TEPEZZA administered IV.; Cohort 4: TEPEZZA Dose B and EDP SubQ [EXPERIMENTAL]: Drug: TEPEZZA, Drug: EDP — Participants will receive coadministered doses of TEPEZZA Dose B and EDP SubQ.",TEPEZZA [DRUG]: Administered as a SubQ injection or IV injection.; EDP [DRUG]: Administered as a SubQ injection.; Arm Cohort 1: TEPEZZA Dose A SubQ: Participants will receive Dose A of TEPEZZA administered SubQ.; Arm Cohort 2: TEPEZZA Dose B SubQ: Participants will receive Dose B of TEPEZZA administered SubQ.; Arm Cohort 3: TEPEZZA Dose B Intravenously (IV): Participants will receive Dose B of TEPEZZA administered IV.; Arm Cohort 4: TEPEZZA Dose B and EDP SubQ: Participants will receive coadministered doses of TEPEZZA Dose B and EDP SubQ.,Registry-defined; verify per protocol,NA (no comparator arm identified),"Cohort 1, 2, and 4: Area Under the Serum Concentration-time Curve (AUC) From Time 0 Extrapolated to Infinity (AUCinf) of TEPEZZA; Cohort 1, 2, and 4: AUC From Time 0 to the Last Quantifiable Concentration (AUClast) of TEPEZZA; Cohort 1, 2, and 4: Percentage of the Area Extrapolated for Calculation of AUCinf (%AUCextrap) of TEPEZZA; Cohort 1, 2, and 4: Maximum Observed Serum Concentration (Cmax) of TEPEZZA; Cohort 1, 2, and 4: Last Quantifiable Serum Concentration (Clast) of TEPEZZA",Cohort 3: AUCinf of TEPEZZA; Cohort 3: AUClast of TEPEZZA; Cohort 3: %AUCextrap of TEPEZZA; Cohort 3: Cmax of TEPEZZA; Cohort 3: Clast of TEPEZZA,Protocol-defined,No posted in-scope efficacy result at cutoff.,No manually curated public result at cutoff.,Not established from posted results.,NR (no result-linked publication URL identified at data cut),Official registry protocol,ClinicalTrials.gov; NCT06563856,official_registry_full_record,2026-09-10,asset-specific healthy-volunteer clinical pharmacology/safety support,TEPEZZA; EDP,NON_RANDOMIZED,No,"NA (study not reported as terminated, withdrawn, or suspended)",Registry allocation=NON_RANDOMIZED,No posted ClinicalTrials.gov results at frozen data cut,2026-09-10,2.0.0
NCT06674941,ClinicalTrials.gov,https://clinicaltrials.gov/study/NCT06674941,Teprotumumab,Teprotumumab-trbw | TEPEZZA | HZN-001,Amgen,Amgen,Healthy-volunteer asset support,IGF-1R inhibition,PHASE1,COMPLETED,2023-03-24,2023-11-14,United States,Adults primary,not_applicable,44,NR (randomized N not posted; enrollment not substituted),NA (no posted results at data cut),RANDOMIZED PARALLEL,NONE,Cohort 1: Teprotumumab [EXPERIMENTAL]: Drug: Teprotumumab — Non-Japanese participants will receive SC injection of teprotumumab Dose A by a syringe pump.; Cohort 2: Teprotumumab [EXPERIMENTAL]: Drug: Teprotumumab — Japanese participants will receive SC injection of teprotumumab Dose A by a syringe pump.; Cohort 3: Teprotumumab [EXPERIMENTAL]: Drug: Teprotumumab — Non-Japanese participants will receive SC injection of teprotumumab Dose B by an injection device.,Teprotumumab [DRUG]: Administered as an SC injection.; Arm Cohort 1: Teprotumumab: Non-Japanese participants will receive SC injection of teprotumumab Dose A by a syringe pump.; Arm Cohort 2: Teprotumumab: Japanese participants will receive SC injection of teprotumumab Dose A by a syringe pump.; Arm Cohort 3: Teprotumumab: Non-Japanese participants will receive SC injection of teprotumumab Dose B by an injection device.,Registry-defined; verify per protocol,NR (randomized comparator arm not explicitly typed in registry),Area Under the Serum Concentration-time Curve (AUC) From Time 0 Extrapolated to Infinity (AUCinf) of Teprotumumab; AUC From Time 0 to the Last Quantifiable Concentration (AUClast) of Teprotumumab; Maximum Observed Serum Concentration (Cmax) of Teprotumumab; Time to Cmax (Tmax) of Teprotumumab,Number of Participants Experiencing Treatment-emergent Adverse Events (TEAEs); Number of Participants with Anti-drug Antibodies (ADA) to Teprotumumab; Titer of Positive ADA to Teprotumumab,Protocol-defined,No posted in-scope efficacy result at cutoff.,No manually curated public result at cutoff.,Not established from posted results.,NR (no result-linked publication URL identified at data cut),Official registry protocol,ClinicalTrials.gov; NCT06674941,official_registry_full_record,2026-09-10,asset-specific healthy-volunteer clinical pharmacology/safety support,Teprotumumab,RANDOMIZED,No,"NA (study not reported as terminated, withdrawn, or suspended)",Protocol identifies randomized allocation; no posted participant flow at data cut,No posted ClinicalTrials.gov results at frozen data cut,2026-09-10,2.0.0
NCT07142642,ClinicalTrials.gov,https://clinicaltrials.gov/study/NCT07142642,Teprotumumab,Tepezza | AMG 632,Amgen,Amgen,Healthy-volunteer asset support,IGF-1R inhibition,PHASE1,COMPLETED,2025-08-26,2025-11-22,China,Adults primary,not_applicable,20,NR (randomized N not posted; enrollment not substituted),NA (no posted results at data cut),RANDOMIZED PARALLEL,DOUBLE,Teprotumumab [EXPERIMENTAL]: Drug: Teprotumumab — Participants will be randomized 3:1 to receive a single IV infusion of teprotumumab or placebo on Day 1.; Placebo [PLACEBO_COMPARATOR]: Drug: Placebo — Participants will be randomized 3:1 to receive a single IV infusion of teprotumumab or placebo on Day 1.,Teprotumumab [DRUG]: Administered via IV infusion.; Placebo [DRUG]: Administered via IV infusion.; Arm Teprotumumab: Participants will be randomized 3:1 to receive a single IV infusion of teprotumumab or placebo on Day 1.; Arm Placebo: Participants will be randomized 3:1 to receive a single IV infusion of teprotumumab or placebo on Day 1.,Registry-defined; verify per protocol,Placebo,Maximum Observed Serum Concentration (Cmax) of Teprotumumab; Area Under the Serum Concentration-time Curve From Time Zero to the Last Quantifiable Concentration (AUClast) of Teprotumumab; Area Under the Serum Concentration-time Curve From Time Zero to Infinity (AUCinf) of Teprotumumab,Number of Participants With Treatment-emergent Adverse Events; Number of Participants With Serious Adverse Events; Number of Participants With Anti-teprotumumab Antibodies,Protocol-defined,No posted in-scope efficacy result at cutoff.,No manually curated public result at cutoff.,Not established from posted results.,NR (no result-linked publication URL identified at data cut),Official registry protocol,ClinicalTrials.gov; NCT07142642,official_registry_full_record,2026-09-10,asset-specific healthy-volunteer clinical pharmacology/safety support,Teprotumumab; Placebo,RANDOMIZED,No,"NA (study not reported as terminated, withdrawn, or suspended)",Protocol identifies randomized allocation; no posted participant flow at data cut,No posted ClinicalTrials.gov results at frozen data cut,2026-09-10,2.0.0
NCT00288522,ClinicalTrials.gov,https://clinicaltrials.gov/study/NCT00288522,Lanreotide,"Lanreotide (Autogel formulation). Duration of treatment - 3 injections, 1 every 28 days",Ipsen,Ipsen,Active TED,Somatostatin-receptor agonism,PHASE2,TERMINATED,2006-01,2007-04,Spain,Adults primary,active_unspecified_severity,5,NR (randomized N not posted; enrollment not substituted),NA (no posted results at data cut),RANDOMIZED PARALLEL,DOUBLE,NR (arm details not reported in registry),NR (dose/route/schedule/duration not reported in registry),Registry-defined; verify per protocol,NR (randomized comparator arm not explicitly typed in registry),"Extraocular muscle infiltration and edema exam by evaluating (at Day 0 and Weeks 4, 8 and 12): extraocular muscle size, proptosis and intraocular pressure (tonometry); Eye inspection (at Day 0 and Weeks 4, 8 and 12): assessment of conjunctival injection presence, chemosis, cheratitis and eyelid edema; extrinsic muscle function evaluation and eyelid retraction",NA (no secondary endpoint reported),Protocol-defined,No posted in-scope efficacy result at cutoff.,No manually curated public result at cutoff.,Not established from posted results.,NR (no result-linked publication URL identified at data cut),Official registry protocol,ClinicalTrials.gov; NCT00288522,official_registry_full_record,2026-09-10,disease-directed drug/biologic/supplement trial,"Lanreotide (Autogel formulation). Duration of treatment - 3 injections, 1 every 28 days",RANDOMIZED,No,NR (reason not reported in registry),Protocol identifies randomized allocation; no posted participant flow at data cut,No posted ClinicalTrials.gov results at frozen data cut,2026-09-10,2.0.0
NCT00424151,ClinicalTrials.gov,https://clinicaltrials.gov/study/NCT00424151,Rituximab,NR (no additional alias),"Silkiss, Rona Z., M.D., FACS","Silkiss, Rona Z., M.D., FACS",Active TED,CD20 B-cell depletion,PHASE1; PHASE2,COMPLETED,2006-12,2009-03,United States,Adults primary,active_unspecified_severity,12,NA (not randomized),NA (no posted results at data cut),NON_RANDOMIZED SINGLE_GROUP,NONE,NR (arm details not reported in registry),NR (dose/route/schedule/duration not reported in registry),Registry-defined; verify per protocol,NA (no comparator arm identified),"Clinical response to treatment, alteration in immunoglobulin levels; To assess the safety and tolerability of Rituximab in Graves' dysthyroid disease up to 24 weeks. Adverse and serious adverse events during the study period, reasonably or probably related to Rituximab, will be assessed at each study visit up to 12 month; Efficacy:; A significant (25%) reduction in progression of Thyroid Associated Ophthalmopathy or disease activity as measured by the thyroid associated ophthalmopathy scale (University of British Columbia Thyroid Orbitopathy Inflammatory Score) up to 24 weeks.","To evaluate for a reduction in disease activity as measured by:; Reduction (25%) of elevated antibody levels- serum thyroid stimulating immunoglobulin (TSI), antithyroidperoxidase antibody (TPO) or antithyroglobulin levels at 24 weeks.; MRI of the orbit with coronal and axial views to evaluate evidence of optic nerve crowding, muscle size reduction or decreased proptosis during treatment and follow up interval at 24 weeks.",Protocol-defined,No posted in-scope efficacy result at cutoff.,No manually curated public result at cutoff.,Not established from posted results.,NR (no result-linked publication URL identified at data cut),Official registry protocol,ClinicalTrials.gov; NCT00424151,official_registry_full_record,2026-09-10,disease-directed drug/biologic/supplement trial,Rituximab,NON_RANDOMIZED,No,"NA (study not reported as terminated, withdrawn, or suspended)",Registry allocation=NON_RANDOMIZED,No posted ClinicalTrials.gov results at frozen data cut,2026-09-10,2.0.0
NCT01114503,ClinicalTrials.gov,https://clinicaltrials.gov/study/NCT01114503,Otelixizumab; Methylprednisolone,Otelixizumab - low dose; Otelixizumab - medium low dose; Otelixizumab - medium high dose; Otelixizumab - high dose; NR (no additional alias),GlaxoSmithKline,GlaxoSmithKline,Active TED,CD3 modulation; Glucocorticoid immunomodulation,PHASE2,TERMINATED,2010-07-07,2012-08-29,United Kingdom,Adults primary,active_unspecified_severity,2,2,Endpoint-specific (see result_trial_curation_v2.csv; denominators vary by endpoint),RANDOMIZED PARALLEL,SINGLE,"Part A [EXPERIMENTAL]: Drug: Otelixizumab - low dose, Drug: Otelixizumab - medium low dose, Drug: Otelixizumab - medium high dose, Drug: Otelixizumab - high dose — Up to 4 cohorts of 5 patients receive dose rising treatments of otelixizumab; Part B - Otelixizumab [EXPERIMENTAL]: Drug: Otelixizumab — Parallel dosing group in Part B receive otelixizumab over 8 days at a dose decided upon results from Part A; Part B - Methylprednisolone [ACTIVE_COMPARATOR]: Drug: Methylprednisolone — Parallel dosing group in Part B of weekly doses of methylprednisolone for 12 weeks",Otelixizumab - low dose [DRUG]: 8 day dose rising intravenous infusions of a low dose of otelixizumab; Otelixizumab - medium low dose [DRUG]: 8 day dose rising intravenous infusions of a medium low dose of otelixizumab; Otelixizumab - medium high dose [DRUG]: 8 day dose rising intravenous infusions of a medium high dose of otelixizumab; Otelixizumab - high dose [DRUG]: 8 day dose rising intravenous infusions of a high dose of otelixizumab; Otelixizumab [DRUG]: 8 day dose rising intravenous infusions of otelixizumab administered at a dose decided upon results from Part A.; Methylprednisolone [DRUG]: Weekly intravenous infusions of methylprednisolone administered as 500 mg per week for 6 weeks and then 250 mg per week for 6 weeks; Arm Part A: Up to 4 cohorts of 5 patients receive dose rising treatments of otelixizumab; Arm Part B - Otelixizumab: Parallel dosing group in Part B receive otelixizumab over 8 days at a dose decided upon results from Part A; Arm Part B - Methylprednisolone: Parallel dosing group in Part B of weekly doses of methylprednisolone for 12 weeks,Registry-defined; verify per protocol,Part B - Methylprednisolone,"Number of Participants With at Least One Adverse Event (AE), Serious Adverse Event (SAE), or Drug-related Adverse Event; Number of Participants With Laboratory Clinical Chemistry Abnormalities Meeting the Criteria for Potential Clinical Concern (PCC); Number of Participants With Laboratory Hematology Abnormalities Meeting the Criteria for PCC; Number of Participants With Laboratory Urinalysis Abnormalities Meeting the Criteria for PCC; Number of Participants With Thyroid Function Assessment, Hormone and Glucose Assay Abnormalities Meeting the Criteria for PCC","Change From Baseline for Individual Scores at Week 12 Incorporated in the European Group on Graves' Orbitopathy (EUGOGO) Assessment Including, Eyelid Swelling, Clinical Activity Score (CAS) Score, Proptosis, Lid Width and Diplopia; Change From Baseline for Participant-reported Health Related Quality of Life (QoL) Questionnaires of Short Form 36 ( SF-36) and Graves Ophthalmopathy (GO) QoL; Change From Baseline Measurement of Orbital Volume as Measured by Computed Tomography (CT) Scan; Assessment of Anti-otelixizumab Antibodies; Assessment of Circulating Cytokines of Interleukin 6 (IL6), IL10, Interferon Gamma (IFNγ) and Tumor Necrosis Factor Alpha (TNFα) up to 2 Weeks",Posted result timepoint,해석 가능한 efficacy endpoint 없음.,2/2 AE 및 drug-related AE; SAE 0.,없음.,NR (no result-linked publication URL identified at data cut),Registry result + manual curation,ClinicalTrials.gov; NCT01114503,official_registry_full_record,2026-09-10,Clinical study in Graves' ophthalmopathy terminated until there is a better understanding of an efficacious dose with Otelixizumab from other clinical studies.; disease-directed standard-of-care or regimen-optimization trial; Termination은 명시된 dose-development 사유이며 mechanistic failure로 해석하지 않음.,Otelixizumab - low dose; Otelixizumab - medium low dose; Otelixizumab - medium high dose; Otelixizumab - high dose; Otelixizumab; Methylprednisolone,RANDOMIZED,Yes,Clinical study in Graves' ophthalmopathy terminated until there is a better understanding of an efficacious dose with Otelixizumab from other clinical studies.,"Posted participant flow, first period STARTED (Overall Study)",Posted results with manually curated endpoint-specific interpretation,2026-09-10,2.0.0
NCT01280214,ClinicalTrials.gov,https://clinicaltrials.gov/study/NCT01280214,Triamcinolone,kenalog,"HaEmek Medical Center, Israel","HaEmek Medical Center, Israel",Active TED,Local glucocorticoid therapy,NA,UNKNOWN,2011-02,2013-02,NR (study locations not reported),Adults primary,active_unspecified_severity,30,NA (not randomized),NA (no posted results at data cut),NA SINGLE_GROUP,NONE,Triamcinolone [EXPERIMENTAL]: Drug: Triamcinolone,"Triamcinolone [DRUG]: Subconjunctival and peribulbar, 40 mg/ml, 3 monthly injection",Registry-defined; verify per protocol,NA (no comparator arm identified),Comparing the effectiveness of subconjunctival and peribulbar Triamcinolone injection to systemic Steroid therapy for patients with active thyroid orbitopathy .,To check if the level of TSH Receptor antibodies are affected by the local injection.,Protocol-defined,No posted in-scope efficacy result at cutoff.,No manually curated public result at cutoff.,Not established from posted results.,NR (no result-linked publication URL identified at data cut),Official registry protocol,ClinicalTrials.gov; NCT01280214,official_registry_full_record,2026-09-10,disease-directed drug/biologic/supplement trial,Triamcinolone,NA,No,"NA (study not reported as terminated, withdrawn, or suspended)",Registry allocation=NA,No posted ClinicalTrials.gov results at frozen data cut,2026-09-10,2.0.0
NCT01379196,ClinicalTrials.gov,https://clinicaltrials.gov/study/NCT01379196,Azithromycin,AZITRO,Rabin Medical Center,Rabin Medical Center,Active TED,Macrolide immunomodulation,PHASE1; PHASE2,WITHDRAWN,2011-05,2014-11,NR (study locations not reported),Adults primary,active_unspecified_severity,0,NA (not randomized),NA (no posted results at data cut),NA SINGLE_GROUP,NONE,Azithromycin PO three times weekly [EXPERIMENTAL]: Drug: Azithromycin — Tablets Azithromycin 500 mg PO three times weekly for three months,Azithromycin [DRUG]: Tab. Azithromycin 500 mg PO three times weekly for 3 months; Arm Azithromycin PO three times weekly: Tablets Azithromycin 500 mg PO three times weekly for three months,Registry-defined; verify per protocol,NA (no comparator arm identified),Change in clinical activity score between baseline and after three months,Measurement of extraocular muscle thickening; ANTI TSH Receptor antibody levels,Protocol-defined,No posted in-scope efficacy result at cutoff.,No manually curated public result at cutoff.,Not established from posted results.,NR (no result-linked publication URL identified at data cut),Official registry protocol,ClinicalTrials.gov; NCT01379196,official_registry_full_record,2026-09-10,Patients were not interested in enrolling; disease-directed drug/biologic/supplement trial,Azithromycin,NA,No,Patients were not interested in enrolling,Registry allocation=NA,No posted ClinicalTrials.gov results at frozen data cut,2026-09-10,2.0.0
NCT01809444,ClinicalTrials.gov,https://clinicaltrials.gov/study/NCT01809444,Prednisone/prednisolone; Doxycycline,Prednisone+placebo of Doxycycline | deltacortisone; Doxycycline+placebo of Prednisone | Dolotard | Tibirox | Biomycin,Sun Yat-sen University,Sun Yat-sen University,Active TED,Glucocorticoid immunomodulation; Tetracycline immunomodulation,PHASE2; PHASE3,UNKNOWN,2012-11,2016-01,China,Adults primary,active_unspecified_severity,146,NR (randomized N not posted; enrollment not substituted),NA (no posted results at data cut),RANDOMIZED PARALLEL,QUADRUPLE,"Prednisone+placebo of Doxycycline [ACTIVE_COMPARATOR]: Drug: Prednisone+placebo of Doxycycline — Prednisone: 50 mg/d for 14 day, tailed by 40 mg/d for 14 day, 30 mg/d for 28 day, 20 mg/d for 28 day, 15 mg/d for 14 day, 10 mg/d for 14 day, in total 16 weeks; Placebo of doxycycline: administered for 16 weeks.; Doxycycline+placebo of Prednisone [EXPERIMENTAL]: Drug: Doxycycline+placebo of Prednisone — Doxycycline: 50 mg/d for 12 weeks, and placebo for another 4 weeks; Placebo of prednisone: administered for 16 weeks.","Prednisone+placebo of Doxycycline [DRUG]: Prednisone: 50 mg/d for 14 day, tailed by 40 mg/d for 14 day, 30 mg/d for 28 day, 20 mg/d for 28 day, 15 mg/d for 14 day, 10 mg/d for 14 day, in total 16 weeks; Placebo of doxycycline: administered for 16 weeks; Doxycycline+placebo of Prednisone [DRUG]: Doxycycline: 50 mg PO per day for 12 weeks, and placebo for another 4 weeks; Placebo of prednisone: administered for 16 weeks.; Arm Prednisone+placebo of Doxycycline: Prednisone: 50 mg/d for 14 day, tailed by 40 mg/d for 14 day, 30 mg/d for 28 day, 20 mg/d for 28 day, 15 mg/d for 14 day, 10 mg/d for 14 day, in total 16 weeks; Placebo of doxycycline: administered for 16 weeks.; Arm Doxycycline+placebo of Prednisone: Doxycycline: 50 mg/d for 12 weeks, and placebo for another 4 weeks; Placebo of prednisone: administered for 16 weeks.",Registry-defined; verify per protocol,Prednisone+placebo of Doxycycline,Overall treatment response,"• Health related quality of life questionnaires (GO-QoL); • Safety and tolerability as assessed by adverse events, vital signs; • Quantitative changes of rectus diameter measured by MRI scan; Relapse",Protocol-defined,No posted in-scope efficacy result at cutoff.,No manually curated public result at cutoff.,Not established from posted results.,NR (no result-linked publication URL identified at data cut),Official registry protocol,ClinicalTrials.gov; NCT01809444,official_registry_full_record,2026-09-10,disease-directed standard-of-care or regimen-optimization trial,Prednisone+placebo of Doxycycline; Doxycycline+placebo of Prednisone,RANDOMIZED,No,"NA (study not reported as terminated, withdrawn, or suspended)",Protocol identifies randomized allocation; no posted participant flow at data cut,No posted ClinicalTrials.gov results at frozen data cut,2026-09-10,2.0.0
NCT01868997,ClinicalTrials.gov,https://clinicaltrials.gov/study/NCT01868997,Teprotumumab,RV 001 | HZN-001,Amgen,Amgen,Active TED,IGF-1R inhibition,PHASE2,COMPLETED,2013-07,2016-03,Germany; Italy; United Kingdom; United States,Adults primary,active_unspecified_severity,88,87,Endpoint-specific (see result_trial_curation_v2.csv; denominators vary by endpoint),RANDOMIZED PARALLEL,QUADRUPLE,"Placebo [PLACEBO_COMPARATOR]: Drug: normal saline — A placebo infusion (normal saline) administered q3W by IV infusion over a period of 24 weeks for a total of 8 infusions.; Teprotumumab [EXPERIMENTAL]: Drug: teprotumumab — Teprotumumab administered q3W by IV infusion over a period of 24 weeks for a total of 8 infusions. All participants start treatment at a dose of 10 mg/kg. At Week 3, the dose is escalated to 20 mg/kg and kept constant for the remainder of the study.","Arm Placebo: A placebo infusion (normal saline) administered q3W by IV infusion over a period of 24 weeks for a total of 8 infusions.; Arm Teprotumumab: Teprotumumab administered q3W by IV infusion over a period of 24 weeks for a total of 8 infusions. All participants start treatment at a dose of 10 mg/kg. At Week 3, the dose is escalated to 20 mg/kg and kept constant for the remainder of the study.",Registry-defined; verify per protocol,Placebo,Responder Status at Week 24,Overall Average Change From Baseline in Graves' Ophthalmopathy Quality of Life (GO-QOL) Scale - Overall to Week 24 (Mixed-Model Repeated Measures [MMRM]); Overall Average Change From Baseline in Proptosis of the Study Eye to Week 24 (MMRM); Overall Average Change From Baseline in CAS to Week 24 (MMRM); Overall Average Change From Baseline in GO-QOL Scale - Visual Functioning to Week 24 (MMRM); Overall Average Change From Baseline in GO-QOL Scale - Appearance to Week 24 (MMRM),Posted result timepoint,"Composite response 29/42 vs 9/45, p<0.001; OR 8.86 (95% CI 3.293–23.825); proptosis LS change −2.46 vs −0.15 mm.",SAE 5/43 vs 1/44.,등록 결과만으로 장기 durability 제한.,https://pubmed.ncbi.nlm.nih.gov/28467880/; https://doi.org/10.1056/NEJMoa1614949; https://doi.org/10.1007/s40262-021-01003-3; https://doi.org/10.1167/iovs.14-14002,Registry result + manual curation,ClinicalTrials.gov; NCT01868997,official_registry_full_record,2026-09-10,disease-directed drug/biologic/supplement trial; IGF-1R class efficacy를 보이나 GD biochemical remission 증거가 아님.,teprotumumab; normal saline,RANDOMIZED,Yes,"NA (study not reported as terminated, withdrawn, or suspended)","Posted participant flow, first period STARTED (Overall Study)",Posted results with manually curated endpoint-specific interpretation,2026-09-10,2.0.0
NCT01893450,ClinicalTrials.gov,https://clinicaltrials.gov/study/NCT01893450,Methimazole / antithyroid drug; Bromocriptine; Pentoxifylline,Methimazole; NR (no additional alias),Instituto Nacional de Ciencias Medicas y Nutricion Salvador Zubiran,Instituto Nacional de Ciencias Medicas y Nutricion Salvador Zubiran,Active TED,Antithyroid drug; Dopamine agonism; Pleiotropic immunomodulation,NA,TERMINATED,2008-06,2013-06,Mexico,Adults primary,active_unspecified_severity,31,NR (randomized N not posted; enrollment not substituted),NA (no posted results at data cut),RANDOMIZED PARALLEL,SINGLE,"methimazole [ACTIVE_COMPARATOR]: Drug: Methimazole — methimazole 30 mg daily during one year; methimazole, bromocriptine [ACTIVE_COMPARATOR]: Drug: Bromocriptine — methimazole 30 mg daily during one year, bromocriptine 5 mg twice a day during one year; pentoxifylline [ACTIVE_COMPARATOR]: Drug: Pentoxifylline — methimazol 30 mg daily and pentoxifylline 400 mg twice a day during one year","Arm methimazole: methimazole 30 mg daily during one year; Arm methimazole, bromocriptine: methimazole 30 mg daily during one year, bromocriptine 5 mg twice a day during one year; Arm pentoxifylline: methimazol 30 mg daily and pentoxifylline 400 mg twice a day during one year",Registry-defined; verify per protocol,"methimazole; methimazole, bromocriptine; pentoxifylline",Proptosis,Clinical activity score; Quality of life,Protocol-defined,No posted in-scope efficacy result at cutoff.,No manually curated public result at cutoff.,Not established from posted results.,NR (no result-linked publication URL identified at data cut),Official registry protocol,ClinicalTrials.gov; NCT01893450,official_registry_full_record,2026-09-10,Efficacy demonstrated on a preliminary analysis; disease-directed standard-of-care or regimen-optimization trial,Methimazole; Bromocriptine; Pentoxifylline,RANDOMIZED,No,Efficacy demonstrated on a preliminary analysis,Protocol identifies randomized allocation; no posted participant flow at data cut,No posted ClinicalTrials.gov results at frozen data cut,2026-09-10,2.0.0
NCT02339142,ClinicalTrials.gov,https://clinicaltrials.gov/study/NCT02339142,Orbital radiotherapy; Methylprednisolone,External beam radiotherapy; intravenous corticosteroids (methylprednisolone),University of British Columbia,University of British Columbia,Active TED,Orbital radiotherapy; Glucocorticoid immunomodulation,PHASE4,UNKNOWN,2015-01,2018-12,NR (study locations not reported),Adults primary,active_unspecified_severity,100,NR (randomized N not posted; enrollment not substituted),NA (no posted results at data cut),RANDOMIZED PARALLEL,SINGLE,"Combined radiotherapy and iv corticosteroid [EXPERIMENTAL]: Radiation: External beam radiotherapy, Drug: intravenous corticosteroids (methylprednisolone) — Therapy: iv MP 500 mg iv weekly for 6 weeks, then 250 mg iv weekly for 6 weeks

\+ External beam radiotherapy: 100 Rads to each orbit x 10 doses; iv Corticosteroid [ACTIVE_COMPARATOR]: Drug: intravenous corticosteroids (methylprednisolone) — iv MP 500 mg iv weekly for 6 weeks, then 250 mg iv weekly for 6 week No Radiotherapy administered","External beam radiotherapy [RADIATION]: 100 Rads to each lateral orbit x 10 doses; intravenous corticosteroids (methylprednisolone) [DRUG]: Intravenous methylprednisolone (iv MP) 500 mg weekly x 6 weeks, then iv MP 250 mg x 6 weeks; Arm Combined radiotherapy and iv corticosteroid: Therapy: iv MP 500 mg iv weekly for 6 weeks, then 250 mg iv weekly for 6 weeks

\+ External beam radiotherapy: 100 Rads to each orbit x 10 doses; Arm iv Corticosteroid: iv MP 500 mg iv weekly for 6 weeks, then 250 mg iv weekly for 6 week No Radiotherapy administered",Registry-defined; verify per protocol,iv Corticosteroid,"New onset dysthyroid optic neuropathy; Progression in ocular motility dysfunction (Improvement or worsening in motility scores and ocular restriction, and need for strabismus surgery); Participants escaping trial (Number of participants leaving trial because of onset of optic neuropathy or primary strabismus)",VISA inflammatory scores; Quality of life scores; Proptosis and eyelid retraction changes; Supplemental iv corticosteroid requirements,Protocol-defined,No posted in-scope efficacy result at cutoff.,No manually curated public result at cutoff.,Not established from posted results.,NR (no result-linked publication URL identified at data cut),Official registry protocol,ClinicalTrials.gov; NCT02339142,official_registry_full_record,2026-09-10,disease-directed standard-of-care or regimen-optimization trial,External beam radiotherapy; intravenous corticosteroids (methylprednisolone),RANDOMIZED,No,"NA (study not reported as terminated, withdrawn, or suspended)",Protocol identifies randomized allocation; no posted participant flow at data cut,No posted ClinicalTrials.gov results at frozen data cut,2026-09-10,2.0.0
NCT02378298,ClinicalTrials.gov,https://clinicaltrials.gov/study/NCT02378298,Rituximab; Methylprednisolone; Methotrexate,Mabthera | Rituxan | Zytux | L01XC02; Iv Methylprednisolone | Solumedrol; peroral methylprednisolone and Methotrexate | Prednisolone,Göteborg University,Göteborg University,Active TED,CD20 B-cell depletion; Glucocorticoid immunomodulation; Conventional immunosuppression,PHASE4,COMPLETED,2011-12,2019-09-03,Sweden,Adults primary,active_unspecified_severity,38,NA (not randomized),Endpoint-specific (see result_trial_curation_v2.csv; denominators vary by endpoint),NON_RANDOMIZED FACTORIAL,NONE,"Non-responder RTX+MTX [ACTIVE_COMPARATOR]: Drug: Rituximab — Patients with moderate-severe TAO with an inflammatory CAS of ≥ 4 that do not respond to iv GC (deltaCAS \<2 compared to baseline after 4 weeks of iv GC ) or do relapse (deltaCAS ≥2 and total CAS ≥4) after steroid treatment compared to previous CAS measurement at 12 weeks. Rituximab (1000 mg iv with 2 weeks in between) is combined with methotrexate (15-20 mg once a week) to minimize the risk of antibody developement. MTX is always combined with RTX and is never given as a monotherapy in this study.

rituximab and methotrexate; Relapse RTX+MTX [ACTIVE_COMPARATOR]: Drug: Rituximab — Patients that respond to iv GC (Methylprednisolone iv) but relapse after 6 weeks will be randomised to either RTX+MTX or per oral GC (po GC+MTX) rituximab and methotrexate; Relapse po GC+MTX [ACTIVE_COMPARATOR]: Drug: peroral methylprednisolone and Methotrexate — Patients that respond to iv GC but relapse after 6 weeks will be randomised to either RTX+MTX or per oral GC (po GC+MTX) This is the conventional therapy arm.

methotrexate and methylprednisolone; Responders without relapse [NO_INTERVENTION]: Patients that respond to iv GC and have no relapse at 18 weeks of study.; Methylprednisolone iv [ACTIVE_COMPARATOR]: Drug: Iv Methylprednisolone — All patients in the study have a 4 weeks period of 500 mg methylprednisolone iv/week. Depending of the response patients are classified as non- responders (and are given RTX and MTX) or responders. The responders continue with intravenous infusion of Methylprednisolone 500 mg /week in 2 weeks and thereafter 250 mg iv/week in 6 weeks.","Rituximab [DRUG]: Rituximab (RTX) is a mouse-human chimeric antibody designed towards (CD20) pre B and mature B lymphocytes and that blocks B-cells activation without affecting the regenerating of B cells from stem cells or the plasma cells immunoglobulin production. Rituximab is used in the treatment of hematologic malignancies (B cells lymphoma, chronic lymphatic leukaemia, Waldenströms macroglobulinemia) and autoimmune diseases with B-cell involvement such as rheumatoid arthritis, thrombocytopenic purpura, SLE).; Iv Methylprednisolone [DRUG]: Solumedrol is an intravenous glucocorticoid that are the gold standard in TAO. All patients start with 500 mg/weeks for 4 weeks. The response is evaluated and patients are randomised to non-responders or responders. The responders continues with the gold standard treatment that is another 500 mg solumedrol/ week in 2 weeks and then 250 mg/ week in 6 weeks.; peroral methylprednisolone and Methotrexate [DRUG]: Peroral GC (starting with 30 mg and tapering down) is combined with 15-20 mg MTX /week to reduce the needed dose of steroids; Arm Non-responder RTX+MTX: Patients with moderate-severe TAO with an inflammatory CAS of ≥ 4 that do not respond to iv GC (deltaCAS \<2 compared to baseline after 4 weeks of iv GC ) or do relapse (deltaCAS ≥2 and total CAS ≥4) after steroid treatment compared to previous CAS measurement at 12 weeks. Rituximab (1000 mg iv with 2 weeks in between) is combined with methotrexate (15-20 mg once a week) to minimize the risk of antibody developement. MTX is always combined with RTX and is never given as a monotherapy in this study.

rituximab and methotrexate; Arm Relapse RTX+MTX: Patients that respond to iv GC (Methylprednisolone iv) but relapse after 6 weeks will be randomised to either RTX+MTX or per oral GC (po GC+MTX) rituximab and methotrexate; Arm Relapse po GC+MTX: Patients that respond to iv GC but relapse after 6 weeks will be randomised to either RTX+MTX or per oral GC (po GC+MTX) This is the conventional therapy arm.

methotrexate and methylprednisolone; Arm Responders without relapse: Patients that respond to iv GC and have no relapse at 18 weeks of study.; Arm Methylprednisolone iv: All patients in the study have a 4 weeks period of 500 mg methylprednisolone iv/week. Depending of the response patients are classified as non- responders (and are given RTX and MTX) or responders. The responders continue with intravenous infusion of Methylprednisolone 500 mg /week in 2 weeks and thereafter 250 mg iv/week in 6 weeks.",Registry-defined; verify per protocol,Non-responder RTX+MTX; Relapse RTX+MTX; Relapse po GC+MTX; Responders without relapse; Methylprednisolone iv,Clinical Activity Score (a Composite Measure of Ophthalmological Signs and Symptoms),NA (no secondary endpoint reported),Posted result timepoint,"Week 68 CAS 3.0, 2.58, 2.14 across non-equivalent cohorts; inferential statistics 없음.",Registry arm-level safety 참조.,Week 68 관찰이나 selection/confounding이 큼.,NR (no result-linked publication URL identified at data cut),Registry result + manual curation,ClinicalTrials.gov; NCT02378298,official_registry_full_record,2026-09-10,disease-directed standard-of-care or regimen-optimization trial; Nonrandomized selected cohorts; cohort 간 우열 비교 금지.,Rituximab; Iv Methylprednisolone; peroral methylprednisolone and Methotrexate,NON_RANDOMIZED,Yes,"NA (study not reported as terminated, withdrawn, or suspended)",Registry allocation=NON_RANDOMIZED,Posted results with manually curated endpoint-specific interpretation,2026-09-10,2.0.0
NCT02393183,ClinicalTrials.gov,https://clinicaltrials.gov/study/NCT02393183,Selenium/antioxidant supplement,ASTED | Antioxidant Supplement for Thyroid Eye Disease; Selenium,Iran University of Medical Sciences,Iran University of Medical Sciences,Active TED,Antioxidant supplementation,PHASE2; PHASE3,WITHDRAWN,2019-07-15,2022-06-15,Iran,Adults primary,active_unspecified_severity,0,NR (randomized N not posted; enrollment not substituted),NA (no posted results at data cut),RANDOMIZED PARALLEL,DOUBLE,"ASTED [EXPERIMENTAL]: Drug: ASTED — Antioxidant Supplements for TED (ASTED):

to evaluate the effect of selected antioxidant vitamins and minerals supplement (Twice daily)

1. β- Carotene (30 mg)
2. Vit C (100 mg)
3. Vit E (Alpha-Tocopherol Acetate): 60-200 IU
4. Calcium phosphate dihydrate (40 mg)
5. Zinc oxide (4 mg, elemental)
6. Copper gluconate (3.5 mg)
7. Sodium selenite 23 mg= Selenium 100 µg
8. Nicotinamide (a form of vit.B3) (10 mg); Selenium [ACTIVE_COMPARATOR]: Dietary Supplement: Selenium — Selenium (100mic) Twice daily; Placebo [PLACEBO_COMPARATOR]: Other: Placebo — Placebo Twice daily","ASTED [DRUG]: A tablet of ASTED will be taken twice a day; Selenium [DIETARY_SUPPLEMENT]: A tablet of 100 microgram of Selenium (same shape and color) will be taken twice a day; Placebo [OTHER]: A tablet of Placebo (same shape and color) will be taken twice a day; Arm ASTED: Antioxidant Supplements for TED (ASTED):

to evaluate the effect of selected antioxidant vitamins and minerals supplement (Twice daily)

1. β- Carotene (30 mg)
2. Vit C (100 mg)
3. Vit E (Alpha-Tocopherol Acetate): 60-200 IU
4. Calcium phosphate dihydrate (40 mg)
5. Zinc oxide (4 mg, elemental)
6. Copper gluconate (3.5 mg)
7. Sodium selenite 23 mg= Selenium 100 µg
8. Nicotinamide (a form of vit.B3) (10 mg); Arm Selenium: Selenium (100mic) Twice daily; Arm Placebo: Placebo Twice daily",Registry-defined; verify per protocol,Selenium; Placebo,Change of total eye score (NOSPECS severity score),Change of score of thyroid eye disease Quality of life questionnaire (TED-QOL),Protocol-defined,No posted in-scope efficacy result at cutoff.,No manually curated public result at cutoff.,Not established from posted results.,NR (no result-linked publication URL identified at data cut),Official registry protocol,ClinicalTrials.gov; NCT02393183,official_registry_full_record,2026-09-10,Do not access to the drug; disease-directed standard-of-care or regimen-optimization trial,ASTED; Selenium; Placebo,RANDOMIZED,No,Do not access to the drug,Protocol identifies randomized allocation; no posted participant flow at data cut,No posted ClinicalTrials.gov results at frozen data cut,2026-09-10,2.0.0
NCT02535975,ClinicalTrials.gov,https://clinicaltrials.gov/study/NCT02535975,Metformin,NR (no additional alias),Yonsei University,Yonsei University,Active TED,Metabolic immunomodulation hypothesis,NA,UNKNOWN,2014-12,2019-10,South Korea,Adults primary,active_unspecified_severity,80,NR (randomized N not posted; enrollment not substituted),NA (no posted results at data cut),RANDOMIZED PARALLEL,QUADRUPLE,Metformin [EXPERIMENTAL]: Drug: Metformin — Metformin 500mg PO three times a day for 24 weeks; Placebo [PLACEBO_COMPARATOR]: Drug: Placebo — Placebo tab. PO three times a day for 24 weeks,Metformin [DRUG]: Tablets metformin 500 mg PO three times a day for 24 weeks; Placebo [DRUG]: Tablets placebo PO three times a day for 24 weeks; Arm Metformin: Metformin 500mg PO three times a day for 24 weeks; Arm Placebo: Placebo tab. PO three times a day for 24 weeks,Registry-defined; verify per protocol,Placebo,Change of Clinical Activity Score (CAS) score; Change of NOSPECS score,adverse events; Quality of life questionnaires (GO-QoL),Protocol-defined,No posted in-scope efficacy result at cutoff.,No manually curated public result at cutoff.,Not established from posted results.,NR (no result-linked publication URL identified at data cut),Official registry protocol,ClinicalTrials.gov; NCT02535975,official_registry_full_record,2026-09-10,disease-directed drug/biologic/supplement trial,Metformin; Placebo,RANDOMIZED,No,"NA (study not reported as terminated, withdrawn, or suspended)",Protocol identifies randomized allocation; no posted participant flow at data cut,No posted ClinicalTrials.gov results at frozen data cut,2026-09-10,2.0.0
NCT02845336,ClinicalTrials.gov,https://clinicaltrials.gov/study/NCT02845336,Celecoxib; Artificial tears,Celebrex; NR (no additional alias),Johns Hopkins University,Johns Hopkins University,Active TED,COX-2 inhibition; Lubricating supportive care,PHASE2,TERMINATED,2017-03-05,2019-06-30,United States,Adults primary,active_unspecified_severity,7,7,Endpoint-specific (see result_trial_curation_v2.csv; denominators vary by endpoint),RANDOMIZED PARALLEL,NONE,"Celecoxib [EXPERIMENTAL]: Drug: Celecoxib, Drug: artificial tears — Patients who are randomized to treatment with celecoxib 100mg pills by mouth twice a day for 3 months, in addition to standard of care treatment as described under the Control arm; Control [ACTIVE_COMPARATOR]: Drug: artificial tears — Patients who are randomized to standard treatment (requiring no prescription medication, but standard recommendations such as artificial tears, avoiding cigarette smoke)","Celecoxib [DRUG]: celecoxib 100mg PO twice per day for 3 months; artificial tears [DRUG]: Standard care for mild thyroid eye disease is lubrication with artificial tears (over the counter), avoidance of cigarette smoke.; Arm Celecoxib: Patients who are randomized to treatment with celecoxib 100mg pills by mouth twice a day for 3 months, in addition to standard of care treatment as described under the Control arm; Arm Control: Patients who are randomized to standard treatment (requiring no prescription medication, but standard recommendations such as artificial tears, avoiding cigarette smoke)",Registry-defined; verify per protocol,Control,Thyroid Eye Disease Clinical Activity Score,Proptosis as Measured in Millimeters With an Exophthalmometer (Right Eye); Proptosis as Measured in Millimeters With an Exophthalmometer (Left Eye); Number of Participants With Ocular Misalignment; Number of Participants With Ocular Misalignment; Number of Participants With Ocular Misalignment,Posted result timepoint,"7 enrolled; outcome에는 treated 1명, control 0명; 해당 1명 CAS/proptosis change 0.",해석 가능한 비교 없음.,없음.,NR (no result-linked publication URL identified at data cut),Registry result + manual curation,ClinicalTrials.gov; NCT02845336,official_registry_full_record,2026-09-10,Poor enrollment; disease-directed drug/biologic/supplement trial; Mechanistic failure로 분류하지 않음.,Celecoxib; artificial tears,RANDOMIZED,Yes,Poor enrollment,"Posted participant flow, first period STARTED (Overall Study)",Posted results with manually curated endpoint-specific interpretation,2026-09-10,2.0.0
NCT03098225,ClinicalTrials.gov,https://clinicaltrials.gov/study/NCT03098225,Orbital radiotherapy; Methylprednisolone,OR; ivGC,University of Pisa,University of Pisa,Active TED,Orbital radiotherapy; Glucocorticoid immunomodulation,PHASE4,NOT_YET_RECRUITING,2024-01-01,2026-03-31,NR (study locations not reported),Adults primary,active_unspecified_severity,120,NR (randomized N not posted; enrollment not substituted),NA (no posted results at data cut),RANDOMIZED PARALLEL,SINGLE,"Radiotherapy [EXPERIMENTAL]: Radiation: Orbital radiotherapy, Drug: Methylprednisolone — Patients with moderately severe GO treated with Intravenous glucocorticoids associated with orbital radiotherapy; No Radiotherapy [ACTIVE_COMPARATOR]: Drug: Methylprednisolone — Patients with moderately severe GO treated with Intravenous glucocorticoids alone","Orbital radiotherapy [RADIATION]: A high-voltage linear accelerator will be used and a cumulative radiation dose of 20 Gy will be delivered to each eye in 10 fractionated doses over a period of 2 weeks. All patients will be treated in both eyes.; Methylprednisolone [DRUG]: Methylprednisolone pulse therapy for 12 weeks as follows: 500 mg IV once weekly for 6 weeks, then 250 mg IV once weekly for a further 6 weeks. Cumulative dose 4.5 g.; Arm Radiotherapy: Patients with moderately severe GO treated with Intravenous glucocorticoids associated with orbital radiotherapy; Arm No Radiotherapy: Patients with moderately severe GO treated with Intravenous glucocorticoids alone",Registry-defined; verify per protocol,No Radiotherapy,Comparison of overall GO outcome determined using a composite evaluation,Comparison of overall GO outcome determined using a composite evaluation; Comparison of a disease specific quality of life questionnaire (GO-QoL); GO relapse; Comparison of a disease specific quality of life questionnaire (GO-QoL),Protocol-defined,No posted in-scope efficacy result at cutoff.,No manually curated public result at cutoff.,Not established from posted results.,NR (no result-linked publication URL identified at data cut),Official registry protocol,ClinicalTrials.gov; NCT03098225,official_registry_full_record,2026-09-10,disease-directed standard-of-care or regimen-optimization trial,Orbital radiotherapy; Methylprednisolone,RANDOMIZED,No,"NA (study not reported as terminated, withdrawn, or suspended)",Protocol identifies randomized allocation; no posted participant flow at data cut,No posted ClinicalTrials.gov results at frozen data cut,2026-09-10,2.0.0
NCT03461211,ClinicalTrials.gov,https://clinicaltrials.gov/study/NCT03461211,Teprotumumab,HZN-001,Amgen,Amgen,Active TED,IGF-1R inhibition,PHASE3,COMPLETED,2018-04-16,2020-06-08,Germany; Italy; United States,Adults primary,active_unspecified_severity,51,NA (not randomized),Endpoint-specific (see result_trial_curation_v2.csv; denominators vary by endpoint),NA SINGLE_GROUP,NONE,Teprotumumab [EXPERIMENTAL]: Biological: Teprotumumab — Eight infusions of teprotumumab every 3 weeks (q3W) for a total of 21 weeks: teprotumumab 10 mg/kg administered on Day 1 and teprotumumab 20 mg/kg administered q3W for the remaining 7 infusions.,Teprotumumab [BIOLOGICAL]: Teprotumumab is a fully human anti-IGF-1R mAb. Teprotumumab will be provided in single-dose 20 mL glass vials as a freeze-dried powder. Each vial of teprotumumab must be reconstituted with 10 mL of water for injection. Reconstituted teprotumumab solution must be further diluted in 0.9% (w/v) sodium chloride (NaCl) solution prior to administration. Teprotumumab will be administered in 100 mL or 250 mL infusion bags (100 mL infusion bags for doses up to 1800 mg and 250 mL infusion bags for doses \> 1800 mg).; Arm Teprotumumab: Eight infusions of teprotumumab every 3 weeks (q3W) for a total of 21 weeks: teprotumumab 10 mg/kg administered on Day 1 and teprotumumab 20 mg/kg administered q3W for the remaining 7 infusions.,Registry-defined; verify per protocol,NA (no comparator arm identified),Percentage of Participants With a ≥ 2 mm Reduction From Baseline in the Study Eye Without Deterioration of Proptosis in the Fellow Eye at Week 24,Percentage of Participants With a European Group on Graves' Ophthalmopathy (EUGOGO) Amended Clinical Activity Score (CAS) Total Score of 0 or 1 in the Study Eye at Week 24; Change in Proptosis From Baseline to Week 24; Percentage of Participants Who Were Diplopia Responders at Week 24; Mean Change From Baseline to Week 24 in the Graves' Ophthalmopathy Quality of Life (GO-QoL) Questionnaire Overall Score,Posted result timepoint,Prior placebo crossover PRR 33/37; original nonresponders retreatment 2/5; flare retreatment 5/8.,Mild hearing impairment 보고; 새로운 safety signal 없음.,Crossover responders 중 Week 48 PRR maintenance 29/32.,https://doi.org/10.1007/s40262-021-01003-3,Registry result + manual curation,[191]; ClinicalTrials.gov; NCT03461211,official_registry_full_record,2026-09-10,disease-directed drug/biologic/supplement trial; Randomized comparator가 아닌 selected open-label extension.,Teprotumumab,NA,Yes,"NA (study not reported as terminated, withdrawn, or suspended)",Registry allocation=NA,Posted results with manually curated endpoint-specific interpretation,2026-09-10,2.0.0
NCT03891043,ClinicalTrials.gov,https://clinicaltrials.gov/study/NCT03891043,Selenium/antioxidant supplement,Selenium,Instituto de Oftalmología Fundación Conde de Valenciana,Instituto de Oftalmología Fundación Conde de Valenciana,Active TED,Antioxidant supplementation,NA,COMPLETED,2015-08,2016-04,NR (study locations not reported),Adults primary,active_unspecified_severity,33,NR (randomized N not posted; enrollment not substituted),NA (no posted results at data cut),RANDOMIZED FACTORIAL,DOUBLE,"Group A, Placebo group [PLACEBO_COMPARATOR]: Other: Placebo — Placebo consisted in a pill of 100 micrograms of starch, to be taken twice a day.; Group B, Selenium group [EXPERIMENTAL]: Dietary Supplement: Selenium — Selenium consisted in a pill of 100 micrograms, to be taken twice a day.","Selenium [DIETARY_SUPPLEMENT]: A 100 micrograms of Selenium was given to be taken twice a day.; Placebo [OTHER]: Placebo pill of 100 micrograms of starch was given to be taken twice a day.; Arm Group A, Placebo group: Placebo consisted in a pill of 100 micrograms of starch, to be taken twice a day.; Arm Group B, Selenium group: Selenium consisted in a pill of 100 micrograms, to be taken twice a day.",Registry-defined; verify per protocol,"Group A, Placebo group",Clinical Activity Score (CAS),NA (no secondary endpoint reported),Protocol-defined,No posted in-scope efficacy result at cutoff.,No manually curated public result at cutoff.,Not established from posted results.,NR (no result-linked publication URL identified at data cut),Official registry protocol,ClinicalTrials.gov; NCT03891043,official_registry_full_record,2026-09-10,disease-directed standard-of-care or regimen-optimization trial,Selenium; Placebo,RANDOMIZED,No,"NA (study not reported as terminated, withdrawn, or suspended)",Protocol identifies randomized allocation; no posted participant flow at data cut,No posted ClinicalTrials.gov results at frozen data cut,2026-09-10,2.0.0
NCT04311606,ClinicalTrials.gov,https://clinicaltrials.gov/study/NCT04311606,Aflibercept; Hyaluronidase,Sub-tenon injection of saline followed by a sub-tenon injection of aflibercept | Group 1; Sub-tenon injection of hyaluronidase (HA) followed by a sub-tenon injection of aflibercept | Group 2; Sub-tenon injection of hyaluronidase (HA) alone | Group 3,Massachusetts Eye and Ear Infirmary,Massachusetts Eye and Ear Infirmary,Active TED,VEGF pathway inhibition; Extracellular-matrix degradation,PHASE2,COMPLETED,2020-11-02,2024-12-17,United States,Adults primary,active_unspecified_severity,11,NR (randomized N not posted; enrollment not substituted),NA (no posted results at data cut),RANDOMIZED PARALLEL,DOUBLE,Saline and aflibercept [EXPERIMENTAL]: Drug: Sub-tenon injection of saline followed by a sub-tenon injection of aflibercept — Group 1: Sub-tenon's injection of saline followed by sub-tenon injection of aflibercept; Hyaluronidase and aflibercept [EXPERIMENTAL]: Drug: Sub-tenon injection of hyaluronidase (HA) followed by a sub-tenon injection of aflibercept — Group 2: Sub-tenon's injection of hyaluronidase (HA) followed by sub-tenon injection of aflibercept; Hyaluronidase alone [PLACEBO_COMPARATOR]: Drug: Sub-tenon injection of hyaluronidase (HA) alone — Group 3: Sub-tenon injection of HA injection alone,"Sub-tenon injection of saline followed by a sub-tenon injection of aflibercept [DRUG]: The study will randomly assign a total of eight subjects into this treatment arm to receive a sub-tenon injection of saline followed by injection of 4 mg aflibercept (total volume 1.1 ml) in the worse eye. Injections will be given three times: on day 1, day 14 and day 28. Subjects will be followed until day 90.; Sub-tenon injection of hyaluronidase (HA) followed by a sub-tenon injection of aflibercept [DRUG]: The study will randomly assign a total of eight subjects into this treatment arm to receive a sub-tenon injection of hyaluronidase (HA) followed by injection of 4 mg aflibercept (total volume 1.1 ml) in the worse eye. Injections will be given three times: on day 1, day 14 and day 28. Subjects will be followed until day 90.; Sub-tenon injection of hyaluronidase (HA) alone [DRUG]: The study will randomly assign a total of eight subjects into this treatment arm to receive a sub-tenon injection of hyaluronidase (HA) injection alone (total volume 1.1 ml) in the worse eye. Injections will be given three times: on day 1, day 14 and day 28. Subjects will be followed until day 90.; Arm Saline and aflibercept: Group 1: Sub-tenon's injection of saline followed by sub-tenon injection of aflibercept; Arm Hyaluronidase and aflibercept: Group 2: Sub-tenon's injection of hyaluronidase (HA) followed by sub-tenon injection of aflibercept; Arm Hyaluronidase alone: Group 3: Sub-tenon injection of HA injection alone",Registry-defined; verify per protocol,Hyaluronidase alone,Primary Outcome: Safety,Secondary Outcome: Safety; Secondary Outcome: Change in Clinical Activity; Secondary Outcome: Change in Ocular Muscle; Secondary Outcome: Change in Proptosis measured by exophthalmometry; Secondary Outcome: Change in Proptosis by CT scan,Protocol-defined,No posted in-scope efficacy result at cutoff.,No manually curated public result at cutoff.,Not established from posted results.,https://doi.org/10.1016/j.ophtha.2016.05.052; https://doi.org/10.1056/NEJMoa1614949; https://doi.org/10.1530/EJE-10-0833; https://doi.org/10.5603/EP.2014.0048; https://doi.org/10.1167/iovs.06-0570; https://doi.org/10.1136/bjo.73.8.639; https://doi.org/10.1084/jem.20021244; https://doi.org/10.1097/01.ico.0000183485.85636.ff,Official registry protocol,ClinicalTrials.gov; NCT04311606,official_registry_full_record,2026-09-10,disease-directed drug/biologic/supplement trial,Sub-tenon injection of saline followed by a sub-tenon injection of aflibercept; Sub-tenon injection of hyaluronidase (HA) followed by a sub-tenon injection of aflibercept; Sub-tenon injection of hyaluronidase (HA) alone,RANDOMIZED,No,"NA (study not reported as terminated, withdrawn, or suspended)",Protocol identifies randomized allocation; no posted participant flow at data cut,No posted ClinicalTrials.gov results at frozen data cut,2026-09-10,2.0.0
NCT04876534,ClinicalTrials.gov,https://clinicaltrials.gov/study/NCT04876534,Tocilizumab; Methylprednisolone,Tocilizumab 20 Mg/mL Intravenous Solution | Actemra; MethylPREDNISolone Injectable Solution | Solumedrol,"Fondazione IRCCS Ca' Granda, Ospedale Maggiore Policlinico","Fondazione IRCCS Ca' Granda, Ospedale Maggiore Policlinico",Active TED,IL-6 receptor blockade; Glucocorticoid immunomodulation,PHASE2,UNKNOWN,2019-12-18,2022-12-18,Italy,Adults primary,active_unspecified_severity,64,NR (randomized N not posted; enrollment not substituted),NA (no posted results at data cut),RANDOMIZED PARALLEL,SINGLE,"Tocilizumab [EXPERIMENTAL]: Drug: Tocilizumab 20 Mg/mL Intravenous Solution — 32 patients with active moderate-severe GO treated with i.v. tocilizumab; Tocilizumab weight adjusted, 8 mg/kg, 1 intravenous infusion every four weeks (+/- 72 hours) for 12 weeks; Methylprednisolone [ACTIVE_COMPARATOR]: Drug: MethylPREDNISolone Injectable Solution — 32 patients with active moderate-severe GO treated with i.v. methylprednisolone; Methylprednisolone, 500 mg infusion weekly (+/- 48 hours) for 6 weeks, followed by 250 mg infusion weekly (+/- 48 hours) for another 6 weeks","Tocilizumab 20 Mg/mL Intravenous Solution [DRUG]: Intravenous administration; MethylPREDNISolone Injectable Solution [DRUG]: Intravenous administration; Arm Tocilizumab: 32 patients with active moderate-severe GO treated with i.v. tocilizumab; Tocilizumab weight adjusted, 8 mg/kg, 1 intravenous infusion every four weeks (+/- 72 hours) for 12 weeks; Arm Methylprednisolone: 32 patients with active moderate-severe GO treated with i.v. methylprednisolone; Methylprednisolone, 500 mg infusion weekly (+/- 48 hours) for 6 weeks, followed by 250 mg infusion weekly (+/- 48 hours) for another 6 weeks",Registry-defined; verify per protocol,Methylprednisolone,Desease inactivation,Desease improvement; Improvement of quality of life; Incident of adverse events in tocilizumab therapy; Immunological changes; Desease relapse,Protocol-defined,No posted in-scope efficacy result at cutoff.,No manually curated public result at cutoff.,Not established from posted results.,https://doi.org/10.1159/000443828; https://doi.org/10.1530/EJE-15-1164; https://doi.org/10.1055/s-0035-1554721; https://doi.org/10.1089/thy.2015.0029; https://doi.org/10.1210/jc.2014-3014; https://doi.org/10.1097/MED.0000000000000097; https://doi.org/10.1089/thy.2013.0445; https://doi.org/10.1530/EJE-13-0611; https://doi.org/10.1210/jc.2013-1804; https://doi.org/10.1210/jc.2011-2614; https://doi.org/10.1001/archopthalmol.2011.1215; https://doi.org/10.1530/eje.1.02325; https://doi.org/10.1111/j.1365-2249.2010.04191.x; https://doi.org/10.1016/j.clim.2008.12.005; https://doi.org/10.1111/j.1600-065X.2008.00646.x; https://doi.org/10.4049/jimmunol.1001708; https://doi.org/10.1126/science.285.5425.260; https://doi.org/10.1210/en.2006-0507; https://doi.org/10.1210/jcem.81.8.8768861; https://doi.org/10.1016/j.ophtha.2012.10.041; https://doi.org/10.1016/j.ajo.2018.07.038,Official registry protocol,ClinicalTrials.gov; NCT04876534,official_registry_full_record,2026-09-10,disease-directed standard-of-care or regimen-optimization trial,Tocilizumab 20 Mg/mL Intravenous Solution; MethylPREDNISolone Injectable Solution,RANDOMIZED,No,"NA (study not reported as terminated, withdrawn, or suspended)",Protocol identifies randomized allocation; no posted participant flow at data cut,No posted ClinicalTrials.gov results at frozen data cut,2026-09-10,2.0.0
NCT05517447,ClinicalTrials.gov,https://clinicaltrials.gov/study/NCT05517447,Non-interventional registry entry; Batoclimab,Observational cohort study; IMVT-1401,Immunovant Sciences GmbH,Immunovant Sciences GmbH,Active TED,No therapeutic intervention; FcRn inhibition,PHASE3,TERMINATED,2022-11-06,2026-04-02,Australia; Belgium; Georgia; Hungary; Israel; Italy; Latvia; New Zealand; Poland; Puerto Rico; Slovakia; Spain; United Kingdom; United States,Adults primary,active_unspecified_severity,109,NA (not randomized),NA (no posted results at data cut),NON_RANDOMIZED PARALLEL,NONE,Observational cohort [OTHER]: Other: Observational cohort study — Proptosis responders in feeder studies will enter in a non-treatment observational study; Treatment Cohort [EXPERIMENTAL]: Drug: Batoclimab — Proptosis non-responders in feeder studies will be administered batoclimab of 680 milligram (mg) subcutaneous (SC) for 12 weeks followed by 340 mg SC for 12 weeks,Observational cohort study [OTHER]: Observational cohort study; Batoclimab [DRUG]: Batoclimab is a fully human anti-neonatal fragment crystallizable receptor (FcRn) monoclonal antibody; Arm Observational cohort: Proptosis responders in feeder studies will enter in a non-treatment observational study; Arm Treatment Cohort: Proptosis non-responders in feeder studies will be administered batoclimab of 680 milligram (mg) subcutaneous (SC) for 12 weeks followed by 340 mg SC for 12 weeks,Registry-defined; verify per protocol,NA (no comparator arm identified),Duration of proptosis response off treatment in study eye in batoclimab responder participants in the feeder studies,Percentage of proptosis responders in study eye in placebo non-responder participants in the feeder studies; Percentage of proptosis responders in study eye in batoclimab non-responder participants in the feeder studies,Protocol-defined,No posted in-scope efficacy result at cutoff.,No manually curated public result at cutoff.,Not established from posted results.,NR (no result-linked publication URL identified at data cut),Official registry protocol,ClinicalTrials.gov; NCT05517447,official_registry_full_record,2026-09-10,"The feeder studies (i.e., IMVT-1401-3201 and 3202) for study IMVT-1401-3203 failed to achieve their pre-defined primary efficacy outcomes. Accordingly, there was a change to the benefit-risk balance. No new safety findings were observed.; disease-directed drug/biologic/supplement trial",Observational cohort study; Batoclimab,NON_RANDOMIZED,No,"The feeder studies (i.e., IMVT-1401-3201 and 3202) for study IMVT-1401-3203 failed to achieve their pre-defined primary efficacy outcomes. Accordingly, there was a change to the benefit-risk balance. No new safety findings were observed.",Registry allocation=NON_RANDOMIZED,No posted ClinicalTrials.gov results at frozen data cut,2026-09-10,2.0.0
NCT05683496,ClinicalTrials.gov,https://clinicaltrials.gov/study/NCT05683496,Lonigutamab,NR (no additional alias),ACELYRIN Inc.,ACELYRIN Inc.,Active TED,IGF-1R inhibition,PHASE1; PHASE2,COMPLETED,2023-02-14,2025-05-26,Australia; United States,Adults primary,active_unspecified_severity,31,NR (randomized N not posted; enrollment not substituted),NA (no posted results at data cut),RANDOMIZED SEQUENTIAL,QUADRUPLE,"Cohort 1 [EXPERIMENTAL]: Drug: lonigutamab, Drug: Placebo — Single SC injection of dose 1 of lonigutamab or placebo at Day 1 and Day 21; Cohort 2 [EXPERIMENTAL]: Drug: lonigutamab — multiple doses of dose 2 of lonigutamab administered SC injection weekly; Cohort 3 [EXPERIMENTAL]: Drug: lonigutamab — multiple doses of lonigutamab dose 3 administered SC injection every 4 weeks.; Cohort 4 [EXPERIMENTAL]: Drug: lonigutamab — multiple doses of lonigutamab dose 4 administered SC injection every 4 or 3 weeks.",lonigutamab [DRUG]: subcutaneous injection; Placebo [DRUG]: subcutaneous injection; Arm Cohort 1: Single SC injection of dose 1 of lonigutamab or placebo at Day 1 and Day 21; Arm Cohort 2: multiple doses of dose 2 of lonigutamab administered SC injection weekly; Arm Cohort 3: multiple doses of lonigutamab dose 3 administered SC injection every 4 weeks.; Arm Cohort 4: multiple doses of lonigutamab dose 4 administered SC injection every 4 or 3 weeks.,Registry-defined; verify per protocol,NR (randomized comparator arm not explicitly typed in registry),Incidence and characterization of nonserious treatment emergent adverse events (TEAEs); Incidence and characterization of serious treatment emergent adverse events (TEAEs),PK profile of lonigutamab; PK profile of lonigutamab,Protocol-defined,No posted in-scope efficacy result at cutoff.,No manually curated public result at cutoff.,Not established from posted results.,NR (no result-linked publication URL identified at data cut),Official registry protocol,ClinicalTrials.gov; NCT05683496,official_registry_full_record,2026-09-10,disease-directed drug/biologic/supplement trial,lonigutamab; Placebo,RANDOMIZED,No,"NA (study not reported as terminated, withdrawn, or suspended)",Protocol identifies randomized allocation; no posted participant flow at data cut,No posted ClinicalTrials.gov results at frozen data cut,2026-09-10,2.0.0
NCT05795621,ClinicalTrials.gov,https://clinicaltrials.gov/study/NCT05795621,IBI311,NR (no additional alias),Innovent Biologics (Suzhou) Co. Ltd.,Innovent Biologics (Suzhou) Co. Ltd.,Active TED,IGF-1R inhibition,PHASE2; PHASE3,COMPLETED,2023-02-14,2023-12-20,China,Adults primary,active_unspecified_severity,115,NR (randomized N not posted; enrollment not substituted),NA (no posted results at data cut),RANDOMIZED PARALLEL,DOUBLE,"Placebo [PLACEBO_COMPARATOR]: Biological: IBI311, Biological: placebo — Participants with TED will be randomized to receive 4 intravenous infusions of Placebo with an interval of 3 weeks for phase II and 8 intravenous infusions of Placebo with an interval of 3 weeks for phase III.; IBI311 [ACTIVE_COMPARATOR]: Biological: IBI311 — Participants with TED will be randomized to receive 4/8 intravenous infusions of IBI311 with an interval of 3 weeks for phase II/III.",IBI311 [BIOLOGICAL]: 10 mg/kg on Day 1 followed by 20 mg/kg q3W for the remaining 7 infusions for phase II/III.; placebo [BIOLOGICAL]: 4 does of placebo for phase II; 8 does of placebo for phase III.; Arm Placebo: Participants with TED will be randomized to receive 4 intravenous infusions of Placebo with an interval of 3 weeks for phase II and 8 intravenous infusions of Placebo with an interval of 3 weeks for phase III.; Arm IBI311: Participants with TED will be randomized to receive 4/8 intravenous infusions of IBI311 with an interval of 3 weeks for phase II/III.,Registry-defined; verify per protocol,Placebo; IBI311,"The proptosis responder rate of the study eye (defined as percentage of subjects with a ≥ 2mm reduction from Baseline in proptosis in the study eye, without deterioration [≥ 2 mm increase] of proptosis in the non-study eye).",The overall responder rate in the study eye.; Percentage of subjects with a CAS value of 0 or 1 in the study eye.; Mean Change of the CAS value in the study eye.; Mean change from Baseline in proptosis measurement in the study eye.; The proptosis responder rate of the study eye.,Protocol-defined,No posted in-scope efficacy result at cutoff.,No manually curated public result at cutoff.,Not established from posted results.,https://doi.org/10.1001/jamaophthalmol.2025.3350,Official registry protocol,ClinicalTrials.gov; NCT05795621,official_registry_full_record,2026-09-10,disease-directed drug/biologic/supplement trial,IBI311; placebo,RANDOMIZED,No,"NA (study not reported as terminated, withdrawn, or suspended)",Protocol identifies randomized allocation; no posted participant flow at data cut,No posted ClinicalTrials.gov results at frozen data cut,2026-09-10,2.0.0
NCT06126783,ClinicalTrials.gov,https://clinicaltrials.gov/study/NCT06126783,IBI311,NR (no additional alias),Innovent Biologics (Suzhou) Co. Ltd.,Innovent Biologics (Suzhou) Co. Ltd.,Active TED,IGF-1R inhibition,PHASE3,COMPLETED,2023-10-20,2025-09-23,China,Adults primary,active_unspecified_severity,91,NA (not randomized),NA (no posted results at data cut),NA SINGLE_GROUP,NONE,"IBI311 [EXPERIMENTAL]: Drug: IBI311 — The first dose was 10 mg/kg, followed by 7 maintenance doses of 20 mg/kg, Q3W","IBI311 [DRUG]: The first dose was 10 mg/kg, followed by 7 maintenance doses of 20 mg/kg, Q3W; Arm IBI311: The first dose was 10 mg/kg, followed by 7 maintenance doses of 20 mg/kg, Q3W",Registry-defined; verify per protocol,NA (no comparator arm identified),The response rate of exophthalmos was studied.,"Overall responder rate (i.e., percentage of subjects with a ≥ 2-point decrease in Clinical Activity Score [CAS] and a ≥ 2 mm decrease from baseline in proptosis in the study eye, and without corresponding deterioration in the fellow eye in the study eye; To evaluate the effects of IBI311 on ocular CAS score.; To evaluate the effects of IBI311 on exophthalmos.; To evaluate the efficacy of IBI311 in improving contralateral eye.; To evaluate the efficacy of IBI311 in improving diplopia.",Protocol-defined,No posted in-scope efficacy result at cutoff.,No manually curated public result at cutoff.,Not established from posted results.,NR (no result-linked publication URL identified at data cut),Official registry protocol,ClinicalTrials.gov; NCT06126783,official_registry_full_record,2026-09-10,disease-directed drug/biologic/supplement trial,IBI311,NA,No,"NA (study not reported as terminated, withdrawn, or suspended)",Registry allocation=NA,No posted ClinicalTrials.gov results at frozen data cut,2026-09-10,2.0.0
NCT06384547,ClinicalTrials.gov,https://clinicaltrials.gov/study/NCT06384547,Veligrotug (Lumvoa),Veligrotug | VRDN-001,"Viridian Therapeutics, Inc.","Viridian Therapeutics, Inc.",Active TED,IGF-1R inhibition,PHASE3,COMPLETED,2024-05-23,2025-05-01,Australia; France; Germany; Poland; Spain; United Kingdom; United States,Adults primary,active_unspecified_severity,231,231,Endpoint-specific (see result_trial_curation_v2.csv; denominators vary by endpoint),RANDOMIZED PARALLEL,DOUBLE,Veligrotug 10 mg/kg [EXPERIMENTAL]: Drug: Veligrotug — Participants will receive 5 intravenous (IV) infusions of veligrotug 10 milligrams (mg)/kilogram (kg) at 3-week intervals for 12 weeks.; Veligrotug 3 mg/kg [EXPERIMENTAL]: Drug: Veligrotug — Participants will receive 5 IV infusions of veligrotug 3 mg/kg at 3-week intervals for 12 weeks.,Veligrotug [DRUG]: 5 infusions of veligrotug; Arm Veligrotug 10 mg/kg: Participants will receive 5 intravenous (IV) infusions of veligrotug 10 milligrams (mg)/kilogram (kg) at 3-week intervals for 12 weeks.; Arm Veligrotug 3 mg/kg: Participants will receive 5 IV infusions of veligrotug 3 mg/kg at 3-week intervals for 12 weeks.,Registry-defined; verify per protocol,NR (randomized comparator arm not explicitly typed in registry),Number of Participants With Treatment-emergent Adverse Events (TEAEs) Through Week 15,Change From Baseline in Proptosis in the Study Eye as Measured by Exophthalmometer; Number of Participants With TEAEs Through Week 52,Posted result timepoint,"Observed Week 15 proptosis change −2.3 mm (10 mg/kg) vs −2.1 mm (3 mg/kg), uncontrolled.",Week 52 TEAE 159/173 vs 55/58; SAE 10/173 vs 3/58; deaths 0; class-like muscle spasm/hearing/reproductive events.,Safety through Week 52; comparative efficacy durability 아님.,NR (no result-linked publication URL identified at data cut),Registry result + manual curation,ClinicalTrials.gov; NCT06384547,official_registry_full_record,2026-09-10,disease-directed drug/biologic/supplement trial; No placebo; efficacy inference 제한.,Veligrotug,RANDOMIZED,Yes,"NA (study not reported as terminated, withdrawn, or suspended)","Posted participant flow, first period STARTED (Overall Study)",Posted results with manually curated endpoint-specific interpretation,2026-09-10,2.0.0
NCT06467435,ClinicalTrials.gov,https://clinicaltrials.gov/study/NCT06467435,Kamuvudine-9 (K9),Kamuvudine-9 | K9,Peter Timoney,Peter Timoney,Active TED,Inflammasome-modulating rationale,PHASE1,TERMINATED,2024-11-06,2026-02-23,United States,Adults primary,active_unspecified_severity,4,NA (not randomized),NA (no posted results at data cut),NON_RANDOMIZED PARALLEL,NONE,Patients with Thyroid Eye Disease (TED) [EXPERIMENTAL]: Drug: Kamuvudine-9 — Participants receive a regimen of 96 mg tablets of K9 twice a day for 24 weeks; Healthy Volunteers [EXPERIMENTAL]: Drug: Kamuvudine-9 — Participants receive one dose of 96 mg tablets of K9 based on weight,Kamuvudine-9 [DRUG]: 96 mg tablets taken twice a day for 24 weeks; Kamuvudine-9 [DRUG]: 96 mg tablets taken once; Arm Patients with Thyroid Eye Disease (TED): Participants receive a regimen of 96 mg tablets of K9 twice a day for 24 weeks; Arm Healthy Volunteers: Participants receive one dose of 96 mg tablets of K9 based on weight,Registry-defined; verify per protocol,NA (no comparator arm identified),Adverse Events; plasma concentrations of K9,"Change in Standardized Patient Evaluation of Eye Dryness (SPEED) symptoms; Change in Diplopia; Change in Study Visit in Clinical Activity Score (CAS),; Change in proptosis; Change in Graves' ophthalmopathy-specific quality-of-life scale (GO-QOL)",Protocol-defined,No posted in-scope efficacy result at cutoff.,No manually curated public result at cutoff.,Not established from posted results.,NR (no result-linked publication URL identified at data cut),Official registry protocol,ClinicalTrials.gov; NCT06467435,official_registry_full_record,2026-09-10,Low enrollment status; named investigational disease-directed asset; comparator treatment does not determine asset class,Kamuvudine-9,NON_RANDOMIZED,No,Low enrollment status,Registry allocation=NON_RANDOMIZED,No posted ClinicalTrials.gov results at frozen data cut,2026-09-10,2.0.0
NCT06984627,ClinicalTrials.gov,https://clinicaltrials.gov/study/NCT06984627,Rilzabrutinib,Rilzabrutinib dose 1 | SAR444671; Rilzabrutinib dose 2 | SAR444671,Sanofi,Sanofi,Active TED,BTK inhibition,PHASE2,RECRUITING,2025-09-02,2026-08-25,Canada; Germany; Italy; Spain; United Kingdom,Adults primary,active_unspecified_severity,30,NR (randomized N not posted; enrollment not substituted),NA (no posted results at data cut),RANDOMIZED PARALLEL,NONE,Rilzabrutinib dose 1 [EXPERIMENTAL]: Drug: Rilzabrutinib dose 1 — Rilzabrutinib; Rilzabrutinib dose 2 [EXPERIMENTAL]: Drug: Rilzabrutinib dose 2 — Rilzabrutinib,Rilzabrutinib dose 1 [DRUG]: Pharmaceutical form:Tablet-Route of administration:Oral; Rilzabrutinib dose 2 [DRUG]: Pharmaceutical form:Tablet-Route of administration:Oral; Arm Rilzabrutinib dose 1: Rilzabrutinib; Arm Rilzabrutinib dose 2: Rilzabrutinib,Registry-defined; verify per protocol,NR (randomized comparator arm not explicitly typed in registry),Percent change from baseline in FT4 levels,"Percent change from baseline in FT3 levels; Proportion of participants with FT4 levels within normal limits; Proportion of participants with FT3 levels within normal limits; Incidence of treatment-emergent adverse events (TEAEs), serious adverse events (SAEs), adverse events of special interest (AESIs) and withdrawals due to TEAEs during the study period",Protocol-defined,No posted in-scope efficacy result at cutoff.,No manually curated public result at cutoff.,Not established from posted results.,NR (no result-linked publication URL identified at data cut),Official registry protocol,ClinicalTrials.gov; NCT06984627,official_registry_full_record,2026-09-10,disease-directed drug/biologic/supplement trial,Rilzabrutinib dose 1; Rilzabrutinib dose 2,RANDOMIZED,No,"NA (study not reported as terminated, withdrawn, or suspended)",Protocol identifies randomized allocation; no posted participant flow at data cut,No posted ClinicalTrials.gov results at frozen data cut,2026-09-10,2.0.0
NCT07308964,ClinicalTrials.gov,https://clinicaltrials.gov/study/NCT07308964,Teprotumumab,Teprotumumab Injection [Tepezza],Sheba Medical Center,Sheba Medical Center,Active TED,IGF-1R inhibition,PHASE4,NOT_YET_RECRUITING,2026-01,2028-01,NR (study locations not reported),Adults primary,active_unspecified_severity,40,NR (randomized N not posted; enrollment not substituted),NA (no posted results at data cut),RANDOMIZED SEQUENTIAL,NONE,"Standard of Care [ACTIVE_COMPARATOR]: Drug: Teprotumumab Injection [Tepezza] — Participants in this arm will receive the full standard-of-care course of Teprotumumab. This consists of a total of 8 intravenous (IV) infusions.; Shortened Treatment [EXPERIMENTAL]: Drug: Teprotumumab Injection [Tepezza] — Participants in this arm will receive a shortened course of Teprotumumab. After demonstrating an ""Early Optimal Clinical Response"" following the first 4 infusions, treatment will be discontinued. These participants will receive a total of 4 intravenous (IV) infusions instead of the standard 8.","Teprotumumab Injection [Tepezza] [DRUG]: As a standard of care Teprotumumab is administered intravenously every 3 weeks for a total of 8 infusions (24 weeks).

In the Shortened Arm participants receive a total of 4 infusions (12 weeks) provided they met the ""Early Optimal Clinical Response"" criteria at Week 12.; Arm Standard of Care: Participants in this arm will receive the full standard-of-care course of Teprotumumab. This consists of a total of 8 intravenous (IV) infusions.; Arm Shortened Treatment: Participants in this arm will receive a shortened course of Teprotumumab. After demonstrating an ""Early Optimal Clinical Response"" following the first 4 infusions, treatment will be discontinued. These participants will receive a total of 4 intravenous (IV) infusions instead of the standard 8.",Registry-defined; verify per protocol,Standard of Care,Clinical Response,NA (no secondary endpoint reported),Protocol-defined,No posted in-scope efficacy result at cutoff.,No manually curated public result at cutoff.,Not established from posted results.,NR (no result-linked publication URL identified at data cut),Official registry protocol,ClinicalTrials.gov; NCT07308964,official_registry_full_record,2026-09-10,disease-directed drug/biologic/supplement trial,Teprotumumab Injection [Tepezza],RANDOMIZED,No,"NA (study not reported as terminated, withdrawn, or suspended)",Protocol identifies randomized allocation; no posted participant flow at data cut,No posted ClinicalTrials.gov results at frozen data cut,2026-09-10,2.0.0
NCT07400757,ClinicalTrials.gov,https://clinicaltrials.gov/study/NCT07400757,Statin; Vitamin D/alfacalcidol,Atorvastatin (Lipitor); Vitamin D,"Taipei Veterans General Hospital, Taiwan","Taipei Veterans General Hospital, Taiwan",Active TED,Statin/pleiotropic anti-inflammatory; Vitamin D supplementation,NA,RECRUITING,2026-02-24,2029-12-31,Taiwan,Adults primary,active_unspecified_severity,120,NR (randomized N not posted; enrollment not substituted),NA (no posted results at data cut),RANDOMIZED FACTORIAL,NONE,"Standard Care [NO_INTERVENTION]: Participants receive standard care for active thyroid eye disease according to current clinical practice for 24 weeks.; Statin [EXPERIMENTAL]: Drug: Atorvastatin (Lipitor) — Participants receive standard care plus oral atorvastatin 20 mg once daily for 24 weeks.; Vitamin D [EXPERIMENTAL]: Dietary Supplement: Vitamin D — Participants receive standard care plus oral vitamin D supplementation at a dose of 1400 IU daily for 24 weeks.; Statin plus Vitamin D [EXPERIMENTAL]: Drug: Atorvastatin (Lipitor), Dietary Supplement: Vitamin D — Participants receive standard care plus oral atorvastatin 20 mg once daily and oral vitamin D supplementation at a dose of 1400 IU daily for 24 weeks.",Atorvastatin (Lipitor) [DRUG]: Oral atorvastatin 20 mg administered once daily for 24 weeks.; Vitamin D [DIETARY_SUPPLEMENT]: Oral vitamin D supplementation at a dose of 1400 IU administered once daily for 24 weeks.; Arm Standard Care: Participants receive standard care for active thyroid eye disease according to current clinical practice for 24 weeks.; Arm Statin: Participants receive standard care plus oral atorvastatin 20 mg once daily for 24 weeks.; Arm Vitamin D: Participants receive standard care plus oral vitamin D supplementation at a dose of 1400 IU daily for 24 weeks.; Arm Statin plus Vitamin D: Participants receive standard care plus oral atorvastatin 20 mg once daily and oral vitamin D supplementation at a dose of 1400 IU daily for 24 weeks.,Registry-defined; verify per protocol,Standard Care,Change in Clinical Activity Score (CAS); Change in Thyroid Eye Disease Activity (Responder Analysis); Change in Proptosis; Change in Thyroid-Stimulating Immunoglobulin (TSI),Change in Thyroid Function; Change in Lipid Profile; Change in Blood Glucose; Concomitant Medication Use,Protocol-defined,No posted in-scope efficacy result at cutoff.,No manually curated public result at cutoff.,Not established from posted results.,https://doi.org/10.1530/ETJ-24-0133; https://doi.org/10.1089/thy.2024.0536; https://doi.org/10.3389/fimmu.2025.1528707,Official registry protocol,ClinicalTrials.gov; NCT07400757,official_registry_full_record,2026-09-10,disease-directed drug/biologic/supplement trial,Atorvastatin (Lipitor); Vitamin D,RANDOMIZED,No,"NA (study not reported as terminated, withdrawn, or suspended)",Protocol identifies randomized allocation; no posted participant flow at data cut,No posted ClinicalTrials.gov results at frozen data cut,2026-09-10,2.0.0
NCT00348413,ClinicalTrials.gov,https://clinicaltrials.gov/study/NCT00348413,Methylprednisolone; Methotrexate,Intravenous Methylprednisolone + Oral Methotrexate vs Intravenous Methylprednisolone + Placebo,Singapore National Eye Centre,Singapore National Eye Centre,Active moderate-to-severe TED,Glucocorticoid immunomodulation; Conventional immunosuppression,NA,COMPLETED,2003-06,2008-07,Singapore,Adults primary,active_moderate_severe,80,NR (randomized N not posted; enrollment not substituted),NA (no posted results at data cut),RANDOMIZED PARALLEL,DOUBLE,NR (arm details not reported in registry),NR (dose/route/schedule/duration not reported in registry),Registry-defined; verify per protocol,NR (randomized comparator arm not explicitly typed in registry),Inflammatory index,Motility; Proptosis,Protocol-defined,No posted in-scope efficacy result at cutoff.,No manually curated public result at cutoff.,Not established from posted results.,https://doi.org/10.1097/00055735-199910000-00014; https://doi.org/10.1530/acta.0.1160513; https://doi.org/10.1136/bmj.297.6663.1574; https://doi.org/10.1016/s0161-6420(89)32784-9; https://doi.org/10.1507/endocrj.40.63; https://doi.org/10.1089/thy.1994.4.409; https://doi.org/10.1507/endocrj.43.689; https://doi.org/10.1210/jcem.86.8.7737; https://doi.org/10.1136/bjo.85.10.1220; https://doi.org/10.1016/0002-9394(77)90140-4; https://doi.org/10.1016/s0161-6420(01)00632-7; https://doi.org/10.1016/s0002-9394(14)72787-4; https://doi.org/10.1016/s0161-6420(94)31164-x; https://doi.org/10.1148/radiology.177.3.2243967; https://doi.org/10.1001/archopht.1993.01090060107032; https://doi.org/10.1046/j.1365-2265.2001.01220.x; https://doi.org/10.1167/iovs.09-3614,Official registry protocol,ClinicalTrials.gov; NCT00348413,official_registry_full_record,2026-09-10,disease-directed standard-of-care or regimen-optimization trial,Intravenous Methylprednisolone + Oral Methotrexate vs Intravenous Methylprednisolone + Placebo,RANDOMIZED,No,"NA (study not reported as terminated, withdrawn, or suspended)",Protocol identifies randomized allocation; no posted participant flow at data cut,No posted ClinicalTrials.gov results at frozen data cut,2026-09-10,2.0.0
NCT00595335,ClinicalTrials.gov,https://clinicaltrials.gov/study/NCT00595335,Rituximab; Methylprednisolone,Rituxan | MabThera; Medrol | Solu-Medrol,Rebecca Bahn,Rebecca Bahn,Active moderate-to-severe TED,CD20 B-cell depletion; Glucocorticoid immunomodulation,PHASE2; PHASE3,COMPLETED,2008-04,2013-03,United States,Adults primary,active_moderate_severe,25,25,Endpoint-specific (see result_trial_curation_v2.csv; denominators vary by endpoint),RANDOMIZED PARALLEL,QUADRUPLE,"Rituximab [EXPERIMENTAL]: Drug: Rituximab, Drug: Methylprednisolone — Rituximab 1000 mg IV twice at 2-week intervals, each preceded by Methylprednisolone 100 mg IV as premedication to the rituximab infusion.; Placebo [PLACEBO_COMPARATOR]: Drug: Saline — Subjects will receive 2 infusions of saline IV, 2 weeks apart, each preceded by a premedication saline IV.","Rituximab [DRUG]: Subjects will receive 2 infusions of rituximab (1000 mg IV), two weeks apart.; Saline [DRUG]: Subjects will receive 2 infusions of saline IV, 2 weeks apart, each preceded by a premedication saline IV.; Methylprednisolone [DRUG]: Subjects will receive methylprednisolone 100 mg IV as premedication to the rituximab infusion.; Arm Rituximab: Rituximab 1000 mg IV twice at 2-week intervals, each preceded by Methylprednisolone 100 mg IV as premedication to the rituximab infusion.; Arm Placebo: Subjects will receive 2 infusions of saline IV, 2 weeks apart, each preceded by a premedication saline IV.",Registry-defined; verify per protocol,Placebo,Change in Clinical Activity Score (CAS),Failure Rate; Change in Disease Severity; Change in Proptosis; Change in Lid Fissure; Change in Extraocular Motility,Posted result timepoint,"CAS change −1.2 (n=13) vs −1.5 (n=12), p=0.73; failure 69% vs 75%, p=0.75.",SAE 2/13 vs 0/12.,공개 결과로 durable benefit 입증 없음.,https://doi.org/10.1210/jc.2014-2572,Registry result + manual curation,ClinicalTrials.gov; NCT00595335,official_registry_full_record,2026-09-10,disease-directed standard-of-care or regimen-optimization trial; 소규모 randomized trial; negative result를 보존.,Rituximab; Saline; Methylprednisolone,RANDOMIZED,Yes,"NA (study not reported as terminated, withdrawn, or suspended)","Posted participant flow, first period STARTED (Baseline to Six Months)",Posted results with manually curated endpoint-specific interpretation,2026-09-10,2.0.0
NCT01056419,ClinicalTrials.gov,https://clinicaltrials.gov/study/NCT01056419,Total thyroidectomy; Propylthiouracil,NR (no additional alias),Ankara University,Ankara University,Active moderate-to-severe TED,Surgical elimination of thyroid hormone source; Antithyroid drug,PHASE4,UNKNOWN,2009-01,2010-06,Turkey (Türkiye),Adults primary,active_moderate_severe,40,NR (randomized N not posted; enrollment not substituted),NA (no posted results at data cut),RANDOMIZED PARALLEL,NONE,Total thyroidectomy [ACTIVE_COMPARATOR]: Procedure: Total Thyroidectomy; Anti-thyroid drug [ACTIVE_COMPARATOR]: Drug: Propylthiouracil,Total Thyroidectomy [PROCEDURE]: Total thyroidectomy within 6 months after the appearance of the symptoms of ophthalmopathy; Propylthiouracil [DRUG]: 150-600 mg in two-three divided doses,Registry-defined; verify per protocol,Total thyroidectomy; Anti-thyroid drug,Improvement in the proptosis and activity of Graves' ophthalmopathy,NA (no secondary endpoint reported),Protocol-defined,No posted in-scope efficacy result at cutoff.,No manually curated public result at cutoff.,Not established from posted results.,NR (no result-linked publication URL identified at data cut),Official registry protocol,ClinicalTrials.gov; NCT01056419,official_registry_full_record,2026-09-10,disease-directed standard-of-care or regimen-optimization trial,Total Thyroidectomy; Propylthiouracil,RANDOMIZED,No,"NA (study not reported as terminated, withdrawn, or suspended)",Protocol identifies randomized allocation; no posted participant flow at data cut,No posted ClinicalTrials.gov results at frozen data cut,2026-09-10,2.0.0
NCT01727973,ClinicalTrials.gov,https://clinicaltrials.gov/study/NCT01727973,Doxycycline,Dolotard | Tibirox | Biomycin,Sun Yat-sen University,Sun Yat-sen University,Active moderate-to-severe TED,Tetracycline immunomodulation,PHASE1; PHASE2,COMPLETED,2012-10,2013-11,China,Adults primary,active_moderate_severe,14,NA (not randomized),NA (no posted results at data cut),NA SINGLE_GROUP,NONE,Doxycycline [EXPERIMENTAL]: Drug: Doxycycline — Tablets Doxycycline 50 mg PO per day for 12 weeks,Doxycycline [DRUG]: Tab. Doxycycline 50 mg PO per day for 12 weeks; Arm Doxycycline: Tablets Doxycycline 50 mg PO per day for 12 weeks,Registry-defined; verify per protocol,NA (no comparator arm identified),• Treatment response,"Safety and tolerability as assessed by adverse events, vital signs; Graves' orbitopathy-Specific Quality of Life (GO-QoL)",Protocol-defined,No posted in-scope efficacy result at cutoff.,No manually curated public result at cutoff.,Not established from posted results.,https://doi.org/10.1155/2015/285698,Official registry protocol,ClinicalTrials.gov; NCT01727973,official_registry_full_record,2026-09-10,disease-directed drug/biologic/supplement trial,Doxycycline,NA,No,"NA (study not reported as terminated, withdrawn, or suspended)",Registry allocation=NA,No posted ClinicalTrials.gov results at frozen data cut,2026-09-10,2.0.0
NCT01969019,ClinicalTrials.gov,https://clinicaltrials.gov/study/NCT01969019,Methylprednisolone; Prednisone/prednisolone,"methylprednisolone, prednisone",Ruijin Hospital,Ruijin Hospital,Active moderate-to-severe TED,Glucocorticoid immunomodulation,PHASE4,UNKNOWN,2010-01,2013-10,China,Adults primary,active_moderate_severe,70,NR (randomized N not posted; enrollment not substituted),NA (no posted results at data cut),RANDOMIZED PARALLEL,NONE,"methylprednisolone [ACTIVE_COMPARATOR]: Drug: methylprednisolone, prednisone — intravenous MP: 0.5g weekly for six weeks followed by 0.25g weekly for six weeks; methylprednisolone plus prednisone [ACTIVE_COMPARATOR]: Drug: methylprednisolone, prednisone — intravenous MP 0.5g daily for three days per week, twice, followed by 0.25g daily for three days per week, twice, and followed by tapering oral prednisone (starting with 60mg/d, then10 mg less/week than each previous week for the next 3 weeks, then20mg/week at the 5th week followed with 5mg less/week than each previous week for the next 3 weeks)","Arm methylprednisolone: intravenous MP: 0.5g weekly for six weeks followed by 0.25g weekly for six weeks; Arm methylprednisolone plus prednisone: intravenous MP 0.5g daily for three days per week, twice, followed by 0.25g daily for three days per week, twice, and followed by tapering oral prednisone (starting with 60mg/d, then10 mg less/week than each previous week for the next 3 weeks, then20mg/week at the 5th week followed with 5mg less/week than each previous week for the next 3 weeks)",Registry-defined; verify per protocol,methylprednisolone; methylprednisolone plus prednisone,response rate,"change of CAS, adverse effects and retreat",Protocol-defined,No posted in-scope efficacy result at cutoff.,No manually curated public result at cutoff.,Not established from posted results.,https://doi.org/10.1210/jc.2013-3919,Official registry protocol,ClinicalTrials.gov; NCT01969019,official_registry_full_record,2026-09-10,disease-directed standard-of-care or regimen-optimization trial,"methylprednisolone, prednisone",RANDOMIZED,No,"NA (study not reported as terminated, withdrawn, or suspended)",Protocol identifies randomized allocation; no posted participant flow at data cut,No posted ClinicalTrials.gov results at frozen data cut,2026-09-10,2.0.0
NCT02422368,ClinicalTrials.gov,https://clinicaltrials.gov/study/NCT02422368,Methylprednisolone; Selenium/antioxidant supplement,Methylprednisolone + ASTED; Methylprednisolone +Placebo,Iran University of Medical Sciences,Iran University of Medical Sciences,Active moderate-to-severe TED,Glucocorticoid immunomodulation; Antioxidant supplementation,PHASE2; PHASE3,WITHDRAWN,2022-09-01,2024-06,Iran,Adults primary,active_moderate_severe,0,NR (randomized N not posted; enrollment not substituted),NA (no posted results at data cut),RANDOMIZED PARALLEL,DOUBLE,"Methylprednisolone + ASTED [EXPERIMENTAL]: Drug: Methylprednisolone + ASTED — ASTED (Antioxidant Supplements for Thyroid Eye Disease) includes : B-Carotene (6 mg)+ Vit.C (200 mg) + Vit.E (200 mg) + Nicotinamide(20mg) + Selenium(200mic.) + Zinc oxide (8 mg) + Copper gluconate or oxide (1mg) + Manganese chloride (1.8 mg), Twice a day for 6 months

Methylprednisolone includes :

Methylprednisolone tablet of 50 and 5 mg, company….) 1mg/kg for the first 2 weeks, 0.8mg/kg for 2 weeks, 0.7 mg/kg for 2 weeks, and then tapering off the methylprednisolone in 6 weeks (total duration of 12 weeks) by 8-10 mg per week. For example, a patient with 75 kg weight will receive 75 mg for 2 weeks, 60 mg for 2 weeks, 52.5 mg for 2 weeks, and then decreasing by 8-10 mg per week for 6 weeks. The dose regiment will be written and handed to the patient on the first visit and will be monitored during the follow up.; Methylprednisolone + Placebo [PLACEBO_COMPARATOR]: Drug: Methylprednisolone +Placebo — Placebo Twice a day for 6 months Methylprednisolone prescribes as the same as arm 1","Methylprednisolone + ASTED [DRUG]: ASTED tablet: Twice daily for 6 months

Methylprednisolone:

Methylprednisolone tablet of 50 and 5 mg, company….) 1mg/kg for the first 2 weeks, 0.8mg/kg for 2 weeks, 0.7 mg/kg for 2 weeks, and then tapering off the methylprednisolone in 6 weeks (total duration of 12 weeks) by 8-10 mg per week. For example, a patient with 75 kg weight will receive 75 mg for 2 weeks, 60 mg for 2 weeks, 52.5 mg for 2 weeks, and then decreasing by 8-10 mg per week for 6 weeks. The dose regiment will be written and handed to the patient on the first visit and will be monitored during the follow ups.; Methylprednisolone +Placebo [DRUG]: Placebo: twice daily

Methylprednisolone:

Methylprednisolone tablet of 50 and 5 mg, company….) 1mg/kg for the first 2 weeks, 0.8mg/kg for 2 weeks, 0.7 mg/kg for 2 weeks, and then tapering off the methylprednisolone in 6 weeks (total duration of 12 weeks) by 8-10 mg per week. For example, a patient with 75 kg weight will receive 75 mg for 2 weeks, 60 mg for 2 weeks, 52.5 mg for 2 weeks, and then decreasing by 8-10 mg per week for 6 weeks. The dose regiment will be written and handed to the patient on the first visit and will be monitored during the follow ups.; Arm Methylprednisolone + ASTED: ASTED (Antioxidant Supplements for Thyroid Eye Disease) includes : B-Carotene (6 mg)+ Vit.C (200 mg) + Vit.E (200 mg) + Nicotinamide(20mg) + Selenium(200mic.) + Zinc oxide (8 mg) + Copper gluconate or oxide (1mg) + Manganese chloride (1.8 mg), Twice a day for 6 months

Methylprednisolone includes :

Methylprednisolone tablet of 50 and 5 mg, company….) 1mg/kg for the first 2 weeks, 0.8mg/kg for 2 weeks, 0.7 mg/kg for 2 weeks, and then tapering off the methylprednisolone in 6 weeks (total duration of 12 weeks) by 8-10 mg per week. For example, a patient with 75 kg weight will receive 75 mg for 2 weeks, 60 mg for 2 weeks, 52.5 mg for 2 weeks, and then decreasing by 8-10 mg per week for 6 weeks. The dose regiment will be written and handed to the patient on the first visit and will be monitored during the follow up.; Arm Methylprednisolone + Placebo: Placebo Twice a day for 6 months Methylprednisolone prescribes as the same as arm 1",Registry-defined; verify per protocol,Methylprednisolone + Placebo,"Mean of total eye score changes (using NOSPECS severity score); Mean of ""thyroid eye disease Quality of life"" score changes (Using TED-QOL)","Mean of clinical activity score changes (CAS Score); Changes of serum thyroid auto-antibodies (Anti-thyroid peroxidase (TPO), Anti-thyroglobulin); Changes of thyroid function test (Free T4, T3, and TSH) Levels",Protocol-defined,No posted in-scope efficacy result at cutoff.,No manually curated public result at cutoff.,Not established from posted results.,NR (no result-linked publication URL identified at data cut),Official registry protocol,ClinicalTrials.gov; NCT02422368,official_registry_full_record,2026-09-10,Do not access to the drug; disease-directed standard-of-care or regimen-optimization trial,Methylprednisolone + ASTED; Methylprednisolone +Placebo,RANDOMIZED,No,Do not access to the drug,Protocol identifies randomized allocation; no posted participant flow at data cut,No posted ClinicalTrials.gov results at frozen data cut,2026-09-10,2.0.0
NCT03066076,ClinicalTrials.gov,https://clinicaltrials.gov/study/NCT03066076,Methimazole / antithyroid drug; Total thyroidectomy,Antithyroid Drug | Thiamazol | Propylthiouracil; NR (no additional alias),Medical University of Vienna,Medical University of Vienna,Active moderate-to-severe TED,Antithyroid drug; Surgical elimination of thyroid hormone source,PHASE3,UNKNOWN,2017-03-01,2019-02-01,Austria,Adults primary,active_moderate_severe,60,NR (randomized N not posted; enrollment not substituted),NA (no posted results at data cut),RANDOMIZED PARALLEL,SINGLE,"Thyroidectomy [ACTIVE_COMPARATOR]: Drug: Antithyroid Drug — Total thyroidectomy; Antithyroid drug [ACTIVE_COMPARATOR]: Procedure: Total thyroidectomy — Thiamazol, Propylthiouracil","Antithyroid Drug [DRUG]: Antithyroid drug; Total thyroidectomy [PROCEDURE]: Operation; Arm Thyroidectomy: Total thyroidectomy; Arm Antithyroid drug: Thiamazol, Propylthiouracil",Registry-defined; verify per protocol,Thyroidectomy; Antithyroid drug,Muscle index (MI) from ultrasound measurements; Thyroid antibodies,CAScore/NOSPECS score; Superonasal index measurements via ultrasound; Quality of life score,Protocol-defined,No posted in-scope efficacy result at cutoff.,No manually curated public result at cutoff.,Not established from posted results.,NR (no result-linked publication URL identified at data cut),Official registry protocol,ClinicalTrials.gov; NCT03066076,official_registry_full_record,2026-09-10,disease-directed standard-of-care or regimen-optimization trial,Antithyroid Drug; Total thyroidectomy,RANDOMIZED,No,"NA (study not reported as terminated, withdrawn, or suspended)",Protocol identifies randomized allocation; no posted participant flow at data cut,No posted ClinicalTrials.gov results at frozen data cut,2026-09-10,2.0.0
NCT03107078,ClinicalTrials.gov,https://clinicaltrials.gov/study/NCT03107078,Methylprednisolone,Glucocorticoids,Jie Shen,Jie Shen,Active moderate-to-severe TED,Glucocorticoid immunomodulation,PHASE4,UNKNOWN,2016-10-01,2019-10-01,China,Adults primary,active_moderate_severe,200,NR (randomized N not posted; enrollment not substituted),NA (no posted results at data cut),RANDOMIZED PARALLEL,NONE,"Group Ia [EXPERIMENTAL]: Drug: Glucocorticoids — I:The increase of fat volume dominates .

a:The weekly protocol was as follows: 0.5 g glucocorticoids weekly for 6 weeks, followed by 0.25 g weekly for 6 weeks.; Group Ib [EXPERIMENTAL]: Drug: Glucocorticoids — I:The increase of fat volume dominates. b:The ""qod"" protocol was as follows: 0.5 g glucocorticoids qod. for 3 interval days per month for 3 months.; Group IIa [EXPERIMENTAL]: Drug: Glucocorticoids — II:The increase of extraocular muscles volume dominates .

a:The weekly protocol was as follows: 0.5 g glucocorticoids weekly for 6 weeks, followed by 0.25 g weekly for 6 weeks.; Group IIb [EXPERIMENTAL]: Drug: Glucocorticoids — II:The increase of extraocular muscles volume dominates . b:The ""qod"" protocol was as follows: 0.5 g glucocorticoids qod. for 3 interval days per month for 3 months.","Glucocorticoids [DRUG]: Intravenous Glucocorticoids (GCs); Arm Group Ia: I:The increase of fat volume dominates .

a:The weekly protocol was as follows: 0.5 g glucocorticoids weekly for 6 weeks, followed by 0.25 g weekly for 6 weeks.; Arm Group Ib: I:The increase of fat volume dominates. b:The ""qod"" protocol was as follows: 0.5 g glucocorticoids qod. for 3 interval days per month for 3 months.; Arm Group IIa: II:The increase of extraocular muscles volume dominates .

a:The weekly protocol was as follows: 0.5 g glucocorticoids weekly for 6 weeks, followed by 0.25 g weekly for 6 weeks.; Arm Group IIb: II:The increase of extraocular muscles volume dominates . b:The ""qod"" protocol was as follows: 0.5 g glucocorticoids qod. for 3 interval days per month for 3 months.",Registry-defined; verify per protocol,NR (randomized comparator arm not explicitly typed in registry),Number of patients defined as Response for the Glucocorticoids Treatment based on the 7 parameters of eye assessment; Number of patients defined as Deterioration for the Glucocorticoids Treatment based on the 7 parameters of eye assessment; Number of patients defined as Unchange for the Glucocorticoids Treatment based on the 7 parameters of eye assessment,NA (no secondary endpoint reported),Protocol-defined,No posted in-scope efficacy result at cutoff.,No manually curated public result at cutoff.,Not established from posted results.,https://doi.org/10.1210/clinem/dgad476,Official registry protocol,ClinicalTrials.gov; NCT03107078,official_registry_full_record,2026-09-10,disease-directed standard-of-care or regimen-optimization trial,Glucocorticoids,RANDOMIZED,No,"NA (study not reported as terminated, withdrawn, or suspended)",Protocol identifies randomized allocation; no posted participant flow at data cut,No posted ClinicalTrials.gov results at frozen data cut,2026-09-10,2.0.0
NCT03110848,ClinicalTrials.gov,https://clinicaltrials.gov/study/NCT03110848,Statin; Methylprednisolone,Atorvastatin | Statins; Intravenous glucocorticoids,University of Pisa,University of Pisa,Active moderate-to-severe TED,Statin/pleiotropic anti-inflammatory; Glucocorticoid immunomodulation,PHASE2,COMPLETED,2020-06-01,2021-04-30,Italy,Adults primary,active_moderate_severe,88,NR (randomized N not posted; enrollment not substituted),NA (no posted results at data cut),RANDOMIZED PARALLEL,SINGLE,"Statins [EXPERIMENTAL]: Drug: Atorvastatin, Drug: Methylprednisolone — Atorvastatin 20 mg daily associated with intravenous glucocorticoids, namely 500 mg of methylprednisolone weekly for 6 weeks, followed by 250 mg weekly for another 6 weeks, for a total dose of 4.5 mg.; No statins [ACTIVE_COMPARATOR]: Drug: Methylprednisolone — Intravenous glucocorticoids, namely 500 mg of methylprednisolone weekly for 6 weeks, followed by 250 mg weekly for another 6 weeks, for a total dose of 4.5 mg.","Atorvastatin [DRUG]: Atorvastatin 20 mg daily; Methylprednisolone [DRUG]: 500 mg of methylprednisolone weekly for 6 weeks, followed by 250 mg weekly for another 6 weeks, for a total dose of 4.5 mg.; Arm Statins: Atorvastatin 20 mg daily associated with intravenous glucocorticoids, namely 500 mg of methylprednisolone weekly for 6 weeks, followed by 250 mg weekly for another 6 weeks, for a total dose of 4.5 mg.; Arm No statins: Intravenous glucocorticoids, namely 500 mg of methylprednisolone weekly for 6 weeks, followed by 250 mg weekly for another 6 weeks, for a total dose of 4.5 mg.",Registry-defined; verify per protocol,No statins,Overall GO outcome determined using a composite evaluation,Overall GO outcome determined using a composite evaluation; Comparison of a disease specific quality of life questionnaire (GO-QoL); Comparison of a disease specific quality of life questionnaire (GO-QoL); GO relapse; Requirement for additional treatments,Protocol-defined,No posted in-scope efficacy result at cutoff.,No manually curated public result at cutoff.,Not established from posted results.,https://doi.org/10.1016/S2213-8587(21)00238-2,Official registry protocol,ClinicalTrials.gov; NCT03110848,official_registry_full_record,2026-09-10,disease-directed standard-of-care or regimen-optimization trial,Atorvastatin; Methylprednisolone,RANDOMIZED,No,"NA (study not reported as terminated, withdrawn, or suspended)",Protocol identifies randomized allocation; no posted participant flow at data cut,No posted ClinicalTrials.gov results at frozen data cut,2026-09-10,2.0.0
NCT03131726,ClinicalTrials.gov,https://clinicaltrials.gov/study/NCT03131726,Statin,Simvastatin 40mg | ATC-code: C10AA01,Lund University,Lund University,Active moderate-to-severe TED,Statin/pleiotropic anti-inflammatory,PHASE3,RECRUITING,2018-01-26,2027-01-26,Sweden,Adults primary,active_moderate_severe,80,NR (randomized N not posted; enrollment not substituted),NA (no posted results at data cut),RANDOMIZED PARALLEL,SINGLE,Simvastatin [EXPERIMENTAL]: Drug: Simvastatin 40mg — simvastatin 40 mg daily for 6 months; No treatment [NO_INTERVENTION]: No treatment,Simvastatin 40mg [DRUG]: see arm description; Arm Simvastatin: simvastatin 40 mg daily for 6 months; Arm No treatment: No treatment,Registry-defined; verify per protocol,No treatment,Change in Clinical activity score (CAS) after 6 months; Number of patients with progression to severe GO during 6 months,Change in Modified Clinical activity score; Optical coherence tomography; Quality of life with SF36; Quality of life with ThyrPro; Quality of life with GO-QoL,Protocol-defined,No posted in-scope efficacy result at cutoff.,No manually curated public result at cutoff.,Not established from posted results.,NR (no result-linked publication URL identified at data cut),Official registry protocol,ClinicalTrials.gov; NCT03131726,official_registry_full_record,2026-09-10,disease-directed drug/biologic/supplement trial,Simvastatin 40mg,RANDOMIZED,No,"NA (study not reported as terminated, withdrawn, or suspended)",Protocol identifies randomized allocation; no posted participant flow at data cut,No posted ClinicalTrials.gov results at frozen data cut,2026-09-10,2.0.0
NCT03298867,ClinicalTrials.gov,https://clinicaltrials.gov/study/NCT03298867,Teprotumumab,HZN-001,Amgen,Amgen,Active moderate-to-severe TED,IGF-1R inhibition,PHASE3,COMPLETED,2017-10-04,2019-02-13,Germany; Italy; United States,Adults primary,active_moderate_severe,83,83,Endpoint-specific (see result_trial_curation_v2.csv; denominators vary by endpoint),RANDOMIZED PARALLEL,QUADRUPLE,Teprotumumab 20 mg/kg [ACTIVE_COMPARATOR]: Biological: Teprotumumab — Approximately 38 participants will receive 8 infusions of teprotumumab q3W for a total of 21 weeks. Teprotumumab 10 mg/kg will be administered on Day 1 and teprotumumab 20 mg/kg will be administered q3W for the remaining 7 infusions.; Placebo [PLACEBO_COMPARATOR]: Other: Placebo — Approximately 38 participants will receive 8 infusions of placebo q3W for a total of 21 weeks.,"Teprotumumab [BIOLOGICAL]: Teprotumumab is a fully human anti-IGF-1R mAb. Teprotumumab will be provided in single-dose 20 mL glass vials as a freeze-dried powder. Each vial of teprotumumab must be reconstituted with 10 mL of water for injection. Reconstituted teprotumumab solution must be further diluted in 0.9% (w/v) sodium chloride (NaCl) solution prior to administration. Teprotumumab will be administered in 100 mL or 250 mL infusion bags (100 mL infusion bags for doses up to 1800 mg and 250 mL infusion bags for doses \> 1800 mg).; Placebo [OTHER]: Placebo will consist of normal saline (0.9% NaCl) solution and will be administered in 100 mL or 250 mL infusion bags, as would be appropriate, per weight-based dosing volumes (100 mL infusion bags for doses up to 1800 mg and 250 mL infusion bags for doses \> 1800 mg).; Arm Teprotumumab 20 mg/kg: Approximately 38 participants will receive 8 infusions of teprotumumab q3W for a total of 21 weeks. Teprotumumab 10 mg/kg will be administered on Day 1 and teprotumumab 20 mg/kg will be administered q3W for the remaining 7 infusions.; Arm Placebo: Approximately 38 participants will receive 8 infusions of placebo q3W for a total of 21 weeks.",Registry-defined; verify per protocol,Teprotumumab 20 mg/kg; Placebo,Percentage of Participants Who Were Proptosis Responders at Week 24,Percentage of Participants Who Were Overall Responders at Week 24; Percentage of Participants Who Were CAS Categorical Responders at Week 24 (Study Eye); Change From Baseline in Proptosis to Week 24 (Study Eye); Percentage of Participants Who Were Diplopia Responders at Week 24; Change From Baseline in the Graves' Ophthalmopathy Quality of Life (GO-QoL) Questionnaire Overall Score to Week 24,Posted result timepoint,"PRR 82.9% vs 9.5%, p<0.001; RD 73.45 points; overall response 78.0% vs 7.1%; CAS 0/1 58.5% vs 21.4%.",SAE 2/41 vs 1/42.,Pivotal phase 본체는 Week 24; extension durability는 별도 selected cohort.,https://pubmed.ncbi.nlm.nih.gov/31971679/; https://doi.org/10.1056/NEJMoa1910434; https://doi.org/10.1136/bjophthalmol-2020-317806,Registry result + manual curation,ClinicalTrials.gov; NCT03298867,official_registry_full_record,2026-09-10,disease-directed drug/biologic/supplement trial; TED structural/clinical response이며 GD cure가 아님.,Teprotumumab; Placebo,RANDOMIZED,Yes,"NA (study not reported as terminated, withdrawn, or suspended)","Posted participant flow, first period STARTED (Double-Masked 24-Week Treatment Period)",Posted results with manually curated endpoint-specific interpretation,2026-09-10,2.0.0
NCT03922321,ClinicalTrials.gov,https://clinicaltrials.gov/study/NCT03922321,Batoclimab,RVT-1401,Immunovant Sciences GmbH,Immunovant Sciences GmbH,Active moderate-to-severe TED,FcRn inhibition,PHASE2,COMPLETED,2019-04-22,2020-02-29,Canada,Adults primary,active_moderate_severe,7,NA (not randomized),Endpoint-specific (see result_trial_curation_v2.csv; denominators vary by endpoint),NA SINGLE_GROUP,NONE,"RVT-1401 [EXPERIMENTAL]: Drug: RVT-1401 — RVT-1401 680 milligrams (mg) weekly for two weeks followed by 340 mg weekly for four weeks, administered subcutaneously","RVT-1401 [DRUG]: RVT-1401 is a fully human anti-neonatal Fc receptor (FcRn) monoclonal antibody.; Arm RVT-1401: RVT-1401 680 milligrams (mg) weekly for two weeks followed by 340 mg weekly for four weeks, administered subcutaneously",Registry-defined; verify per protocol,NA (no comparator arm identified),"Number of Participants With Any Treatment-emergent Adverse Event (TEAE), Serious AE (SAE), Treatment-related Adverse Event (AE), and Death During the 6-week Treatment Period; Number of Participants With Clinically Significant Findings Related to Vital Signs; Number of Participants With a Change From Normal Physical Examination Findings at Baseline to Abnormal Physical Examination Findings at the End of the Study; Number of Participants With Clinically Significant Findings Related to Electrocardiograms (ECGs); Percent Change From Baseline in Total Immunoglobulin G (IgG), IgG1, IgG2, IgG3, and IgG4 Levels",Mean Change From Baseline in Proptosis in the Study Eye and Non-study Eye at Week 7; Number of Participants With an Overall Proptosis Response; Area Under the Concentration-time Curve From Time 0 to 168 Hours (AUC0-168h) of RVT-1401; Maximum Concentration (Cmax) of RVT-1401; Serum Concentration at the End of the Dosing Interval (Ctrough) of RVT-1401,Posted result timepoint,n=7; total IgG 약 65% 감소; anti-TSHR −10.59 IU/mL (n=3); proptosis responders 3/7.,7/7 TEAE; 6/7 treatment-related; SAE 0.,없음.,NR (no result-linked publication URL identified at data cut),Registry result + manual curation,ClinicalTrials.gov; NCT03922321,official_registry_full_record,2026-09-10,disease-directed drug/biologic/supplement trial; Single arm and very small N.,RVT-1401,NA,Yes,"NA (study not reported as terminated, withdrawn, or suspended)",Registry allocation=NA,Posted results with manually curated endpoint-specific interpretation,2026-09-10,2.0.0
NCT03938545,ClinicalTrials.gov,https://clinicaltrials.gov/study/NCT03938545,Batoclimab,RVT-1401 (Administered via subcutaneous injection),Immunovant Sciences GmbH,Immunovant Sciences GmbH,Active moderate-to-severe TED,FcRn inhibition,PHASE2,TERMINATED,2019-07-23,2021-02-02,Canada; Germany; Italy; Spain; United States,Adults primary,active_moderate_severe,65,65,Endpoint-specific (see result_trial_curation_v2.csv; denominators vary by endpoint),RANDOMIZED PARALLEL,DOUBLE,Regimen A-RVT-1401 [EXPERIMENTAL]: Drug: RVT-1401 (Administered via subcutaneous injection) — Regimen A= RVT-1401 680 mg weekly for 12 weeks; Regimen B-RVT-1401 [EXPERIMENTAL]: Drug: RVT-1401 (Administered via subcutaneous injection) — Regimen B= RVT-1401 340 mg weekly for 12 weeks; Regimen C-RVT-1401 [EXPERIMENTAL]: Drug: RVT-1401 (Administered via subcutaneous injection) — Regimen C= RVT-1401 255 mg weekly for 12 weeks; Placebo [PLACEBO_COMPARATOR]: Other: Placebo (Administered via subcutaneous injection) — for 12 weeks,RVT-1401 (Administered via subcutaneous injection) [DRUG]: RVT-1401 is a fully human anti-neonatal Fc receptor (FcRn) monoclonal antibody.; Placebo (Administered via subcutaneous injection) [OTHER]: Placebo; Arm Regimen A-RVT-1401: Regimen A= RVT-1401 680 mg weekly for 12 weeks; Arm Regimen B-RVT-1401: Regimen B= RVT-1401 340 mg weekly for 12 weeks; Arm Regimen C-RVT-1401: Regimen C= RVT-1401 255 mg weekly for 12 weeks; Arm Placebo: for 12 weeks,Registry-defined; verify per protocol,Placebo,Percentage of Participants With Proptosis Response at Week 13; Number of Participants With Treatment-emergent Adverse Events (TEAEs) and Treatment-emergent Serious Adverse Events (SAEs),"Least Square Mean Percent Change From Baseline in Binding Anti-thyroid-stimulating Hormone Receptor (TSHR) Antibody Levels to Week 13; Least Square Mean Percent Change From Baseline in Total IgG Levels; Least Square Mean Percent Change From Baseline in IgG Subclasses 1, 2, 3 and 4",Posted result timepoint,"PRR: 680 mg 30.0% (p=0.1993), 340 mg 30.8% (p=0.1016), 255 mg 0% (p=0.2963), placebo 8.3%.",Registry event-level safety 참조.,없음.,NR (no result-linked publication URL identified at data cut),Registry result + manual curation,ClinicalTrials.gov; NCT03938545,official_registry_full_record,2026-09-10,Sponsor decision based on premature unblinding of treatment allocations necessitated by program-wide review; disease-directed drug/biologic/supplement trial; Program review로 premature unblinding; demonstrated mechanistic failure로 단정하지 않음.,RVT-1401 (Administered via subcutaneous injection); Placebo (Administered via subcutaneous injection),RANDOMIZED,Yes,Sponsor decision based on premature unblinding of treatment allocations necessitated by program-wide review,"Posted participant flow, first period STARTED (Overall Study)",Posted results with manually curated endpoint-specific interpretation,2026-09-10,2.0.0
NCT03948191,ClinicalTrials.gov,https://clinicaltrials.gov/study/NCT03948191,Methylprednisolone; Technetium-99 methylene diphosphonate (99Tc-MDP),NR (no additional alias); 99Tc-MDP(99Technetium-Methylenediphosphonate Injection) | Yunke,Dalian University,Dalian University,Active moderate-to-severe TED,Glucocorticoid immunomodulation; Immunomodulatory rationale; target not publicly verified here,PHASE4,COMPLETED,2017-10-16,2018-12-30,China,Adults primary,active_moderate_severe,50,NR (randomized N not posted; enrollment not substituted),NA (no posted results at data cut),RANDOMIZED PARALLEL,TRIPLE,"Methylprednisolone(ivMP) [ACTIVE_COMPARATOR]: Drug: Methylprednisolone — Methylprednisolone(ivMP) 500mg i.v. infusion once a week for 6 weeks followed by 250mg i.v. once a week for 6 weeks.; 99Tc-MDP [EXPERIMENTAL]: Drug: 99Tc-MDP(99Technetium-Methylenediphosphonate Injection) — 99Tc-MDP 15mg i.v. infusion once a day for 10 days, 20 days apart, received 3 courses of infusions.","Methylprednisolone [DRUG]: 500mg i.v. infusion once a week for 6 weeks followed by 250mg i.v. once a week for 6 weeks.; 99Tc-MDP(99Technetium-Methylenediphosphonate Injection) [DRUG]: 15mg i.v. infusion once a day for 10 days, 20 days apart, received 3 courses of infusions.; Arm Methylprednisolone(ivMP): Methylprednisolone(ivMP) 500mg i.v. infusion once a week for 6 weeks followed by 250mg i.v. once a week for 6 weeks.; Arm 99Tc-MDP: 99Tc-MDP 15mg i.v. infusion once a day for 10 days, 20 days apart, received 3 courses of infusions.",Registry-defined; verify per protocol,Methylprednisolone(ivMP),Responder Status at Week 12,Overall Average Continuous Change in CAS From Baseline to Week 24; Overall Average Continuous Change in Proptosis From Baseline to Week 24; Overall Average Change in Diplopia grading From Baseline to Week 24; Overall Average Change in extra-ocular muscular thickening From Baseline in thickening extra-ocular muscular improvement in Orbital CT to Week 24; Overall Average Change in Graves' Ophthalmopathy Quality of Life (GO-QOL) Scale From baseline to Week 24 follow-up,Protocol-defined,No posted in-scope efficacy result at cutoff.,No manually curated public result at cutoff.,Not established from posted results.,NR (no result-linked publication URL identified at data cut),Official registry protocol,ClinicalTrials.gov; NCT03948191,official_registry_full_record,2026-09-10,disease-directed standard-of-care or regimen-optimization trial,Methylprednisolone; 99Tc-MDP(99Technetium-Methylenediphosphonate Injection),RANDOMIZED,No,"NA (study not reported as terminated, withdrawn, or suspended)",Protocol identifies randomized allocation; no posted participant flow at data cut,No posted ClinicalTrials.gov results at frozen data cut,2026-09-10,2.0.0
NCT04598815,ClinicalTrials.gov,https://clinicaltrials.gov/study/NCT04598815,Sirolimus (rapamycin),Sirolimus | Rapamycin,University of Pisa,University of Pisa,Active moderate-to-severe TED,mTOR inhibition,PHASE2,UNKNOWN,2023-06-01,2024-05-31,Italy,Adults primary,active_moderate_severe,54,NR (randomized N not posted; enrollment not substituted),NA (no posted results at data cut),RANDOMIZED PARALLEL,QUADRUPLE,Sirolimus [EXPERIMENTAL]: Drug: Sirolimus — Sirolimus for 12 weeks; Methylprendnisolone [EXPERIMENTAL]: Drug: Sirolimus — Methylprednisolone for 12 weeks,"Sirolimus [DRUG]: Group Sirolimus: Patients will receive a first dose of Sirolimus of one 2 mg tablet on the first day, given approximately at 10 am, followed by 0.5 mg tablet per day for 12 weeks.

Group Methylprednisolone: Methylprednisolone pulse therapy will be administered for 12 weeks as follows: 500 mg iv once weekly for 6 weeks, then 250 mg iv once weekly for a further 6 weeks, for a cumulative dose 4.5 g.; Arm Sirolimus: Sirolimus for 12 weeks; Arm Methylprendnisolone: Methylprednisolone for 12 weeks",Registry-defined; verify per protocol,NR (randomized comparator arm not explicitly typed in registry),GO overall response,GO overall response; GO overall response; GO overall response; GO relapse; GO relapse,Protocol-defined,No posted in-scope efficacy result at cutoff.,No manually curated public result at cutoff.,Not established from posted results.,NR (no result-linked publication URL identified at data cut),Official registry protocol,ClinicalTrials.gov; NCT04598815,official_registry_full_record,2026-09-10,disease-directed drug/biologic/supplement trial,Sirolimus,RANDOMIZED,No,"NA (study not reported as terminated, withdrawn, or suspended)",Protocol identifies randomized allocation; no posted participant flow at data cut,No posted ClinicalTrials.gov results at frozen data cut,2026-09-10,2.0.0
NCT04737330,ClinicalTrials.gov,https://clinicaltrials.gov/study/NCT04737330,Secukinumab,AIN457,Novartis Pharmaceuticals,Novartis Pharmaceuticals,Active moderate-to-severe TED,IL-17A inhibition,PHASE3,TERMINATED,2021-11-29,2023-05-16,Germany,Adults primary,active_moderate_severe,28,28,Endpoint-specific (see result_trial_curation_v2.csv; denominators vary by endpoint),RANDOMIZED PARALLEL,DOUBLE,"Secukinumab 300 mg [ACTIVE_COMPARATOR]: Drug: Secukinumab — Secukinumab 300 mg subcutaneous (s.c.) injection at Baseline, Week 1, Week 2, Week 3, Week 4, Week 8, Week 12; Placebo [PLACEBO_COMPARATOR]: Drug: Placebo — Placebo subcutaneous (s.c.) injection at Baseline, Week 1, Week 2, Week 3, Week 4, Week 8, Week 12","Secukinumab [DRUG]: Secukinumab 300 mg s.c. at Baseline, Week 1, Week 2, Week 3, Week 4, Week 8, Week 12; Placebo [DRUG]: Placebo s.c. at Baseline, Weeks 1, Week 2, Week 3, Week 4, Week 8, Week 12; Arm Secukinumab 300 mg: Secukinumab 300 mg subcutaneous (s.c.) injection at Baseline, Week 1, Week 2, Week 3, Week 4, Week 8, Week 12; Arm Placebo: Placebo subcutaneous (s.c.) injection at Baseline, Week 1, Week 2, Week 3, Week 4, Week 8, Week 12",Registry-defined; verify per protocol,Secukinumab 300 mg; Placebo,Plan A - Percentage of Participants Achieving Overall Response; Plan B - Percentage of Participants Achieving Response in Reduction of Proptosis,Plan A - Percentage of Participants Achieving Response in Reduction of Clinical Activity Score (CAS); Plan A - Percentage of Participants Achieving Response in Reduction of Proptosis; Plan A - Percentage of Participants Achieving Response in Diplopia; Plan A - Mean Change From Baseline to Week 16 in Clinical Activity Score (CAS) in the Study Eye; Plan A - Mean Change From Baseline to Week 16 in Millimeters (mm) of Proptosis in the Study Eye,Posted result timepoint,Overall response 0/14 vs 0/14; CAS response 0/14 vs 3/14; PRR 0/14 vs 0/14.,Safety concern 없이 futility termination.,없음.,NR (no result-linked publication URL identified at data cut),Registry result + manual curation,ClinicalTrials.gov; NCT04737330,official_registry_full_record,2026-09-10,Analysis of blinded patient data showed a very low probability of the study meeting the primary efficacy endpoints. No safety concerns were identified; disease-directed drug/biologic/supplement trial; Clear negative/futility trial.,Secukinumab; Placebo,RANDOMIZED,Yes,Analysis of blinded patient data showed a very low probability of the study meeting the primary efficacy endpoints. No safety concerns were identified,"Posted participant flow, first period STARTED (Treatment Period (Baseline to Week 16))",Posted results with manually curated endpoint-specific interpretation,2026-09-10,2.0.0
NCT04776993,ClinicalTrials.gov,https://clinicaltrials.gov/study/NCT04776993,Methimazole / antithyroid drug; Radioiodine; Total thyroidectomy,Methimazole | MMI; Radioiodine or thyroidectomy | Thyroid ablation,University of Pisa,University of Pisa,Active moderate-to-severe TED,Antithyroid drug; Radioiodine ablation; Surgical elimination of thyroid hormone source,PHASE3,UNKNOWN,2023-03-02,2024-09-01,Italy,Adults primary,active_moderate_severe,52,NR (randomized N not posted; enrollment not substituted),NA (no posted results at data cut),RANDOMIZED PARALLEL,NONE,Methimazole [EXPERIMENTAL]: Drug: Methimazole — Antithyroid drugs (at individualized dosage) for 72 weeks and a cumulative dose of 4.5 g of methylprednisolone divided into 12 weekly infusions; Thyroid ablation [ACTIVE_COMPARATOR]: Procedure: Radioiodine or thyroidectomy — Radioiodine therapy or total thyroidectomy (according to ultrasound thyroid volume) and a cumulative dose of 4.5 g of methylprednisolone divided into 12 weekly infusions,Methimazole [DRUG]: Methimazole for 72 weeks; Radioiodine or thyroidectomy [PROCEDURE]: Treatment with radioiodine or with thyroidectomy; Arm Methimazole: Antithyroid drugs (at individualized dosage) for 72 weeks and a cumulative dose of 4.5 g of methylprednisolone divided into 12 weekly infusions; Arm Thyroid ablation: Radioiodine therapy or total thyroidectomy (according to ultrasound thyroid volume) and a cumulative dose of 4.5 g of methylprednisolone divided into 12 weekly infusions,Registry-defined; verify per protocol,Thyroid ablation,Overall GO outcome,"Overall GO outcome; Overall GO outcome; Response of individual GO parameters: proptosis, CAS, eyelid width, diplopia, and visual acuity; Quality of life questionnaire",Protocol-defined,No posted in-scope efficacy result at cutoff.,No manually curated public result at cutoff.,Not established from posted results.,NR (no result-linked publication URL identified at data cut),Official registry protocol,ClinicalTrials.gov; NCT04776993,official_registry_full_record,2026-09-10,disease-directed standard-of-care or regimen-optimization trial,Methimazole; Radioiodine or thyroidectomy,RANDOMIZED,No,"NA (study not reported as terminated, withdrawn, or suspended)",Protocol identifies randomized allocation; no posted participant flow at data cut,No posted ClinicalTrials.gov results at frozen data cut,2026-09-10,2.0.0
NCT04936854,ClinicalTrials.gov,https://clinicaltrials.gov/study/NCT04936854,Sirolimus (rapamycin); Methylprednisolone,Sirolimus 1 mg Oral Tablet | Rapamycin | Rapamune; Solu-Medrol,Haukeland University Hospital,Haukeland University Hospital,Active moderate-to-severe TED,mTOR inhibition; Glucocorticoid immunomodulation,PHASE2,RECRUITING,2023-01-01,2028-01,Norway,Adults primary,active_moderate_severe,60,NR (randomized N not posted; enrollment not substituted),NA (no posted results at data cut),RANDOMIZED PARALLEL,SINGLE,"Sirolimus [ACTIVE_COMPARATOR]: Drug: Sirolimus 1 mg Oral Tablet — Patients with active thyroid eye disease will receive 2 mg Sirolimus (two 1 mg tablets) on the first day, followed by 0,5 mg Sirolimus (half 1 mg tablet) per day for 12 weeks.; Corticosteroids [ACTIVE_COMPARATOR]: Drug: Methylprednisolone — Patients with active thyroid eye disease will receive 500 mg Methylprednisolone intravenously once a week for 6 weeks, followed by 250 mg once a week for 6 weeks.","Sirolimus 1 mg Oral Tablet [DRUG]: 2 mg Sirolimus (two 1 mg tablets) on the first day, followed by 0,5 mg Sirolimus (half 1 mg tablet) per day for 12 weeks.; Methylprednisolone [DRUG]: 500 mg Methylprednisolone intravenously once a week for 6 weeks, followed by 250 mg once a week for 6 weeks. Total period of treatment 12 weeks.; Arm Sirolimus: Patients with active thyroid eye disease will receive 2 mg Sirolimus (two 1 mg tablets) on the first day, followed by 0,5 mg Sirolimus (half 1 mg tablet) per day for 12 weeks.; Arm Corticosteroids: Patients with active thyroid eye disease will receive 500 mg Methylprednisolone intravenously once a week for 6 weeks, followed by 250 mg once a week for 6 weeks.",Registry-defined; verify per protocol,Sirolimus; Corticosteroids,Percentage of participants who were CAS categorical responders at week 12,Percentage of participants who were proptosis responders at week 12; Percentage of participants who were eyelid retraction responders at week 12; Percentage of participants who were diplopia responders at week 12,Protocol-defined,No posted in-scope efficacy result at cutoff.,No manually curated public result at cutoff.,Not established from posted results.,https://doi.org/10.1038/s41433-019-0340-3; https://doi.org/10.1097/IOP.0b013e3180500d57; https://doi.org/10.1097/IOP.0000000000001876,Official registry protocol,ClinicalTrials.gov; NCT04936854,official_registry_full_record,2026-09-10,disease-directed standard-of-care or regimen-optimization trial,Sirolimus 1 mg Oral Tablet; Methylprednisolone,RANDOMIZED,No,"NA (study not reported as terminated, withdrawn, or suspended)",Protocol identifies randomized allocation; no posted participant flow at data cut,No posted ClinicalTrials.gov results at frozen data cut,2026-09-10,2.0.0
NCT05015127,ClinicalTrials.gov,https://clinicaltrials.gov/study/NCT05015127,Batoclimab,HBM9161 680 mg qw by q2w from week 13; HBM9161 680 mg qw by q2w from week 7,Harbour BioMed (Guangzhou) Co. Ltd.,Harbour BioMed (Guangzhou) Co. Ltd.,Active moderate-to-severe TED,FcRn inhibition,PHASE2; PHASE3,UNKNOWN,2021-09-22,2022-10,China,Adults primary,active_moderate_severe,36,NR (randomized N not posted; enrollment not substituted),NA (no posted results at data cut),RANDOMIZED PARALLEL,QUADRUPLE,HBM9161 680 mg qw by q2w from week 13 [EXPERIMENTAL]: Drug: HBM9161 680 mg qw by q2w from week 13 — Subcutaneous injection; HBM9161 680 mg qw from week 13; HBM9161 680 mg qw by q2w from week 7 [EXPERIMENTAL]: Drug: HBM9161 680 mg qw by q2w from week 7 — Subcutaneous injection; HBM9161 680 mg qw by q2w from week 7; Placebo [EXPERIMENTAL]: Drug: Placebo — Subcutaneous injection; Placebo; Placebo qw by HBM9161 680mg qw from week 12 [EXPERIMENTAL]: Drug: Placebo — Placebo qw by HBM9161 680mg qw from week 12,HBM9161 680 mg qw by q2w from week 13 [DRUG]: HBM9161 680 mg qw by q2w from week 13; Placebo [DRUG]: Placebo; HBM9161 680 mg qw by q2w from week 7 [DRUG]: HBM9161 680 mg qw by q2w from week 7; Placebo [DRUG]: Placebo qw by HBM9161 680mg qw from week 12; Arm HBM9161 680 mg qw by q2w from week 13: Subcutaneous injection; HBM9161 680 mg qw from week 13; Arm HBM9161 680 mg qw by q2w from week 7: Subcutaneous injection; HBM9161 680 mg qw by q2w from week 7; Arm Placebo: Subcutaneous injection; Placebo; Arm Placebo qw by HBM9161 680mg qw from week 12: Placebo qw by HBM9161 680mg qw from week 12,Registry-defined; verify per protocol,NR (randomized comparator arm not explicitly typed in registry),Proptosis responder rates of the treatment groups and placebo group at Week 12,The percentage of subjects with a CAS value of 0 or 1 in the study eye; The change from Baseline in proptosis measurement in the study eye; Composite responder rate; Diplopia response rate; The change from baseline in the Graves' Ophthalmopathy Quality of Life (GO-QoL) Questionnaire visual function score and psychosocial function score,Protocol-defined,No posted in-scope efficacy result at cutoff.,No manually curated public result at cutoff.,Not established from posted results.,NR (no result-linked publication URL identified at data cut),Official registry protocol,ClinicalTrials.gov; NCT05015127,official_registry_full_record,2026-09-10,disease-directed drug/biologic/supplement trial,HBM9161 680 mg qw by q2w from week 13; Placebo; HBM9161 680 mg qw by q2w from week 7,RANDOMIZED,No,"NA (study not reported as terminated, withdrawn, or suspended)",Protocol identifies randomized allocation; no posted participant flow at data cut,No posted ClinicalTrials.gov results at frozen data cut,2026-09-10,2.0.0
NCT05049603,ClinicalTrials.gov,https://clinicaltrials.gov/study/NCT05049603,Statin,Atorvastatin 20mg | Study Group,University of Pisa,University of Pisa,Active moderate-to-severe TED,Statin/pleiotropic anti-inflammatory,PHASE3,NOT_YET_RECRUITING,2024-01-01,2025-12-31,Italy,Adults primary,active_moderate_severe,102,NR (randomized N not posted; enrollment not substituted),NA (no posted results at data cut),RANDOMIZED PARALLEL,QUADRUPLE,"Atorvastatin [EXPERIMENTAL]: Drug: Atorvastatin 20mg — Atorvastatin 20 mg/day (the experimental treatment), one tablet/day, given approximately at 10 pm, after dinner and before going to bed, for 24 weeks, associated with intravenous methylprednisolone pulse therapy (the standard treatment), given over a period of 12 weeks; Placebo [PLACEBO_COMPARATOR]: Other: Placebo — Intravenous methylprednisolone pulse therapy (the standard treatment), given over a period of 12 weeks, and placebo (one tablet/day, given approximately at 10 pm, after dinner and before going to bed) for 24 weeks","Atorvastatin 20mg [DRUG]: One tablet/day, given approximately at 10 pm, after dinner and before going to bed, for 24 weeks; Placebo [OTHER]: One tablet/day, given approximately at 10 pm, after dinner and before going to bed, for 24 weeks; Arm Atorvastatin: Atorvastatin 20 mg/day (the experimental treatment), one tablet/day, given approximately at 10 pm, after dinner and before going to bed, for 24 weeks, associated with intravenous methylprednisolone pulse therapy (the standard treatment), given over a period of 12 weeks; Arm Placebo: Intravenous methylprednisolone pulse therapy (the standard treatment), given over a period of 12 weeks, and placebo (one tablet/day, given approximately at 10 pm, after dinner and before going to bed) for 24 weeks",Registry-defined; verify per protocol,Placebo,Outcome of GO,Outcome of GO; Outcome of GO; Quality of life (comparison between the two groups); Quality of life (comparison between the two groups); Quality of life (comparison between the two groups),Protocol-defined,No posted in-scope efficacy result at cutoff.,No manually curated public result at cutoff.,Not established from posted results.,NR (no result-linked publication URL identified at data cut),Official registry protocol,ClinicalTrials.gov; NCT05049603,official_registry_full_record,2026-09-10,disease-directed drug/biologic/supplement trial,Atorvastatin 20mg; Placebo,RANDOMIZED,No,"NA (study not reported as terminated, withdrawn, or suspended)",Protocol identifies randomized allocation; no posted participant flow at data cut,No posted ClinicalTrials.gov results at frozen data cut,2026-09-10,2.0.0
NCT05176639,ClinicalTrials.gov,https://clinicaltrials.gov/study/NCT05176639,Veligrotug (Lumvoa),Veligrotug | VRDN-001,"Viridian Therapeutics, Inc.","Viridian Therapeutics, Inc.",Active moderate-to-severe TED,IGF-1R inhibition,PHASE3,COMPLETED,2022-11-16,2024-07-15,Australia; France; Germany; Poland; Spain; United Kingdom; United States,Adults primary,active_moderate_severe,113,113,Endpoint-specific (see result_trial_curation_v2.csv; denominators vary by endpoint),RANDOMIZED PARALLEL,TRIPLE,Veligrotug [EXPERIMENTAL]: Drug: Veligrotug — Participants will receive veligrotug 10 mg/kg as an intravenous (IV) infusion every 3 weeks (Q3W) for 12 weeks.; Placebo [PLACEBO_COMPARATOR]: Drug: Placebo — Participants will receive placebo matched to veligrotug as an IV infusion Q3W for 12 weeks.,Veligrotug [DRUG]: 5 IV Infusions of veligrotug 10 mg/kg; Placebo [DRUG]: 5 IV Infusions of veligrotug matched placebo; Arm Veligrotug: Participants will receive veligrotug 10 mg/kg as an intravenous (IV) infusion every 3 weeks (Q3W) for 12 weeks.; Arm Placebo: Participants will receive placebo matched to veligrotug as an IV infusion Q3W for 12 weeks.,Registry-defined; verify per protocol,Placebo,Proptosis Responder Rate (PRR) in the Study Eye As Measured by Exophthalmometer,Change From Baseline in Proptosis in the Study Eye As Measured by Exophthalmometer; PRR in the Most Proptotic Eye As Measured by Magnetic Resonance Imaging (MRI)/Computed Tomography (CT); Change From Baseline in Proptosis in the Most Proptotic Eye As Measured by MRI/CT; Change From Baseline in CAS in the Study Eye; Overall Responder Rate (ORR) Comprising of PRR and Clinical Activity Responder Rate in the Study Eye,Posted result timepoint,"PRR 70.0% vs 5.26%, p<0.0001; proptosis LS change −2.90 vs −0.48 mm; overall response 66.83% vs 5.26%; diplopia response 59.07% vs 19.89%.",SAE 7/75 vs 0/38; muscle spasms 34/75 vs 3/38; infusion reaction 13/75 vs 2/38; hearing-related symptoms present.,Week 52에서 initial responders의 70%가 PRR 유지; evaluable follow-up subset 21/30.,NR (no result-linked publication URL identified at data cut),Registry result + manual curation,[230]; [713]; ClinicalTrials.gov; NCT05176639,official_registry_full_record,2026-09-10,disease-directed drug/biologic/supplement trial; Five infusions; durability denominator와 responder conditioning을 명시.,Veligrotug; Placebo,RANDOMIZED,Yes,"NA (study not reported as terminated, withdrawn, or suspended)","Posted participant flow, first period STARTED (Overall Study)",Posted results with manually curated endpoint-specific interpretation,2026-09-10,2.0.0
NCT05199103,ClinicalTrials.gov,https://clinicaltrials.gov/study/NCT05199103,Rabbit anti-thymocyte globulin,NR (no additional alias),Medical University of Silesia,Medical University of Silesia,Active moderate-to-severe TED,Broad T-cell depletion,NA,UNKNOWN,2020-01-01,2023-12-31,Poland,Adults primary,active_moderate_severe,20,NA (not randomized),NA (no posted results at data cut),NA SINGLE_GROUP,NONE,Rabbit antithymocyte globulin (rATG) [EXPERIMENTAL]: Drug: rabbit anti-thymocyte globulin,"rabbit anti-thymocyte globulin [DRUG]: 0.8 - 1.0 mg/kg of rATG (cumulative dose of 150-200 mg given intravenously in two or three divided doses, 24 hours apart) after premedication with methylprednisolone i.v. (in total dose of 375 mg), 1 mg of antihistaminic agent clemastine and 1000 mg paracetamol i.v.",Registry-defined; verify per protocol,NA (no comparator arm identified),≥2 point change in Clinical Activity Score from baseline; change in proptosis; a diplopia response; change of distant best-corrected visual acuity; change of mean retinal sensitivity,changes in CD4/CD8 ratio; changes in TSH-receptor antibodies level; increase in 1 degree amplitude in Pattern visual evoked potential (VEP) by 1 µV,Protocol-defined,No posted in-scope efficacy result at cutoff.,No manually curated public result at cutoff.,Not established from posted results.,https://doi.org/10.3389/fendo.2022.871009,Official registry protocol,ClinicalTrials.gov; NCT05199103,official_registry_full_record,2026-09-10,disease-directed drug/biologic/supplement trial,rabbit anti-thymocyte globulin,NA,No,"NA (study not reported as terminated, withdrawn, or suspended)",Registry allocation=NA,No posted ClinicalTrials.gov results at frozen data cut,2026-09-10,2.0.0
NCT05276063,ClinicalTrials.gov,https://clinicaltrials.gov/study/NCT05276063,Linsitinib,NR (no additional alias),"Sling Therapeutics, Inc.","Sling Therapeutics, Inc.",Active moderate-to-severe TED,IGF-1R-pathway kinase inhibition,PHASE2; PHASE3,COMPLETED,2022-07-01,2024-10-15,Canada; Italy; Spain; United Kingdom; United States,Adults primary,active_moderate_severe,90,90,Endpoint-specific (see result_trial_curation_v2.csv; denominators vary by endpoint),RANDOMIZED PARALLEL,DOUBLE,Placebo [PLACEBO_COMPARATOR]: Drug: Placebo — Placebo Arm; Low Dose [ACTIVE_COMPARATOR]: Drug: Linsitinib — Active Arm Low Dose Linsitinib; High Dose [ACTIVE_COMPARATOR]: Drug: Linsitinib — Active Arm High Dose Linsitinib,Linsitinib [DRUG]: Study medication taken twice daily by mouth; Placebo [DRUG]: Placebo taken twice daily by mouth; Arm Placebo: Placebo Arm; Arm Low Dose: Active Arm Low Dose Linsitinib; Arm High Dose: Active Arm High Dose Linsitinib,Registry-defined; verify per protocol,Placebo; Low Dose; High Dose,Percentage of Subjects Who Are Proptosis Responders at Week 24,Percentage of Subjects Who Are Overall Responders at Week 24; Percentage of Subjects With a CAS Value of 0 or 1 at Week 24; Change From Baseline in the Graves' Ophthalmopathy Quality of Life (GO-QoL) Questionnaire Overall Score to Week 24.,Posted result timepoint,"PRR 150 mg BID 51.7% vs 18.8%, p=0.01, RD 0.345 (95% CI 0.098–0.593); 75 mg 38.9%, p=0.090; GO-QOL difference +10.776, p=0.002.","SAE 2/29 high, 0/30 low, 1/31 placebo; high-dose GI/fatigue/transaminase signals.",Week 24 beyond durability 공개 제한.,NR (no result-linked publication URL identified at data cut),Registry result + manual curation,[714]; [715]; ClinicalTrials.gov; NCT05276063,official_registry_full_record,2026-09-10,disease-directed drug/biologic/supplement trial; One-sided alpha 2.5%; mixed Graves/Hashimoto etiology but all had TED.,Linsitinib; Placebo,RANDOMIZED,Yes,"NA (study not reported as terminated, withdrawn, or suspended)","Posted participant flow, first period STARTED (Overall Study)",Posted results with manually curated endpoint-specific interpretation,2026-09-10,2.0.0
NCT05331300,ClinicalTrials.gov,https://clinicaltrials.gov/study/NCT05331300,LASN01,NR (no additional alias),Lassen Therapeutics 1 PTY LTD,Lassen Therapeutics 1 PTY LTD,Active moderate-to-severe TED,IL-11R blockade,PHASE1; PHASE2,COMPLETED,2022-06-06,2024-11-27,Australia; Hong Kong,Adults primary,active_moderate_severe,75,NR (randomized N not posted; enrollment not substituted),NA (no posted results at data cut),RANDOMIZED SEQUENTIAL,DOUBLE,LASN01 - Parts A and B [Healthy Volunteers] [EXPERIMENTAL]: Drug: LASN01; Placebo - Parts A and B [Healthy Volunteers] [PLACEBO_COMPARATOR]: Drug: Placebo; LASN01 - Part C [Pulmonary Fibrosis] [EXPERIMENTAL]: Drug: LASN01; Placebo - Part C [Pulmonary Fibrosis] [PLACEBO_COMPARATOR]: Drug: Placebo; LASN01 - Part D [Thyroid Eye Disease] [EXPERIMENTAL]: Drug: LASN01; Placebo - Part D [Thyroid Eye Disease] [PLACEBO_COMPARATOR]: Drug: Placebo,LASN01 [DRUG]: Escalating single and multiple doses of LASN01; LASN01 [DRUG]: LASN01 will be administered intravenously; Placebo [DRUG]: Escalating doses of matching placebo; Placebo [DRUG]: Placebo will be administered intravenously,Registry-defined; verify per protocol,Placebo - Parts A and B [Healthy Volunteers]; Placebo - Part C [Pulmonary Fibrosis]; Placebo - Part D [Thyroid Eye Disease],"Treatment emergent, treatment related, and serious adverse events; Changes in concomitant medications; Changes from Baseline in clinical laboratory evaluations following study drug administration; Changes from Baseline in vital signs following study drug administration; Changes from Baseline in 12-lead electrocardiogram (ECG) parameters following study drug administration",PK parameter assessed by serum LASN01 concentration at specified timepoints for maximum plasma concentration (Cmax); PK parameter assessed by serum LASN01 concentration at specified timepoints for time to peak concentration (T max); PK parameter assessed by serum LASN01 concentration at specified timepoints for area under curve (AUC); PK parameter assessed by serum LASN01 concentration at specified timepoints for clearance volume (CL); PK parameter assessed by serum LASN01 concentration at specified timepoints for terminal phase volume (Vz),Protocol-defined,No posted in-scope efficacy result at cutoff.,No manually curated public result at cutoff.,Not established from posted results.,NR (no result-linked publication URL identified at data cut),Official registry protocol,ClinicalTrials.gov; NCT05331300,official_registry_full_record,2026-09-10,named investigational disease-directed asset; comparator treatment does not determine asset class,LASN01; Placebo,RANDOMIZED,No,"NA (study not reported as terminated, withdrawn, or suspended)",Protocol identifies randomized allocation; no posted participant flow at data cut,No posted ClinicalTrials.gov results at frozen data cut,2026-09-10,2.0.0
NCT05394857,ClinicalTrials.gov,https://clinicaltrials.gov/study/NCT05394857,SHR-1314,NR (no additional alias),"Suzhou Suncadia Biopharmaceuticals Co., Ltd.","Suzhou Suncadia Biopharmaceuticals Co., Ltd.",Active moderate-to-severe TED,IL-6 pathway blockade,PHASE2,TERMINATED,2022-09-13,2023-08-22,China,Adults primary,active_moderate_severe,7,NA (not randomized),NA (no posted results at data cut),NA SINGLE_GROUP,NONE,Treatment group [EXPERIMENTAL]: Drug: SHR-1314 — SHR-1314 s.c,SHR-1314 [DRUG]: SHR-1314 subcutaneously; Arm Treatment group: SHR-1314 s.c,Registry-defined; verify per protocol,NA (no comparator arm identified),the proptosis responder rate,Proportion of patients achieving response in reduction of clinical activity score(CAS); Overall responder rate; The percentage of subjects with a CAS value of 0 or 1 in the study eye; The mean change from Baseline to Week 16 in proptosis measurement in the study eye; Diplopia response rate at Week16,Protocol-defined,No posted in-scope efficacy result at cutoff.,No manually curated public result at cutoff.,Not established from posted results.,NR (no result-linked publication URL identified at data cut),Official registry protocol,ClinicalTrials.gov; NCT05394857,official_registry_full_record,2026-09-10,Sponsor commercial considerations; disease-directed drug/biologic/supplement trial,SHR-1314,NA,No,Sponsor commercial considerations,Registry allocation=NA,No posted ClinicalTrials.gov results at frozen data cut,2026-09-10,2.0.0
NCT05429450,ClinicalTrials.gov,https://clinicaltrials.gov/study/NCT05429450,Methotrexate; Triamcinolone,NR (no additional alias); Triamcinolone Acetonide,Cairo University,Cairo University,Active moderate-to-severe TED,Conventional immunosuppression; Local glucocorticoid therapy,PHASE2,COMPLETED,2020-07-01,2022-07-01,Egypt,Adults primary,active_moderate_severe,18,NR (randomized N not posted; enrollment not substituted),NA (no posted results at data cut),RANDOMIZED PARALLEL,DOUBLE,Methotrexate [EXPERIMENTAL]: Drug: Methotrexate — Periocular injections of methotrexate; Triamcinolone acetonide [ACTIVE_COMPARATOR]: Drug: Triamcinolone Acetonide — Periocular injections of triamcinolone acetonide,"Methotrexate [DRUG]: Three periocular injections of methotrexate at week 0, week 3 and week 6.; Triamcinolone Acetonide [DRUG]: Three periocular injections of triamcinolone acetonide at week 0, week 3 and week 6.; Arm Methotrexate: Periocular injections of methotrexate; Arm Triamcinolone acetonide: Periocular injections of triamcinolone acetonide",Registry-defined; verify per protocol,Triamcinolone acetonide,Change in clinical activity score (CAS),Change in proptosis; Change in lid aperture; Percentage of overall responders,Protocol-defined,No posted in-scope efficacy result at cutoff.,No manually curated public result at cutoff.,Not established from posted results.,NR (no result-linked publication URL identified at data cut),Official registry protocol,ClinicalTrials.gov; NCT05429450,official_registry_full_record,2026-09-10,disease-directed drug/biologic/supplement trial,Methotrexate; Triamcinolone Acetonide,RANDOMIZED,No,"NA (study not reported as terminated, withdrawn, or suspended)",Protocol identifies randomized allocation; no posted participant flow at data cut,No posted ClinicalTrials.gov results at frozen data cut,2026-09-10,2.0.0
NCT05517421,ClinicalTrials.gov,https://clinicaltrials.gov/study/NCT05517421,Batoclimab,IMVT-1401,Immunovant Sciences GmbH,Immunovant Sciences GmbH,Active moderate-to-severe TED,FcRn inhibition,PHASE3,COMPLETED,2022-11-23,2025-11-02,Canada; Georgia; Germany; Israel; Italy; Japan; Poland; United Kingdom; United States,Adults primary,active_moderate_severe,114,NR (randomized N not posted; enrollment not substituted),NA (no posted results at data cut),RANDOMIZED PARALLEL,TRIPLE,Batoclimab [EXPERIMENTAL]: Drug: Batoclimab — Participants will be administered batoclimab 680 mg SC weekly for 12 weeks followed by 340 mg SC weekly for 12 weeks.; Placebo [PLACEBO_COMPARATOR]: Drug: Placebo — Participants will be administered matching placebo SC weekly for 24 weeks.,Batoclimab [DRUG]: Batoclimab is a fully human anti-neonatal fragment crystallizable receptor (FcRn) monoclonal antibody; Placebo [DRUG]: Matching Placebo; Arm Batoclimab: Participants will be administered batoclimab 680 mg SC weekly for 12 weeks followed by 340 mg SC weekly for 12 weeks.; Arm Placebo: Participants will be administered matching placebo SC weekly for 24 weeks.,Registry-defined; verify per protocol,Placebo,Percentage of proptosis responders,Percentage of participants with proptosis ≥2 mm reduction and Clinical Activity Score (CAS) of less than or equal to (≤) 3 from Baseline in the study eye; Percentage of participants with CAS of 0 or 1 in the study eye; Mean change from Baseline in CAS in the study eye; Percentage of participants with positive binding anti-thyroid stimulating hormone receptor (TSHR) antibody (Ab) at Baseline who achieve seroconversion; Percentage of participants with decrease of at least 1 grade from Baseline in Gorman score for diplopia,Protocol-defined,No posted in-scope efficacy result at cutoff.,No manually curated public result at cutoff.,Not established from posted results.,NR (no result-linked publication URL identified at data cut),Official registry protocol,ClinicalTrials.gov; NCT05517421,official_registry_full_record,2026-09-10,disease-directed drug/biologic/supplement trial,Batoclimab; Placebo,RANDOMIZED,No,"NA (study not reported as terminated, withdrawn, or suspended)",Protocol identifies randomized allocation; no posted participant flow at data cut,No posted ClinicalTrials.gov results at frozen data cut,2026-09-10,2.0.0
NCT05524571,ClinicalTrials.gov,https://clinicaltrials.gov/study/NCT05524571,Batoclimab,IMVT-1401,Immunovant Sciences GmbH,Immunovant Sciences GmbH,Active moderate-to-severe TED,FcRn inhibition,PHASE3,COMPLETED,2023-01-05,2026-02-03,Australia; Belgium; Germany; Hungary; Latvia; New Zealand; Puerto Rico; Slovakia; Spain; Turkey (Türkiye); United States,Adults primary,active_moderate_severe,86,NR (randomized N not posted; enrollment not substituted),NA (no posted results at data cut),RANDOMIZED PARALLEL,TRIPLE,Batoclimab [EXPERIMENTAL]: Drug: Batoclimab — Participants will be administered batoclimab 680 mg SC weekly for 12 weeks followed by 340 mg SC weekly for 12 weeks.; Placebo [PLACEBO_COMPARATOR]: Drug: Placebo — Participants will be administered matching placebo SC weekly for 24 weeks.,Batoclimab [DRUG]: Batoclimab is a fully human anti-neonatal fragment crystallizable receptor (FcRn) monoclonal antibody; Placebo [DRUG]: Matching Placebo; Arm Batoclimab: Participants will be administered batoclimab 680 mg SC weekly for 12 weeks followed by 340 mg SC weekly for 12 weeks.; Arm Placebo: Participants will be administered matching placebo SC weekly for 24 weeks.,Registry-defined; verify per protocol,Placebo,Percentage of proptosis responders,Percentage of participants with proptosis ≥2 mm reduction and Clinical Activity Score (CAS) of less than or equal to (≤) 3 from Baseline in the study eye; Percentage of participants with CAS of 0 or 1 in the study eye; Mean change from Baseline in CAS in the study eye; Percentage of participants with positive binding anti-thyroid stimulating hormone receptor (TSHR) antibody (Ab) at Baseline who achieve seroconversion; Percentage of participants with decrease of at least 1 grade from Baseline in Gorman score for diplopia,Protocol-defined,No posted in-scope efficacy result at cutoff.,No manually curated public result at cutoff.,Not established from posted results.,NR (no result-linked publication URL identified at data cut),Official registry protocol,ClinicalTrials.gov; NCT05524571,official_registry_full_record,2026-09-10,disease-directed drug/biologic/supplement trial,Batoclimab; Placebo,RANDOMIZED,No,"NA (study not reported as terminated, withdrawn, or suspended)",Protocol identifies randomized allocation; no posted participant flow at data cut,No posted ClinicalTrials.gov results at frozen data cut,2026-09-10,2.0.0
NCT05532072,ClinicalTrials.gov,https://clinicaltrials.gov/study/NCT05532072,Sirolimus (rapamycin); Methylprednisolone,Rapamycin | Sirolimus; NR (no additional alias),First Affiliated Hospital Xi'an Jiaotong University,First Affiliated Hospital Xi'an Jiaotong University,Active moderate-to-severe TED,mTOR inhibition; Glucocorticoid immunomodulation,EARLY_PHASE1,UNKNOWN,2022-09,2023-09,China,Adults primary,active_moderate_severe,140,NR (randomized N not posted; enrollment not substituted),NA (no posted results at data cut),RANDOMIZED PARALLEL,TRIPLE,"The group of Meprednone combined with Rapamycin [EXPERIMENTAL]: Drug: Rapamycin, Drug: Methylprednisolone — The specific dose of methylprednisolone pulse therapy is 500mg / week \* 6 + 250mg / week \* 6. RAPA has rich experience in the application of renal transplantation, and the recommended maintenance amount for renal transplant patients is 2 mg / day. The efficacy benefits of doses above 2 mg are unclear, and the overall safety of Rapa 2 mg is better than that of patients taking Rapa 5 mg daily. Therefore, based on the clinical experience and clinical research data of RAPA, we would select the dose of Rapamycin as 2mg / day. The experimental group received rapamycin 2 mg/day orally for 24 weeks on the basis of methylprednisolone pulse therapy, and monitor the blood concentration of Rapa at the end of the first week and the end of the 12th week.; The group of Meprednone alone [OTHER]: Drug: Methylprednisolone — The specific dose of methylprednisolone pulse therapy is 500mg / week \* 6 + 250mg / week \* 6. The effect of methylprednisolone pulse therapy on moderate and severe active Tao has been widely verified in clinical work. EUGOGO will take methylprednisolone pulse therapy as the first-line treatment of moderate and severe active Tao in 2020.","Rapamycin [DRUG]: Rapamycin plus Methylprednisolone; Methylprednisolone [DRUG]: Methylprednisolone Alone; Arm The group of Meprednone combined with Rapamycin: The specific dose of methylprednisolone pulse therapy is 500mg / week \* 6 + 250mg / week \* 6. RAPA has rich experience in the application of renal transplantation, and the recommended maintenance amount for renal transplant patients is 2 mg / day. The efficacy benefits of doses above 2 mg are unclear, and the overall safety of Rapa 2 mg is better than that of patients taking Rapa 5 mg daily. Therefore, based on the clinical experience and clinical research data of RAPA, we would select the dose of Rapamycin as 2mg / day. The experimental group received rapamycin 2 mg/day orally for 24 weeks on the basis of methylprednisolone pulse therapy, and monitor the blood concentration of Rapa at the end of the first week and the end of the 12th week.; Arm The group of Meprednone alone: The specific dose of methylprednisolone pulse therapy is 500mg / week \* 6 + 250mg / week \* 6. The effect of methylprednisolone pulse therapy on moderate and severe active Tao has been widely verified in clinical work. EUGOGO will take methylprednisolone pulse therapy as the first-line treatment of moderate and severe active Tao in 2020.",Registry-defined; verify per protocol,NR (randomized comparator arm not explicitly typed in registry),"Number of participants who responded to treatment as assessed by CAS score, eye cleft width, eye movement, etc.; Number of participants with treatment-related adverse events assessed by physical examination, electrocardiogram, and serum biochemical markers.","Number of participants who responded to treatment as assessed by CAS score, eye cleft width, eye movement, etc.; Number of participants with disease recurrence as assessed by CAS score, eye movement, visual acuity, diplopia, etc.; Antibody titers; Antibody titers; GO-QoL Score",Protocol-defined,No posted in-scope efficacy result at cutoff.,No manually curated public result at cutoff.,Not established from posted results.,NR (no result-linked publication URL identified at data cut),Official registry protocol,ClinicalTrials.gov; NCT05532072,official_registry_full_record,2026-09-10,disease-directed standard-of-care or regimen-optimization trial,Rapamycin; Methylprednisolone,RANDOMIZED,No,"NA (study not reported as terminated, withdrawn, or suspended)",Protocol identifies randomized allocation; no posted participant flow at data cut,No posted ClinicalTrials.gov results at frozen data cut,2026-09-10,2.0.0
NCT05776121,ClinicalTrials.gov,https://clinicaltrials.gov/study/NCT05776121,ZB001,ZB001 for injection,"Zenas BioPharma (USA), LLC","Zenas BioPharma (USA), LLC",Active moderate-to-severe TED,IGF-1R inhibition,PHASE1,COMPLETED,2023-05-10,2024-04-17,China,Adults primary,active_moderate_severe,17,NA (not randomized),NA (no posted results at data cut),NA SEQUENTIAL,NONE,ZB001 for injection [EXPERIMENTAL]: Drug: ZB001 for injection — Treat different dose cohorts with four intravenous injections of ZB001,ZB001 for injection [DRUG]: Dose Cohort1 (3 mg/kg) ZB001 four IV injections; ZB001 for injection [DRUG]: Dose Cohort2 (10 mg/kg) ZB001 four IV injections; Arm ZB001 for injection: Treat different dose cohorts with four intravenous injections of ZB001,Registry-defined; verify per protocol,NA (no comparator arm identified),"Number of participants with Adverse Events, Serious Adverse Events, and Laboratory Evaluations as assessed by CTCAE v5.0; The exophthalmos response rates of study eye at Week 6 and Week 12 (defined as the proportion of patients whose exophthalmos measured by Hertel exophthalmos meter decreased ≥ 2mm from baseline)","Change from baseline in the study eye at Week 6, Week 12 and Week 24 of Exophthalmos measured by MRI/CT scan; Change from baseline in the study eye at Week 6, Week 12 and Week 24 of Orbital fat volume measured by MRI/CT scan; Change from baseline in the study eye at Week 6, Week 12 and Week 24 of Extraocular eye muscle volume measured by MRI/CT scan; Change from baseline in the study eye at Week 6, Week 12 and Week 24 of Facial fat volume measured by MRI/CT scan; Change from baseline in the study eye at Week 6, Week 12 and Week 24 of Digital and manual measurement of palpebral fissure height",Protocol-defined,No posted in-scope efficacy result at cutoff.,No manually curated public result at cutoff.,Not established from posted results.,NR (no result-linked publication URL identified at data cut),Official registry protocol,ClinicalTrials.gov; NCT05776121,official_registry_full_record,2026-09-10,named investigational disease-directed asset; comparator treatment does not determine asset class,ZB001 for injection,NA,No,"NA (study not reported as terminated, withdrawn, or suspended)",Registry allocation=NA,No posted ClinicalTrials.gov results at frozen data cut,2026-09-10,2.0.0
NCT06088979,ClinicalTrials.gov,https://clinicaltrials.gov/study/NCT06088979,TOUR006,TOUR006 - 20 MG; TOUR006 - 50 MG,"Tourmaline Bio, Inc., a Novartis Company","Tourmaline Bio, Inc., a Novartis Company",Active moderate-to-severe TED,IL-6 pathway blockade,PHASE2,ACTIVE_NOT_RECRUITING,2024-02-19,2026-09,Brazil; France; Italy; Jordan; Latvia; New Zealand; Puerto Rico; Slovakia; South Korea; Spain; United States,Adults primary,active_moderate_severe,79,NR (randomized N not posted; enrollment not substituted),NA (no posted results at data cut),RANDOMIZED PARALLEL,QUADRUPLE,"TOUR006 - 20 MG [EXPERIMENTAL]: Drug: TOUR006 - 20 MG — In part A of the study, participants will receive a total of three 20 mg subcutaneous injections: 1 injection every 8 weeks (Day 1, Week 8, Week 16) followed by treatment in part B of the study based on proptosis response and rescue therapy use.; TOUR006 - 50 MG [EXPERIMENTAL]: Drug: TOUR006 - 50 MG — In part A of the study, participants will receive a total of three 50 mg subcutaneous injections: 1 injection every 8 weeks (Day 1, Week 8, Week 16) followed by treatment in part B of the study based on proptosis response and rescue therapy use.; Placebo [PLACEBO_COMPARATOR]: Other: Placebo — In part A of the study, participants will receive a total of three Placebo subcutaneous injections: 1 injection every 8 weeks (Day 1, Week 8, Week 16) followed by treatment in part B of the study based on proptosis response and rescue therapy use.","TOUR006 - 20 MG [DRUG]: TOUR006 20 MG; Placebo [OTHER]: Placebo; TOUR006 - 50 MG [DRUG]: TOUR006 - 50 MG; Arm TOUR006 - 20 MG: In part A of the study, participants will receive a total of three 20 mg subcutaneous injections: 1 injection every 8 weeks (Day 1, Week 8, Week 16) followed by treatment in part B of the study based on proptosis response and rescue therapy use.; Arm TOUR006 - 50 MG: In part A of the study, participants will receive a total of three 50 mg subcutaneous injections: 1 injection every 8 weeks (Day 1, Week 8, Week 16) followed by treatment in part B of the study based on proptosis response and rescue therapy use.; Arm Placebo: In part A of the study, participants will receive a total of three Placebo subcutaneous injections: 1 injection every 8 weeks (Day 1, Week 8, Week 16) followed by treatment in part B of the study based on proptosis response and rescue therapy use.",Registry-defined; verify per protocol,Placebo,Percentage of participants achieving a proptosis response defined as a ≥2 mm reduction in proptosis from baseline in the study eye without deterioration [≥2 mm increase] of proptosis in the fellow eye and without need for rescue therapy/intervention).,Percentage of participants achieving a proptosis response with 20mg TOUR006 administered SC every 8 weeks or 50mg TOUR006 administered SC every 8 weeks.; Percentage of participants attaining a complete or near complete response on the 7-point Clinical Activity Score (CAS).; Percentage of participants attaining ≥1 grade decrease in diplopia.; Incidence of Treatment Emergent Adverse Events by severity and Serious Adverse Events through Week 72.; Mean change from baseline in serum trough concentration of TOUR006.,Protocol-defined,No posted in-scope efficacy result at cutoff.,No manually curated public result at cutoff.,Not established from posted results.,NR (no result-linked publication URL identified at data cut),Official registry protocol,ClinicalTrials.gov; NCT06088979,official_registry_full_record,2026-09-10,disease-directed drug/biologic/supplement trial,TOUR006 - 20 MG; Placebo; TOUR006 - 50 MG,RANDOMIZED,No,"NA (study not reported as terminated, withdrawn, or suspended)",Protocol identifies randomized allocation; no posted participant flow at data cut,No posted ClinicalTrials.gov results at frozen data cut,2026-09-10,2.0.0
NCT06112340,ClinicalTrials.gov,https://clinicaltrials.gov/study/NCT06112340,Linsitinib,NR (no additional alias),"Sling Therapeutics, Inc.","Sling Therapeutics, Inc.",Active moderate-to-severe TED,IGF-1R-pathway kinase inhibition,PHASE2; PHASE3,RECRUITING,2023-10-11,2026-06,United States,Adults primary,active_moderate_severe,75,NR (randomized N not posted; enrollment not substituted),NA (no posted results at data cut),RANDOMIZED PARALLEL,DOUBLE,Low Dose [ACTIVE_COMPARATOR]: Drug: linsitinib — Active Arm Low Dose Linsitinib; High Dose [ACTIVE_COMPARATOR]: Drug: linsitinib — Active Arm High Dose Linsitinib,linsitinib [DRUG]: Study medication taken twice daily by mouth; Arm Low Dose: Active Arm Low Dose Linsitinib; Arm High Dose: Active Arm High Dose Linsitinib,Registry-defined; verify per protocol,Low Dose; High Dose,Percentage of Subjects who are Proptosis Responders at Week 24,Change from Baseline in Proptosis to Week 24 (Study Eye); Percentage of Subjects who are Overall Responders at Week 24; Percentage of Subjects who are CAS Categorical Responders at Week 24 (Study Eye); Change from Baseline in the Graves' Ophthalmopathy Quality of Life (GO-QoL) Questionnaire Overall Score to Week 24,Protocol-defined,No posted in-scope efficacy result at cutoff.,No manually curated public result at cutoff.,Not established from posted results.,NR (no result-linked publication URL identified at data cut),Official registry protocol,ClinicalTrials.gov; NCT06112340,official_registry_full_record,2026-09-10,disease-directed drug/biologic/supplement trial,linsitinib,RANDOMIZED,No,"NA (study not reported as terminated, withdrawn, or suspended)",Protocol identifies randomized allocation; no posted participant flow at data cut,No posted ClinicalTrials.gov results at frozen data cut,2026-09-10,2.0.0
NCT06226545,ClinicalTrials.gov,https://clinicaltrials.gov/study/NCT06226545,LASN01,Low-dose LASN01; High-dose LASN01,Lassen Therapeutics Inc.,Lassen Therapeutics Inc.,Active moderate-to-severe TED,IL-11R blockade,PHASE2,COMPLETED,2024-03-05,2025-04-22,Spain; United Kingdom; United States,Adults primary,active_moderate_severe,41,41,Endpoint-specific (see result_trial_curation_v2.csv; denominators vary by endpoint),RANDOMIZED PARALLEL,DOUBLE,"Randomized low-dose LASN01 (anti-IGF-1R-naïve TED) [EXPERIMENTAL]: Drug: LASN01; Randomized high-dose LASN01 (anti-IGF-1R-naïve TED) [EXPERIMENTAL]: Drug: LASN01; Randomized placebo (anti-IGF-1R-naïve TED) [PLACEBO_COMPARATOR]: Drug: Placebo; Open-label high dose LASN01 (post-teprotumumab, US only) [EXPERIMENTAL]: Drug: LASN01",LASN01 [DRUG]: Low dose of LASN01 will be administered intravenously.; LASN01 [DRUG]: High dose of LASN01 will be administered intravenously.; Placebo [DRUG]: Placebo will be administered intravenously.,Registry-defined; verify per protocol,Randomized placebo (anti-IGF-1R-naïve TED),Percentage of Participants Showing a Response in Proptosis Measured Using Hertel Exophthalmometer (≥2 mm Decrease From Baseline) in the Study Eye and Separately in Either Eye Without Increased Proptosis (≥2 mm Increase) in the Other Eye; For Randomized Treatment Arms: Number of Participants With Adverse Events Receiving LASN01 Compared to Placebo; For Open-label Treatment Arm: Number of Participants With Adverse Events Receiving LASN01,Percentage of Participants Showing a Response in Clinical Activity Score (CAS) in the Study Eye Compared to Baseline as Assessed by CAS Evaluation,Posted result timepoint,"CAS response 15/17 (88.2%) vs 4/9 (44.4%), p=0.028; PRR 6/17 (35.3%) vs 3/9 (33.3%).","Any TEAE 4/9, 6/8, 6/9; treatment-related 2/9, 2/8, 3/9; randomized groups SAE 0.",Week 37; long-term durability 확립 안 됨.,NR (no result-linked publication URL identified at data cut),Registry result + manual curation,[422]; [521]; ClinicalTrials.gov; NCT06226545,official_registry_full_record,2026-09-10,named investigational disease-directed asset; comparator treatment does not determine asset class; n=26 randomized; p-test unnamed; sponsor-funded/authored; post hoc proptosis exclusions highly exploratory.,LASN01; Placebo,RANDOMIZED,Yes,"NA (study not reported as terminated, withdrawn, or suspended)","Posted participant flow, first period STARTED (Overall Study)",Posted results with manually curated endpoint-specific interpretation,2026-09-10,2.0.0
NCT06248619,ClinicalTrials.gov,https://clinicaltrials.gov/study/NCT06248619,Teprotumumab,NR (no additional alias),Amgen,Amgen,Active moderate-to-severe TED,IGF-1R inhibition,PHASE3,ACTIVE_NOT_RECRUITING,2024-07-05,2025-12-23,Argentina; Australia; Canada; France; Germany; Italy; Japan; Spain; Taiwan; United Kingdom; United States,Adults primary,active_moderate_severe,89,NR (randomized N not posted; enrollment not substituted),NA (no posted results at data cut),RANDOMIZED PARALLEL,TRIPLE,Teprotumumab [EXPERIMENTAL]: Biological: Teprotumumab — Teprotumumab administered SC; Placebo [PLACEBO_COMPARATOR]: Other: Placebo — Placebo for teprotumumab administered SC,Teprotumumab [BIOLOGICAL]: SC injection; Placebo [OTHER]: SC injection; Arm Teprotumumab: Teprotumumab administered SC; Arm Placebo: Placebo for teprotumumab administered SC,Registry-defined; verify per protocol,Placebo,Proptosis responder rate (percentage of participants with a ≥ 2-mm reduction from baseline in proptosis in the study eye without deterioration [≥ 2-mm increase] of proptosis in the fellow eye).,"Mean change from Baseline in proptosis measurement in the study eye; Overall responder rate (percentage of participants with ≥ 2-point reduction in CAS AND ≥ 2-mm reduction in proptosis from Baseline, provided there is no corresponding deterioration [≥ 2-point/mm increase] in CAS or proptosis in the fellow eye); Percentage of participants with a CAS value of 0 or 1; Change from Baseline in diplopia as ordinal response categories; Diplopia responder rate, defined as the percentage of participants with Baseline binocular diplopia > 0 who have a reduction of ≥ 1 grade",Protocol-defined,No posted in-scope efficacy result at cutoff.,No manually curated public result at cutoff.,Not established from posted results.,NR (no result-linked publication URL identified at data cut),Official registry protocol,ClinicalTrials.gov; NCT06248619,official_registry_full_record,2026-09-10,disease-directed drug/biologic/supplement trial,Teprotumumab; Placebo,RANDOMIZED,No,"NA (study not reported as terminated, withdrawn, or suspended)",Protocol identifies randomized allocation; no posted participant flow at data cut,No posted ClinicalTrials.gov results at frozen data cut,2026-09-10,2.0.0
NCT06307613,ClinicalTrials.gov,https://clinicaltrials.gov/study/NCT06307613,Efgartigimod PH20 SC,NR (no additional alias),argenx,argenx,Active moderate-to-severe TED,FcRn inhibition,PHASE3,TERMINATED,2024-03-27,2025-12-15,Australia; Belgium; Bulgaria; China; Czechia; Estonia; Germany; Greece; Hungary; Italy; Romania; Singapore; Spain; Thailand; United Kingdom; United States,Adults primary,active_moderate_severe,102,NR (randomized N not posted; enrollment not substituted),NA (no posted results at data cut),RANDOMIZED PARALLEL,QUADRUPLE,"Efgartigimod arm [EXPERIMENTAL]: Combination Product: Efgartigimod PH20 SC — Participants with active, moderate-to-severe TED receiving Efgartigimod PH20 SC (subcutaneously) via pre-filled syringe (PFS); Placebo arm [PLACEBO_COMPARATOR]: Other: Placebo PH20 SC — Participants with active, moderate-to-severe TED receiving Placebo PH20 SC (subcutaneously) via pre-filled syringe (PFS)","Efgartigimod PH20 SC [COMBINATION_PRODUCT]: Subcutaneous efgartigimod PH20 SC given by prefilled syringe; Placebo PH20 SC [OTHER]: Subcutaneous placebo given by prefilled syringe; Arm Efgartigimod arm: Participants with active, moderate-to-severe TED receiving Efgartigimod PH20 SC (subcutaneously) via pre-filled syringe (PFS); Arm Placebo arm: Participants with active, moderate-to-severe TED receiving Placebo PH20 SC (subcutaneously) via pre-filled syringe (PFS)",Registry-defined; verify per protocol,Placebo arm,Percentage of participants who were proptosis responders,Change in proptosis measurement in the study eye from baseline; Change in the total Graves' Orbitopathy Quality of Life (GO-QoL) score from baseline; Percentage of participants with a resolution of diplopia (responders),Protocol-defined,No posted in-scope efficacy result at cutoff.,No manually curated public result at cutoff.,Not established from posted results.,NR (no result-linked publication URL identified at data cut),Official registry protocol,ClinicalTrials.gov; NCT06307613,official_registry_full_record,2026-09-10,"The pre-defined interim analysis concluded that continuing the trials is unlikely to demonstrate the intended efficacy. This decision is not related to safety concerns, and the safety profile of efgartigimod remains unchanged.; disease-directed drug/biologic/supplement trial",Efgartigimod PH20 SC; Placebo PH20 SC,RANDOMIZED,No,"The pre-defined interim analysis concluded that continuing the trials is unlikely to demonstrate the intended efficacy. This decision is not related to safety concerns, and the safety profile of efgartigimod remains unchanged.",Protocol identifies randomized allocation; no posted participant flow at data cut,No posted ClinicalTrials.gov results at frozen data cut,2026-09-10,2.0.0
NCT06307626,ClinicalTrials.gov,https://clinicaltrials.gov/study/NCT06307626,Efgartigimod PH20 SC,NR (no additional alias),argenx,argenx,Active moderate-to-severe TED,FcRn inhibition,PHASE3,TERMINATED,2024-03-28,2025-12-15,Austria; Bulgaria; China; France; Georgia; Germany; Italy; Japan; Latvia; Poland; Serbia; Slovenia; Spain; Sweden; Switzerland; Turkey (Türkiye); United Kingdom; United States,Adults primary,active_moderate_severe,105,NR (randomized N not posted; enrollment not substituted),NA (no posted results at data cut),RANDOMIZED PARALLEL,QUADRUPLE,"Efgartigimod arm [EXPERIMENTAL]: Combination Product: Efgartigimod PH20 SC — Participants with active, moderate-to-severe TED receiving Efgartigimod PH20 SC (subcutaneously) via pre-filled syringe (PFS); Placebo arm [PLACEBO_COMPARATOR]: Other: Placebo PH20 SC — Participants with active, moderate-to-severe TED receiving Placebo PH20 SC (subcutaneously) via pre-filled syringe (PFS)","Efgartigimod PH20 SC [COMBINATION_PRODUCT]: Subcutaneous efgartigimod PH20 SC given by prefilled syringe; Placebo PH20 SC [OTHER]: Subcutaneous placebo given by prefilled syringe; Arm Efgartigimod arm: Participants with active, moderate-to-severe TED receiving Efgartigimod PH20 SC (subcutaneously) via pre-filled syringe (PFS); Arm Placebo arm: Participants with active, moderate-to-severe TED receiving Placebo PH20 SC (subcutaneously) via pre-filled syringe (PFS)",Registry-defined; verify per protocol,Placebo arm,Percentage of participants who were proptosis responders,Change in proptosis measurement in the study eye from baseline; Change in the total Graves' Orbitopathy Quality of Life (GO-QoL) score from baseline; Percentage of participants with a resolution of diplopia (responders),Protocol-defined,No posted in-scope efficacy result at cutoff.,No manually curated public result at cutoff.,Not established from posted results.,NR (no result-linked publication URL identified at data cut),Official registry protocol,ClinicalTrials.gov; NCT06307626,official_registry_full_record,2026-09-10,"The pre-defined interim analysis concluded that continuing the trials is unlikely to demonstrate the intended efficacy. This decision is not related to safety concerns, and the safety profile of efgartigimod remains unchanged; disease-directed drug/biologic/supplement trial",Efgartigimod PH20 SC; Placebo PH20 SC,RANDOMIZED,No,"The pre-defined interim analysis concluded that continuing the trials is unlikely to demonstrate the intended efficacy. This decision is not related to safety concerns, and the safety profile of efgartigimod remains unchanged",Protocol identifies randomized allocation; no posted participant flow at data cut,No posted ClinicalTrials.gov results at frozen data cut,2026-09-10,2.0.0
NCT06392906,ClinicalTrials.gov,https://clinicaltrials.gov/study/NCT06392906,Orbital radiotherapy,Short course radiation therapy | 10 Gy in 5 fractions of radiation therapy; Standard course radiation therapy | 20 Gy in 10 fractions of radiation therapy,Janjira Petsuksiri,Janjira Petsuksiri,Active moderate-to-severe TED,Orbital radiotherapy,PHASE3,RECRUITING,2024-07-11,2028-04-30,Thailand,Adults primary,active_moderate_severe,68,NR (randomized N not posted; enrollment not substituted),NA (no posted results at data cut),RANDOMIZED PARALLEL,NONE,1 week external beam radiation therapy [EXPERIMENTAL]: Radiation: Short course radiation therapy — 10 Gy in 5 fractions of external beam radiation therapy; 2 week external beam radiation therapy [ACTIVE_COMPARATOR]: Radiation: Standard course radiation therapy — 20 Gy in 10 fractions of standard fraction external beam radiation therapy,Short course radiation therapy [RADIATION]: 5 daily radiation treatments; Standard course radiation therapy [RADIATION]: 10 daily radiation treatments; Arm 1 week external beam radiation therapy: 10 Gy in 5 fractions of external beam radiation therapy; Arm 2 week external beam radiation therapy: 20 Gy in 10 fractions of standard fraction external beam radiation therapy,Registry-defined; verify per protocol,2 week external beam radiation therapy,Clinical Activity Score (CAS) change,muscle and retrobulbar fat volume change; change in diplopia; change in quality of life; Radiation toxicities; Visual acuity (VA),Protocol-defined,No posted in-scope efficacy result at cutoff.,No manually curated public result at cutoff.,Not established from posted results.,https://pubmed.ncbi.nlm.nih.gov/35662442/; https://doi.org/10.1016/j.ecl.2021.12.004; https://pubmed.ncbi.nlm.nih.gov/29942184/; https://doi.org/10.1016/j.sjopt.2017.09.003; https://pubmed.ncbi.nlm.nih.gov/34297684/; https://doi.org/10.1530/EJE-21-0479; https://pubmed.ncbi.nlm.nih.gov/1802923/; https://doi.org/10.1007/BF03347943; https://pubmed.ncbi.nlm.nih.gov/32140081/; https://doi.org/10.1016/j.rpor.2020.02.004; https://pubmed.ncbi.nlm.nih.gov/33012142/; https://doi.org/10.3857/roj.2020.00178; https://pubmed.ncbi.nlm.nih.gov/33860819/; https://doi.org/10.1007/s00066-021-01770-9; https://pubmed.ncbi.nlm.nih.gov/19865824/; https://doi.org/10.1007/s00417-009-1214-3; https://pubmed.ncbi.nlm.nih.gov/10634372/; https://doi.org/10.1210/jcem.85.1.6257; https://pubmed.ncbi.nlm.nih.gov/31496266/; https://doi.org/10.1177/1120672119873841; https://pubmed.ncbi.nlm.nih.gov/31893319/; https://doi.org/10.1186/s41687-019-0164-8,Official registry protocol,ClinicalTrials.gov; NCT06392906,official_registry_full_record,2026-09-10,disease-directed standard-of-care or regimen-optimization trial,Short course radiation therapy; Standard course radiation therapy,RANDOMIZED,No,"NA (study not reported as terminated, withdrawn, or suspended)",Protocol identifies randomized allocation; no posted participant flow at data cut,No posted ClinicalTrials.gov results at frozen data cut,2026-09-10,2.0.0
NCT06401044,ClinicalTrials.gov,https://clinicaltrials.gov/study/NCT06401044,AMG 732,NR (no additional alias),Amgen,Amgen,Active moderate-to-severe TED,IGF-1R inhibition,PHASE1; PHASE2,ACTIVE_NOT_RECRUITING,2024-05-30,2027-01-06,Australia; Canada; France; Germany; Greece; Italy; Japan; Poland; Singapore; Spain; Taiwan; United States,Adults primary,active_moderate_severe,94,NR (randomized N not posted; enrollment not substituted),NA (no posted results at data cut),RANDOMIZED SEQUENTIAL,DOUBLE,Part A: AMG 732 [EXPERIMENTAL]: Drug: AMG 732 — Participants in 6 cohorts will receive either AMG 732 or placebo in Single Ascending Doses (SAD).; Part A: Placebo [PLACEBO_COMPARATOR]: Other: Placebo — Participants in 6 cohorts will receive either AMG 732 or placebo in Single Ascending Doses (SAD).; Part B: AMG 732 Low Dose [EXPERIMENTAL]: Drug: AMG 732 — Participants will receive AMG 732 low dose SC.; Part B: AMG 732 Medium Dose [EXPERIMENTAL]: Drug: AMG 732 — Participants will receive AMG 732 medium dose SC.; Part B: AMG 732 High Dose [EXPERIMENTAL]: Drug: AMG 732 — Participants will receive AMG 732 high dose SC.; Part B: Placebo [PLACEBO_COMPARATOR]: Other: Placebo — Participants will receive placebo SC.,AMG 732 [DRUG]: SC injection; Placebo [OTHER]: SC injection; Arm Part A: AMG 732: Participants in 6 cohorts will receive either AMG 732 or placebo in Single Ascending Doses (SAD).; Arm Part A: Placebo: Participants in 6 cohorts will receive either AMG 732 or placebo in Single Ascending Doses (SAD).; Arm Part B: AMG 732 Low Dose: Participants will receive AMG 732 low dose SC.; Arm Part B: AMG 732 Medium Dose: Participants will receive AMG 732 medium dose SC.; Arm Part B: AMG 732 High Dose: Participants will receive AMG 732 high dose SC.; Arm Part B: Placebo: Participants will receive placebo SC.,Registry-defined; verify per protocol,Part A: Placebo; Part B: Placebo,Part A: Number of Participants With Treatment-emergent Adverse Events; Part B: Change from Baseline in Proptosis Measurement by an Exophthalmometer in the Study Eye,Part A: Maximum Observed Plasma Concentration (Cmax) of AMG 732; Part A: Time to Cmax (Tmax) of AMG 732; Part A: Area Under the Plasma Concentration-time Curve (AUC) of AMG 732; Part A: Half-life (t1/2) of AMG 732; Part A: Number of Participants With Anti-drug Antibodies (ADAs),Protocol-defined,No posted in-scope efficacy result at cutoff.,No manually curated public result at cutoff.,Not established from posted results.,NR (no result-linked publication URL identified at data cut),Official registry protocol,ClinicalTrials.gov; NCT06401044,official_registry_full_record,2026-09-10,named investigational disease-directed asset; comparator treatment does not determine asset class,AMG 732; Placebo,RANDOMIZED,No,"NA (study not reported as terminated, withdrawn, or suspended)",Protocol identifies randomized allocation; no posted participant flow at data cut,No posted ClinicalTrials.gov results at frozen data cut,2026-09-10,2.0.0
NCT06510114,ClinicalTrials.gov,https://clinicaltrials.gov/study/NCT06510114,Methylprednisolone,methylprednisolone(daily scheme) | prednisone; methylprednisolone(weekly scheme),"Third Affiliated Hospital, Sun Yat-Sen University","Third Affiliated Hospital, Sun Yat-Sen University",Active moderate-to-severe TED,Glucocorticoid immunomodulation,PHASE4,NOT_YET_RECRUITING,2024-07,2026-06,NR (study locations not reported),Adults primary,active_moderate_severe,150,NR (randomized N not posted; enrollment not substituted),NA (no posted results at data cut),RANDOMIZED PARALLEL,NONE,"Group A [EXPERIMENTAL]: Drug: methylprednisolone(daily scheme) — The daily scheme was as follows: 0.5 g methylprednisolone i.v. daily for 5 consecutive days, followed by oral prednisone for 6 months. Oral prednisone started at 40 mg/day for 4 weeks and then the dose was tapered by 5 mg/day every 2-4 weeks.; Group B [ACTIVE_COMPARATOR]: Drug: methylprednisolone(weekly scheme) — The weekly protocol was as follows: 0.5 g methylprednisolone i.v. weekly for 6 weeks and then the dose was tapered by 0.25 g/week over the following 6 weeks.","methylprednisolone(daily scheme) [DRUG]: 0.5 g methylprednisolone i.v. daily for 5 consecutive days, followed by oral prednisone for 6 months. Oral prednisone started at 40 mg/day for 4 weeks and then the dose was tapered by 5 mg/day every 2-4 weeks.; methylprednisolone(weekly scheme) [DRUG]: 0.5 g methylprednisolone i.v. weekly for 6 weeks and then the dose was tapered by 0.25 g/week over the following 6 weeks.; Arm Group A: The daily scheme was as follows: 0.5 g methylprednisolone i.v. daily for 5 consecutive days, followed by oral prednisone for 6 months. Oral prednisone started at 40 mg/day for 4 weeks and then the dose was tapered by 5 mg/day every 2-4 weeks.; Arm Group B: The weekly protocol was as follows: 0.5 g methylprednisolone i.v. weekly for 6 weeks and then the dose was tapered by 0.25 g/week over the following 6 weeks.",Registry-defined; verify per protocol,Group B,the overall response rate at 24 week,Changes of clinical activity score (CAS) from baseline to 24 week; changes of quality of life score (QoF-s) from baseline to 24 week; changes of exophthalmos from baseline to 24 week; changes of width of the eyelid from baseline to 24 week; changes of diplopia grade from baseline to 24 week,Protocol-defined,No posted in-scope efficacy result at cutoff.,No manually curated public result at cutoff.,Not established from posted results.,NR (no result-linked publication URL identified at data cut),Official registry protocol,ClinicalTrials.gov; NCT06510114,official_registry_full_record,2026-09-10,disease-directed standard-of-care or regimen-optimization trial,methylprednisolone(daily scheme); methylprednisolone(weekly scheme),RANDOMIZED,No,"NA (study not reported as terminated, withdrawn, or suspended)",Protocol identifies randomized allocation; no posted participant flow at data cut,No posted ClinicalTrials.gov results at frozen data cut,2026-09-10,2.0.0
NCT06557850,ClinicalTrials.gov,https://clinicaltrials.gov/study/NCT06557850,Lu AG22515,NR (no additional alias),H. Lundbeck A/S,H. Lundbeck A/S,Active moderate-to-severe TED,CD40L blockade,PHASE1,ACTIVE_NOT_RECRUITING,2024-09-19,2026-03-17,Bosnia and Herzegovina; Bulgaria; Poland,Adults primary,active_moderate_severe,20,NA (not randomized),NA (no posted results at data cut),NA SINGLE_GROUP,NONE,Lu AG22515 [EXPERIMENTAL]: Drug: Lu AG22515 — Participants will receive intravenous (IV) administration of Lu AG22515 per a prespecified dosing schedule.,Lu AG22515 [DRUG]: Solution for infusion; Arm Lu AG22515: Participants will receive intravenous (IV) administration of Lu AG22515 per a prespecified dosing schedule.,Registry-defined; verify per protocol,NA (no comparator arm identified),Change in Proptosis from Baseline to Week 24 in the Trial Eye Using the Hertel Exophthalmometer,Cmax: Maximum Observed Serum Concentration of Lu AG22515; Tmax: Time to Maximum Observed Cmax of Lu AG22515; Ctrough: Minimum Observed Serum Concentration of Lu AG22515; AUC0-infinity: Area Under the Plasma Concentration Versus Time Curve From Zero to Infinity of Lu AG22515; t½: Apparent Elimination Half-life of Lu AG22515,Protocol-defined,No posted in-scope efficacy result at cutoff.,No manually curated public result at cutoff.,Not established from posted results.,NR (no result-linked publication URL identified at data cut),Official registry protocol,ClinicalTrials.gov; NCT06557850,official_registry_full_record,2026-09-10,named investigational disease-directed asset; comparator treatment does not determine asset class,Lu AG22515,NA,No,"NA (study not reported as terminated, withdrawn, or suspended)",Registry allocation=NA,No posted ClinicalTrials.gov results at frozen data cut,2026-09-10,2.0.0
NCT06569758,ClinicalTrials.gov,https://clinicaltrials.gov/study/NCT06569758,GenSci098 / YB-101,GenSci098,"Changchun GeneScience Pharmaceutical Co., Ltd.","Changchun GeneScience Pharmaceutical Co., Ltd.",Active moderate-to-severe TED,TSHR blockade/antagonism,PHASE1,RECRUITING,2024-09-24,2027-09-02,China,Adults primary,active_moderate_severe,76,NR (randomized N not posted; enrollment not substituted),NA (no posted results at data cut),RANDOMIZED SEQUENTIAL,QUADRUPLE,GenSci098 [EXPERIMENTAL]: Drug: GenSci098; GenSci098 Placebo [PLACEBO_COMPARATOR]: Drug: GenSci098 Placebo,"GenSci098 [DRUG]: subcutaneous , 5 dose levels(15mg, 45mg, 90mg, 180mg and 270mg) will be assigned.; GenSci098 Placebo [DRUG]: In SAD part only one dose of GenSci098 and GenSci098 Placebo to be given, in MAD part, multiple doses of GenSci098 and GenSci098 Placebo will be given.",Registry-defined; verify per protocol,GenSci098 Placebo,"Incidence and severity of adverse events (AEs) (physical examination, vital signs, laboratory tests, 12-lead electrocardiogram [ECG]).","PK parameters after single and multiple subcutaneous doses of GenSci098: maximum concentration at steady state (Cmax,ss);; PK parameters after single and multiple subcutaneous doses of GenSci098: minimum concentration at steady state (Cmin,ss);; PK parameters after single and multiple subcutaneous doses of GenSci098: time to maximum concentration at steady state (Tmax,ss);; PK parameters after single and multiple subcutaneous doses of GenSci098: average concentration at steady state (Cav,ss);; PK parameters after single and multiple subcutaneous doses of GenSci098: area under the concentration-time curve at steady state (AUC0-τ,ss);",Protocol-defined,No posted in-scope efficacy result at cutoff.,No manually curated public result at cutoff.,Not established from posted results.,NR (no result-linked publication URL identified at data cut),Official registry protocol,ClinicalTrials.gov; NCT06569758,official_registry_full_record,2026-09-10,direct TSHR/anti-TSHR or TSHR-antigen-specific program in the core R&D scope,GenSci098; GenSci098 Placebo,RANDOMIZED,No,"NA (study not reported as terminated, withdrawn, or suspended)",Protocol identifies randomized allocation; no posted participant flow at data cut,No posted ClinicalTrials.gov results at frozen data cut,2026-09-10,2.0.0
NCT06625411,ClinicalTrials.gov,https://clinicaltrials.gov/study/NCT06625411,VRDN-003,NR (no additional alias),"Viridian Therapeutics, Inc.","Viridian Therapeutics, Inc.",Active moderate-to-severe TED,IGF-1R inhibition,PHASE3,ACTIVE_NOT_RECRUITING,2024-08-27,2026-02-12,Germany; Hungary; Netherlands; Spain; United States,Adults primary,active_moderate_severe,132,NR (randomized N not posted; enrollment not substituted),NA (no posted results at data cut),RANDOMIZED PARALLEL,TRIPLE,"VRDN-003 every 4 weeks [EXPERIMENTAL]: Drug: VRDN-003 — 6 subcutaneous administrations of VRDN-003; VRDN-003 every 8 weeks [EXPERIMENTAL]: Drug: VRDN-003, Drug: Placebo — 3 subcutaneous administrations of VRDN-003 and 3 subcutaneous administrations of placebo; Placebo every 4 weeks [PLACEBO_COMPARATOR]: Drug: Placebo — 6 subcutaneous administrations of placebo","VRDN-003 [DRUG]: VRDN-003 is an investigational, subcutaneously administered, humanized monoclonal antibody directed against the Insulin-like Growth Factor-1 receptor (IGF-1R).; Placebo [DRUG]: All participants will receive the same number of injections to maintain masking. Masking will be maintained by the use of placebo injections that appear identical to VRDN-003 injections.; Arm VRDN-003 every 4 weeks: 6 subcutaneous administrations of VRDN-003; Arm VRDN-003 every 8 weeks: 3 subcutaneous administrations of VRDN-003 and 3 subcutaneous administrations of placebo; Arm Placebo every 4 weeks: 6 subcutaneous administrations of placebo",Registry-defined; verify per protocol,Placebo every 4 weeks,Proptosis Responder Rate in the most proptotic eye as measured by exophtalmometer,Change from baseline in proptosis in the most proptotic eye as measured by exophthalmometer; Proptosis Responder Rate in the most proptotic eye as measured by MRI; Change from baseline in proptosis in the most proptotic eye as measured by MRI; Overall Responder Rate in the most proptotic eye as measured by exophthalmometer; Change from baseline in Clinical Activity Score (CAS) in the most proptotic eye (as measured by exophthalmometer),Protocol-defined,No posted in-scope efficacy result at cutoff.,No manually curated public result at cutoff.,Not established from posted results.,NR (no result-linked publication URL identified at data cut),Official registry protocol,ClinicalTrials.gov; NCT06625411,official_registry_full_record,2026-09-10,disease-directed drug/biologic/supplement trial,VRDN-003; Placebo,RANDOMIZED,No,"NA (study not reported as terminated, withdrawn, or suspended)",Protocol identifies randomized allocation; no posted participant flow at data cut,No posted ClinicalTrials.gov results at frozen data cut,2026-09-10,2.0.0
NCT06693856,ClinicalTrials.gov,https://clinicaltrials.gov/study/NCT06693856,Methylprednisolone,High-Dose Methylprednisolone; Low-Dose Methylprednisolone,Zou Junjie,Zou Junjie,Active moderate-to-severe TED,Glucocorticoid immunomodulation,NA,ENROLLING_BY_INVITATION,2025-01-01,2026-06-30,China,Adults primary,active_moderate_severe,120,NR (randomized N not posted; enrollment not substituted),NA (no posted results at data cut),RANDOMIZED SINGLE_GROUP,NONE,"a high-dose group [ACTIVE_COMPARATOR]: Drug: High-Dose Methylprednisolone — methylprednisolone 500mg, D1-3, once every 4 weeks; a low-dose group [EXPERIMENTAL]: Drug: Low-Dose Methylprednisolone — methylprednisolone 1mg/kg, D1-3, once every 4 weeks","High-Dose Methylprednisolone [DRUG]: Methylprednisolone 500mg, administered intravenously once daily for 3 consecutive days, repeated every 4 weeks for a total of 24 weeks, followed by a follow-up period.; Low-Dose Methylprednisolone [DRUG]: Methylprednisolone is administered at a dose of 1mg/kg, given as an intravenous injection once daily for 3 consecutive days, repeated every 4 weeks for a total of 24 weeks, followed by a follow-up period.; Arm a high-dose group: methylprednisolone 500mg, D1-3, once every 4 weeks; Arm a low-dose group: methylprednisolone 1mg/kg, D1-3, once every 4 weeks",Registry-defined; verify per protocol,a high-dose group,"Overall Response Rate, ORR",CAS and proptosis; Clinical Activity Score; proptosis,Protocol-defined,No posted in-scope efficacy result at cutoff.,No manually curated public result at cutoff.,Not established from posted results.,NR (no result-linked publication URL identified at data cut),Official registry protocol,ClinicalTrials.gov; NCT06693856,official_registry_full_record,2026-09-10,disease-directed standard-of-care or regimen-optimization trial,High-Dose Methylprednisolone; Low-Dose Methylprednisolone,RANDOMIZED,No,"NA (study not reported as terminated, withdrawn, or suspended)",Protocol identifies randomized allocation; no posted participant flow at data cut,No posted ClinicalTrials.gov results at frozen data cut,2026-09-10,2.0.0
NCT06927375,ClinicalTrials.gov,https://clinicaltrials.gov/study/NCT06927375,Tocilizumab; Flupentixol/melitracen,Tocilizumab(400mg) combined with Flupentixol Melitracen(0.5mg:10mg) | study group; Tocilizumab(400mg) | control group,Shanghai Ninth People's Hospital Affiliated to Shanghai Jiao Tong University,Shanghai Ninth People's Hospital Affiliated to Shanghai Jiao Tong University,Active moderate-to-severe TED,IL-6 receptor blockade; Psychotropic supportive therapy,PHASE4,RECRUITING,2024-12-12,2025-11-12,China,Adults primary,active_moderate_severe,60,NR (randomized N not posted; enrollment not substituted),NA (no posted results at data cut),RANDOMIZED PARALLEL,SINGLE,Tocilizumab combined with Flupentixol Melitracen [EXPERIMENTAL]: Drug: Tocilizumab(400mg) combined with Flupentixol Melitracen(0.5mg:10mg); Tocilizumab [ACTIVE_COMPARATOR]: Drug: Tocilizumab(400mg),"Tocilizumab(400mg) combined with Flupentixol Melitracen(0.5mg:10mg) [DRUG]: Tocilizumab (Actemra) is administered via intravenous infusion at a dose of 400 mg at Weeks 0, 4, and 8. Flupentixol/Melitracen is given orally at a dose of 0.5 mg/10 mg twice daily for 8 consecutive weeks starting from Week 0.; Tocilizumab(400mg) [DRUG]: Tocilizumab (Actemra) is administered via intravenous infusion at a dose of 400 mg at Weeks 0, 4, and 8.",Registry-defined; verify per protocol,Tocilizumab,comprehensive score,Go-qol; TED-QoL; CAS Decrease by ≥2 Points; CAS Change Value; Diplopia Improvement,Protocol-defined,No posted in-scope efficacy result at cutoff.,No manually curated public result at cutoff.,Not established from posted results.,NR (no result-linked publication URL identified at data cut),Official registry protocol,ClinicalTrials.gov; NCT06927375,official_registry_full_record,2026-09-10,disease-directed drug/biologic/supplement trial,Tocilizumab(400mg) combined with Flupentixol Melitracen(0.5mg:10mg); Tocilizumab(400mg),RANDOMIZED,No,"NA (study not reported as terminated, withdrawn, or suspended)",Protocol identifies randomized allocation; no posted participant flow at data cut,No posted ClinicalTrials.gov results at frozen data cut,2026-09-10,2.0.0
NCT06989918,ClinicalTrials.gov,https://clinicaltrials.gov/study/NCT06989918,MHB018A,NR (no additional alias),Minghui Pharmaceutical (Hangzhou) Ltd,Minghui Pharmaceutical (Hangzhou) Ltd,Active moderate-to-severe TED,IGF-1R inhibition,PHASE3,RECRUITING,2025-07-22,2026-07-31,China,Adults primary,active_moderate_severe,108,NR (randomized N not posted; enrollment not substituted),NA (no posted results at data cut),RANDOMIZED PARALLEL,QUADRUPLE,"MHB018A [EXPERIMENTAL]: Drug: MHB018A — 6 subcutaneous injections of MHB018A, 450mg once every 4 weeks (q4w); MHB018A Placebo [PLACEBO_COMPARATOR]: Drug: MHB018A placebo — 6 subcutaneous injections of MHB018A placebo once every 4 weeks (q4w)","MHB018A [DRUG]: MHB018A 450mg for subcutaneous injection once every 4 weeks (Q4W); MHB018A placebo [DRUG]: 6 subcutaneous injections of MHB018A placebo once every 4 weeks (q4w); Arm MHB018A: 6 subcutaneous injections of MHB018A, 450mg once every 4 weeks (q4w); Arm MHB018A Placebo: 6 subcutaneous injections of MHB018A placebo once every 4 weeks (q4w)",Registry-defined; verify per protocol,MHB018A Placebo,Proptosis Responder Rate at Week 24,Overall response rate; Change in proptosis; Percentage of subjects with CAS of 0 or 1; Change in CAS; Diplopia response rate,Protocol-defined,No posted in-scope efficacy result at cutoff.,No manually curated public result at cutoff.,Not established from posted results.,NR (no result-linked publication URL identified at data cut),Official registry protocol,ClinicalTrials.gov; NCT06989918,official_registry_full_record,2026-09-10,named investigational disease-directed asset; comparator treatment does not determine asset class,MHB018A; MHB018A placebo,RANDOMIZED,No,"NA (study not reported as terminated, withdrawn, or suspended)",Protocol identifies randomized allocation; no posted participant flow at data cut,No posted ClinicalTrials.gov results at frozen data cut,2026-09-10,2.0.0
NCT07152340,ClinicalTrials.gov,https://clinicaltrials.gov/study/NCT07152340,IBI311; Methylprednisolone,NR (no additional alias); Glucocorticoids,Shanghai Changzheng Hospital,Shanghai Changzheng Hospital,Active moderate-to-severe TED,IGF-1R inhibition; Glucocorticoid immunomodulation,PHASE4,RECRUITING,2025-04-10,2027-04-30,China,Adults primary,active_moderate_severe,64,NA (not randomized),NA (no posted results at data cut),NON_RANDOMIZED PARALLEL,NONE,"IBI311 [ACTIVE_COMPARATOR]: Drug: IBI311 — 8 infusions of teprotumumab (10 mg/kg for the first infusion and 20 mg/kg for the remaining 7 infusions); Glucocorticoid [ACTIVE_COMPARATOR]: Drug: Glucocorticoids — Patients with active thyroid ophthalmopathy will receive 500 mg of methylprednasone intravenous injection once a day for 3 days, followed by once every 2 weeks, for a total of 8 times.","IBI311 [DRUG]: IBI311 is a fully human anti-IGF-1R mAb. IBI311 will be provided in single-dose 10-mL glass vials as a Injection solution containing.; Glucocorticoids [DRUG]: 500mg methylprednisolone was intravenously injected once a day for 3 consecutive days. The next treatment was carried out with an interval of 2 weeks for a total of 8 times.; Arm IBI311: 8 infusions of teprotumumab (10 mg/kg for the first infusion and 20 mg/kg for the remaining 7 infusions); Arm Glucocorticoid: Patients with active thyroid ophthalmopathy will receive 500 mg of methylprednasone intravenous injection once a day for 3 days, followed by once every 2 weeks, for a total of 8 times.",Registry-defined; verify per protocol,IBI311; Glucocorticoid,Percentage of participants who were overall treatment responders ater 4 times and at the end of treatment; Percentage of participants who were CAS categorical responders after 4 times and at the end of the treatment; Percentage of participants who were diplopia responders after 4 times and at the end of the treatment; Percentage of participants who were proptosis responders after 4 times and and the end of the treatment; Percentage of participants who were ATA categorical responders after 4 times and at the end of the treatment,Incidence and characterization of nonserious treatment emergent adverse events (TEAEs) during the treatment; change of GO-QoL from baseline after 4 times and at the end of the treatment; Changes of the visual field in the dark areas from baseline after 4 times and at the end of the treatment,Protocol-defined,No posted in-scope efficacy result at cutoff.,No manually curated public result at cutoff.,Not established from posted results.,NR (no result-linked publication URL identified at data cut),Official registry protocol,ClinicalTrials.gov; NCT07152340,official_registry_full_record,2026-09-10,disease-directed standard-of-care or regimen-optimization trial,IBI311; Glucocorticoids,NON_RANDOMIZED,No,"NA (study not reported as terminated, withdrawn, or suspended)",Registry allocation=NON_RANDOMIZED,No posted ClinicalTrials.gov results at frozen data cut,2026-09-10,2.0.0
NCT07152366,ClinicalTrials.gov,https://clinicaltrials.gov/study/NCT07152366,IBI311; Methylprednisolone,NR (no additional alias); Glucocorticoids,Shanghai Changzheng Hospital,Shanghai Changzheng Hospital,Active moderate-to-severe TED,IGF-1R inhibition; Glucocorticoid immunomodulation,PHASE4,RECRUITING,2025-04-15,2027-05-31,China,Adults primary,active_moderate_severe,96,NA (not randomized),NA (no posted results at data cut),NON_RANDOMIZED PARALLEL,NONE,"GC≥6g : IBI311 [ACTIVE_COMPARATOR]: Drug: IBI311 — participant who have received more than 6 grams of glucocorticoid treatment, according to the patient's will,would received 8 infusions of teprotumumab (10 mg/kg for the first infusion and 20 mg/kg for the remaining 7 infusions); GC<6g : IBI311 [ACTIVE_COMPARATOR]: Drug: IBI311 — participant who have received less in 6 grams of glucocorticoid treatment, according to the patient's will,would received 8 infusions of IBI311 (10 mg/kg for the first infusion and 20 mg/kg for the remaining 7 infusions); GC<6g : Glucocorticoid [ACTIVE_COMPARATOR]: Drug: Glucocorticoids — participant who have received less in 6 grams of glucocorticoid treatment, according to the patient's will,would received 500 mg of methylprednasone intravenous injection once a day for 3 days, followed by once every 2 weeks, for a total of 8 times. The maximum cumulative dose would not exceed 12 grams.","IBI311 [DRUG]: IBI311 is a fully human anti-IGF-1R mAb. IBI311 will be provided in single-dose 10-mL glass vials as a Injection solution containing.; Glucocorticoids [DRUG]: 500mg methylprednisolone was intravenously injected once a day for 3 consecutive days. The next treatment was carried out with an interval of 2 weeks for a total of 8 times.; Arm GC≥6g : IBI311: participant who have received more than 6 grams of glucocorticoid treatment, according to the patient's will,would received 8 infusions of teprotumumab (10 mg/kg for the first infusion and 20 mg/kg for the remaining 7 infusions); Arm GC<6g : IBI311: participant who have received less in 6 grams of glucocorticoid treatment, according to the patient's will,would received 8 infusions of IBI311 (10 mg/kg for the first infusion and 20 mg/kg for the remaining 7 infusions); Arm GC<6g : Glucocorticoid: participant who have received less in 6 grams of glucocorticoid treatment, according to the patient's will,would received 500 mg of methylprednasone intravenous injection once a day for 3 days, followed by once every 2 weeks, for a total of 8 times. The maximum cumulative dose would not exceed 12 grams.",Registry-defined; verify per protocol,GC≥6g : IBI311; GC<6g : IBI311; GC<6g : Glucocorticoid,Percentage of participants who were overall treatment responders after 4 times and at the end of treatment; Percentage of participants who were CAS categorical responders after 4 times and at the end of the treatment; Incidence and characterization of nonserious treatment emergent adverse events (TEAEs) during the treatment,Percentage of participants who were diplopia responders after 4 times and at the end of the treatment; Percentage of participants who were proptosis responders after 4 times and and the end of the treatment; Percentage of participants who were ATA categorical responders after 4 times and at the end of the treatment; Change of GO-QoL from baseline after 4 times and at the end of the treatment; Changes of the visual field in the dark areas from baseline after 4 times and at the end of the treatment,Protocol-defined,No posted in-scope efficacy result at cutoff.,No manually curated public result at cutoff.,Not established from posted results.,NR (no result-linked publication URL identified at data cut),Official registry protocol,ClinicalTrials.gov; NCT07152366,official_registry_full_record,2026-09-10,disease-directed standard-of-care or regimen-optimization trial,IBI311; Glucocorticoids,NON_RANDOMIZED,No,"NA (study not reported as terminated, withdrawn, or suspended)",Registry allocation=NON_RANDOMIZED,No posted ClinicalTrials.gov results at frozen data cut,2026-09-10,2.0.0
NCT07211776,ClinicalTrials.gov,https://clinicaltrials.gov/study/NCT07211776,VRDN-003,ZL-1109 (VRDN-003),"Zai Lab (Shanghai) Co., Ltd.","Zai Lab (Shanghai) Co., Ltd.",Active moderate-to-severe TED,IGF-1R inhibition,PHASE3,ACTIVE_NOT_RECRUITING,2025-12-05,2027-03-14,China,Adults primary,active_moderate_severe,108,NR (randomized N not posted; enrollment not substituted),NA (no posted results at data cut),RANDOMIZED PARALLEL,TRIPLE,"Randomized controlled period: ZL-1109 every 4 weeks [EXPERIMENTAL]: Drug: ZL-1109 (VRDN-003) — Participants will receive ZL-1109 per protocol defined dosing regimen.; Randomized controlled period: ZL-1109 every 8 weeks [EXPERIMENTAL]: Drug: ZL-1109 (VRDN-003), Drug: Placebo — Participants will receive ZL-1109 and placebo per protocol defined dosing regimen.; Randomized controlled period: Placebo every 4 weeks [PLACEBO_COMPARATOR]: Drug: Placebo — Participants will receive placebo per protocol defined dosing regimen.; OLE treatment period: ZL-1109 every 4 weeks [OTHER]: Drug: ZL-1109 (VRDN-003) — Participants who not responded would receive ZL-1109 per protocol defined dosing regimen.",ZL-1109 (VRDN-003) [DRUG]: ZL-1109 subcutaneous injection; Placebo [DRUG]: Matching placebo subcutaneous injection; Arm Randomized controlled period: ZL-1109 every 4 weeks: Participants will receive ZL-1109 per protocol defined dosing regimen.; Arm Randomized controlled period: ZL-1109 every 8 weeks: Participants will receive ZL-1109 and placebo per protocol defined dosing regimen.; Arm Randomized controlled period: Placebo every 4 weeks: Participants will receive placebo per protocol defined dosing regimen.; Arm OLE treatment period: ZL-1109 every 4 weeks: Participants who not responded would receive ZL-1109 per protocol defined dosing regimen.,Registry-defined; verify per protocol,Randomized controlled period: Placebo every 4 weeks,Proptosis Responder Rate in the study eye,Change from baseline in proptosis in the study eye; Overall Responder Rate in the study eye; Change from baseline in Clinical Activity Score (CAS) in the study eye; Proportion of participants with a Clinical Activity Score (CAS) of 0 or 1 in the study eye; Diplopia Responder Rate for participants with baseline Diplopia Score greater than 0,Protocol-defined,No posted in-scope efficacy result at cutoff.,No manually curated public result at cutoff.,Not established from posted results.,NR (no result-linked publication URL identified at data cut),Official registry protocol,ClinicalTrials.gov; NCT07211776,official_registry_full_record,2026-09-10,disease-directed drug/biologic/supplement trial,ZL-1109 (VRDN-003); Placebo,RANDOMIZED,No,"NA (study not reported as terminated, withdrawn, or suspended)",Protocol identifies randomized allocation; no posted participant flow at data cut,No posted ClinicalTrials.gov results at frozen data cut,2026-09-10,2.0.0
NCT07265258,ClinicalTrials.gov,https://clinicaltrials.gov/study/NCT07265258,Teprotumumab; Methylprednisolone,Teprotumumab N01; NR (no additional alias),Innovent Biologics (Suzhou) Co. Ltd.,Innovent Biologics (Suzhou) Co. Ltd.,Active moderate-to-severe TED,IGF-1R inhibition; Glucocorticoid immunomodulation,PHASE4,RECRUITING,2026-07-30,2028-06-30,China,Adults primary,active_moderate_severe,92,NR (randomized N not posted; enrollment not substituted),NA (no posted results at data cut),RANDOMIZED PARALLEL,NONE,Intravenous glucocorticoid (IVGC) group [ACTIVE_COMPARATOR]: Drug: Methylprednisolone; Teprotumumab N01 group [EXPERIMENTAL]: Biological: Teprotumumab N01,"Teprotumumab N01 [BIOLOGICAL]: A total of 8 intravenous infusions of Teprotumumab N01 injection will be administered: 10 mg/kg on Day1, followed by 20 mg/kg in Week3-21, once every 3 weeks(Q3W).; Methylprednisolone [DRUG]: A total of 12 intravenous infusions of methylprednisolone will be administered: 500 mg for the first six doses (on Day 1 and weekly throughout Weeks 1-5), and then 250 mg for the following six doses (weekly throughout Weeks 6-11). Based on disease deterioration and treatment response, participants will receive individualized treatment after IVGC therapy.",Registry-defined; verify per protocol,Intravenous glucocorticoid (IVGC) group,The proptosis responder rate of the study eye,Change from baseline in proptosis of the study eye; The overall response rate of the study eye; Change from baseline in proptosis of the study eye on MRI imaging; The proptosis response rate of the study eye; The composite effective rate of the study eye,Protocol-defined,No posted in-scope efficacy result at cutoff.,No manually curated public result at cutoff.,Not established from posted results.,https://doi.org/10.1007/s40123-026-01451-9,Official registry protocol,ClinicalTrials.gov; NCT07265258,official_registry_full_record,2026-09-10,disease-directed standard-of-care or regimen-optimization trial,Teprotumumab N01; Methylprednisolone,RANDOMIZED,No,"NA (study not reported as terminated, withdrawn, or suspended)",Protocol identifies randomized allocation; no posted participant flow at data cut,No posted ClinicalTrials.gov results at frozen data cut,2026-09-10,2.0.0
NCT07547930,ClinicalTrials.gov,https://clinicaltrials.gov/study/NCT07547930,Tofacitinib,NR (no additional alias),The First Affiliated Hospital of Xiamen University,The First Affiliated Hospital of Xiamen University,Active moderate-to-severe TED,JAK inhibition,PHASE2,RECRUITING,2026-04-24,2027-12-30,China,Adults primary,active_moderate_severe,8,NA (not randomized),NA (no posted results at data cut),NA SINGLE_GROUP,NONE,"Tofacitinib Treatment Group [EXPERIMENTAL]: Drug: Tofacitinib — Participants in this arm will receive oral Tofacitinib Citrate (5 mg) twice daily (BID) for a total treatment duration of 24 weeks. Following the 24-week treatment period, participants will undergo a 12-week drug-withdrawal observation phase to monitor for disease relapse and safety.","Tofacitinib [DRUG]: 5 mg tablet administered orally twice daily (BID) for a continuous period of 24 weeks.; Arm Tofacitinib Treatment Group: Participants in this arm will receive oral Tofacitinib Citrate (5 mg) twice daily (BID) for a total treatment duration of 24 weeks. Following the 24-week treatment period, participants will undergo a 12-week drug-withdrawal observation phase to monitor for disease relapse and safety.",Registry-defined; verify per protocol,NA (no comparator arm identified),Overall Response Rate (ORR),Change in Proptosis; Change in Clinical Activity Score (CAS); Diplopia Response; Change in Graves' Orbitopathy Quality of Life (GO-QOL) Score; Incidence of Adverse Events,Protocol-defined,No posted in-scope efficacy result at cutoff.,No manually curated public result at cutoff.,Not established from posted results.,https://doi.org/10.3389/fendo.2025.1527275; https://doi.org/10.1001/jamaophthalmol.2025.3974; https://doi.org/10.1016/S2213-8587(25)00066-X; https://doi.org/10.1530/EJE-21-0479,Official registry protocol,ClinicalTrials.gov; NCT07547930,official_registry_full_record,2026-09-10,disease-directed drug/biologic/supplement trial,Tofacitinib,NA,No,"NA (study not reported as terminated, withdrawn, or suspended)",Registry allocation=NA,No posted ClinicalTrials.gov results at frozen data cut,2026-09-10,2.0.0
NCT07597200,ClinicalTrials.gov,https://clinicaltrials.gov/study/NCT07597200,Cizutamig (CND106),Cizutamig will be dosed according to the protocol.,Candid Therapeutics,Candid Therapeutics,Active moderate-to-severe TED,Plasma-cell/B-lineage depletion,PHASE1,RECRUITING,2026-05-08,2028-05-31,China,Adults primary,active_moderate_severe,38,NA (not randomized),NA (no posted results at data cut),NA SINGLE_GROUP,NONE,Cizutamig [EXPERIMENTAL]: Drug: Cizutamig will be dosed according to the protocol.,Cizutamig will be dosed according to the protocol. [DRUG]: CND106,Registry-defined; verify per protocol,NA (no comparator arm identified),Incidence and severity of treatment-emergent adverse events through end of study; Changes from baseline in vital signs through end of study: body temperature; Changes from baseline in vital signs through end of study: heart rate; Changes from baseline in vital signs through end of study: respiratory rate; Changes from baseline in vital signs through end of study: blood pressure,Pharmacokinetic (PK) parameters for Cizutamig: Cmax; PK parameters for Cizutamig: time of maximum concentration; PK parameters for Cizutamig: area under the concentration-time curve; PK parameters for Cizutamig: clearance; PK parameters for Cizutamig: volume of distribution,Protocol-defined,No posted in-scope efficacy result at cutoff.,No manually curated public result at cutoff.,Not established from posted results.,NR (no result-linked publication URL identified at data cut),Official registry protocol,ClinicalTrials.gov; NCT07597200,official_registry_full_record,2026-09-10,named investigational disease-directed asset; comparator treatment does not determine asset class,Cizutamig will be dosed according to the protocol.,NA,No,"NA (study not reported as terminated, withdrawn, or suspended)",Registry allocation=NA,No posted ClinicalTrials.gov results at frozen data cut,2026-09-10,2.0.0
NCT07622108,ClinicalTrials.gov,https://clinicaltrials.gov/study/NCT07622108,MHB018A,NR (no additional alias),Minghui Pharmaceutical (Hangzhou) Ltd,Minghui Pharmaceutical (Hangzhou) Ltd,Active moderate-to-severe TED,IGF-1R inhibition,PHASE3,NOT_YET_RECRUITING,2026-12,2028-07,NR (study locations not reported),Adults primary,active_moderate_severe,84,NR (randomized N not posted; enrollment not substituted),NA (no posted results at data cut),RANDOMIZED PARALLEL,QUADRUPLE,"MHB018A [EXPERIMENTAL]: Drug: MHB018A — Patients with TED will be randomized to receive 6 subcutaneous injections of either MHB018A (450mg) or MHB018A placebo, once every 4 weeks (q4w); MHB018A Placebo [PLACEBO_COMPARATOR]: Drug: MHB018A placebo — Patients with TED will be randomized to receive 6 subcutaneous injections of either MHB018A (450mg) or MHB018A placebo, once every 4 weeks (q4w)","MHB018A [DRUG]: MHB018A 450mg for subcutaneous injection once every 4 weeks (Q4W); MHB018A placebo [DRUG]: 6 subcutaneous injections of MHB018A placebo once every 4 weeks (q4w); Arm MHB018A: Patients with TED will be randomized to receive 6 subcutaneous injections of either MHB018A (450mg) or MHB018A placebo, once every 4 weeks (q4w); Arm MHB018A Placebo: Patients with TED will be randomized to receive 6 subcutaneous injections of either MHB018A (450mg) or MHB018A placebo, once every 4 weeks (q4w)",Registry-defined; verify per protocol,MHB018A Placebo,Proptosis response rate at Week 24,Overall response rate; Change in proptosis; Percentage of subjects with CAS of 0 or 1; Change in CAS; Diplopia response rate,Protocol-defined,No posted in-scope efficacy result at cutoff.,No manually curated public result at cutoff.,Not established from posted results.,NR (no result-linked publication URL identified at data cut),Official registry protocol,ClinicalTrials.gov; NCT07622108,official_registry_full_record,2026-09-10,named investigational disease-directed asset; comparator treatment does not determine asset class,MHB018A; MHB018A placebo,RANDOMIZED,No,"NA (study not reported as terminated, withdrawn, or suspended)",Protocol identifies randomized allocation; no posted participant flow at data cut,No posted ClinicalTrials.gov results at frozen data cut,2026-09-10,2.0.0
NCT07622368,ClinicalTrials.gov,https://clinicaltrials.gov/study/NCT07622368,IBI3031,NR (no additional alias),Innovent Biologics (Suzhou) Co. Ltd.,Innovent Biologics (Suzhou) Co. Ltd.,Active moderate-to-severe TED,Dual IGF-1R/TSHR blockade,PHASE1,RECRUITING,2026-06-30,2027-06-15,China,Adults primary,active_moderate_severe,66,NR (randomized N not posted; enrollment not substituted),NA (no posted results at data cut),RANDOMIZED PARALLEL,TRIPLE,"SAD Dose 4 - Placebo Control Group [PLACEBO_COMPARATOR]: Drug: placebo — Subjects receive matching placebo to the treatment group.; MAD Dose 2- IBI3031A101 Treatment Group [EXPERIMENTAL]: Drug: IBI3031 — Multiple ascending dose (MAD) phase. Subjects receive repeated doses of IBI3031A101 to evaluate safety, tolerability and steady-state pharmacokinetics.; SAD Dose 4 - IBI3031A101 Treatment Group [EXPERIMENTAL]: Drug: IBI3031 — Subjects receive single-dose IBI3031A101 at different dose levels to evaluate safety, tolerability and pharmacokinetics.; MAD Dose 1 - Placebo Control Group [PLACEBO_COMPARATOR]: Drug: placebo — Multiple ascending dose (MAD) phase. Subjects receive matching placebo to the treatment group.; MAD Dose 1- IBI3031A101 Treatment Group [EXPERIMENTAL]: Drug: IBI3031 — Multiple ascending dose (MAD) phase. Subjects receive repeated doses of IBI3031A101 to evaluate safety, tolerability and steady-state pharmacokinetics.; MAD Dose 3 - Placebo Control Group [PLACEBO_COMPARATOR]: Drug: placebo — Multiple ascending dose (MAD) phase. Subjects receive matching placebo to the treatment group.; SAD Dose 5 - IBI3031A101 Treatment Group [EXPERIMENTAL]: Drug: IBI3031 — Subjects receive single-dose IBI3031A101 at different dose levels to evaluate safety, tolerability and pharmacokinetics.; MAD Dose 2 - Placebo Control Group [PLACEBO_COMPARATOR]: Drug: placebo — Multiple ascending dose (MAD) phase. Subjects receive matching placebo to the treatment group.; SAD - Dose 1 - Placebo Control Group [PLACEBO_COMPARATOR]: Drug: placebo — Subjects receive matching placebo to the treatment group.; SAD Dose 3 - IBI3031A101 Treatment Group [EXPERIMENTAL]: Drug: IBI3031 — Subjects receive single-dose IBI3031A101 at different dose levels to evaluate safety, tolerability and pharmacokinetics.(at the same dose level as Arm 2 but via \[different route/method); SAD Dose 2 - IBI3031A101 Treatment Group [EXPERIMENTAL]: Drug: IBI3031 — Subjects receive single-dose IBI3031A101 at different dose levels to evaluate safety, tolerability and pharmacokinetics.; SAD Dose 5 - Placebo Control Group [PLACEBO_COMPARATOR]: Drug: placebo — Subjects receive matching placebo to the treatment group.; SAD Dose 3 - Placebo Control Group [PLACEBO_COMPARATOR]: Drug: placebo — Subjects receive matching placebo to the treatment group.; MAD Dose 3- IBI3031A101 Treatment Group [EXPERIMENTAL]: Drug: IBI3031 — Multiple ascending dose (MAD) phase. Subjects receive repeated doses of IBI3031A101 to evaluate safety, tolerability and steady-state pharmacokinetics.; SAD - Dose 2 - Placebo Control Group [PLACEBO_COMPARATOR]: Drug: placebo — Subjects receive matching placebo to the treatment group.; SAD Dose 1 - IBI3031A101 Treatment Group [EXPERIMENTAL]: Drug: IBI3031 — Subjects receive single-dose IBI3031A101 at different dose levels to evaluate safety, tolerability and pharmacokinetics.","IBI3031 [DRUG]: subcutaneous injection or intravenous infusion.; placebo [DRUG]: subcutaneous injection or intravenous infusion.; Arm SAD Dose 4 - Placebo Control Group: Subjects receive matching placebo to the treatment group.; Arm MAD Dose 2- IBI3031A101 Treatment Group: Multiple ascending dose (MAD) phase. Subjects receive repeated doses of IBI3031A101 to evaluate safety, tolerability and steady-state pharmacokinetics.; Arm SAD Dose 4 - IBI3031A101 Treatment Group: Subjects receive single-dose IBI3031A101 at different dose levels to evaluate safety, tolerability and pharmacokinetics.; Arm MAD Dose 1 - Placebo Control Group: Multiple ascending dose (MAD) phase. Subjects receive matching placebo to the treatment group.; Arm MAD Dose 1- IBI3031A101 Treatment Group: Multiple ascending dose (MAD) phase. Subjects receive repeated doses of IBI3031A101 to evaluate safety, tolerability and steady-state pharmacokinetics.; Arm MAD Dose 3 - Placebo Control Group: Multiple ascending dose (MAD) phase. Subjects receive matching placebo to the treatment group.; Arm SAD Dose 5 - IBI3031A101 Treatment Group: Subjects receive single-dose IBI3031A101 at different dose levels to evaluate safety, tolerability and pharmacokinetics.; Arm MAD Dose 2 - Placebo Control Group: Multiple ascending dose (MAD) phase. Subjects receive matching placebo to the treatment group.; Arm SAD - Dose 1 - Placebo Control Group: Subjects receive matching placebo to the treatment group.; Arm SAD Dose 3 - IBI3031A101 Treatment Group: Subjects receive single-dose IBI3031A101 at different dose levels to evaluate safety, tolerability and pharmacokinetics.(at the same dose level as Arm 2 but via \[different route/method); Arm SAD Dose 2 - IBI3031A101 Treatment Group: Subjects receive single-dose IBI3031A101 at different dose levels to evaluate safety, tolerability and pharmacokinetics.; Arm SAD Dose 5 - Placebo Control Group: Subjects receive matching placebo to the treatment group.; Arm SAD Dose 3 - Placebo Control Group: Subjects receive matching placebo to the treatment group.; Arm MAD Dose 3- IBI3031A101 Treatment Group: Multiple ascending dose (MAD) phase. Subjects receive repeated doses of IBI3031A101 to evaluate safety, tolerability and steady-state pharmacokinetics.; Arm SAD - Dose 2 - Placebo Control Group: Subjects receive matching placebo to the treatment group.; Arm SAD Dose 1 - IBI3031A101 Treatment Group: Subjects receive single-dose IBI3031A101 at different dose levels to evaluate safety, tolerability and pharmacokinetics.",Registry-defined; verify per protocol,SAD Dose 4 - Placebo Control Group; MAD Dose 1 - Placebo Control Group; MAD Dose 3 - Placebo Control Group; MAD Dose 2 - Placebo Control Group; SAD - Dose 1 - Placebo Control Group; SAD Dose 5 - Placebo Control Group; SAD Dose 3 - Placebo Control Group; SAD - Dose 2 - Placebo Control Group,"Number, incidence rate, severity, and association with the study drug of Adverse Events (AEs); Number, incidence rate, severity, and association with the study drug of Treatment-Emergent Adverse Events (TEAEs); Number, incidence rate, severity, and association with the study drug of Serious Adverse Events (SAEs); Change in systolic and diastolic blood pressure after dosing in each dose group(Unit of Measure: mmHg); Number of participants with clinically significant abnormal findings in complete physical examination(Unit of Measure: participants)",Area Under the Curve (AUC) of the serum concentration-time profile; Maximum Concentration (Cmax) of the drug in serum; Clearance (CL); Volume of Distribution (Vd); Elimination Half-life (t1/2),Protocol-defined,No posted in-scope efficacy result at cutoff.,No manually curated public result at cutoff.,Not established from posted results.,NR (no result-linked publication URL identified at data cut),Official registry protocol,ClinicalTrials.gov; NCT07622368,official_registry_full_record,2026-09-10,named investigational disease-directed asset; comparator treatment does not determine asset class,IBI3031; placebo,RANDOMIZED,No,"NA (study not reported as terminated, withdrawn, or suspended)",Protocol identifies randomized allocation; no posted participant flow at data cut,No posted ClinicalTrials.gov results at frozen data cut,2026-09-10,2.0.0
NCT07720635,ClinicalTrials.gov,https://clinicaltrials.gov/study/NCT07720635,KHN939,NR (no additional alias),"Beijing Kanghong Biological Medicine Co., Ltd.","Beijing Kanghong Biological Medicine Co., Ltd.",Active moderate-to-severe TED,Unknown—do not infer,PHASE3,NOT_YET_RECRUITING,2026-08,2027-04,China,Adults primary,active_moderate_severe,60,NR (randomized N not posted; enrollment not substituted),NA (no posted results at data cut),RANDOMIZED PARALLEL,QUADRUPLE,KHN939 20 mg/kg [EXPERIMENTAL]: Drug: KHN939 — 8 infusions of KHN939 q3W for a total of 21 weeks; Placebo [PLACEBO_COMPARATOR]: Drug: Placebo — 8 infusions of placebo q3W for a total of 21 weeks,KHN939 [DRUG]: Intravenous (IV) infusion: 20 mg/kg every 3 weeks (Q3W) for a total of 8 doses over 21 weeks; Placebo [DRUG]: Intravenous (IV) infusion: placebo every 3 weeks (Q3W) for a total of 8 doses over 21 weeks; Arm KHN939 20 mg/kg: 8 infusions of KHN939 q3W for a total of 21 weeks; Arm Placebo: 8 infusions of placebo q3W for a total of 21 weeks,Registry-defined; verify per protocol,Placebo,The proptosis responder rate of the study eye,Proptosis responder rate in the study eye; Overall responder rate in the study eye; Change from baseline in proptosis measurement of the study eye; Change in Quality of Life (GO-QoL) Scores; Change from baseline in Clinical Activity Score (CAS) in the study eye,Protocol-defined,No posted in-scope efficacy result at cutoff.,No manually curated public result at cutoff.,Not established from posted results.,NR (no result-linked publication URL identified at data cut),Official registry protocol,ClinicalTrials.gov; NCT07720635,official_registry_full_record,2026-09-10,named investigational disease-directed asset; comparator treatment does not determine asset class,KHN939; Placebo,RANDOMIZED,No,"NA (study not reported as terminated, withdrawn, or suspended)",Protocol identifies randomized allocation; no posted participant flow at data cut,No posted ClinicalTrials.gov results at frozen data cut,2026-09-10,2.0.0
NCT07753603,ClinicalTrials.gov,https://clinicaltrials.gov/study/NCT07753603,Linsitinib,NR (no additional alias),"Sling Therapeutics, Inc.","Sling Therapeutics, Inc.",Active moderate-to-severe TED,IGF-1R-pathway kinase inhibition,PHASE3,RECRUITING,2026-08-04,2028-06-30,United States,Adults primary,active_moderate_severe,130,NR (randomized N not posted; enrollment not substituted),NA (no posted results at data cut),RANDOMIZED PARALLEL,QUADRUPLE,Double-mask Treatment Arm [EXPERIMENTAL]: Drug: linsitinib — Participants receive linsitinib 150 mg twice daily for 24 weeks.; Double-mask Placebo Arm [PLACEBO_COMPARATOR]: Drug: Placebo — Participants receive placebo 0 mg twice daily for 24 weeks.; Open-label Extension Treatment Arm [EXPERIMENTAL]: Drug: linsitinib — Proptosis non-responders/relapsed proptosis responders receive linsitinib 150 mg twice daily for 24 weeks.,linsitinib [DRUG]: 150 mg linsitinib is taken twice daily by mouth for 24 weeks; Placebo [DRUG]: 0 mg placebo taken twice daily by mouth for 24 weeks; Arm Double-mask Treatment Arm: Participants receive linsitinib 150 mg twice daily for 24 weeks.; Arm Double-mask Placebo Arm: Participants receive placebo 0 mg twice daily for 24 weeks.; Arm Open-label Extension Treatment Arm: Proptosis non-responders/relapsed proptosis responders receive linsitinib 150 mg twice daily for 24 weeks.,Registry-defined; verify per protocol,Double-mask Placebo Arm,Measure percentage of participants who are Proptosis Responders at Week 24,Mean change from Baseline in Proptosis to Week 24; Evaluate the effect of linsitinib 150 mg twice daily versus placebo on the overall responder rate at Week 24; Evaluate the effect of linsitinib 150 mg twice daily versus placebo on the mean change from Baseline to Week 24 in the GO-QoL questionnaire overall score.; Evaluate the effect of linsitinib 150 mg twice daily versus placebo on the percentage of participants with a CAS value of 0 or 1 at Week 24 in the primary study eye.,Protocol-defined,No posted in-scope efficacy result at cutoff.,No manually curated public result at cutoff.,Not established from posted results.,NR (no result-linked publication URL identified at data cut),Official registry protocol,ClinicalTrials.gov; NCT07753603,official_registry_full_record,2026-09-10,disease-directed drug/biologic/supplement trial,linsitinib; Placebo,RANDOMIZED,No,"NA (study not reported as terminated, withdrawn, or suspended)",Protocol identifies randomized allocation; no posted participant flow at data cut,No posted ClinicalTrials.gov results at frozen data cut,2026-09-10,2.0.0
NCT07762105,ClinicalTrials.gov,https://clinicaltrials.gov/study/NCT07762105,Statin; Methylprednisolone,Atorvastatin; methylprednisolone (IVMP),Banu Aji Dibyasakti,Banu Aji Dibyasakti,Active moderate-to-severe TED,Statin/pleiotropic anti-inflammatory; Glucocorticoid immunomodulation,PHASE1,NOT_YET_RECRUITING,2026-08-30,2027-07-30,Indonesia,Adults primary,active_moderate_severe,64,NR (randomized N not posted; enrollment not substituted),NA (no posted results at data cut),RANDOMIZED PARALLEL,DOUBLE,"Methylprednisolone only [ACTIVE_COMPARATOR]: Drug: methylprednisolone (IVMP) — Experimental group recieve methylprednisolone injection 500 mg per week for six weeks followed by methylprednisolone 250 mg per weeks for following six weeks; Methylprednisolone plus Atorvastatin [EXPERIMENTAL]: Drug: Atorvastatin, Drug: methylprednisolone (IVMP) — Experimental group recieve methylprednisolone injection 500 mg per week for six weeks followed by methylprednisolone 250 mg combined per week for following six weeks combined atorvastatin 20 mg per weeks for six months","Atorvastatin [DRUG]: Moderate-to-severe Graves' orbitopathy at a tertiary referral centre in Yogyakarta, Indonesia, will be allocated 1:1 to intravenous methylprednisolone (500 mg weekly for six weeks, then 250 mg weekly for six weeks) with oral atorvastatin 20 mg daily for 24 weeks.; methylprednisolone (IVMP) [DRUG]: Moderate-to-severe Graves' orbitopathy at a tertiary referral centre in Yogyakarta, Indonesia, will be allocated 1:1 to intravenous methylprednisolone (500 mg weekly for six weeks, then 250 mg weekly for six weeks); Arm Methylprednisolone only: Experimental group recieve methylprednisolone injection 500 mg per week for six weeks followed by methylprednisolone 250 mg per weeks for following six weeks; Arm Methylprednisolone plus Atorvastatin: Experimental group recieve methylprednisolone injection 500 mg per week for six weeks followed by methylprednisolone 250 mg combined per week for following six weeks combined atorvastatin 20 mg per weeks for six months",Registry-defined; verify per protocol,Methylprednisolone only,Individual rectus muscle diameters,"Composite ocular response; Clinical activity score; Exophthalmos, clinical; Exophthalmos, radiological; Vertical palpebral fissure height",Protocol-defined,No posted in-scope efficacy result at cutoff.,No manually curated public result at cutoff.,Not established from posted results.,NR (no result-linked publication URL identified at data cut),Official registry protocol,ClinicalTrials.gov; NCT07762105,official_registry_full_record,2026-09-10,disease-directed standard-of-care or regimen-optimization trial,Atorvastatin; methylprednisolone (IVMP),RANDOMIZED,No,"NA (study not reported as terminated, withdrawn, or suspended)",Protocol identifies randomized allocation; no posted participant flow at data cut,No posted ClinicalTrials.gov results at frozen data cut,2026-09-10,2.0.0
NCT02059655,ClinicalTrials.gov,https://clinicaltrials.gov/study/NCT02059655,Bimatoprost,Trade Name Lumigan. MA number: EU/1/02/205/001-002. ATC Code: S01EE03,Cardiff University,Cardiff University,Chronic/inactive TED,Ophthalmic symptom-directed therapy,PHASE4,COMPLETED,2014-11,2016-03,United Kingdom,Adults primary,chronic_inactive,31,NR (randomized N not posted; enrollment not substituted),NA (no posted results at data cut),RANDOMIZED CROSSOVER,QUADRUPLE,Eye drop solution [PLACEBO_COMPARATOR]: Drug: Eye drop solution — Patients will receive 1 dose daily over 3 month period followed by 2 months washout period. Subsequently patient will cross over to the opposite treatment and continue further treatment for 3 month period.; Bimatoprost [ACTIVE_COMPARATOR]: Drug: Bimatoprost — 1 drop daily of Bimatoprost 0.03%. Patients will receive 1 dose daily over 3 month period followed by 2 months washout period. Subsequently patient will cross over to the opposite treatment and continue further treatment for 3 month period.,Eye drop solution [DRUG]: Artificial tear drops; Arm Eye drop solution: Patients will receive 1 dose daily over 3 month period followed by 2 months washout period. Subsequently patient will cross over to the opposite treatment and continue further treatment for 3 month period.; Arm Bimatoprost: 1 drop daily of Bimatoprost 0.03%. Patients will receive 1 dose daily over 3 month period followed by 2 months washout period. Subsequently patient will cross over to the opposite treatment and continue further treatment for 3 month period.,Registry-defined; verify per protocol,Eye drop solution; Bimatoprost,The primary endpoint of this study will be comparison of the change in ophthalmometry readings over the two 3 month treatment periods.,Change in quality of life scores on the TED quality of life questionnaire (GO-QOL); Intraocular pressures; Side effects; Health economic outcomes,Protocol-defined,No posted in-scope efficacy result at cutoff.,No manually curated public result at cutoff.,Not established from posted results.,NR (no result-linked publication URL identified at data cut),Official registry protocol,ClinicalTrials.gov; NCT02059655,official_registry_full_record,2026-09-10,disease-directed drug/biologic/supplement trial,Bimatoprost; Eye drop solution,RANDOMIZED,No,"NA (study not reported as terminated, withdrawn, or suspended)",Protocol identifies randomized allocation; no posted participant flow at data cut,No posted ClinicalTrials.gov results at frozen data cut,2026-09-10,2.0.0
NCT02155049,ClinicalTrials.gov,https://clinicaltrials.gov/study/NCT02155049,Bimatoprost,"bimatoprost 0.03% | Lumigan (Allergan, Inc, Irvine, California)",Rabin Medical Center,Rabin Medical Center,Chronic/inactive TED,Ophthalmic symptom-directed therapy,PHASE3,COMPLETED,2014-11,2017-05,Israel,Adults primary,chronic_inactive,10,NA (not randomized),NA (no posted results at data cut),NA SINGLE_GROUP,NONE,Prostaglandin Analogues [EXPERIMENTAL]: Drug: bimatoprost 0.03% — The patients will receive a single daily drop of bimatoprost for six months.,bimatoprost 0.03% [DRUG]: The patients will receive a single daily drop of bimatoprost for six months.; Arm Prostaglandin Analogues: The patients will receive a single daily drop of bimatoprost for six months.,Registry-defined; verify per protocol,NA (no comparator arm identified),Bimatoprost effect on soft tissue amount and exophthalmos in inactive TED patients.,Number of participants with adverse events.,Protocol-defined,No posted in-scope efficacy result at cutoff.,No manually curated public result at cutoff.,Not established from posted results.,NR (no result-linked publication URL identified at data cut),Official registry protocol,ClinicalTrials.gov; NCT02155049,official_registry_full_record,2026-09-10,disease-directed drug/biologic/supplement trial,bimatoprost 0.03%,NA,No,"NA (study not reported as terminated, withdrawn, or suspended)",Registry allocation=NA,No posted ClinicalTrials.gov results at frozen data cut,2026-09-10,2.0.0
NCT04583735,ClinicalTrials.gov,https://clinicaltrials.gov/study/NCT04583735,Teprotumumab,TEPEZZA | teprotumumab-trbw | HZN-001,Amgen,Amgen,Chronic/inactive TED,IGF-1R inhibition,PHASE4,COMPLETED,2021-09-02,2023-03-17,United States,Adults primary,chronic_inactive,62,62,Endpoint-specific (see result_trial_curation_v2.csv; denominators vary by endpoint),RANDOMIZED PARALLEL,QUADRUPLE,"TEPEZZA [OTHER]: Biological: TEPEZZA — Participants received intravenous infusion of 10 milligrams per kilogram (mg/kg) teprotumumab at first infusion and then 20 mg/kg once every 3 weeks (Q3W) for next 7 infusions during the double masked treatment period. Proptosis non-responders who completed the double-masked treatment period had opted to receive 10 mg/kg teprotumumab at first infusion and then 20 mg/kg Q3W for next 7 infusions during open label treatment period.; Placebo [PLACEBO_COMPARATOR]: Drug: Placebo — Participants received teprotumumab matching placebo by intravenous infusion, Q3W for 8 infusions during the double masked treatment period. Proptosis non-responders who completed the double-masked treatment period had opted to receive 10 mg/kg teprotumumab at first infusion and then 20 mg/kg Q3W for next 7 infusions during open label treatment period.","TEPEZZA [BIOLOGICAL]: Intravenous infusion; Placebo [DRUG]: Intravenous infusion; Arm TEPEZZA: Participants received intravenous infusion of 10 milligrams per kilogram (mg/kg) teprotumumab at first infusion and then 20 mg/kg once every 3 weeks (Q3W) for next 7 infusions during the double masked treatment period. Proptosis non-responders who completed the double-masked treatment period had opted to receive 10 mg/kg teprotumumab at first infusion and then 20 mg/kg Q3W for next 7 infusions during open label treatment period.; Arm Placebo: Participants received teprotumumab matching placebo by intravenous infusion, Q3W for 8 infusions during the double masked treatment period. Proptosis non-responders who completed the double-masked treatment period had opted to receive 10 mg/kg teprotumumab at first infusion and then 20 mg/kg Q3W for next 7 infusions during open label treatment period.",Registry-defined; verify per protocol,Placebo,Change From Baseline in Proptosis of Study Eye at Week 24,NA (no secondary endpoint reported),Posted result timepoint,"LS change −2.41 vs −0.92 mm; difference −1.48 (95% CI −2.28 to −0.69), p=0.0004.",SAE 1/41 vs 1/20; hyperglycemia 6/41 vs 2/20; hearing impairment 9/41 vs 2/20; muscle spasms 17/41 vs 2/20.,공개 randomized efficacy는 Week 24 중심.,NR (no result-linked publication URL identified at data cut),Registry result + manual curation,[190]; ClinicalTrials.gov; NCT04583735,official_registry_full_record,2026-09-10,"disease-directed drug/biologic/supplement trial; Sponsor participated in design, analysis, interpretation, and writing.",TEPEZZA; Placebo,RANDOMIZED,Yes,"NA (study not reported as terminated, withdrawn, or suspended)","Posted participant flow, first period STARTED (Double-masked Treatment Period)",Posted results with manually curated endpoint-specific interpretation,2026-09-10,2.0.0
NCT06021054,ClinicalTrials.gov,https://clinicaltrials.gov/study/NCT06021054,Veligrotug (Lumvoa),Veligrotug | VRDN-001,"Viridian Therapeutics, Inc.","Viridian Therapeutics, Inc.",Chronic/inactive TED,IGF-1R inhibition,PHASE3,COMPLETED,2023-11-01,2024-11-04,Australia; France; Germany; Hungary; Poland; Spain; Turkey (Türkiye); United Kingdom; United States,Adults primary,chronic_inactive,188,188,Endpoint-specific (see result_trial_curation_v2.csv; denominators vary by endpoint),RANDOMIZED PARALLEL,TRIPLE,Veligrotug [EXPERIMENTAL]: Drug: Veligrotug — Participants will receive veligrotug 10 mg/kg as an intravenous (IV) infusion every 3 weeks (Q3W) for 12 weeks.; Placebo [EXPERIMENTAL]: Drug: Placebo — Participants will receive placebo matched to veligrotug as an IV infusion Q3W for 12 weeks.,Veligrotug [DRUG]: 5 IV Infusions of veligrotug 10 mg/kg; Placebo [DRUG]: 5 IV Infusions of veligrotug matched placebo; Arm Veligrotug: Participants will receive veligrotug 10 mg/kg as an intravenous (IV) infusion every 3 weeks (Q3W) for 12 weeks.; Arm Placebo: Participants will receive placebo matched to veligrotug as an IV infusion Q3W for 12 weeks.,Registry-defined; verify per protocol,NR (randomized comparator arm not explicitly typed in registry),Proptosis Responder Rate (PRR) in the Most Proptotic Eye as Measured by Exophthalmometer,"Change From Baseline in Proptosis in the Most Proptotic Eye as Measured by Exophthalmometer; PRR in the Most Proptotic Eye, as Measured by Magnetic Resonance Imaging (MRI)/Computed Tomography (CT); Change From Baseline in Proptosis in the Most Proptotic Eye as Measured by MRI/CT; Clinical Activity Responder Rate in the Most Proptotic Eye as Measured by Exophthalmometer; Overall Responder Rate (ORR) Comprising PRR and Clinical Activity Responder Rate in the Most Proptotic Eye as Measured by Exophthalmometer",Posted result timepoint,"PRR 57.28% vs 8.22%, p<0.0001; RD 49.06 points (95% CI 37.71–60.40); proptosis LS change −2.35 vs −0.46 mm; diplopia response 55.57% vs 24.70%.",Through Week 52: death 1/125 vs 0/63; SAE 10/125 vs 3/63; registry는 death cause/relatedness 미기재.,Efficacy durability beyond Week 15 not posted.,NR (no result-linked publication URL identified at data cut),Registry result + manual curation,[678]; [679]; [712]; ClinicalTrials.gov; NCT06021054,official_registry_full_record,2026-09-10,disease-directed drug/biologic/supplement trial; Death causality를 추론하지 않음; no peer-reviewed full Phase 3 paper found.,Veligrotug; Placebo,RANDOMIZED,Yes,"NA (study not reported as terminated, withdrawn, or suspended)","Posted participant flow, first period STARTED (Overall Study)",Posted results with manually curated endpoint-specific interpretation,2026-09-10,2.0.0
NCT06625398,ClinicalTrials.gov,https://clinicaltrials.gov/study/NCT06625398,VRDN-003,NR (no additional alias),"Viridian Therapeutics, Inc.","Viridian Therapeutics, Inc.",Chronic/inactive TED,IGF-1R inhibition,PHASE3,ACTIVE_NOT_RECRUITING,2024-08-27,2026-03-04,Germany; Hungary; Netherlands; Poland; Spain; United States,Adults primary,chronic_inactive,204,NR (randomized N not posted; enrollment not substituted),NA (no posted results at data cut),RANDOMIZED PARALLEL,TRIPLE,"VRDN-003 every 4 weeks [EXPERIMENTAL]: Drug: VRDN-003 — 6 subcutaneous administrations of VRDN-003; VRDN-003 every 8 weeks [EXPERIMENTAL]: Drug: VRDN-003, Drug: Placebo — 3 subcutaneous administrations of VRDN-003 and 3 subcutaneous administrations of placebo; Placebo every 4 weeks [PLACEBO_COMPARATOR]: Drug: Placebo — 6 subcutaneous administrations of placebo","VRDN-003 [DRUG]: VRDN-003 is an investigational, subcutaneously administered, humanized monoclonal antibody directed against the Insulin-like Growth Factor-1 receptor (IGF-1R).; Placebo [DRUG]: All participants will receive the same number of injections to maintain masking. Masking will be maintained by the use of placebo injections that appear identical to VRDN-003 injections.; Arm VRDN-003 every 4 weeks: 6 subcutaneous administrations of VRDN-003; Arm VRDN-003 every 8 weeks: 3 subcutaneous administrations of VRDN-003 and 3 subcutaneous administrations of placebo; Arm Placebo every 4 weeks: 6 subcutaneous administrations of placebo",Registry-defined; verify per protocol,Placebo every 4 weeks,Title: Proptosis Responder Rate in the most proptotic eye as measured by exophtalmometer,Change from baseline in proptosis in the most proptotic eye as measured by exophthalmometer; Proptosis Responder Rate in the most proptotic eye as measured by MRI; Change from baseline in proptosis in the most proptotic eye as measured by MRI; Overall Responder Rate in the most proptotic eye as measured by exophthalmometer; Diplopia Responder Rate for participants with baseline Diplopia Score greater than 0,Protocol-defined,No posted in-scope efficacy result at cutoff.,No manually curated public result at cutoff.,Not established from posted results.,NR (no result-linked publication URL identified at data cut),Official registry protocol,ClinicalTrials.gov; NCT06625398,official_registry_full_record,2026-09-10,disease-directed drug/biologic/supplement trial,VRDN-003; Placebo,RANDOMIZED,No,"NA (study not reported as terminated, withdrawn, or suspended)",Protocol identifies randomized allocation; no posted participant flow at data cut,No posted ClinicalTrials.gov results at frozen data cut,2026-09-10,2.0.0
NCT07113262,ClinicalTrials.gov,https://clinicaltrials.gov/study/NCT07113262,IBI311,NR (no additional alias),Innovent Biologics (Suzhou) Co. Ltd.,Innovent Biologics (Suzhou) Co. Ltd.,Chronic/inactive TED,IGF-1R inhibition,PHASE3,RECRUITING,2025-09-10,2026-12-31,China,Adults primary,chronic_inactive,111,NR (randomized N not posted; enrollment not substituted),NA (no posted results at data cut),RANDOMIZED PARALLEL,QUADRUPLE,Teprotumumab N01 injection (code name IBI311) [EXPERIMENTAL]: Drug: IBI311; placebo [PLACEBO_COMPARATOR]: Drug: Placebo,IBI311 [DRUG]: Teprotumumab N01 injection (code name IBI311); Placebo [DRUG]: Placebo,Registry-defined; verify per protocol,placebo,Proptosis response rate of the study eye,Change from baseline of proptosis in the study eye; Time to first achieve proptosis response in the study eye; Change from baseline in CAS in the study eye; Diplopia responder rate; Proptosis response rate of the fellow eye,Protocol-defined,No posted in-scope efficacy result at cutoff.,No manually curated public result at cutoff.,Not established from posted results.,NR (no result-linked publication URL identified at data cut),Official registry protocol,ClinicalTrials.gov; NCT07113262,official_registry_full_record,2026-09-10,disease-directed drug/biologic/supplement trial,IBI311; Placebo,RANDOMIZED,No,"NA (study not reported as terminated, withdrawn, or suspended)",Protocol identifies randomized allocation; no posted participant flow at data cut,No posted ClinicalTrials.gov results at frozen data cut,2026-09-10,2.0.0
NCT07152392,ClinicalTrials.gov,https://clinicaltrials.gov/study/NCT07152392,IBI311; Non-interventional registry entry,NR (no additional alias); Follew-up,Shanghai Changzheng Hospital,Shanghai Changzheng Hospital,Chronic/inactive TED,IGF-1R inhibition; No therapeutic intervention,PHASE4,RECRUITING,2025-04-15,2027-07-01,China,Adults primary,chronic_inactive,50,NA (not randomized),NA (no posted results at data cut),NON_RANDOMIZED PARALLEL,NONE,"IBI311 [ACTIVE_COMPARATOR]: Drug: IBI311 — Participants with inactive thyroid ophthalmopathy will 8 infusions of IBI1311 (10 mg/kg for the first infusion and 20 mg/kg for the remaining 7 infusions),The interval between each treatment is 3 weeks. After completing 4 treatments, observe for 3 months before entering the next stage of treatment。; Follow-up [OTHER]: Other: Follew-up — Participants with inactive thyroid ophthalmopathy will only receive follow-up every six months.","IBI311 [DRUG]: IBI311 is a fully human anti-IGF-1R mAb. IBI311 will be provided in single-dose 500-mg glass vials as a Injection solution containing.; Follew-up [OTHER]: recived follow-up every six months; Arm IBI311: Participants with inactive thyroid ophthalmopathy will 8 infusions of IBI1311 (10 mg/kg for the first infusion and 20 mg/kg for the remaining 7 infusions),The interval between each treatment is 3 weeks. After completing 4 treatments, observe for 3 months before entering the next stage of treatment。; Arm Follow-up: Participants with inactive thyroid ophthalmopathy will only receive follow-up every six months.",Registry-defined; verify per protocol,IBI311,Percentage of participants who were diplopia responders after 4 times and at the end of the treatment; Percentage of participants who were proptosis responders after 4 times and and the end of the treatment; Incidence and characterization of nonserious treatment emergent adverse events (TEAEs) during the treatment,Percentage of participants who were ATA categorical responders after 4 times and at the end of the treatment; Change of GO-QoL from baseline after 4 times and at the end of the treatment; Changes of the visual field in the dark areas from baseline after 4 times and at the end of the treatment,Protocol-defined,No posted in-scope efficacy result at cutoff.,No manually curated public result at cutoff.,Not established from posted results.,NR (no result-linked publication URL identified at data cut),Official registry protocol,ClinicalTrials.gov; NCT07152392,official_registry_full_record,2026-09-10,disease-directed drug/biologic/supplement trial,IBI311; Follew-up,NON_RANDOMIZED,No,"NA (study not reported as terminated, withdrawn, or suspended)",Registry allocation=NON_RANDOMIZED,No posted ClinicalTrials.gov results at frozen data cut,2026-09-10,2.0.0
NCT07257185,ClinicalTrials.gov,https://clinicaltrials.gov/study/NCT07257185,MHB018A,MHB018A injection,Minghui Pharmaceutical (Hangzhou) Ltd,Minghui Pharmaceutical (Hangzhou) Ltd,Chronic/inactive TED,IGF-1R inhibition,PHASE3,RECRUITING,2026-03-17,2027-08-31,China,Adults primary,chronic_inactive,150,NR (randomized N not posted; enrollment not substituted),NA (no posted results at data cut),RANDOMIZED PARALLEL,QUADRUPLE,"MHB018A Injection [EXPERIMENTAL]: Drug: MHB018A injection — subcutaneous injections of MHB018A injection, 450mg once every 4 weeks (q4w).; MHB018A Injection Placebo [PLACEBO_COMPARATOR]: Drug: MHB018A injection Placebo — subcutaneous injections of MHB018A placebo once every 4 weeks (q4w)","MHB018A injection [DRUG]: MHB018A 450mg for subcutaneous injection once every 4 weeks (Q4W); MHB018A injection Placebo [DRUG]: 6 subcutaneous injections of MHB018A placebo once every 4 weeks (q4w); Arm MHB018A Injection: subcutaneous injections of MHB018A injection, 450mg once every 4 weeks (q4w).; Arm MHB018A Injection Placebo: subcutaneous injections of MHB018A placebo once every 4 weeks (q4w)",Registry-defined; verify per protocol,MHB018A Injection Placebo,Proptosis Responder Rate at Week 24,Overall response rate; Change in proptosis; Percentage of subjects with CAS of 0 or 1; Change in CAS; Diplopia response rate,Protocol-defined,No posted in-scope efficacy result at cutoff.,No manually curated public result at cutoff.,Not established from posted results.,NR (no result-linked publication URL identified at data cut),Official registry protocol,ClinicalTrials.gov; NCT07257185,official_registry_full_record,2026-09-10,named investigational disease-directed asset; comparator treatment does not determine asset class,MHB018A injection; MHB018A injection Placebo,RANDOMIZED,No,"NA (study not reported as terminated, withdrawn, or suspended)",Protocol identifies randomized allocation; no posted participant flow at data cut,No posted ClinicalTrials.gov results at frozen data cut,2026-09-10,2.0.0
NCT07622121,ClinicalTrials.gov,https://clinicaltrials.gov/study/NCT07622121,MHB018A,MHB018A injection,Minghui Pharmaceutical (Hangzhou) Ltd,Minghui Pharmaceutical (Hangzhou) Ltd,Chronic/inactive TED,IGF-1R inhibition,PHASE3,NOT_YET_RECRUITING,2026-12,2028-07,NR (study locations not reported),Adults primary,chronic_inactive,135,NR (randomized N not posted; enrollment not substituted),NA (no posted results at data cut),RANDOMIZED PARALLEL,QUADRUPLE,"MHB018A Injection [EXPERIMENTAL]: Drug: MHB018A injection — subcutaneous injections of MHB018A injection, 450mg once every 4 weeks (q4w).; MHB018A Injection Placebo [PLACEBO_COMPARATOR]: Drug: MHB018A injection Placebo — subcutaneous injections of MHB018A placebo once every 4 weeks (q4w)","MHB018A injection [DRUG]: MHB018A 450mg for subcutaneous injection once every 4 weeks (Q4W); MHB018A injection Placebo [DRUG]: 6 subcutaneous injections of MHB018A placebo once every 4 weeks (q4w); Arm MHB018A Injection: subcutaneous injections of MHB018A injection, 450mg once every 4 weeks (q4w).; Arm MHB018A Injection Placebo: subcutaneous injections of MHB018A placebo once every 4 weeks (q4w)",Registry-defined; verify per protocol,MHB018A Injection Placebo,Proptosis response rate at Week 24,Overall response rate; Change in proptosis; Percentage of subjects with CAS of 0 or 1; Change in CAS; Diplopia response rate,Protocol-defined,No posted in-scope efficacy result at cutoff.,No manually curated public result at cutoff.,Not established from posted results.,NR (no result-linked publication URL identified at data cut),Official registry protocol,ClinicalTrials.gov; NCT07622121,official_registry_full_record,2026-09-10,named investigational disease-directed asset; comparator treatment does not determine asset class,MHB018A injection; MHB018A injection Placebo,RANDOMIZED,No,"NA (study not reported as terminated, withdrawn, or suspended)",Protocol identifies randomized allocation; no posted participant flow at data cut,No posted ClinicalTrials.gov results at frozen data cut,2026-09-10,2.0.0
NCT07720648,ClinicalTrials.gov,https://clinicaltrials.gov/study/NCT07720648,KHN939,NR (no additional alias),"Beijing Kanghong Biological Medicine Co., Ltd.","Beijing Kanghong Biological Medicine Co., Ltd.",Chronic/inactive TED,Unknown—do not infer,PHASE3,NOT_YET_RECRUITING,2026-08,2027-05,China,Adults primary,chronic_inactive,117,NR (randomized N not posted; enrollment not substituted),NA (no posted results at data cut),RANDOMIZED PARALLEL,QUADRUPLE,KHN939 20 mg/kg [EXPERIMENTAL]: Drug: KHN939 — 8 infusions of KHN939 q3W for a total of 21 weeks; Placebo [PLACEBO_COMPARATOR]: Drug: Placebo — 8 infusions of placebo q3W for a total of 21 weeks,KHN939 [DRUG]: Intravenous (IV) infusion: 20 mg/kg every 3 weeks (Q3W) for a total of 8 doses over 21 weeks; Placebo [DRUG]: Intravenous (IV) infusion: placebo every 3 weeks (Q3W) for a total of 8 doses over 21 weeks; Arm KHN939 20 mg/kg: 8 infusions of KHN939 q3W for a total of 21 weeks; Arm Placebo: 8 infusions of placebo q3W for a total of 21 weeks,Registry-defined; verify per protocol,Placebo,The proptosis responder rate of the study eye,Proptosis responder rate in the study eye; Change from baseline in proptosis measurement of the study eye; Change in Quality of Life (GO-QoL) Scores; Change from baseline in Clinical Activity Score (CAS) in the study eye; Change from baseline in diplopia score,Protocol-defined,No posted in-scope efficacy result at cutoff.,No manually curated public result at cutoff.,Not established from posted results.,NR (no result-linked publication URL identified at data cut),Official registry protocol,ClinicalTrials.gov; NCT07720648,official_registry_full_record,2026-09-10,named investigational disease-directed asset; comparator treatment does not determine asset class,KHN939; Placebo,RANDOMIZED,No,"NA (study not reported as terminated, withdrawn, or suspended)",Protocol identifies randomized allocation; no posted participant flow at data cut,No posted ClinicalTrials.gov results at frozen data cut,2026-09-10,2.0.0
NCT00145366,ClinicalTrials.gov,https://clinicaltrials.gov/study/NCT00145366,Recombinant human thyrotropin,Recombinant human thyrotropin (Thyrogen),Odense University Hospital,Odense University Hospital,GD / autoimmune hyperthyroidism,TSHR stimulation/diagnostic support,PHASE2,COMPLETED,2002-04,NR (primary completion date not reported),Denmark,Adults primary; mixed disease population—GD-stratified inference required,not_applicable,110,NR (randomized N not posted; enrollment not substituted),NA (no posted results at data cut),RANDOMIZED CROSSOVER,DOUBLE,NR (arm details not reported in registry),NR (dose/route/schedule/duration not reported in registry),Registry-defined; verify per protocol,NR (randomized comparator arm not explicitly typed in registry),"Ultrasonography/MR of the thyroid gland/benign goiter, in order to determine thyroid size after intervention.",NA (no secondary endpoint reported),Protocol-defined,No posted in-scope efficacy result at cutoff.,No manually curated public result at cutoff.,Not established from posted results.,https://pubmed.ncbi.nlm.nih.gov/16864757/; https://doi.org/10.1001/archinte.166.14.1476,Official registry protocol,ClinicalTrials.gov; NCT00145366,official_registry_full_record,2026-09-10,disease-directed drug/biologic/supplement trial,Recombinant human thyrotropin (Thyrogen),RANDOMIZED,No,"NA (study not reported as terminated, withdrawn, or suspended)",Protocol identifies randomized allocation; no posted participant flow at data cut,No posted ClinicalTrials.gov results at frozen data cut,2026-09-10,2.0.0
NCT00150111,ClinicalTrials.gov,https://clinicaltrials.gov/study/NCT00150111,Methimazole / antithyroid drug; Rituximab; Vaccination challenge,Methimazole; NR (no additional alias); Immunization with various vaccines,Odense University Hospital,Odense University Hospital,GD / autoimmune hyperthyroidism,Antithyroid drug; CD20 B-cell depletion; Immune-response assessment,PHASE1; PHASE2,COMPLETED,2003-06,NR (primary completion date not reported),Denmark,Adults primary,not_applicable,20,NA (not randomized),NA (no posted results at data cut),NON_RANDOMIZED PARALLEL,NONE,NR (arm details not reported in registry),NR (dose/route/schedule/duration not reported in registry),Registry-defined; verify per protocol,NA (no comparator arm identified),"Time to relapse after cessation of treatment judged at 1, 3, 6, 9 and 12 months post cessation.",Safety; Changes in autoantibodies (monthly); Immunological changes (monthly); Response to vaccines (1 month post-immunization),Protocol-defined,No posted in-scope efficacy result at cutoff.,No manually curated public result at cutoff.,Not established from posted results.,https://doi.org/10.1530/eje.1.02140,Official registry protocol,ClinicalTrials.gov; NCT00150111,official_registry_full_record,2026-09-10,disease-directed standard-of-care or regimen-optimization trial,Methimazole; Rituximab; Immunization with various vaccines,NON_RANDOMIZED,No,"NA (study not reported as terminated, withdrawn, or suspended)",Registry allocation=NON_RANDOMIZED,No posted ClinicalTrials.gov results at frozen data cut,2026-09-10,2.0.0
NCT00150124,ClinicalTrials.gov,https://clinicaltrials.gov/study/NCT00150124,Methimazole / antithyroid drug; Levothyroxine,MTZ+LT4; Methimazole,Steen Bonnema,Steen Bonnema,GD / autoimmune hyperthyroidism,Antithyroid drug; Hormone replacement,PHASE4,COMPLETED,2003-01,2008-12,Denmark,Adults primary; mixed disease population—GD-stratified inference required,not_applicable,100,NR (randomized N not posted; enrollment not substituted),NA (no posted results at data cut),RANDOMIZED PARALLEL,NONE,block-replacement therapy [EXPERIMENTAL]: Drug: MTZ+LT4 — BRT regimen until 3 months after 131I therapy; methimazole [ACTIVE_COMPARATOR]: Drug: Methimazole — methimazole stopped 8 days before 131I therapy,Arm block-replacement therapy: BRT regimen until 3 months after 131I therapy; Arm methimazole: methimazole stopped 8 days before 131I therapy,Registry-defined; verify per protocol,methimazole,Thyroid function after one year of follow-up,Thyroid radioiodine 131I uptake; Thyroid volume after one year of follow-up,Protocol-defined,No posted in-scope efficacy result at cutoff.,No manually curated public result at cutoff.,Not established from posted results.,https://doi.org/10.1111/j.1365-2362.2010.02452.x,Official registry protocol,ClinicalTrials.gov; NCT00150124,official_registry_full_record,2026-09-10,disease-directed standard-of-care or regimen-optimization trial,MTZ+LT4; Methimazole,RANDOMIZED,No,"NA (study not reported as terminated, withdrawn, or suspended)",Protocol identifies randomized allocation; no posted participant flow at data cut,No posted ClinicalTrials.gov results at frozen data cut,2026-09-10,2.0.0
NCT00150137,ClinicalTrials.gov,https://clinicaltrials.gov/study/NCT00150137,Methimazole / antithyroid drug,Methimazole,Odense University Hospital,Odense University Hospital,GD / autoimmune hyperthyroidism,Antithyroid drug,PHASE4,COMPLETED,2003-01,NR (primary completion date not reported),Denmark,Adults primary; mixed disease population—GD-stratified inference required,not_applicable,80,NR (randomized N not posted; enrollment not substituted),NA (no posted results at data cut),RANDOMIZED PARALLEL,NONE,NR (arm details not reported in registry),NR (dose/route/schedule/duration not reported in registry),Registry-defined; verify per protocol,NR (randomized comparator arm not explicitly typed in registry),Thyroid function after one year of follow-up,Thyroid radioiodine 131I uptake; Thyroid volume after one year of follow-up,Protocol-defined,No posted in-scope efficacy result at cutoff.,No manually curated public result at cutoff.,Not established from posted results.,NR (no result-linked publication URL identified at data cut),Official registry protocol,ClinicalTrials.gov; NCT00150137,official_registry_full_record,2026-09-10,disease-directed standard-of-care or regimen-optimization trial,Methimazole,RANDOMIZED,No,"NA (study not reported as terminated, withdrawn, or suspended)",Protocol identifies randomized allocation; no posted participant flow at data cut,No posted ClinicalTrials.gov results at frozen data cut,2026-09-10,2.0.0
NCT00677469,ClinicalTrials.gov,https://clinicaltrials.gov/study/NCT00677469,Cholestyramine,NR (no additional alias),Shiraz University of Medical Sciences,Shiraz University of Medical Sciences,GD / autoimmune hyperthyroidism,Bile-acid sequestration,NA,COMPLETED,2007-07,2008-01,Iran,Adults primary,not_applicable,45,NR (randomized N not posted; enrollment not substituted),NA (no posted results at data cut),RANDOMIZED PARALLEL,TRIPLE,"I [EXPERIMENTAL]: Drug: Cholestyramine — Cholestyramine 2g BID, Methimazole 10mg TID, and Propranolol 20mg BID; II [EXPERIMENTAL]: Drug: Cholestyramine — Cholestyramine 1g BID, Methimazole 10mg TID, and Propranolol 20mg BID; III [PLACEBO_COMPARATOR]: Drug: Placebo powder — Placebo powder 1g BID, Methimazole 10mg TID, and Propranolol 20mg BID","Cholestyramine [DRUG]: 2 grams BID; Cholestyramine [DRUG]: 1 gram BID; Placebo powder [DRUG]: 1 gram BID; Arm I: Cholestyramine 2g BID, Methimazole 10mg TID, and Propranolol 20mg BID; Arm II: Cholestyramine 1g BID, Methimazole 10mg TID, and Propranolol 20mg BID; Arm III: Placebo powder 1g BID, Methimazole 10mg TID, and Propranolol 20mg BID",Registry-defined; verify per protocol,III,NR (primary endpoint not reported),NA (no secondary endpoint reported),Protocol-defined,No posted in-scope efficacy result at cutoff.,No manually curated public result at cutoff.,Not established from posted results.,https://doi.org/10.1007/s12020-008-9107-5,Official registry protocol,ClinicalTrials.gov; NCT00677469,official_registry_full_record,2026-09-10,disease-directed drug/biologic/supplement trial,Cholestyramine; Placebo powder,RANDOMIZED,No,"NA (study not reported as terminated, withdrawn, or suspended)",Protocol identifies randomized allocation; no posted participant flow at data cut,No posted ClinicalTrials.gov results at frozen data cut,2026-09-10,2.0.0
NCT00917241,ClinicalTrials.gov,https://clinicaltrials.gov/study/NCT00917241,Methimazole / antithyroid drug; Dexamethasone,"MMI combined with IID | methimazole,tapazole; dexamethasone,hexadecadrol; MMI",Xiao-Ming Mao,Xiao-Ming Mao,GD / autoimmune hyperthyroidism,Antithyroid drug; Glucocorticoid immunomodulation,PHASE4,COMPLETED,2004-06,2008-12,NR (study locations not reported),Adults primary,not_applicable,218,NR (randomized N not posted; enrollment not substituted),NA (no posted results at data cut),RANDOMIZED PARALLEL,NONE,"MMI+IID group [EXPERIMENTAL]: Drug: MMI combined with IID — MMI,methimazole；IID,intrathyroid injection of dexamethasone; MMI Group [ACTIVE_COMPARATOR]: Drug: MMI — MMI,methimazole","MMI combined with IID [DRUG]: MMI titration regimen for 18 months,initial dosage of MMI was 20 mg/d,which combined with IID for 3 months.Dexamethasone was injected into the two side of thyroid, the dose of dexamethasone was 5 mg by every side, twice a week. The treatment strategy was changed to once a week at the second month and twice a month at the third month, the dose of dexamethasone was the same as the first month.; MMI [DRUG]: MMI treatment with titration regimen for 18 months, initial dosage was 20 mg/d.; Arm MMI+IID group: MMI,methimazole；IID,intrathyroid injection of dexamethasone; Arm MMI Group: MMI,methimazole",Registry-defined; verify per protocol,MMI Group,relapse of hyperthyroidism,NA (no secondary endpoint reported),Protocol-defined,No posted in-scope efficacy result at cutoff.,No manually curated public result at cutoff.,Not established from posted results.,https://doi.org/10.1210/jc.2009-1252,Official registry protocol,ClinicalTrials.gov; NCT00917241,official_registry_full_record,2026-09-10,disease-directed drug/biologic/supplement trial,MMI combined with IID; MMI,RANDOMIZED,No,"NA (study not reported as terminated, withdrawn, or suspended)",Protocol identifies randomized allocation; no posted participant flow at data cut,No posted ClinicalTrials.gov results at frozen data cut,2026-09-10,2.0.0
NCT01039818,ClinicalTrials.gov,https://clinicaltrials.gov/study/NCT01039818,Radioiodine,NR (no additional alias),Hospital de Clinicas de Porto Alegre,Hospital de Clinicas de Porto Alegre,GD / autoimmune hyperthyroidism,Radioiodine ablation,PHASE3,COMPLETED,1997-02,2011-08,Brazil,Adults primary,not_applicable,30,NA (not randomized),NA (no posted results at data cut),NON_RANDOMIZED PARALLEL,NONE,"Radiodine-200µCi [ACTIVE_COMPARATOR]: Radiation: Radioiodine — A subgroup of patients with Graves' Disease and goiter ≥48ml treated with 200µCi of ¹³¹I/ml thyroid tissue, corrected by 24h-RAIU, from a randomized controlled trial run at our institution between February 1997 and March 2000, serves as a historical control.; Radiodine-250µCi [EXPERIMENTAL]: Radiation: Radioiodine — Patients with Graves' Disease and goiter ≥48ml, prospectively assigned to receive 250 µCi of ¹³¹I/ml thyroid tissue, corrected by 24h-RAIU.","Radioiodine [RADIATION]: A unique dose of 200µCi of ¹³¹I/ml/24-RAIU; Radioiodine [RADIATION]: A unique dose of 250µCi of ¹³¹I/ml/24-RAIU; Arm Radiodine-200µCi: A subgroup of patients with Graves' Disease and goiter ≥48ml treated with 200µCi of ¹³¹I/ml thyroid tissue, corrected by 24h-RAIU, from a randomized controlled trial run at our institution between February 1997 and March 2000, serves as a historical control.; Arm Radiodine-250µCi: Patients with Graves' Disease and goiter ≥48ml, prospectively assigned to receive 250 µCi of ¹³¹I/ml thyroid tissue, corrected by 24h-RAIU.",Registry-defined; verify per protocol,Radiodine-200µCi,"Cure, defined as euthyroidism or permanent hypothyroidism based on FT4 measurements.",Euthyroidism; Permanent hypothyroidism,Protocol-defined,No posted in-scope efficacy result at cutoff.,No manually curated public result at cutoff.,Not established from posted results.,https://doi.org/10.1210/jcem.84.11.6149; https://doi.org/10.1210/jcem.86.8.7707; https://doi.org/10.1530/eje.0.1510467; https://doi.org/10.1590/s0004-27302004000100017; https://doi.org/10.1155/2013/958276,Official registry protocol,ClinicalTrials.gov; NCT01039818,official_registry_full_record,2026-09-10,disease-directed standard-of-care or regimen-optimization trial,Radioiodine,NON_RANDOMIZED,No,"NA (study not reported as terminated, withdrawn, or suspended)",Registry allocation=NON_RANDOMIZED,No posted ClinicalTrials.gov results at frozen data cut,2026-09-10,2.0.0
NCT01295333,ClinicalTrials.gov,https://clinicaltrials.gov/study/NCT01295333,Levothyroxine,the early prophylactic introduction of low dose of LT4 (50 µg/d) at 15 days post-ablation; The initiation of LT4 as soon as the first biological signs of hypothyroidism.,Assistance Publique Hopitaux De Marseille,Assistance Publique Hopitaux De Marseille,GD / autoimmune hyperthyroidism,Hormone replacement,PHASE3,COMPLETED,2011-05,2014-11,France,Adults primary,not_applicable,200,NR (randomized N not posted; enrollment not substituted),NA (no posted results at data cut),RANDOMIZED PARALLEL,SINGLE,conventional approach [OTHER]: Drug: The initiation of LT4 as soon as the first biological signs of hypothyroidism. — conventional traitment; experimental approach [EXPERIMENTAL]: Drug: the early prophylactic introduction of low dose of LT4 (50 µg/d) at 15 days post-ablation — early and systematic traitment,Arm conventional approach: conventional traitment; Arm experimental approach: early and systematic traitment,Registry-defined; verify per protocol,NR (randomized comparator arm not explicitly typed in registry),will assess differences in terms of quality of life at 3 months using a specific questionnaire (ThyPRO).,"compare quality of life outcomes at different study visits (using ThyPRO and SF36), fatigue (MFIS) and depression (Beck), autoimmune parameters (signs of ophthalmopathy, TSH receptor antibodies assessment), efficacy and medico-economic data.",Protocol-defined,No posted in-scope efficacy result at cutoff.,No manually curated public result at cutoff.,Not established from posted results.,NR (no result-linked publication URL identified at data cut),Official registry protocol,ClinicalTrials.gov; NCT01295333,official_registry_full_record,2026-09-10,disease-directed drug/biologic/supplement trial,the early prophylactic introduction of low dose of LT4 (50 µg/d) at 15 days post-ablation; The initiation of LT4 as soon as the first biological signs of hypothyroidism.,RANDOMIZED,No,"NA (study not reported as terminated, withdrawn, or suspended)",Protocol identifies randomized allocation; no posted participant flow at data cut,No posted ClinicalTrials.gov results at frozen data cut,2026-09-10,2.0.0
NCT01534169,ClinicalTrials.gov,https://clinicaltrials.gov/study/NCT01534169,Dexamethasone,Hexadecadrol,Xiao-Ming Mao,Xiao-Ming Mao,GD / autoimmune hyperthyroidism,Glucocorticoid immunomodulation,PHASE1,COMPLETED,2012-03,2012-03,China,Adults primary,not_applicable,50,NA (not randomized),NA (no posted results at data cut),NA SINGLE_GROUP,DOUBLE,"Isotonic Na chloride [EXPERIMENTAL]: Drug: Dexamethasone — The treatment strategy is the same with intervention, only the drug (dexamethasone) will be changed to isotonic Na chloride.","Dexamethasone [DRUG]: The course of treatment will be last for 3 months. The intrathyroid injection of dexamethasone will be performed using a 25-gauge (0.25-mm) needle under ultrasound guidance. The injection will be performed in both lobes of the thyroid. The dosage of dexamethasone is 5mg (1.0 ml) in each lobe, twice a week during the first month of the treatment. The treatment strategy will be changed to once a week in the second month and twice a month in the third month; the dosage of dexamethasone is the same as in the first month.; Arm Isotonic Na chloride: The treatment strategy is the same with intervention, only the drug (dexamethasone) will be changed to isotonic Na chloride.",Registry-defined; verify per protocol,NA (no comparator arm identified),Function of Regulatory T Cells,The proportion of Th1 and Th2 cells,Protocol-defined,No posted in-scope efficacy result at cutoff.,No manually curated public result at cutoff.,Not established from posted results.,https://pubmed.ncbi.nlm.nih.gov/19850691/; https://doi.org/10.1210/jc.2009-1252; https://pubmed.ncbi.nlm.nih.gov/22219499/; https://doi.org/10.1530/EJE-11-0879,Official registry protocol,ClinicalTrials.gov; NCT01534169,official_registry_full_record,2026-09-10,disease-directed standard-of-care or regimen-optimization trial,Dexamethasone,NA,No,"NA (study not reported as terminated, withdrawn, or suspended)",Registry allocation=NA,No posted ClinicalTrials.gov results at frozen data cut,2026-09-10,2.0.0
NCT01560299,ClinicalTrials.gov,https://clinicaltrials.gov/study/NCT01560299,Methimazole / antithyroid drug,Methimazole,Mashhad University of Medical Sciences,Mashhad University of Medical Sciences,GD / autoimmune hyperthyroidism,Antithyroid drug,NA,COMPLETED,2010-02,2012-01,Iran,Adults primary,not_applicable,150,NR (randomized N not posted; enrollment not substituted),NA (no posted results at data cut),RANDOMIZED FACTORIAL,NONE,group one [ACTIVE_COMPARATOR]: Drug: Methimazole — This group will be advised to discontinue methimazole 24-48 hour before iodine therapy; group two [ACTIVE_COMPARATOR]: Drug: Methimazole — methimazole stopped 48-72 hour before radioiodine therapy; group three [ACTIVE_COMPARATOR]: Drug: Methimazole,Methimazole [DRUG]: Methimazole was stopped 24-48 before radio-iodine therapy; Methimazole [DRUG]: methimazole discontinued 49-72 hours before radioiodine treatment; Methimazole [DRUG]: methimazole discontinued 73-168 hours before radio-iodine treatment; Arm group one: This group will be advised to discontinue methimazole 24-48 hour before iodine therapy; Arm group two: methimazole stopped 48-72 hour before radioiodine therapy,Registry-defined; verify per protocol,group one; group two; group three,thyroid function tests over one year after radioiodine therapy,NA (no secondary endpoint reported),Protocol-defined,No posted in-scope efficacy result at cutoff.,No manually curated public result at cutoff.,Not established from posted results.,NR (no result-linked publication URL identified at data cut),Official registry protocol,ClinicalTrials.gov; NCT01560299,official_registry_full_record,2026-09-10,disease-directed standard-of-care or regimen-optimization trial,Methimazole,RANDOMIZED,No,"NA (study not reported as terminated, withdrawn, or suspended)",Protocol identifies randomized allocation; no posted participant flow at data cut,No posted ClinicalTrials.gov results at frozen data cut,2026-09-10,2.0.0
NCT01611896,ClinicalTrials.gov,https://clinicaltrials.gov/study/NCT01611896,Selenium/antioxidant supplement,"Selenium | 'Selen, organisk selen', produced by Jemo-Pharm A/S","Rigshospitalet, Denmark","Rigshospitalet, Denmark",GD / autoimmune hyperthyroidism,Antioxidant supplementation,NA,COMPLETED,2012-10,2021-06,Denmark,Adults primary,not_applicable,431,NR (randomized N not posted; enrollment not substituted),NA (no posted results at data cut),RANDOMIZED PARALLEL,QUADRUPLE,Selenium [ACTIVE_COMPARATOR]: Dietary Supplement: Selenium; Placebo [PLACEBO_COMPARATOR]: Other: Placebo,"Selenium [DIETARY_SUPPLEMENT]: 100 µg tablets. The dose of daily supplement of selenium is set at 200 µg (two tablets). The duration of the intervention period is between 24-30 months. This is defined by the time of ATD treatment withdrawal, which is scheduled between approximately 12-18 months after randomisation. Selenium supplementation will continue 12 months after withdrawal of ATD treatment.; Placebo [OTHER]: Placebo tablets, identical in regards to size, appearance, taste, smell, and solubility to the experimental intervention tablet will be produced by Jemo-Pharm A/S, http://www.jemo-pharm.dk/frame.cfm/cms/id=977/sprog=2/grp=6/menu=1/ (content as in section: Auxiliary agents). The placebo regimen will be identical to the selenium regimen, but consist of two non-active tablets per day for 24-30 months.",Registry-defined; verify per protocol,Selenium; Placebo,Proportion of participants with the composite outcome of 'ATD treatment failure',"Proportion of participants who receives ATD treatment (at any level) during the last 12 months (± 1 month) of the intervention period; Proportion of participants who has thyroid hyperfunction (TSH <0.1) during the last 12 months (± 1 month) of the intervention period; Proportion of participants who has been referred to ablative therapy (radioactive iodine or thyroid surgery) at some point during the entire intervention period; Thyroid-specific QoL during the first year after randomisation, and at the end of the intervention period (24-30 months), as measured by the global score in the ThyPRO questionnaire; Level of TRAb at 18 months, and at the end of the intervention period (24-30 months)",Protocol-defined,No posted in-scope efficacy result at cutoff.,No manually curated public result at cutoff.,Not established from posted results.,https://doi.org/10.1530/ETJ-25-0264; https://doi.org/10.1177/1740774513517778; https://doi.org/10.1186/1745-6215-14-119,Official registry protocol,ClinicalTrials.gov; NCT01611896,official_registry_full_record,2026-09-10,disease-directed standard-of-care or regimen-optimization trial,Selenium; Placebo,RANDOMIZED,No,"NA (study not reported as terminated, withdrawn, or suspended)",Protocol identifies randomized allocation; no posted participant flow at data cut,No posted ClinicalTrials.gov results at frozen data cut,2026-09-10,2.0.0
NCT01950260,ClinicalTrials.gov,https://clinicaltrials.gov/study/NCT01950260,Levothyroxine,Thyroid hormone,Mayo Clinic,Mayo Clinic,GD / autoimmune hyperthyroidism,Hormone replacement,PHASE2; PHASE3,COMPLETED,2013-09,2017-04,United States,Adults primary,not_applicable,61,61,Endpoint-specific (see result_trial_curation_v2.csv; denominators vary by endpoint),RANDOMIZED PARALLEL,QUADRUPLE,Levothyroxine [EXPERIMENTAL]: Drug: Levothyroxine — In the intervention arm patients will start levothyroxine therapy at 4 weeks after RAI therapy. The initial dose of levothyroxine will be 25 mcg/day. It will be increased to 50 mcg/day 2 weeks later and then adjusted at 8 weeks post RAI based on a full face-to-face clinical and biochemical evaluation.; Placebo [PLACEBO_COMPARATOR]: Other: Placebo — In the control arm patients will receive placebo capsules and be evaluated for levothyroxine therapy during a full face-to-face evaluation at 8 weeks.,Levothyroxine [DRUG]: Early initiation of levothyroxine after radioactive iodine (to start at 4 weeks).; Placebo [OTHER]: Placebo to start at 4 weeks after RAI; Arm Levothyroxine: In the intervention arm patients will start levothyroxine therapy at 4 weeks after RAI therapy. The initial dose of levothyroxine will be 25 mcg/day. It will be increased to 50 mcg/day 2 weeks later and then adjusted at 8 weeks post RAI based on a full face-to-face clinical and biochemical evaluation.; Arm Placebo: In the control arm patients will receive placebo capsules and be evaluated for levothyroxine therapy during a full face-to-face evaluation at 8 weeks.,Registry-defined; verify per protocol,Placebo,Number of Participants With Overt Hypothyroidism,Change in Hypothyroid-Health Related Quality of Life; Change in Thyroid Specific Quality of Life,Posted result timepoint,"11/30 vs 17/31, p=0.23; QoL nonsignificant.",SAE 1/30 vs 0/31.,장기 disease remission endpoint 아님.,NR (no result-linked publication URL identified at data cut),Registry result + manual curation,ClinicalTrials.gov; NCT01950260,official_registry_full_record,2026-09-10,disease-directed drug/biologic/supplement trial; Primary endpoint negative.,Levothyroxine; Placebo,RANDOMIZED,Yes,"NA (study not reported as terminated, withdrawn, or suspended)","Posted participant flow, first period STARTED (Overall Study)",Posted results with manually curated endpoint-specific interpretation,2026-09-10,2.0.0
NCT02114619,ClinicalTrials.gov,https://clinicaltrials.gov/study/NCT02114619,Radioiodine,Low dose of I-131; Intermediate dose; High dose,Mashhad University of Medical Sciences,Mashhad University of Medical Sciences,GD / autoimmune hyperthyroidism,Radioiodine ablation,NA,UNKNOWN,2013-05,2014-12,Iran,Adults primary,not_applicable,450,NR (randomized N not posted; enrollment not substituted),NA (no posted results at data cut),RANDOMIZED PARALLEL,TRIPLE,"Low dose of I-131 [ACTIVE_COMPARATOR]: Drug: Low dose of I-131 — Patients with Graves' disease who will be treated with I-131, using 100 microcurie per gram (uCi/gr) of thyroid weight; Intermediate dose [ACTIVE_COMPARATOR]: Drug: Intermediate dose — Patients with Graves' disease who will be treated with 150 microcurie (uCi) of I-131 per gram of thyroid weight.; High dose [ACTIVE_COMPARATOR]: Drug: High dose — Patients with Graves' disease who will be treated with I-131 using 200 uCi/gr of thyroid weight.","Low dose of I-131 [DRUG]: We wil administer 100 micro currie of iodine per thyroid gram; Intermediate dose [DRUG]: We will administer 150 micro currie of iodine per thyroid gram; High dose [DRUG]: We will administer 200 micro currie of iodine per thyroid gram; Arm Low dose of I-131: Patients with Graves' disease who will be treated with I-131, using 100 microcurie per gram (uCi/gr) of thyroid weight; Arm Intermediate dose: Patients with Graves' disease who will be treated with 150 microcurie (uCi) of I-131 per gram of thyroid weight.; Arm High dose: Patients with Graves' disease who will be treated with I-131 using 200 uCi/gr of thyroid weight.",Registry-defined; verify per protocol,Low dose of I-131; Intermediate dose; High dose,"change of thyroid related hormones blood level from baseline at 1,3,6 and 12 month","Rate of hypothyroidism status at 1, 3,6 and 12 month post RAI therapy",Protocol-defined,No posted in-scope efficacy result at cutoff.,No manually curated public result at cutoff.,Not established from posted results.,NR (no result-linked publication URL identified at data cut),Official registry protocol,ClinicalTrials.gov; NCT02114619,official_registry_full_record,2026-09-10,disease-directed standard-of-care or regimen-optimization trial,Low dose of I-131; Intermediate dose; High dose,RANDOMIZED,No,"NA (study not reported as terminated, withdrawn, or suspended)",Protocol identifies randomized allocation; no posted participant flow at data cut,No posted ClinicalTrials.gov results at frozen data cut,2026-09-10,2.0.0
NCT02384668,ClinicalTrials.gov,https://clinicaltrials.gov/study/NCT02384668,Vitamin D/alfacalcidol,Cholecalciferol | Vitamin D3,University of Aarhus,University of Aarhus,GD / autoimmune hyperthyroidism,Vitamin D supplementation,NA,COMPLETED,2015-03-24,2020-12,Denmark,Adults primary,not_applicable,278,NR (randomized N not posted; enrollment not substituted),NA (no posted results at data cut),RANDOMIZED PARALLEL,TRIPLE,"Cholecalciferol [ACTIVE_COMPARATOR]: Dietary Supplement: Cholecalciferol — Cholecalciferol 70 mcg per day Other name: Vitamin D3.; Placebo [PLACEBO_COMPARATOR]: Dietary Supplement: Placebo — Placebo tablets are identical in regards to size and appearance to the experimental intervention tablet.

The placebo regimen is identical to the vitamin D3 regimen.","Cholecalciferol [DIETARY_SUPPLEMENT]: One tablet per day. The duration of the intervention period is between 24-36 months. This is defined by the time of ATD treatment withdrawal, which is scheduled between approximately 12-18(-24) months after randomisation. Vitamin D supplementation will continue 12 months after withdrawal of ATD treatment or until relapse of Graves' Disease if this occurs prior.; Placebo [DIETARY_SUPPLEMENT]: One tablet per day. Placebo tablet identical in appearance to cholecalciferol tablet. Duration and cessation of treatment identical to intervention with cholecalciferol.; Arm Cholecalciferol: Cholecalciferol 70 mcg per day Other name: Vitamin D3.; Arm Placebo: Placebo tablets are identical in regards to size and appearance to the experimental intervention tablet.

The placebo regimen is identical to the vitamin D3 regimen.",Registry-defined; verify per protocol,Cholecalciferol; Placebo,Proportion of participants without relapse within the first year after cessation of ATD treatment.,The proportion of participants who has been referred to radioactive iodine or thyroid surgery at any time during the entire intervention period.; The proportion of participants who have relapse of hyperthyroidism (TSH<0.1) after cessation of ATD therapy; The proportion of participants who re-initiates ATD treatment or is referred to radioactive iodine or thyroid surgery due to hyperthyroidism within 12 months after cessation of initial ATD treatment.; The proportion of participants who fails to stop ATD treatment within 24 months after initiation of ATD therapy.; Effects of D-vitamin supplementation according to plasma level of D-vitamin at inclusion to the study.,Protocol-defined,No posted in-scope efficacy result at cutoff.,No manually curated public result at cutoff.,Not established from posted results.,https://doi.org/10.1007/s00198-024-07241-y; https://doi.org/10.1089/thy.2023.0111; https://doi.org/10.1210/clinem/dgac004; https://doi.org/10.1089/thy.2019.0634; https://doi.org/10.1007/s12020-019-01997-8,Official registry protocol,ClinicalTrials.gov; NCT02384668,official_registry_full_record,2026-09-10,disease-directed drug/biologic/supplement trial,Cholecalciferol; Placebo,RANDOMIZED,No,"NA (study not reported as terminated, withdrawn, or suspended)",Protocol identifies randomized allocation; no posted participant flow at data cut,No posted ClinicalTrials.gov results at frozen data cut,2026-09-10,2.0.0
NCT02713256,ClinicalTrials.gov,https://clinicaltrials.gov/study/NCT02713256,Iscalimab (CFZ533),CFZ533,Novartis Pharmaceuticals,Novartis Pharmaceuticals,GD / autoimmune hyperthyroidism,CD40 blockade,PHASE2,COMPLETED,2016-04-19,2017-04-24,Germany; United States,Adults primary,not_applicable,15,NA (not randomized),Endpoint-specific (see result_trial_curation_v2.csv; denominators vary by endpoint),NA SINGLE_GROUP,NONE,CFZ533 10mg/kg [EXPERIMENTAL]: Drug: CFZ533 — CFZ533 intravenously over approximately one hour,CFZ533 [DRUG]: CFZ533 intravenously over approximately one hour; Arm CFZ533 10mg/kg: CFZ533 intravenously over approximately one hour,Registry-defined; verify per protocol,NA (no comparator arm identified),Percentage of Participants Whose Thyroid Stimulating Hormone (TSH) Levels Normalize After 12 Week Treatment; Percentage of Participants Whose Total Triiodothyronine (Total T3) Levels Decrease After 12 Week Treatment; Percentage of Participants Whose Free Thyroxine (Free T4) Levels Decrease After 12 Week Treatment,NA (no secondary endpoint reported),Posted result timepoint,13 evaluable: TSH normalization 0%; total T3 below ULN 38.5%; FT4 below ULN 30.8%.,SAE 1/15.,Off-treatment remission 자료 없음.,https://doi.org/10.3389/fendo.2021.691781; https://doi.org/10.1210/clinem/dgz013,Registry result + manual curation,ClinicalTrials.gov; NCT02713256,official_registry_full_record,2026-09-10,"disease-directed drug/biologic/supplement trial; Single arm, small N.",CFZ533,NA,Yes,"NA (study not reported as terminated, withdrawn, or suspended)",Registry allocation=NA,Posted results with manually curated endpoint-specific interpretation,2026-09-10,2.0.0
NCT02727738,ClinicalTrials.gov,https://clinicaltrials.gov/study/NCT02727738,Selenium/antioxidant supplement; Methimazole / antithyroid drug,Selenium | Syrel; Methimazole | Tapazole,University of Pisa,University of Pisa,GD / autoimmune hyperthyroidism,Antioxidant supplementation; Antithyroid drug,NA,COMPLETED,2014-01,2015-09,Italy,Adults primary,not_applicable,30,NR (randomized N not posted; enrollment not substituted),NA (no posted results at data cut),RANDOMIZED PARALLEL,NONE,"Methimazole plus selenium [EXPERIMENTAL]: Dietary Supplement: Selenium, Drug: Methimazole — Methimazole 5-30 mg daily for 90 days Selenium 80 bid for 90 days; Methimazole [ACTIVE_COMPARATOR]: Drug: Methimazole — Methimazole 5-30 mg daily for 90 days","Selenium [DIETARY_SUPPLEMENT]: Selenium 80 mg bid for 90 days; Methimazole [DRUG]: Methimazole starting dose depending on FT3 values (15 mg/day or 20 mg/day or 30 mg/day, for FT3 values \<10 pg/ml, 10-15 pg/ml, \>15 pg/ml, respectively) to be tapered by 5 mg/day every 15 days down to values sufficient for FT3 to be normal; Arm Methimazole plus selenium: Methimazole 5-30 mg daily for 90 days Selenium 80 bid for 90 days; Arm Methimazole: Methimazole 5-30 mg daily for 90 days",Registry-defined; verify per protocol,Methimazole,Control of hyperthyroidism; Clinical manifestations of hyperthyroidism-1; Clinical manifestations of hyperthyroidism-2; Clinical manifestations of hyperthyroidism-3; Clinical manifestations of hyperthyroidism-4,Control of hyperthyroidism; Clinical manifestations of hyperthyroidism-1; Selenium levels; Selenium levels; Oxidative stress parameters-1,Protocol-defined,No posted in-scope efficacy result at cutoff.,No manually curated public result at cutoff.,Not established from posted results.,NR (no result-linked publication URL identified at data cut),Official registry protocol,ClinicalTrials.gov; NCT02727738,official_registry_full_record,2026-09-10,disease-directed standard-of-care or regimen-optimization trial,Selenium; Methimazole,RANDOMIZED,No,"NA (study not reported as terminated, withdrawn, or suspended)",Protocol identifies randomized allocation; no posted participant flow at data cut,No posted ClinicalTrials.gov results at frozen data cut,2026-09-10,2.0.0
NCT02904330,ClinicalTrials.gov,https://clinicaltrials.gov/study/NCT02904330,K1-70,K1-70 intramuscular or K1-70 intravenous,AV7 Limited,AV7 Limited,GD / autoimmune hyperthyroidism,Competitive TSHR blockade,PHASE1,COMPLETED,2016-08,2021-04,United Kingdom,Adults primary,not_applicable,18,NA (not randomized),NA (no posted results at data cut),NA SINGLE_GROUP,NONE,"Single dose [EXPERIMENTAL]: Drug: K1-70 intramuscular or K1-70 intravenous — The intervention is K1-70 intramuscular or K1-70 intravenous. This is a single, ascending, intramuscular or intravenous dose, sequential group study.","K1-70 intramuscular or K1-70 intravenous [DRUG]: Each subject will receive one dose of K1-70 by IM injection or one dose of K1-70 by IV infusion on the morning of Day 1.; Arm Single dose: The intervention is K1-70 intramuscular or K1-70 intravenous. This is a single, ascending, intramuscular or intravenous dose, sequential group study.",Registry-defined; verify per protocol,NA (no comparator arm identified),"Safety and tolerability will be measured using vital signs, ECG, blood samples for haematology, coagulation, clinical biochemistry and hormone panel, urinalysis, eye examinations, physical examinations and examination of injection or infusion site.",The concentration of K1-70 drug in the blood will be measured over time.; The concentration of K1-70 drug in the blood will be measured over time.; The concentration of K1-70 drug in the blood will be measured over time.; The concentration of K1-70 drug in the blood will be measured over time.; The concentration of K1-70 drug in the blood will be measured over time.,Protocol-defined,No posted in-scope efficacy result at cutoff.,No manually curated public result at cutoff.,Not established from posted results.,https://doi.org/10.1111/j.1365-2265.2010.03831.x; https://doi.org/10.1530/JME-10-0127; https://doi.org/10.1007/s13317-011-0025-9,Official registry protocol,ClinicalTrials.gov; NCT02904330,official_registry_full_record,2026-09-10,direct TSHR/anti-TSHR or TSHR-antigen-specific program in the core R&D scope,K1-70 intramuscular or K1-70 intravenous,NA,No,"NA (study not reported as terminated, withdrawn, or suspended)",Registry allocation=NA,No posted ClinicalTrials.gov results at frozen data cut,2026-09-10,2.0.0
NCT02973802,ClinicalTrials.gov,https://clinicaltrials.gov/study/NCT02973802,ATX-GD-59,NR (no additional alias),Apitope International NV,Apitope International NV,GD / autoimmune hyperthyroidism,TSHR antigen-specific tolerance,PHASE1,COMPLETED,2016-09,2018-02-14,United Kingdom,Adults primary,not_applicable,12,NA (not randomized),Endpoint-specific (see result_trial_curation_v2.csv; denominators vary by endpoint),NA SINGLE_GROUP,NONE,"ATX-GD-59 treatment [EXPERIMENTAL]: Biological: ATX-GD-59 — An upward titration over five dose levels (25, 50, 100, 400 and 800 micrograms) followed by 5 doses of 800 micrograms of ATX-GD-59 will be administered two weeks apart by intradermal injection.","ATX-GD-59 [BIOLOGICAL]: Disease specific immune modulating treatment for Graves Disease; Arm ATX-GD-59 treatment: An upward titration over five dose levels (25, 50, 100, 400 and 800 micrograms) followed by 5 doses of 800 micrograms of ATX-GD-59 will be administered two weeks apart by intradermal injection.",Registry-defined; verify per protocol,NA (no comparator arm identified),"Occurrence of Treatment Emergent Adverse Events (TEAE), Serious Adverse Events (SAE), and Laboratory Abnormalities up to Week 22 Compared to Baseline.",Change in Serum Anti-TSHR Antibodies From Baseline to Week 22 - Measured by TSHR-binding Inhibitory Immunoglobulin (TBII); Change in Serum Anti-TSHR Antibodies From Baseline to Week 22 - Measured by Stimulatory TSHR Antibodies (TSAb); Change in Serum Anti-TSHR Antibodies From Baseline to Week 22 - Measured by Blocking TSHR Antibodies (TBAb); Change in Serum Free Triiodothyronine (fT3) From Baseline to Week 22.; Change in Serum Free Thyroxine (T4) From Baseline to Week 22.,Posted result timepoint,Week 22: TBII −0.6602 IU/L; TSAb −54 %SRR; FT3 −14.19%; FT4 −14.54%; TSH +0.309 mIU/L.,311 AEs: 293 mild/18 moderate; 180 treatment-related; 3 serious events in one participant; 153 injection-related events.,Full paper에서 2명이 1년 off-ATD euthyroid였으나 uncontrolled spontaneous remission 대안이 큼.,NR (no result-linked publication URL identified at data cut),Registry result + manual curation,[253]; ClinicalTrials.gov; NCT02973802,official_registry_full_record,2026-09-10,direct TSHR/anti-TSHR or TSHR-antigen-specific program in the core R&D scope; Open-label n=12; authors도 placebo-controlled proof 필요성을 명시.,ATX-GD-59,NA,Yes,"NA (study not reported as terminated, withdrawn, or suspended)",Registry allocation=NA,Posted results with manually curated endpoint-specific interpretation,2026-09-10,2.0.0
NCT02993302,ClinicalTrials.gov,https://clinicaltrials.gov/study/NCT02993302,Vitamin D/alfacalcidol,1α-D3 | 1α 25-dihydroxyvitamin d3 | alfacalcidol,Dr Cipto Mangunkusumo General Hospital,Dr Cipto Mangunkusumo General Hospital,GD / autoimmune hyperthyroidism,Vitamin D supplementation,PHASE2,COMPLETED,2014-07,2015-03,NR (study locations not reported),Adults primary,not_applicable,25,25,Endpoint-specific (see result_trial_curation_v2.csv; denominators vary by endpoint),RANDOMIZED PARALLEL,DOUBLE,PTU-Oral 1α-D3 [ACTIVE_COMPARATOR]: Drug: 1α-D3 — patients were given oral 1α-D3 at dose of 1.5 mcg once daily for 8 weeks in addition to propylthiouracil (PTU) 300 mg daily for 8 weeks as the treatment for Graves' disease with thyrotoxicosis; PTU-Placebos [PLACEBO_COMPARATOR]: Drug: Placebos — patients were given placebo tablets for 8 weeks in addition topropylthiouracil (PTU) 300 mg daily for 8 weeks as the treatment for Graves' disease with thyrotoxicosis,1α-D3 [DRUG]: patients were given PTU and 1α-D3; Placebos [DRUG]: patients were given PTU and placebos; Arm PTU-Oral 1α-D3: patients were given oral 1α-D3 at dose of 1.5 mcg once daily for 8 weeks in addition to propylthiouracil (PTU) 300 mg daily for 8 weeks as the treatment for Graves' disease with thyrotoxicosis; Arm PTU-Placebos: patients were given placebo tablets for 8 weeks in addition topropylthiouracil (PTU) 300 mg daily for 8 weeks as the treatment for Graves' disease with thyrotoxicosis,Registry-defined; verify per protocol,PTU-Oral 1α-D3; PTU-Placebos,CD80 Level; CD206 Level; IL-12/IL-10 Ratio; fT4 Levels,NA (no secondary endpoint reported),Posted result timepoint,CD80 p=0.48; CD206 p=0.47; IL-12/IL-10 p=0.53.,Reported AE 없음.,없음.,https://pubmed.ncbi.nlm.nih.gov/24374976/; https://doi.org/10.1007/s10787-013-0197-1; https://pubmed.ncbi.nlm.nih.gov/20739336/; https://doi.org/10.1177/1352458510379611; https://pubmed.ncbi.nlm.nih.gov/23204220/; https://doi.org/10.3899/jrheum.111594; https://pubmed.ncbi.nlm.nih.gov/12050214/; https://doi.org/10.1210/jcem.87.6.8562; https://pubmed.ncbi.nlm.nih.gov/22983830/; https://doi.org/10.1007/s12020-012-9789-6; https://pubmed.ncbi.nlm.nih.gov/9322804/; https://doi.org/10.1016/s0026-0495(97)90214-6; https://pubmed.ncbi.nlm.nih.gov/10427152/; https://doi.org/10.1530/eje.0.1410111; https://doi.org/10.1530/eje.0.1410625; https://doi.org/10.1038/32588; https://doi.org/10.1073/pnas.0803341105; https://doi.org/10.1111/j.1365-2249.2010.04306.x; https://doi.org/10.1016/j.ando.2010.01.005; https://doi.org/10.1038/labinvest.3780129; https://doi.org/10.1089/thy.2010.0183; https://doi.org/10.1080/08916930701464764; https://doi.org/10.1016/s0301-472x(00)00143-0; https://doi.org/10.1007/s10787-012-0168-y; https://doi.org/10.1007/s12016-012-8342-y; https://doi.org/10.1111/j.1365-2265.2008.03413.x; https://doi.org/10.1016/j.ecl.2010.02.010; https://doi.org/10.1016/j.autrev.2012.07.007; https://doi.org/10.1210/jcem.85.5.6588,Registry result + manual curation,ClinicalTrials.gov; NCT02993302,official_registry_full_record,2026-09-10,disease-directed drug/biologic/supplement trial; Negative biomarker study.,1α-D3; Placebos,RANDOMIZED,Yes,"NA (study not reported as terminated, withdrawn, or suspended)","Posted participant flow, first period STARTED (Overall Study)",Posted results with manually curated endpoint-specific interpretation,2026-09-10,2.0.0
NCT03303053,ClinicalTrials.gov,https://clinicaltrials.gov/study/NCT03303053,Cholestyramine; Prednisone/prednisolone; Carbimazole; Beta-blocker,Cholestyramine Powder 4g | Questran; Prednisolone; Standard treatment | Carbimazole + Propanolol,"Clinical Research Centre, Malaysia","Clinical Research Centre, Malaysia",GD / autoimmune hyperthyroidism,Bile-acid sequestration; Glucocorticoid immunomodulation; Antithyroid drug; Symptomatic adrenergic blockade,PHASE3,UNKNOWN,2017-05-11,2018-03-01,Malaysia,Adults primary,not_applicable,135,NR (randomized N not posted; enrollment not substituted),NA (no posted results at data cut),RANDOMIZED PARALLEL,NONE,"Group1:Cholestyramine+standard treatment [EXPERIMENTAL]: Drug: Cholestyramine Powder 4g — Cholestyramine powder 4g twice daily, Tablet Carbimazole 30 mg daily, Tablet propanolol 40 mg twice daily for 4 weeks; Group2:Prednisolone+standard treatment [EXPERIMENTAL]: Drug: Prednisolone — Tablet prednisolone 30 mg daily for week 1, 20 mg daily for week 2, 10 mg daily for week 3 and 5 mg daily for week 4, Tablet carbimazole 30 mg daily, Tablet propanolol 40 mg twice daily for 4 weeks; Group 3: Standard treatment alone [ACTIVE_COMPARATOR]: Drug: Standard treatment — Carbimazole 30 mg daily and propanolol 40 mg twice daily for 4 weeks","Cholestyramine Powder 4g [DRUG]: Cholestyramine powder 4g twice daily, Tablet Carbimazole 30 mg daily, Tablet propanolol 40 mg twice daily for 4 weeks; Prednisolone [DRUG]: Tablet prednisolone 30 mg daily for week 1, 20 mg daily for week 2, 10 mg daily for week 3 and 5 mg daily for week 4, Tablet carbimazole 30 mg daily, Tablet propanolol 40 mg twice daily for 4 weeks; Standard treatment [DRUG]: Carbimazole 30 mg daily and propanolol 40 mg twice daily for 4 weeks; Arm Group1:Cholestyramine+standard treatment: Cholestyramine powder 4g twice daily, Tablet Carbimazole 30 mg daily, Tablet propanolol 40 mg twice daily for 4 weeks; Arm Group2:Prednisolone+standard treatment: Tablet prednisolone 30 mg daily for week 1, 20 mg daily for week 2, 10 mg daily for week 3 and 5 mg daily for week 4, Tablet carbimazole 30 mg daily, Tablet propanolol 40 mg twice daily for 4 weeks; Arm Group 3: Standard treatment alone: Carbimazole 30 mg daily and propanolol 40 mg twice daily for 4 weeks",Registry-defined; verify per protocol,Group 3: Standard treatment alone,Percentage of patients whose Free T4 normalize between the groups; Percentage of patients whose Free T3 normalize between the groups,Adverse events between the groups; Reduction in Free T4 levels; Reduction in Free T3 levels,Protocol-defined,No posted in-scope efficacy result at cutoff.,No manually curated public result at cutoff.,Not established from posted results.,https://doi.org/10.1210/jc.2006-2135; https://doi.org/10.1210/jcem.87.2.8182; https://doi.org/10.1210/jc.2013-2409; https://doi.org/10.1089/thy.2016.0229; https://doi.org/10.1007/s11897-008-0026-9; https://doi.org/10.1001/archinte.164.15.1675; https://doi.org/10.1210/jc.2013-1954; https://doi.org/10.1007/s12020-008-9107-5; https://doi.org/10.1111/j.1365-2265.1993.tb00970.x; https://doi.org/10.1210/jcem.81.9.8784067; https://doi.org/10.1136/pgmj.72.850.489; https://doi.org/10.1111/j.1365-2265.1991.tb03562.x; https://doi.org/10.1046/j.1365-2265.1996.00800.x; https://doi.org/10.1507/endocrj1954.30.93; https://doi.org/10.1111/j.1365-2796.1994.tb00855.x,Official registry protocol,ClinicalTrials.gov; NCT03303053,official_registry_full_record,2026-09-10,disease-directed standard-of-care or regimen-optimization trial,Cholestyramine Powder 4g; Prednisolone; Standard treatment,RANDOMIZED,No,"NA (study not reported as terminated, withdrawn, or suspended)",Protocol identifies randomized allocation; no posted participant flow at data cut,No posted ClinicalTrials.gov results at frozen data cut,2026-09-10,2.0.0
NCT05118542,ClinicalTrials.gov,https://clinicaltrials.gov/study/NCT05118542,Propylthiouracil; Methimazole / antithyroid drug,NR (no additional alias); Methimazole,Indonesia University,Indonesia University,GD / autoimmune hyperthyroidism,Antithyroid drug,PHASE3,COMPLETED,2019-01-01,2020-06-01,Indonesia,Adults primary,not_applicable,36,NR (randomized N not posted; enrollment not substituted),NA (no posted results at data cut),RANDOMIZED PARALLEL,TRIPLE,PTU Group [ACTIVE_COMPARATOR]: Drug: Propylthiouracil — Propylthiouracil (PTU) was given with adjusted dosage according to patient clinical assessment at every visit by their own endocrinologist; Methimazole Group [ACTIVE_COMPARATOR]: Drug: Methimazole — Methimazole was given with adjusted dosage according to patient clinical assessment at every visit by their own endocrinologist,Propylthiouracil [DRUG]: PTU were given to participants with adjusted dosage according to patient clinical assessment at every visit by their own endocrinologist.; Methimazole [DRUG]: methimazole were given to participants with adjusted dosage according to patient clinical assessment at every visit by their own endocrinologist.; Arm PTU Group: Propylthiouracil (PTU) was given with adjusted dosage according to patient clinical assessment at every visit by their own endocrinologist; Arm Methimazole Group: Methimazole was given with adjusted dosage according to patient clinical assessment at every visit by their own endocrinologist,Registry-defined; verify per protocol,PTU Group; Methimazole Group,Pulse Wave Velocity; carotid intima media thickness,HOMA-IR; LDL-R; NFkB; sICAM-1; sVCAM-1,Protocol-defined,No posted in-scope efficacy result at cutoff.,No manually curated public result at cutoff.,Not established from posted results.,https://doi.org/10.1161/CIRCRESAHA.117.311603; https://doi.org/10.2174/1874192401105010076; https://doi.org/10.1097/MAJ.0b013e31822a8284; https://doi.org/10.1016/s0753-3322(02)00195-6; https://doi.org/10.1016/j.ijcard.2016.11.073; https://doi.org/10.12997/jla.2024.13.3.358,Official registry protocol,ClinicalTrials.gov; NCT05118542,official_registry_full_record,2026-09-10,disease-directed standard-of-care or regimen-optimization trial,Propylthiouracil; Methimazole,RANDOMIZED,No,"NA (study not reported as terminated, withdrawn, or suspended)",Protocol identifies randomized allocation; no posted participant flow at data cut,No posted ClinicalTrials.gov results at frozen data cut,2026-09-10,2.0.0
NCT05461820,ClinicalTrials.gov,https://clinicaltrials.gov/study/NCT05461820,Methimazole / antithyroid drug,Methimazole | Thyrozol,The First Affiliated Hospital with Nanjing Medical University,The First Affiliated Hospital with Nanjing Medical University,GD / autoimmune hyperthyroidism,Antithyroid drug,PHASE4,RECRUITING,2018-05-01,2023-12-31,China,Adults primary,not_applicable,240,NR (randomized N not posted; enrollment not substituted),NA (no posted results at data cut),RANDOMIZED PARALLEL,NONE,"Conventional treatment group [ACTIVE_COMPARATOR]: Drug: Methimazole — According to the thyroid function, if the initial free thyroxine(FT4) ≥ 3 times the normal value, the initial dose of methimazole is 30mg/ day, the thyroid function will be tested every four weeks, and the dose will be reduced when thyroid stimulating hormone(TSH) \> normal lower limit or free triiodothyronine(FT3) \< normal lower limit or FT4 \< normal lower limit. The dose will be reduced according to the clinical routine, specifically, every day (30 mg→20 mg→10 mg→5mg→2.5 mg) If the initial FT4 is less than 3 times the normal value, the initial dose of methimazole is 15mg/ day, and the thyroid function is tested every four weeks. When TSH is greater than the normal lower limit or FT3 is less than the normal lower limit or FT4 is less than the normal lower limit, the dose will be reduced according to the clinical routine, specifically every day for 24 months. If TSH \> 100 mIU/L occurs during the treatment, the reduction speed will be accelerated, and 1-2 dose levels can be skipped.; Intensive treatment group [ACTIVE_COMPARATOR]: Drug: Methimazole — If the initial FT4≥ 3 times of normal value, the initial dose of methimazole was 30mg/ day, and the thyroid function and antibodies were detected every four weeks. When TSH≥4.2 mIU/L, the amount of methimazole began to decrease, specifically in a daily manner (30 mg→20 mg→15mg). The dose was maintained after the decrease to 15 mg. In the case of hypothyroidism, levothyroxine was added until the three antibodies (TPOAb, TGAb and TRAb) were negative. The dose was maintained for six months, and then the doses of methimazole and levothyroxine were gradually reduced until drug discontinuation (each month). If the initial FT4 was less than 3 times of normal level, the initial dose of methimazole was 15 mg/ day, and levothyroxine was added when hypothyroidism occurred. After all three antibodies were negative, the doses were gradually reduced to the point of drug discontinuation.","Methimazole [DRUG]: Methimazole used in this study was produced by Merck, Germany, and its trade name is Thyrozol. The specification of this drug is 10mg/ tablet, and its validity period is 36 months. It was approved by FDA in 2009 and listed in China in 2011.; Arm Conventional treatment group: According to the thyroid function, if the initial free thyroxine(FT4) ≥ 3 times the normal value, the initial dose of methimazole is 30mg/ day, the thyroid function will be tested every four weeks, and the dose will be reduced when thyroid stimulating hormone(TSH) \> normal lower limit or free triiodothyronine(FT3) \< normal lower limit or FT4 \< normal lower limit. The dose will be reduced according to the clinical routine, specifically, every day (30 mg→20 mg→10 mg→5mg→2.5 mg) If the initial FT4 is less than 3 times the normal value, the initial dose of methimazole is 15mg/ day, and the thyroid function is tested every four weeks. When TSH is greater than the normal lower limit or FT3 is less than the normal lower limit or FT4 is less than the normal lower limit, the dose will be reduced according to the clinical routine, specifically every day for 24 months. If TSH \> 100 mIU/L occurs during the treatment, the reduction speed will be accelerated, and 1-2 dose levels can be skipped.; Arm Intensive treatment group: If the initial FT4≥ 3 times of normal value, the initial dose of methimazole was 30mg/ day, and the thyroid function and antibodies were detected every four weeks. When TSH≥4.2 mIU/L, the amount of methimazole began to decrease, specifically in a daily manner (30 mg→20 mg→15mg). The dose was maintained after the decrease to 15 mg. In the case of hypothyroidism, levothyroxine was added until the three antibodies (TPOAb, TGAb and TRAb) were negative. The dose was maintained for six months, and then the doses of methimazole and levothyroxine were gradually reduced until drug discontinuation (each month). If the initial FT4 was less than 3 times of normal level, the initial dose of methimazole was 15 mg/ day, and levothyroxine was added when hypothyroidism occurred. After all three antibodies were negative, the doses were gradually reduced to the point of drug discontinuation.",Registry-defined; verify per protocol,Conventional treatment group; Intensive treatment group,Cumulative recurrence rate between conventional treatment group and intensive treatment group after two years of withdrawal.; Number of patients with no adverse reactions during the treatment of Graves' disease,Cumulative recurrence rate of hyperthyroidism in conventional treatment group and intensive treatment group after stopping treatment for one year.; Effects of routine treatment and intensive treatment on titer and positive rate of thyroid autoantibodies; Effect of conventional therapy and intensive therapy on thyroid volume; Effects of conventional therapy and intensive therapy on cytokines,Protocol-defined,No posted in-scope efficacy result at cutoff.,No manually curated public result at cutoff.,Not established from posted results.,NR (no result-linked publication URL identified at data cut),Official registry protocol,ClinicalTrials.gov; NCT05461820,official_registry_full_record,2026-09-10,disease-directed standard-of-care or regimen-optimization trial,Methimazole,RANDOMIZED,No,"NA (study not reported as terminated, withdrawn, or suspended)",Protocol identifies randomized allocation; no posted participant flow at data cut,No posted ClinicalTrials.gov results at frozen data cut,2026-09-10,2.0.0
NCT05907668,ClinicalTrials.gov,https://clinicaltrials.gov/study/NCT05907668,Batoclimab,IMVT-1401 (batoclimab) | IMVT-1401,Immunovant Sciences GmbH,Immunovant Sciences GmbH,GD / autoimmune hyperthyroidism,FcRn inhibition,PHASE2,COMPLETED,2023-05-15,2025-07-25,Germany,Adults primary,not_applicable,32,NA (not randomized),Endpoint-specific (see result_trial_curation_v2.csv; denominators vary by endpoint),NA SINGLE_GROUP,NONE,Batoclimab [EXPERIMENTAL]: Drug: IMVT-1401 (batoclimab) — Participants will receive batoclimab 680 milligrams (mg) subcutaneously (SC) weekly (QW) injection for 12 weeks followed by 340 mg SC QW for 12 weeks.,IMVT-1401 (batoclimab) [DRUG]: Batoclimab is a fully human anti-neonatal fragment crystallizable receptor (FcRn) monoclonal antibody.; Arm Batoclimab: Participants will receive batoclimab 680 milligrams (mg) subcutaneously (SC) weekly (QW) injection for 12 weeks followed by 340 mg SC QW for 12 weeks.,Registry-defined; verify per protocol,NA (no comparator arm identified),"Percentage of Participants Who Achieved Normalization of Free Triiodothyronine (FT3) and Free Thyroxine (FT4), or Have FT3 and/or FT4 Below the Lower Limit of Normal (LLN) at Week 24 Without Increase in ATD Dose Compared to Baseline","Percentage of Participants Who Achieved Normalization of FT3 and FT4 With ATD Dose ≤50% of the Baseline ATD Dose at Week 24; Percentage of Participants Who Are Off ATD Treatment and Achieved Normalization of FT3 and FT4, or Had FT3 and/or FT4 Below the LLN at Week 24",Posted result timepoint,Week 24 biochemical response without ATD increase 68.8% (95% CI 50.0–83.9); normalized FT3/FT4 with ATD ≤50% baseline 53.1%; off ATD with normalized FT3/FT4 31.3% (95% CI 16.1–50.0).,SAE 3/32; all 32 nonserious AEs; frequent injection-site and edema events.,Off-ATD normalization은 해당 시점의 상태이며 durable remission 추적 아님.,NR (no result-linked publication URL identified at data cut),Registry result + manual curation,ClinicalTrials.gov; NCT05907668; [683],official_registry_full_record,2026-09-10,"disease-directed drug/biologic/supplement trial; Single arm; abstract n=25는 earlier cut, registry n=32를 canonical로 사용.",IMVT-1401 (batoclimab),NA,Yes,"NA (study not reported as terminated, withdrawn, or suspended)",Registry allocation=NA,Posted results with manually curated endpoint-specific interpretation,2026-09-10,2.0.0
NCT06068179,ClinicalTrials.gov,https://clinicaltrials.gov/study/NCT06068179,Mycophenolate mofetil; Methimazole / antithyroid drug,"Mycophenolate Mofetil, Oral, 250 Mg; methimazole, oral, 10mg",The First Affiliated Hospital of Xiamen University,The First Affiliated Hospital of Xiamen University,GD / autoimmune hyperthyroidism,Conventional immunosuppression; Antithyroid drug,PHASE2; PHASE3,RECRUITING,2023-10-16,2025-10-08,China,Adults primary,not_applicable,205,NR (randomized N not posted; enrollment not substituted),NA (no posted results at data cut),RANDOMIZED PARALLEL,SINGLE,"intervention group [EXPERIMENTAL]: Drug: Mycophenolate Mofetil, Oral, 250 Mg, Drug: methimazole, oral, 10mg — Mycophenolate Mofetil 0.5 twice daily for 12 months added to methimazole standard therapy.; control group [ACTIVE_COMPARATOR]: Drug: methimazole, oral, 10mg — Methimazole 15-30mg daily initially, then titrate to maintenance dose. Beta-blocker used when necessary.","Mycophenolate Mofetil, Oral, 250 Mg [DRUG]: Mycophenolate Mofetil, Oral, 500Mg twice daily for 12 months, combined with methimazole standard therapy; methimazole, oral, 10mg [DRUG]: Methimazole 15-30mg daily initially then titrate to maintenance dose.; Arm intervention group: Mycophenolate Mofetil 0.5 twice daily for 12 months added to methimazole standard therapy.; Arm control group: Methimazole 15-30mg daily initially, then titrate to maintenance dose. Beta-blocker used when necessary.",Registry-defined; verify per protocol,control group,Remission rate,NA (no secondary endpoint reported),Protocol-defined,No posted in-scope efficacy result at cutoff.,No manually curated public result at cutoff.,Not established from posted results.,https://pubmed.ncbi.nlm.nih.gov/32616746/; https://doi.org/10.1038/s41572-020-0184-y; https://pubmed.ncbi.nlm.nih.gov/26670972/; https://doi.org/10.1001/jama.2015.16535; https://pubmed.ncbi.nlm.nih.gov/27797318/; https://doi.org/10.1056/NEJMra1510030; https://pubmed.ncbi.nlm.nih.gov/32929476/; https://doi.org/10.1210/clinem/dgaa646; https://pubmed.ncbi.nlm.nih.gov/30912336/; https://doi.org/10.3803/EnM.2019.34.1.29; https://pubmed.ncbi.nlm.nih.gov/27521067/; https://doi.org/10.1089/thy.2016.0229; https://pubmed.ncbi.nlm.nih.gov/34598995/; https://doi.org/10.1136/bmjopen-2021-055219; https://pubmed.ncbi.nlm.nih.gov/32055040/; https://doi.org/10.1038/s41584-020-0374-8; https://pubmed.ncbi.nlm.nih.gov/27272078/; https://pubmed.ncbi.nlm.nih.gov/36346684/; https://doi.org/10.1210/clinem/dgac252; https://pubmed.ncbi.nlm.nih.gov/29396246/; https://doi.org/10.1016/S2213-8587(18)30020-2; https://pubmed.ncbi.nlm.nih.gov/35223896/; https://doi.org/10.3389/fmed.2022.788228; https://pubmed.ncbi.nlm.nih.gov/35959915/; https://doi.org/10.1080/21655979.2022.2101191,Official registry protocol,ClinicalTrials.gov; NCT06068179,official_registry_full_record,2026-09-10,disease-directed standard-of-care or regimen-optimization trial,"Mycophenolate Mofetil, Oral, 250 Mg; methimazole, oral, 10mg",RANDOMIZED,No,"NA (study not reported as terminated, withdrawn, or suspended)",Protocol identifies randomized allocation; no posted participant flow at data cut,No posted ClinicalTrials.gov results at frozen data cut,2026-09-10,2.0.0
NCT06240455,ClinicalTrials.gov,https://clinicaltrials.gov/study/NCT06240455,WP1302; Methimazole / antithyroid drug,NR (no additional alias); methimazole,Worg Biotherapeutics Inc.,Worg Biotherapeutics Inc.,GD / autoimmune hyperthyroidism,TSHR antigen-specific tolerance; Antithyroid drug,PHASE2,SUSPENDED,2026-03-31,2029-03-31,United States,Adults primary,not_applicable,176,NR (randomized N not posted; enrollment not substituted),NA (no posted results at data cut),RANDOMIZED PARALLEL,TRIPLE,"WP1302 400μg [ACTIVE_COMPARATOR]: Drug: WP1302, Combination Product: methimazole — After screening, eligible subjects will be randomized to treatment at a ratio (stratified by size of goiter \[grade 0 or 1; grade 2\], WHO classification) of 1:1:1:1 to either any group of MMI with WP1302 at a dose of 400 μg, 800 μg, or 1200 μg, or the group of MMI with placebo.

The study consists of up to 5 periods: a screening period of up to 2 weeks; a WP1302 or placebo titration with MMI period of 12 weeks; a Full dose of WP1302 or placebo with MMI tapering period of 26 weeks; a follow-up period of 4 weeks; and an extended follow-up period of 6 months.; WP1302 800μg [ACTIVE_COMPARATOR]: Drug: WP1302, Combination Product: methimazole — After screening, eligible subjects will be randomized to treatment at a ratio (stratified by size of goiter \[grade 0 or 1; grade 2\], WHO classification) of 1:1:1:1 to either any group of MMI with WP1302 at a dose of 400 μg, 800 μg, or 1200 μg, or the group of MMI with placebo.

The study consists of up to 5 periods: a screening period of up to 2 weeks; a WP1302 or placebo titration with MMI period of 12 weeks; a Full dose of WP1302 or placebo with MMI tapering period of 26 weeks; a follow-up period of 4 weeks; and an extended follow-up period of 6 months.; WP1302 1200μg [ACTIVE_COMPARATOR]: Drug: WP1302, Combination Product: methimazole — After screening, eligible subjects will be randomized to treatment at a ratio (stratified by size of goiter \[grade 0 or 1; grade 2\], WHO classification) of 1:1:1:1 to either any group of MMI with WP1302 at a dose of 400 μg, 800 μg, or 1200 μg, or the group of MMI with placebo.

The study consists of up to 5 periods: a screening period of up to 2 weeks; a WP1302 or placebo titration with MMI period of 12 weeks; a Full dose of WP1302 or placebo with MMI tapering period of 26 weeks; a follow-up period of 4 weeks; and an extended follow-up period of 6 months.; WP1302 Placebo [PLACEBO_COMPARATOR]: Drug: WP1302 placebo, Combination Product: methimazole — After screening, eligible subjects will be randomized to treatment at a ratio (stratified by size of goiter \[grade 0 or 1; grade 2\], WHO classification) of 1:1:1:1 to either any group of MMI with WP1302 at a dose of 400 μg, 800 μg, or 1200 μg, or the group of MMI with placebo.

The study consists of up to 5 periods: a screening period of up to 2 weeks; a WP1302 or placebo titration with MMI period of 12 weeks; a Full dose of WP1302 or placebo with MMI tapering period of 26 weeks; a follow-up period of 4 weeks; and an extended follow-up period of 6 months.","WP1302 [DRUG]: Each arm will be treated with methimazole. During the MMI tapering period, commences the MMI weaning by reducing the original dosage by 50%. This adjusted dose is to be administered over a two-week duration. Continue this dose reduction in the subsequent 2-week durations until achieving a dose of 2.5 mg/day or lower. Upon reaching this threshold, MMI is to be discontinued (withdrawal).; WP1302 placebo [DRUG]: Each arm will be treated with methimazole. During the MMI tapering period, commences the MMI weaning by reducing the original dosage by 50%. This adjusted dose is to be administered over a two-week duration. Continue this dose reduction in the subsequent 2-week durations until achieving a dose of 2.5 mg/day or lower. Upon reaching this threshold, MMI is to be discontinued (withdrawal).; methimazole [COMBINATION_PRODUCT]: Each arm will be treated with methimazole. During the MMI tapering period, commences the MMI weaning by reducing the original dosage by 50%. This adjusted dose is to be administered over a two-week duration. Continue this dose reduction in the subsequent 2-week durations until achieving a dose of 2.5 mg/day or lower. Upon reaching this threshold, MMI is to be discontinued (withdrawal).; Arm WP1302 400μg: After screening, eligible subjects will be randomized to treatment at a ratio (stratified by size of goiter \[grade 0 or 1; grade 2\], WHO classification) of 1:1:1:1 to either any group of MMI with WP1302 at a dose of 400 μg, 800 μg, or 1200 μg, or the group of MMI with placebo.

The study consists of up to 5 periods: a screening period of up to 2 weeks; a WP1302 or placebo titration with MMI period of 12 weeks; a Full dose of WP1302 or placebo with MMI tapering period of 26 weeks; a follow-up period of 4 weeks; and an extended follow-up period of 6 months.; Arm WP1302 800μg: After screening, eligible subjects will be randomized to treatment at a ratio (stratified by size of goiter \[grade 0 or 1; grade 2\], WHO classification) of 1:1:1:1 to either any group of MMI with WP1302 at a dose of 400 μg, 800 μg, or 1200 μg, or the group of MMI with placebo.

The study consists of up to 5 periods: a screening period of up to 2 weeks; a WP1302 or placebo titration with MMI period of 12 weeks; a Full dose of WP1302 or placebo with MMI tapering period of 26 weeks; a follow-up period of 4 weeks; and an extended follow-up period of 6 months.; Arm WP1302 1200μg: After screening, eligible subjects will be randomized to treatment at a ratio (stratified by size of goiter \[grade 0 or 1; grade 2\], WHO classification) of 1:1:1:1 to either any group of MMI with WP1302 at a dose of 400 μg, 800 μg, or 1200 μg, or the group of MMI with placebo.

The study consists of up to 5 periods: a screening period of up to 2 weeks; a WP1302 or placebo titration with MMI period of 12 weeks; a Full dose of WP1302 or placebo with MMI tapering period of 26 weeks; a follow-up period of 4 weeks; and an extended follow-up period of 6 months.; Arm WP1302 Placebo: After screening, eligible subjects will be randomized to treatment at a ratio (stratified by size of goiter \[grade 0 or 1; grade 2\], WHO classification) of 1:1:1:1 to either any group of MMI with WP1302 at a dose of 400 μg, 800 μg, or 1200 μg, or the group of MMI with placebo.

The study consists of up to 5 periods: a screening period of up to 2 weeks; a WP1302 or placebo titration with MMI period of 12 weeks; a Full dose of WP1302 or placebo with MMI tapering period of 26 weeks; a follow-up period of 4 weeks; and an extended follow-up period of 6 months.",Registry-defined; verify per protocol,WP1302 400μg; WP1302 800μg; WP1302 1200μg; WP1302 Placebo,Relapse rate,"Replase time; Number of participants with treatment-related adverse events as assessed by CTCAE v5.0; Total T3, free T4, and TSH levels; Pharmacokinetics (PK) parameters (AUC, Cmax); Incidence of anti-drug antibodies (ADAs)",Protocol-defined,No posted in-scope efficacy result at cutoff.,No manually curated public result at cutoff.,Not established from posted results.,NR (no result-linked publication URL identified at data cut),Official registry protocol,ClinicalTrials.gov; NCT06240455,official_registry_full_record,2026-09-10,Not feasible to recruit suitable subjects; named investigational disease-directed asset; comparator treatment does not determine asset class,WP1302; WP1302 placebo; methimazole,RANDOMIZED,No,Not feasible to recruit suitable subjects,Protocol identifies randomized allocation; no posted participant flow at data cut,No posted ClinicalTrials.gov results at frozen data cut,2026-09-10,2.0.0
NCT06540469,ClinicalTrials.gov,https://clinicaltrials.gov/study/NCT06540469,Dietary iodine supplementation; Dietary iodine restriction; Methimazole / antithyroid drug,Iodine Supplementation in Whole Course of Treatment with ATDs; Iodine Supplementation During Maintenance Treatment with ATDs; Iodine Restriction in Whole Course of Treatment with ATDs; anti-Thyroid Drugs,Shandong Provincial Hospital,Shandong Provincial Hospital,GD / autoimmune hyperthyroidism,Dietary iodine modulation; Antithyroid drug,NA,NOT_YET_RECRUITING,2024-08-01,2027-07-31,NR (study locations not reported),Adults primary,not_applicable,315,NR (randomized N not posted; enrollment not substituted),NA (no posted results at data cut),RANDOMIZED PARALLEL,NONE,"Iodine Supplementation in Whole Course of Treatment with ATDs [EXPERIMENTAL]: Dietary Supplement: Iodine Supplementation in Whole Course of Treatment with ATDs, Drug: anti-Thyroid Drugs; Iodine Supplementation During Maintenance Treatment with ATDs [EXPERIMENTAL]: Dietary Supplement: Iodine Supplementation During Maintenance Treatment with ATDs, Drug: anti-Thyroid Drugs; Iodine Restriction in Whole Course of Treatment with ATDs [OTHER]: Dietary Supplement: Iodine Restriction in Whole Course of Treatment with ATDs, Drug: anti-Thyroid Drugs","Iodine Supplementation in Whole Course of Treatment with ATDs [DIETARY_SUPPLEMENT]: Moderate iodine supplementation (150μg iodine per day, equivalently 7-9g iodized salt per day) will be taken from ATDs treatment starting until 1 year after ATDs withdrawal.; Iodine Supplementation During Maintenance Treatment with ATDs [DIETARY_SUPPLEMENT]: Iodine restriction (non-iodized salt and low iodine diet) will be demanded at the early course of ATDs treatment, and moderate iodine supplementation (150μg iodine per day, equivalently 7-9g iodized salt per day) will be taken when the ATDs dose is titrated down to a maintenance level until 1 year after ATDs withdrawal.; Iodine Restriction in Whole Course of Treatment with ATDs [DIETARY_SUPPLEMENT]: Iodine restriction (non-iodized salt and low iodine diet) will be demanded from ATDs treatment starting until 1 year after ATDs withdrawal.; anti-Thyroid Drugs [DRUG]: Individualized methimazole (MMI)",Registry-defined; verify per protocol,NR (randomized comparator arm not explicitly typed in registry),Remission rate of hyperthyroidism,"Duration from initiation to withdrawal of ATDs; Duration from initiation of ATDs to thyroid function (including serum FT3, FT4 and TSH) normalization; Duration from initiation of ATDs to serum FT3 and FT4 normalization; Quality of life (QOL) in patients with Graves' hyperthyroidism; Adverse effects rate of ATDs treatment",Protocol-defined,No posted in-scope efficacy result at cutoff.,No manually curated public result at cutoff.,Not established from posted results.,NR (no result-linked publication URL identified at data cut),Official registry protocol,ClinicalTrials.gov; NCT06540469,official_registry_full_record,2026-09-10,disease-directed drug/biologic/supplement trial,Iodine Supplementation in Whole Course of Treatment with ATDs; Iodine Supplementation During Maintenance Treatment with ATDs; Iodine Restriction in Whole Course of Treatment with ATDs; anti-Thyroid Drugs,RANDOMIZED,No,"NA (study not reported as terminated, withdrawn, or suspended)",Protocol identifies randomized allocation; no posted participant flow at data cut,No posted ClinicalTrials.gov results at frozen data cut,2026-09-10,2.0.0
NCT06727604,ClinicalTrials.gov,https://clinicaltrials.gov/study/NCT06727604,IMVT-1402,NR (no additional alias),Immunovant Sciences GmbH,Immunovant Sciences GmbH,GD / autoimmune hyperthyroidism,FcRn inhibition,PHASE2,RECRUITING,2024-12-17,2028-06,Belgium; Georgia; Germany; Hungary; Italy; Poland; Puerto Rico; Spain; United Kingdom; United States,Adults primary,not_applicable,240,NR (randomized N not posted; enrollment not substituted),NA (no posted results at data cut),RANDOMIZED PARALLEL,DOUBLE,Group 1 Period 1 and 2: IMVT-1402 [EXPERIMENTAL]: Drug: IMVT-1402; Group 2 Period 1 and 2: IMVT-1402 [EXPERIMENTAL]: Drug: IMVT-1402; Group 2 Period 1: IMVT-1402 and Period 2: Placebo [EXPERIMENTAL]: Drug: IMVT-1402; Group 3 Period 1 and 2: Placebo [PLACEBO_COMPARATOR]: Drug: Placebo,IMVT-1402 [DRUG]: 600 mg SC QW for 52 weeks; IMVT-1402 [DRUG]: 600 mg SC QW for 26 weeks followed by Placebo SC QW for 26 weeks; Placebo [DRUG]: SC QW for 52 weeks,Registry-defined; verify per protocol,Group 3 Period 1 and 2: Placebo,"Percentage of participants who are euthyroid (local laboratory T3 [Total T3 or FT3], FT4, and TSH values within normal limits) and off ATD at Week 26","Percentage of participants who are euthyroid and off ATD at Week 52; Percentage of participants who are euthyroid, off ATD, and seronegative for TRAb at Week 52; Percentage of participants who are euthyroid and off ATD at Week 52 and remain euthyroid, off IMVT-1402, and off ATD for 6 months from Week 52 to Week 78; Percentage of participants who are euthyroid and off ATD at Week 52 and remain euthyroid, off IMVT-1402, and off ATD for 12 months from Week 52 to Week 104; Percentage of participants who have a TRAb value a specified amount and are euthyroid and off ATD at Week 26 and remain euthyroid, off IMVT-1402, and off ATD for 6 months from Week 26 to Week 52",Protocol-defined,No posted in-scope efficacy result at cutoff.,No manually curated public result at cutoff.,Not established from posted results.,NR (no result-linked publication URL identified at data cut),Official registry protocol,ClinicalTrials.gov; NCT06727604,official_registry_full_record,2026-09-10,disease-directed drug/biologic/supplement trial,IMVT-1402; Placebo,RANDOMIZED,No,"NA (study not reported as terminated, withdrawn, or suspended)",Protocol identifies randomized allocation; no posted participant flow at data cut,No posted ClinicalTrials.gov results at frozen data cut,2026-09-10,2.0.0
NCT06980649,ClinicalTrials.gov,https://clinicaltrials.gov/study/NCT06980649,BHV-1300,NR (no additional alias),Biohaven Therapeutics Ltd.,Biohaven Therapeutics Ltd.,GD / autoimmune hyperthyroidism,IgG-directed extracellular protein degradation,PHASE1,RECRUITING,2025-08-21,2027-09,Australia; United States,Adults primary,not_applicable,15,NA (not randomized),NA (no posted results at data cut),NA SINGLE_GROUP,NONE,BHV-1300 [EXPERIMENTAL]: Drug: BHV-1300,BHV-1300 [DRUG]: BHV-1300 is delivered subcutaneously (SC),Registry-defined; verify per protocol,NA (no comparator arm identified),"Number of participants with Serious AEs (SAEs), AEs leading to discontinuation, deaths; Number of participants with Grade 3-4 (CTCAE/DAIDS) treatment-emergent laboratory abnormalities",NA (no secondary endpoint reported),Protocol-defined,No posted in-scope efficacy result at cutoff.,No manually curated public result at cutoff.,Not established from posted results.,NR (no result-linked publication URL identified at data cut),Official registry protocol,ClinicalTrials.gov; NCT06980649,official_registry_full_record,2026-09-10,disease-directed drug/biologic/supplement trial,BHV-1300,NA,No,"NA (study not reported as terminated, withdrawn, or suspended)",Registry allocation=NA,No posted ClinicalTrials.gov results at frozen data cut,2026-09-10,2.0.0
NCT07018323,ClinicalTrials.gov,https://clinicaltrials.gov/study/NCT07018323,IMVT-1402,NR (no additional alias),Immunovant Sciences GmbH,Immunovant Sciences GmbH,GD / autoimmune hyperthyroidism,FcRn inhibition,PHASE2,RECRUITING,2025-06-19,2027-05,Australia; Brazil; Bulgaria; Chile; Czechia; Georgia; Greece; Israel; Italy; Japan; Latvia; Netherlands; New Zealand; Poland; South Korea; Spain; United Kingdom; United States,Adults primary,not_applicable,210,NR (randomized N not posted; enrollment not substituted),NA (no posted results at data cut),RANDOMIZED PARALLEL,DOUBLE,IMVT-1402 Dose 1 [EXPERIMENTAL]: Drug: IMVT-1402; IMVT-1402 Dose 2 [EXPERIMENTAL]: Drug: IMVT-1402; Placebo [PLACEBO_COMPARATOR]: Drug: Placebo,IMVT-1402 [DRUG]: Dose 1 for 26 weeks; IMVT-1402 [DRUG]: Dose 2 for 26 weeks; Placebo [DRUG]: For 26 weeks,Registry-defined; verify per protocol,Placebo,Percentage of participants who are euthyroid and off ATD at Week 26 (Dose 1),"Percentage of participants who have triiodothyronine (T3) (Total of T3 or free triiodothyronine [FT3]) and free thyroxine (FT4) ≤ upper limit of normal (ULN) and are off ATD at Week 26 (Dose 1); Percentage of participants who are euthyroid, off ATD, and seronegative at Week 26 (Dose 1); Percentage of participants who are euthyroid and off ATD at Week 26 (Dose 2); Percentage of participants who have T3 (Total T3 or FT3) and FT4 ≤ ULN and are off ATD at Week 26 (Dose 2); Percentage of participants who are euthyroid, off ATD, and seronegative (Dose 2)",Protocol-defined,No posted in-scope efficacy result at cutoff.,No manually curated public result at cutoff.,Not established from posted results.,NR (no result-linked publication URL identified at data cut),Official registry protocol,ClinicalTrials.gov; NCT07018323,official_registry_full_record,2026-09-10,disease-directed drug/biologic/supplement trial,IMVT-1402; Placebo,RANDOMIZED,No,"NA (study not reported as terminated, withdrawn, or suspended)",Protocol identifies randomized allocation; no posted participant flow at data cut,No posted ClinicalTrials.gov results at frozen data cut,2026-09-10,2.0.0
NCT07129642,ClinicalTrials.gov,https://clinicaltrials.gov/study/NCT07129642,Allogeneic CD19/BCMA CAR-T,Allogeneic CAR-T,Shanghai Zhongshan Hospital,Shanghai Zhongshan Hospital,GD / autoimmune hyperthyroidism,CD19/BCMA-directed CAR-T,EARLY_PHASE1,RECRUITING,2025-08-10,2026-12-31,China,Adults primary,not_applicable,5,NA (not randomized),NA (no posted results at data cut),NA SINGLE_GROUP,NONE,Intervention Arm [EXPERIMENTAL]: Biological: Allogeneic CAR-T,Allogeneic CAR-T [BIOLOGICAL]: The participants will receive one dose of allogeneic CAR-T,Registry-defined; verify per protocol,NA (no comparator arm identified),Remission of Graves disease; Incidence of Adverse Events,Anti-Thyrotropin receptor antibody (TRAb); Thyroid stimulating immunoglobulin (TSI); thyroid peroxidase antibody (TPOAb); Thyroglobulin antibody (TgAb); Thyroid volume,Protocol-defined,No posted in-scope efficacy result at cutoff.,No manually curated public result at cutoff.,Not established from posted results.,NR (no result-linked publication URL identified at data cut),Official registry protocol,ClinicalTrials.gov; NCT07129642,official_registry_full_record,2026-09-10,disease-directed drug/biologic/supplement trial,Allogeneic CAR-T,NA,No,"NA (study not reported as terminated, withdrawn, or suspended)",Registry allocation=NA,No posted ClinicalTrials.gov results at frozen data cut,2026-09-10,2.0.0
NCT07164079,ClinicalTrials.gov,https://clinicaltrials.gov/study/NCT07164079,Black tea/blackberry root,blackberry root; black tea,Betul Uner,Betul Uner,GD / autoimmune hyperthyroidism,Nutritional/herbal adjunct,NA,COMPLETED,2024-12-12,2026-06-12,Turkey (Türkiye),Adults primary,not_applicable,42,NR (randomized N not posted; enrollment not substituted),NA (no posted results at data cut),RANDOMIZED PARALLEL,SINGLE,"Blackberry root group [EXPERIMENTAL]: Dietary Supplement: blackberry root — Patients in the intervention group will receive a Rubus Sanctus root extract, which they will consume with breakfast for 8 weeks.; Black Tea group [PLACEBO_COMPARATOR]: Dietary Supplement: black tea — Patients with Graves' disease assigned to the control group will be asked to consume black tea (Camellia sinensis) with their breakfast for 8 weeks.","blackberry root [DIETARY_SUPPLEMENT]: Patients in the intervention group will receive a Rubus Sanctus root extract, which they will consume with breakfast for 8 weeks. The tea will be packaged as 5 grams of Rubus Sanctus root and steeped in 200 ml of water at 80°C for 5 minutes. Participants in the intervention group will receive the Rubus Sanctus root tea along with the necessary equipment (a 200 ml beaker and thermometer). Measurements of TSH, T4, T3, anti-TPO, anti-TG, TSH receptor antibodies, liver function tests, thyroid parenchymal echogenicity, and thyroid volume will be taken at the Endocrinology and Metabolic Diseases Clinic of Muğla Training and Research Hospital before and after the study.; black tea [DIETARY_SUPPLEMENT]: Patients with Graves' disease assigned to the control group will be asked to consume black tea (Camellia sinensis) with their breakfast for 8 weeks. Black tea is a product consumed almost daily in Turkish society. Black tea will be prepared in 5-g doses and steeped in 200 ml of water at 80°C for 5 minutes. Participants in the control group will be provided with black tea bags along with the necessary equipment (a 200 ml beaker and thermometer). TSH, T4, T3, anti-TPO, anti-TG, TSH receptor antibody, liver function tests, thyroid parenchymal echogenicity, and thyroid volume will be obtained before and after the study at the Endocrinology and Metabolic Diseases Clinic of Muğla Training and Research Hospital.; Arm Blackberry root group: Patients in the intervention group will receive a Rubus Sanctus root extract, which they will consume with breakfast for 8 weeks.; Arm Black Tea group: Patients with Graves' disease assigned to the control group will be asked to consume black tea (Camellia sinensis) with their breakfast for 8 weeks.",Registry-defined; verify per protocol,Black Tea group,Effect of Rubus sanctus root on thyroid hormones; Effect of Rubus sanctus use on disease-related autoimmune markers; Determination of anatomical and structural changes in the thyroid gland due to the use of Rubus sanctus,NA (no secondary endpoint reported),Protocol-defined,No posted in-scope efficacy result at cutoff.,No manually curated public result at cutoff.,Not established from posted results.,https://pubmed.ncbi.nlm.nih.gov/26131218/; https://pubmed.ncbi.nlm.nih.gov/34221089/; https://doi.org/10.1155/2021/6690646,Official registry protocol,ClinicalTrials.gov; NCT07164079,official_registry_full_record,2026-09-10,disease-directed drug/biologic/supplement trial,blackberry root; black tea,RANDOMIZED,No,"NA (study not reported as terminated, withdrawn, or suspended)",Protocol identifies randomized allocation; no posted participant flow at data cut,No posted ClinicalTrials.gov results at frozen data cut,2026-09-10,2.0.0
NCT07261345,ClinicalTrials.gov,https://clinicaltrials.gov/study/NCT07261345,Allogeneic CD19/BCMA CAR-T,allogenic anti-CD19/BCMA CAR-T,Shanghai Zhongshan Hospital,Shanghai Zhongshan Hospital,GD / autoimmune hyperthyroidism,CD19/BCMA-directed CAR-T,EARLY_PHASE1,RECRUITING,2025-12-19,2027-12,China,Adults primary,not_applicable,4,NA (not randomized),NA (no posted results at data cut),NA SINGLE_GROUP,NONE,Intervention Arm [EXPERIMENTAL]: Biological: allogenic anti-CD19/BCMA CAR-T — Participants will receive a single dose of allogenic anti-CD19/BCMA CAR-T (RD06-05).,allogenic anti-CD19/BCMA CAR-T [BIOLOGICAL]: Participants will receive a single infusion of allogenic anti-CD19/BCMA CAR-T (RD06-05).; Arm Intervention Arm: Participants will receive a single dose of allogenic anti-CD19/BCMA CAR-T (RD06-05).,Registry-defined; verify per protocol,NA (no comparator arm identified),Incidence and severity of treatment-emergent adverse events (AEs); Remission of Graves' disease,Proportion of participants with ≥50% reduction of anti-thyrotropin receptor antibody (TRAb); Proportion of participants with ≥50% reduction of thyroid stimulating immunoglobulin (TSI); Change of TRAb levels compared to baseline; Change of TSI levels compared to baseline; Change of thyroid gland volume compared to baseline,Protocol-defined,No posted in-scope efficacy result at cutoff.,No manually curated public result at cutoff.,Not established from posted results.,NR (no result-linked publication URL identified at data cut),Official registry protocol,ClinicalTrials.gov; NCT07261345,official_registry_full_record,2026-09-10,disease-directed drug/biologic/supplement trial,allogenic anti-CD19/BCMA CAR-T,NA,No,"NA (study not reported as terminated, withdrawn, or suspended)",Registry allocation=NA,No posted ClinicalTrials.gov results at frozen data cut,2026-09-10,2.0.0
NCT07286006,ClinicalTrials.gov,https://clinicaltrials.gov/study/NCT07286006,IMVT-1402,NR (no additional alias),Immunovant Sciences GmbH,Immunovant Sciences GmbH,GD / autoimmune hyperthyroidism,FcRn inhibition,PHASE2,ENROLLING_BY_INVITATION,2026-01-26,2030-03,Australia; Bulgaria; Czechia; Latvia; Poland; South Korea; United States,Adults primary,not_applicable,372,NA (not randomized),NA (no posted results at data cut),NON_RANDOMIZED PARALLEL,NONE,Group A [EXPERIMENTAL]: Drug: IMVT-1402; Group B [NO_INTERVENTION]; Group C [NO_INTERVENTION],IMVT-1402 [DRUG]: Dose 1 for up to 52 weeks,Registry-defined; verify per protocol,Group B; Group C,"Percentage of Group A Participants who remain euthyroid, Off ATD, and Off IMVT-1402","Percentage of Group A Participants who are euthyroid and off ATD; Percentage of Group A Participants who are euthyroid and off ATD; Percentage of Group A Participants who are euthyroid, off ATD, and off IMVT-1402; Time to earliest date of euthyroidism, off ATD, and off IMVT-1402 to the earliest date of confirmed relapse in Group A Participants; Percentage of Group B Participants who remain euthyroid, off ATD, and off IMVT-1402",Protocol-defined,No posted in-scope efficacy result at cutoff.,No manually curated public result at cutoff.,Not established from posted results.,NR (no result-linked publication URL identified at data cut),Official registry protocol,ClinicalTrials.gov; NCT07286006,official_registry_full_record,2026-09-10,disease-directed drug/biologic/supplement trial,IMVT-1402,NON_RANDOMIZED,No,"NA (study not reported as terminated, withdrawn, or suspended)",Registry allocation=NON_RANDOMIZED,No posted ClinicalTrials.gov results at frozen data cut,2026-09-10,2.0.0
NCT07286656,ClinicalTrials.gov,https://clinicaltrials.gov/study/NCT07286656,GenSci098 / YB-101,GenSci098,"Changchun GeneScience Pharmaceutical Co., Ltd.","Changchun GeneScience Pharmaceutical Co., Ltd.",GD / autoimmune hyperthyroidism,TSHR blockade/antagonism,PHASE1,RECRUITING,2025-11-21,2026-10-28,China,Adults primary,not_applicable,24,NA (not randomized),NA (no posted results at data cut),NA SEQUENTIAL,NONE,GenSci098 [EXPERIMENTAL]: Drug: GenSci098,"GenSci098 [DRUG]: * Administration: Only one dose of GenSci098 will be given.
* Route of Administration: Subcutaneous (injected under the skin).
* Dose Levels: • Dose 1 • Dose 2• Dose 3• Dose 4",Registry-defined; verify per protocol,NA (no comparator arm identified),"Incidence and severity of adverse events (AEs) (physical examination, vital signs, laboratory tests, 12-lead electrocardiogram [ECG]).",NA (no secondary endpoint reported),Protocol-defined,No posted in-scope efficacy result at cutoff.,No manually curated public result at cutoff.,Not established from posted results.,NR (no result-linked publication URL identified at data cut),Official registry protocol,ClinicalTrials.gov; NCT07286656,official_registry_full_record,2026-09-10,direct TSHR/anti-TSHR or TSHR-antigen-specific program in the core R&D scope,GenSci098,NA,No,"NA (study not reported as terminated, withdrawn, or suspended)",Registry allocation=NA,No posted ClinicalTrials.gov results at frozen data cut,2026-09-10,2.0.0
NCT07305818,ClinicalTrials.gov,https://clinicaltrials.gov/study/NCT07305818,MER511,MER511 (IV); MER511 (SC); MER511 (SC) for MAD,Merida Biosciences,Merida Biosciences,GD / autoimmune hyperthyroidism,Direct anti-TSHR autoantibody clearance and source suppression,PHASE1,RECRUITING,2025-12-19,2028-07-24,Spain; United States,Adults primary,not_applicable,100,NR (randomized N not posted; enrollment not substituted),NA (no posted results at data cut),RANDOMIZED SEQUENTIAL,DOUBLE,"Part A (SAD) MER511 IV [EXPERIMENTAL]: Biological: MER511 (IV) — For Cohorts 1-7 , each cohort participant will receive a single ascending dose of MER511 via IV administration on Day 1; Part A (SAD) placebo IV [PLACEBO_COMPARATOR]: Biological: Placebo comparator (IV) — For Cohorts 1-7, each cohort participant will receive a single dose of placebo via IV administration on Day 1; Part A (SAD) MER511 SC [EXPERIMENTAL]: Biological: MER511 (SC) — For Cohort 8, participants will receive a single dose of MER511 (determined from Cohort 1-7) via SC administration on Day 1; Part A (SAD) placebo SC [PLACEBO_COMPARATOR]: Biological: Placebo comparator (SC) — For Cohort 8, participants will receive a single dose of placebo (determined from Cohort 1-7) via SC administration on Day 1; Part B (MAD) MER511 SC [EXPERIMENTAL]: Biological: MER511 (SC) for MAD — Up to 3 cohorts of participants will receive multiple ascending doses of MER511 via SC administration assigned for their cohort on Day 1 and Day 29; - Part B (MAD) placebo SC [PLACEBO_COMPARATOR]: Biological: Placebo comparator (SC) for MAD — Up to 3 cohorts of participants will receive multiple doses of placebo via SC administration assigned for their cohort on Day 1 and Day 29","MER511 (IV) [BIOLOGICAL]: Participants will receive a single dose of MER511 on Day 1; Placebo comparator (IV) [BIOLOGICAL]: Participants will receive a single dose of Placebo on Day 1; MER511 (SC) [BIOLOGICAL]: Participants will receive a single dose of MER511 on Day 1; Placebo comparator (SC) [BIOLOGICAL]: Participants will receive a single dose of Placebo on Day 1; MER511 (SC) for MAD [BIOLOGICAL]: Participants will receive multiple ascending doses of MER511 via SC administration assigned for their cohort on Day 1 and Day 29; Placebo comparator (SC) for MAD [BIOLOGICAL]: Participants will receive multiple doses of placebo via SC administration assigned for their cohort on Day 1 and Day 29; Arm Part A (SAD) MER511 IV: For Cohorts 1-7 , each cohort participant will receive a single ascending dose of MER511 via IV administration on Day 1; Arm Part A (SAD) placebo IV: For Cohorts 1-7, each cohort participant will receive a single dose of placebo via IV administration on Day 1; Arm Part A (SAD) MER511 SC: For Cohort 8, participants will receive a single dose of MER511 (determined from Cohort 1-7) via SC administration on Day 1; Arm Part A (SAD) placebo SC: For Cohort 8, participants will receive a single dose of placebo (determined from Cohort 1-7) via SC administration on Day 1; Arm Part B (MAD) MER511 SC: Up to 3 cohorts of participants will receive multiple ascending doses of MER511 via SC administration assigned for their cohort on Day 1 and Day 29; Arm - Part B (MAD) placebo SC: Up to 3 cohorts of participants will receive multiple doses of placebo via SC administration assigned for their cohort on Day 1 and Day 29",Registry-defined; verify per protocol,Part A (SAD) placebo IV; Part A (SAD) placebo SC; - Part B (MAD) placebo SC,"Number of participants with TEAEs (Treatment-emergent adverse events); Number of participants with clinically significant changes in ECGs, vital signs, clinical laboratory values, and physical examination",Serum Cmax (Maximum observed concentration); Serum tmax (Time to maximum concentration); Serum AUCinf (area under concentration-time curve from time zero to infinity); Serum AUC0-tau (area under concentration-time curve during the dosing interval); Number of participants with ADAs (Anti-drug antibody),Protocol-defined,No posted in-scope efficacy result at cutoff.,No manually curated public result at cutoff.,Not established from posted results.,NR (no result-linked publication URL identified at data cut),Official registry protocol,ClinicalTrials.gov; NCT07305818,official_registry_full_record,2026-09-10,direct TSHR/anti-TSHR or TSHR-antigen-specific program in the core R&D scope,MER511 (IV); Placebo comparator (IV); MER511 (SC); Placebo comparator (SC); MER511 (SC) for MAD; Placebo comparator (SC) for MAD,RANDOMIZED,No,"NA (study not reported as terminated, withdrawn, or suspended)",Protocol identifies randomized allocation; no posted participant flow at data cut,No posted ClinicalTrials.gov results at frozen data cut,2026-09-10,2.0.0
NCT07333677,ClinicalTrials.gov,https://clinicaltrials.gov/study/NCT07333677,HN2301 in-vivo CAR-T,In Vivo CAR-T Therapy | HN2301,Shanghai Zhongshan Hospital,Shanghai Zhongshan Hospital,GD / autoimmune hyperthyroidism,In-vivo CD19/BCMA-directed CAR-T,EARLY_PHASE1,RECRUITING,2026-01-29,2027-06,China,Adults primary,not_applicable,5,NA (not randomized),NA (no posted results at data cut),NA SINGLE_GROUP,NONE,In Vivo CAR-T Therapy for Refractory Graves' Disease [EXPERIMENTAL]: Biological: In Vivo CAR-T Therapy — Participants with refractory Graves' disease will receive three to five intraveneous administrations of In Vivo CAR-T (HN2301).,"In Vivo CAR-T Therapy [BIOLOGICAL]: Participants will receive 3 to 5 intravenous administrations of HN2301, given once every 2 days, according to the study dosing regimen.; Arm In Vivo CAR-T Therapy for Refractory Graves' Disease: Participants with refractory Graves' disease will receive three to five intraveneous administrations of In Vivo CAR-T (HN2301).",Registry-defined; verify per protocol,NA (no comparator arm identified),Incidence and severity of Adverse Events (AEs); Remission of Graves' disease,Proportion of participants with ≥50% reduction of anti-thyrotropin receptor antibody (TRAb); Proportion of participants with ≥50% reduction of thyroid stimulating immunoglobulin (TSI); Change of TRAb levels compared to baseline; Change of TSI levels compared to baseline; Change of thyroid gland volume compared to baseline,Protocol-defined,No posted in-scope efficacy result at cutoff.,No manually curated public result at cutoff.,Not established from posted results.,NR (no result-linked publication URL identified at data cut),Official registry protocol,ClinicalTrials.gov; NCT07333677,official_registry_full_record,2026-09-10,disease-directed drug/biologic/supplement trial,In Vivo CAR-T Therapy,NA,No,"NA (study not reported as terminated, withdrawn, or suspended)",Registry allocation=NA,No posted ClinicalTrials.gov results at frozen data cut,2026-09-10,2.0.0
NCT07570316,ClinicalTrials.gov,https://clinicaltrials.gov/study/NCT07570316,Efgartigimod PH20 SC,NR (no additional alias),argenx,argenx,GD / autoimmune hyperthyroidism,FcRn inhibition,PHASE3,RECRUITING,2026-06-10,2028-06,Georgia; United States,Adults primary,not_applicable,230,NR (randomized N not posted; enrollment not substituted),NA (no posted results at data cut),RANDOMIZED PARALLEL,QUADRUPLE,Part A - efgartigimod PH20 SC PFS [EXPERIMENTAL]: Biological: Efgartigimod PH20 SC — Participants will receive efgartigimod PH20 SC Via Prefilled Syringe (PFS) during the part A double-blinded treatment period.; Part A - placebo PH20 SC PFS [PLACEBO_COMPARATOR]: Other: Placebo PH20 SC — Participants will receive placebo PH20 SC Via Prefilled Syringe (PFS) during the part A double-blinded treatment period.; Part B - efgartigimod PH20 SC PFS [EXPERIMENTAL]: Biological: Efgartigimod PH20 SC — Participants will receive efgartigimod PH20 SC Via Prefilled Syringe (PFS) during the part B treatment period.; Part B - placebo PH20 SC PFS [EXPERIMENTAL]: Other: Placebo PH20 SC — Participants will receive placebo PH20 SC Via Prefilled Syringe (PFS) during the part B treatment period.; Part C - efgartigimod PH20 SC PFS [EXPERIMENTAL]: Biological: Efgartigimod PH20 SC — Participants will receive efgartigimod PH20 SC PFS in the part C open-label treatment period,Efgartigimod PH20 SC [BIOLOGICAL]: Subcutaneous injection of Efgartigimod PH20 Via Prefilled Syringe (PFS); Placebo PH20 SC [OTHER]: Subcutaneous injection of placebo PH20 via Prefilled Syringe (PFS); Arm Part A - efgartigimod PH20 SC PFS: Participants will receive efgartigimod PH20 SC Via Prefilled Syringe (PFS) during the part A double-blinded treatment period.; Arm Part A - placebo PH20 SC PFS: Participants will receive placebo PH20 SC Via Prefilled Syringe (PFS) during the part A double-blinded treatment period.; Arm Part B - efgartigimod PH20 SC PFS: Participants will receive efgartigimod PH20 SC Via Prefilled Syringe (PFS) during the part B treatment period.; Arm Part B - placebo PH20 SC PFS: Participants will receive placebo PH20 SC Via Prefilled Syringe (PFS) during the part B treatment period.; Arm Part C - efgartigimod PH20 SC PFS: Participants will receive efgartigimod PH20 SC PFS in the part C open-label treatment period,Registry-defined; verify per protocol,Part A - placebo PH20 SC PFS,"Percentage of participants who are euthyroid (fT3, fT4, and TSH within normal ranges) off ATDs at week 24 in part A",Time to becoming euthyroid off ATDs in part A; Percentage of participants who are euthyroid and receiving MMI ≤5 mg/day or CBZ ≤7.5 mg/day at week 24 in part A; Percentage of participants with fT3 and fT4 levels below the ULN off ATDs at week 24 in part A; Percentage of participants who are euthyroid off ATDs and TRAb seronegative at week 24 in part A; Time to becoming euthyroid off ATDs and TRAb seronegative,Protocol-defined,No posted in-scope efficacy result at cutoff.,No manually curated public result at cutoff.,Not established from posted results.,NR (no result-linked publication URL identified at data cut),Official registry protocol,ClinicalTrials.gov; NCT07570316,official_registry_full_record,2026-09-10,disease-directed drug/biologic/supplement trial,Efgartigimod PH20 SC; Placebo PH20 SC,RANDOMIZED,No,"NA (study not reported as terminated, withdrawn, or suspended)",Protocol identifies randomized allocation; no posted participant flow at data cut,No posted ClinicalTrials.gov results at frozen data cut,2026-09-10,2.0.0
NCT07596849,ClinicalTrials.gov,https://clinicaltrials.gov/study/NCT07596849,Efgartigimod PH20 SC,NR (no additional alias),argenx,argenx,GD / autoimmune hyperthyroidism,FcRn inhibition,PHASE3,RECRUITING,2026-06-10,2028-06,Canada; Georgia; Japan,Adults primary,not_applicable,230,NR (randomized N not posted; enrollment not substituted),NA (no posted results at data cut),RANDOMIZED PARALLEL,QUADRUPLE,"Part A - efgartigimod PH20 SC PFS [EXPERIMENTAL]: Biological: efgartigimod PH20 SC — Participants will receive efgartigimod PH20 SC Via Prefilled Syringe (PFS) during the part A double-blinded treatment period.; Part A - placebo PH20 SC PFS [PLACEBO_COMPARATOR]: Other: Placebo PH20 SC — Participants will receive placebo PH20 SC Via Prefilled Syringe (PFS) during the part A double-blinded treatment period.; Part B - efgartigimod PH20 SC PFS [EXPERIMENTAL]: Biological: efgartigimod PH20 SC — Participants will receive efgartigimod PH20 SC Via Prefilled Syringe (PFS) during the part B treatment period.; Part B - placebo PH20 SC PFS [EXPERIMENTAL]: Other: Placebo PH20 SC — Participants will receive placebo PH20 SC Via Prefilled Syringe (PFS) during the part B treatment period.; Part C - efgartigimod PH20 SC PFS [EXPERIMENTAL]: Biological: efgartigimod PH20 SC — Participants, will receive efgartigimod PH20 SC PFS in the part C open-label treatment period","efgartigimod PH20 SC [BIOLOGICAL]: Subcutaneous injection of Efgartigimod PH20 Via Prefilled Syringe (PFS); Placebo PH20 SC [OTHER]: Subcutaneous injection of placebo PH20 via Prefilled Syringe (PFS); Arm Part A - efgartigimod PH20 SC PFS: Participants will receive efgartigimod PH20 SC Via Prefilled Syringe (PFS) during the part A double-blinded treatment period.; Arm Part A - placebo PH20 SC PFS: Participants will receive placebo PH20 SC Via Prefilled Syringe (PFS) during the part A double-blinded treatment period.; Arm Part B - efgartigimod PH20 SC PFS: Participants will receive efgartigimod PH20 SC Via Prefilled Syringe (PFS) during the part B treatment period.; Arm Part B - placebo PH20 SC PFS: Participants will receive placebo PH20 SC Via Prefilled Syringe (PFS) during the part B treatment period.; Arm Part C - efgartigimod PH20 SC PFS: Participants, will receive efgartigimod PH20 SC PFS in the part C open-label treatment period",Registry-defined; verify per protocol,Part A - placebo PH20 SC PFS,"Percentage of participants who are euthyroid (fT3, fT4, and TSH within normal ranges) off ATDs at week 24 in part A",Time to becoming euthyroid off ATDs in part A; Percentage of participants who are euthyroid and receiving MMI ≤5 mg/day or CBZ ≤7.5 mg/day at week 24 in part A; Percentage of participants with fT3 and fT4 levels below the ULN off ATDs at week 24 in part A; Percentage of participants who are euthyroid off ATDs and TRAb seronegative at week 24 in part A; Time to becoming euthyroid off ATDs and TRAb seronegative,Protocol-defined,No posted in-scope efficacy result at cutoff.,No manually curated public result at cutoff.,Not established from posted results.,NR (no result-linked publication URL identified at data cut),Official registry protocol,ClinicalTrials.gov; NCT07596849,official_registry_full_record,2026-09-10,disease-directed drug/biologic/supplement trial,efgartigimod PH20 SC; Placebo PH20 SC,RANDOMIZED,No,"NA (study not reported as terminated, withdrawn, or suspended)",Protocol identifies randomized allocation; no posted participant flow at data cut,No posted ClinicalTrials.gov results at frozen data cut,2026-09-10,2.0.0
NCT07661056,ClinicalTrials.gov,https://clinicaltrials.gov/study/NCT07661056,BHV-1300,NR (no additional alias),Biohaven Therapeutics Ltd.,Biohaven Therapeutics Ltd.,GD / autoimmune hyperthyroidism,IgG-directed extracellular protein degradation,PHASE3,RECRUITING,2026-06-26,2028-01,United States,Adults primary,not_applicable,300,NR (randomized N not posted; enrollment not substituted),NA (no posted results at data cut),RANDOMIZED PARALLEL,QUADRUPLE,BHV-1300 [EXPERIMENTAL]: Drug: BHV-1300 — BHV-1300 is delivered subcutaneously via autoinjector. Participants will be randomized in a 2:1 ratio to receive either BHV-1300 or placebo.; Placebo [PLACEBO_COMPARATOR]: Drug: Placebo — Matching placebo is delivered subcutaneously via autoinjector. Participants will be randomized in a 2:1 ratio to receive either BHV-1300 or placebo.,BHV-1300 [DRUG]: delivered subcutaneously via autoinjector; Placebo [DRUG]: delivered subcutaneously via autoinjector; Arm BHV-1300: BHV-1300 is delivered subcutaneously via autoinjector. Participants will be randomized in a 2:1 ratio to receive either BHV-1300 or placebo.; Arm Placebo: Matching placebo is delivered subcutaneously via autoinjector. Participants will be randomized in a 2:1 ratio to receive either BHV-1300 or placebo.,Registry-defined; verify per protocol,Placebo,"Number of participants on BHV-1300 vs placebo who are not on an antithyroid drug and with normal thyroid function (total T3, free T4 (FT4), & TSH within normal limits) at Week 26.","Number of participants on BHV-1300 vs placebo who are not on an antithyroid drug and with normal thyroid hormone (Total T3 and FT4) at Week 26.; Change from baseline in TRAb (TBII) of participants on BHV-1300 vs placebo at Week 6; Change from baseline in TRAb (TBII) of participants on BHV-1300 vs placebo at Week 26; Exposure-adjusted Cumulative ATD dose, of participants on BHV-1300 vs placebo at Week 26; Time to normal thyroid hormones (defined as Total T3 & FT4 within normal limits) and off ATD of participants on BHV-1300 vs placebo",Protocol-defined,No posted in-scope efficacy result at cutoff.,No manually curated public result at cutoff.,Not established from posted results.,NR (no result-linked publication URL identified at data cut),Official registry protocol,ClinicalTrials.gov; NCT07661056,official_registry_full_record,2026-09-10,disease-directed drug/biologic/supplement trial,BHV-1300; Placebo,RANDOMIZED,No,"NA (study not reported as terminated, withdrawn, or suspended)",Protocol identifies randomized allocation; no posted participant flow at data cut,No posted ClinicalTrials.gov results at frozen data cut,2026-09-10,2.0.0
NCT07682896,ClinicalTrials.gov,https://clinicaltrials.gov/study/NCT07682896,GenSci098 / YB-101,Experimental: YB-101,"Yarrow Bioscience, Inc.","Yarrow Bioscience, Inc.",GD / autoimmune hyperthyroidism,TSHR blockade/antagonism,PHASE2,RECRUITING,2026-06-10,2027-12,Australia; United States,Adults primary,not_applicable,232,NR (randomized N not posted; enrollment not substituted),NA (no posted results at data cut),RANDOMIZED PARALLEL,DOUBLE,"YB-101 [EXPERIMENTAL]: Drug: Experimental: YB-101 — In Part 1, participants will receive YB-101 via subcutaneous injection. Part 2 participants will receive YB-101 via subcutaneous injection.; Placebo YB-101 [PLACEBO_COMPARATOR]: Drug: Placebo YB-101 — In Part 1, participants will receive placebo via subcutaneous injection. Part 2 participants will receive placebo via subcutaneous injection.","Experimental: YB-101 [DRUG]: YB-101 is administered over a 24 week period.; Placebo YB-101 [DRUG]: Placebo will be administered over a 24 week period.; Arm YB-101: In Part 1, participants will receive YB-101 via subcutaneous injection. Part 2 participants will receive YB-101 via subcutaneous injection.; Arm Placebo YB-101: In Part 1, participants will receive placebo via subcutaneous injection. Part 2 participants will receive placebo via subcutaneous injection.",Registry-defined; verify per protocol,Placebo YB-101,"Type and frequency of treatment-emergent adverse events (TEAEs) and treatment-emergent serious adverse events (TESAEs); Proportion of participants with normal free triiodothyronine (FT3), free thyroxine (FT4), and thyroid-stimulating hormone (TSH) who discontinued anti-thyroid drugs (ATDs), regardless of concomitant levothyroxine use",NA (no secondary endpoint reported),Protocol-defined,No posted in-scope efficacy result at cutoff.,No manually curated public result at cutoff.,Not established from posted results.,NR (no result-linked publication URL identified at data cut),Official registry protocol,ClinicalTrials.gov; NCT07682896,official_registry_full_record,2026-09-10,direct TSHR/anti-TSHR or TSHR-antigen-specific program in the core R&D scope,Experimental: YB-101; Placebo YB-101,RANDOMIZED,No,"NA (study not reported as terminated, withdrawn, or suspended)",Protocol identifies randomized allocation; no posted participant flow at data cut,No posted ClinicalTrials.gov results at frozen data cut,2026-09-10,2.0.0
NCT07722546,ClinicalTrials.gov,https://clinicaltrials.gov/study/NCT07722546,Felzartamab,BIIB148 | MOR202 | MOR03087 | TJ202,Biogen,Biogen,GD / autoimmune hyperthyroidism,CD38 plasma-cell depletion,PHASE2,RECRUITING,2026-07-30,2028-01-31,Puerto Rico; United States,Adults primary,not_applicable,60,NR (randomized N not posted; enrollment not substituted),NA (no posted results at data cut),RANDOMIZED PARALLEL,QUADRUPLE,"Placebo [PLACEBO_COMPARATOR]: Drug: Placebo — Participants will receive multiple IV doses of placebo.; Felzartamab or Placebo [EXPERIMENTAL]: Drug: Felzartamab, Drug: Placebo — Participants will receive multiple IV doses of felzartamab or placebo.; Felzartamab [EXPERIMENTAL]: Drug: Felzartamab — Participants will receive multiple IV doses of felzartamab.",Felzartamab [DRUG]: Administered IV; Placebo [DRUG]: Administered IV; Arm Placebo: Participants will receive multiple IV doses of placebo.; Arm Felzartamab or Placebo: Participants will receive multiple IV doses of felzartamab or placebo.; Arm Felzartamab: Participants will receive multiple IV doses of felzartamab.,Registry-defined; verify per protocol,Placebo,Percentage of Participants who are Euthyroid and off Anti-Thyroid Drugs (ATD) at Week 24,Percentage of Participants who Have Down-Titrated to ≤ 50% of Their Baseline ATD and are Euthyroid at Week 12 and Week 24; Percentage of Participants who are Euthyroid at Week 12 and Week 24; Change From Baseline in Free Triiodothyronine (FT3); Change From Baseline in Free Thyroxine (FT4); Change From Baseline in Thyroid-Stimulating Hormone (TSH),Protocol-defined,No posted in-scope efficacy result at cutoff.,No manually curated public result at cutoff.,Not established from posted results.,NR (no result-linked publication URL identified at data cut),Official registry protocol,ClinicalTrials.gov; NCT07722546,official_registry_full_record,2026-09-10,disease-directed drug/biologic/supplement trial,Felzartamab; Placebo,RANDOMIZED,No,"NA (study not reported as terminated, withdrawn, or suspended)",Protocol identifies randomized allocation; no posted participant flow at data cut,No posted ClinicalTrials.gov results at frozen data cut,2026-09-10,2.0.0
NCT00430547,ClinicalTrials.gov,https://clinicaltrials.gov/study/NCT00430547,Carbimazole; Radioiodine,"Carbimazole, radio-active iodine (I131)",Barwon Health,Barwon Health,GD cohort; TED development/progression endpoint,Antithyroid drug; Radioiodine ablation,NA,COMPLETED,2003-08,NR (primary completion date not reported),Australia,Adults primary,prevention_progression,60,NR (randomized N not posted; enrollment not substituted),NA (no posted results at data cut),RANDOMIZED PARALLEL,NONE,NR (arm details not reported in registry),NR (dose/route/schedule/duration not reported in registry),Registry-defined; verify per protocol,NR (randomized comparator arm not explicitly typed in registry),Onset or progression of ophthalmopathy following radio-active iodine therapy,NA (no secondary endpoint reported),Protocol-defined,No posted in-scope efficacy result at cutoff.,No manually curated public result at cutoff.,Not established from posted results.,NR (no result-linked publication URL identified at data cut),Official registry protocol,ClinicalTrials.gov; NCT00430547,official_registry_full_record,2026-09-10,disease-directed standard-of-care or regimen-optimization trial,"Carbimazole, radio-active iodine (I131)",RANDOMIZED,No,"NA (study not reported as terminated, withdrawn, or suspended)",Protocol identifies randomized allocation; no posted participant flow at data cut,No posted ClinicalTrials.gov results at frozen data cut,2026-09-10,2.0.0
NCT01204359,ClinicalTrials.gov,https://clinicaltrials.gov/study/NCT01204359,Radioiodine,Iodine 131,Sun Yat-sen University,Sun Yat-sen University,GD with exophthalmos / post-RAI TED prevention,Radioiodine ablation,PHASE3,UNKNOWN,2007-07,2016-07,China,Adults primary,broad_or_unspecified,627,NR (randomized N not posted; enrollment not substituted),NA (no posted results at data cut),RANDOMIZED PARALLEL,DOUBLE,follow-up [NO_INTERVENTION]: Radiation: Iodine 131,Iodine 131 [RADIATION]: iodine 131，185、370、555mBq，6 months,Registry-defined; verify per protocol,follow-up,The rate of Hypothyroidism after Iodine 131 treatment,The side effect to Infiltrative exophthalmos after Iodine 131 treatment,Protocol-defined,No posted in-scope efficacy result at cutoff.,No manually curated public result at cutoff.,Not established from posted results.,NR (no result-linked publication URL identified at data cut),Official registry protocol,ClinicalTrials.gov; NCT01204359,official_registry_full_record,2026-09-10,disease-directed standard-of-care or regimen-optimization trial,Iodine 131,RANDOMIZED,No,"NA (study not reported as terminated, withdrawn, or suspended)",Protocol identifies randomized allocation; no posted participant flow at data cut,No posted ClinicalTrials.gov results at frozen data cut,2026-09-10,2.0.0
NCT02373995,ClinicalTrials.gov,https://clinicaltrials.gov/study/NCT02373995,LAB4 probiotic consortium,LAB4,"Fondazione IRCCS Ca' Granda, Ospedale Maggiore Policlinico","Fondazione IRCCS Ca' Granda, Ospedale Maggiore Policlinico",GD with/without TED; broad activity/severity,Probiotic/microbiome modulation,PHASE1; PHASE2,UNKNOWN,2015-02,2015-07,Italy,Adults primary,heterogeneous_or_unspecified,60,NR (randomized N not posted; enrollment not substituted),NA (no posted results at data cut),RANDOMIZED PARALLEL,SINGLE,"LAB4 [ACTIVE_COMPARATOR]: Biological: LAB4 — In addition to conventional Anti Thyroid Drug (ATD), LAB4 probiotic preparation will be administered at the 2 cps x 2/die dosing with food for 6 months. It is key to properly store LAB4 at 8°C.; Placebo [PLACEBO_COMPARATOR]: In addition to conventional Anti Thyroid Drug (ATD) a LAB4 placebo preparation will be administered at the 2 cps x 2/die dosing with food for 6 months. It is key to properly store placebo at 8°C.","LAB4 [BIOLOGICAL]: Additional treatment with the specific LAB4 probiotic preparation; Arm LAB4: In addition to conventional Anti Thyroid Drug (ATD), LAB4 probiotic preparation will be administered at the 2 cps x 2/die dosing with food for 6 months. It is key to properly store LAB4 at 8°C.; Arm Placebo: In addition to conventional Anti Thyroid Drug (ATD) a LAB4 placebo preparation will be administered at the 2 cps x 2/die dosing with food for 6 months. It is key to properly store placebo at 8°C.",Registry-defined; verify per protocol,LAB4; Placebo,Microbiome modification (beneficial modification of the gut microbioma relates to a reduction at the end of treatment of at least 5% of the Firmicutes:Bacteroides ratio and 30% of the anti-TSHr antibody titer and of total IgG and IgA concentrations),Improvement immunological status (antibody responses will be analyzed to identify if microbial or food derived antigens are involved in triggering disease or associated with GO progression),Protocol-defined,No posted in-scope efficacy result at cutoff.,No manually curated public result at cutoff.,Not established from posted results.,https://pubmed.ncbi.nlm.nih.gov/18299459/; https://doi.org/10.1530/EJE-07-0666,Official registry protocol,ClinicalTrials.gov; NCT02373995,official_registry_full_record,2026-09-10,disease-directed drug/biologic/supplement trial,LAB4,RANDOMIZED,No,"NA (study not reported as terminated, withdrawn, or suspended)",Protocol identifies randomized allocation; no posted participant flow at data cut,No posted ClinicalTrials.gov results at frozen data cut,2026-09-10,2.0.0
NCT01458600,ClinicalTrials.gov,https://clinicaltrials.gov/study/NCT01458600,Diclofenac; Methimazole / antithyroid drug; Levothyroxine; Beta-blocker,T Diclofenac T 50 mg Ratiopharm; Methimazole | Thacapzol (Recip); L-thyroxin | Euthyrox (Merck); Propranolol | Inderal (AstraZeneca); Metoprolol | Seloken (AstraZeneca),Mikael Lantz,Mikael Lantz,GD without clinical TED; TED prevention/progression,NSAID; Antithyroid drug; Hormone replacement; Symptomatic adrenergic blockade,PHASE4,COMPLETED,2006-09,2016-02,Sweden,Adults primary,prevention_progression,65,NR (randomized N not posted; enrollment not substituted),NA (no posted results at data cut),RANDOMIZED PARALLEL,SINGLE,"diclofenac [ACTIVE_COMPARATOR]: Drug: Diclofenac, Drug: Methimazole, Drug: L-thyroxin, Drug: Propranolol, Drug: Metoprolol — 12 months treatment with diclofenac 50 mg 1x2 in addition to regular treatment for thyrotoxicosis.; without diclofenac [OTHER]: Drug: Methimazole, Drug: L-thyroxin, Drug: Propranolol, Drug: Metoprolol — 12 months treatment without diclofenac in addition to regular treatment for thyrotoxicosis.",Diclofenac [DRUG]: T Diclofenac 50 mg twice daily for 12 months; Methimazole [DRUG]: T Methimazole 5 mg 3x2 for 18 months; L-thyroxin [DRUG]: L-thyroxin approximately 100 to 200 micrograms/day. The dose is adjusted to reach euthyroidism during concomitant treatment with methimazole for 18 months; Propranolol [DRUG]: T Propronalol 40mg 1x1-3 during during 1-3 weeks until the patient has responded to thyrostatics; Metoprolol [DRUG]: T Metoprolol 50 mg 1x3 for 1-3 weeks until the patient has responded to thyrostatics; Arm diclofenac: 12 months treatment with diclofenac 50 mg 1x2 in addition to regular treatment for thyrotoxicosis.; Arm without diclofenac: 12 months treatment without diclofenac in addition to regular treatment for thyrotoxicosis.,Registry-defined; verify per protocol,diclofenac,The frequency of ophthalmopathy after 24 months as judged by the following clinical signs,Activity of ophthalmopathy as judged by clinical activity score (CAS); The time from thyrotoxicosis to ophthalmopathy.; The frequency of corticosteroid requiring ophthalmopathy,Protocol-defined,No posted in-scope efficacy result at cutoff.,No manually curated public result at cutoff.,Not established from posted results.,NR (no result-linked publication URL identified at data cut),Official registry protocol,ClinicalTrials.gov; NCT01458600,official_registry_full_record,2026-09-10,disease-directed standard-of-care or regimen-optimization trial,Diclofenac; Methimazole; L-thyroxin; Propranolol; Metoprolol,RANDOMIZED,No,"NA (study not reported as terminated, withdrawn, or suspended)",Protocol identifies randomized allocation; no posted participant flow at data cut,No posted ClinicalTrials.gov results at frozen data cut,2026-09-10,2.0.0
NCT00004660,ClinicalTrials.gov,https://clinicaltrials.gov/study/NCT00004660,Orbital radiotherapy,Radiotherapy,National Institute of Diabetes and Digestive and Kidney Diseases (NIDDK),National Institute of Diabetes and Digestive and Kidney Diseases (NIDDK),Mild TED,Orbital radiotherapy,NA,COMPLETED,1993-06,1998-01,United States,Adults primary,mild_unspecified_activity,42,NR (randomized N not posted; enrollment not substituted),NA (no posted results at data cut),RANDOMIZED CROSSOVER,NONE,Radiotherapy [EXPERIMENTAL]: Radiation: Radiotherapy; Sham treatment [SHAM_COMPARATOR]: Radiation: Sham treatment,NR (dose/route/schedule/duration not reported in registry),Registry-defined; verify per protocol,Sham treatment,Orbital Volume,NA (no secondary endpoint reported),Protocol-defined,No posted in-scope efficacy result at cutoff.,No manually curated public result at cutoff.,Not established from posted results.,https://pubmed.ncbi.nlm.nih.gov/11535445/; https://doi.org/10.1016/s0161-6420(01)00632-7,Official registry protocol,ClinicalTrials.gov; NCT00004660,official_registry_full_record,2026-09-10,disease-directed standard-of-care or regimen-optimization trial,Radiotherapy; Sham treatment,RANDOMIZED,No,"NA (study not reported as terminated, withdrawn, or suspended)",Protocol identifies randomized allocation; no posted participant flow at data cut,No posted ClinicalTrials.gov results at frozen data cut,2026-09-10,2.0.0
NCT02112643,ClinicalTrials.gov,https://clinicaltrials.gov/study/NCT02112643,Selenium/antioxidant supplement,Sodium selenate | Selenium,Columbia University,Columbia University,Mild TED,Antioxidant supplementation,PHASE3,WITHDRAWN,2015-10,2016-11-16,NR (study locations not reported),Adults primary,mild_unspecified_activity,0,NR (randomized N not posted; enrollment not substituted),NA (no posted results at data cut),RANDOMIZED PARALLEL,TRIPLE,Selenium [ACTIVE_COMPARATOR]: Drug: Sodium selenate — 100 micrograms of sodium selenate will be taken orally twice daily (total 200 micrograms daily) for 6 months.; Sugar pill [PLACEBO_COMPARATOR]: Dietary Supplement: Sugar pill — A placebo pill will be taken orally twice daily for 6 months.,"Sodium selenate [DRUG]: A 100 microgram pill will be orally administered twice a day for 6 months.; Sugar pill [DIETARY_SUPPLEMENT]: The placebo pill will be constructed to look exactly like the selenium pill, but will have no active ingredients. This will be orally administered for 6 months.; Arm Selenium: 100 micrograms of sodium selenate will be taken orally twice daily (total 200 micrograms daily) for 6 months.; Arm Sugar pill: A placebo pill will be taken orally twice daily for 6 months.",Registry-defined; verify per protocol,Selenium; Sugar pill,Difference in Quality of Life score; Difference in Quality of Life score; Change in Thyroid Eye Disease; Change in Thyroid Eye Disease,Difference in Clinical Activity Score; Difference in Clinical Activity Score; Difference in Quality of Life score; Difference in Quality of Life score; Difference in Quality of Life score,Protocol-defined,No posted in-scope efficacy result at cutoff.,No manually curated public result at cutoff.,Not established from posted results.,https://doi.org/10.1056/NEJMoa1012985,Official registry protocol,ClinicalTrials.gov; NCT02112643,official_registry_full_record,2026-09-10,Lack of funding; disease-directed drug/biologic/supplement trial,Sodium selenate; Sugar pill,RANDOMIZED,No,Lack of funding,Protocol identifies randomized allocation; no posted participant flow at data cut,No posted ClinicalTrials.gov results at frozen data cut,2026-09-10,2.0.0
NCT02203682,ClinicalTrials.gov,https://clinicaltrials.gov/study/NCT02203682,Doxycycline,Doxycycline hyclate,Sun Yat-sen University,Sun Yat-sen University,Mild TED,Tetracycline immunomodulation,PHASE2,UNKNOWN,2014-07,2022-07,China,Adults primary,mild_unspecified_activity,100,NR (randomized N not posted; enrollment not substituted),NA (no posted results at data cut),RANDOMIZED PARALLEL,QUADRUPLE,Doxycycline [EXPERIMENTAL]: Drug: Doxycycline hyclate — Tablets Doxycycline 50 mg PO per day for 12 weeks; Placebo [PLACEBO_COMPARATOR]: Drug: Placebo — Tablet placebo for 12 weeks,Doxycycline hyclate [DRUG]: Tab. Doxycycline 50 mg PO per day for 12 weeks; Placebo [DRUG]: Tablet placebo for 12 weeks; Arm Doxycycline: Tablets Doxycycline 50 mg PO per day for 12 weeks; Arm Placebo: Tablet placebo for 12 weeks,Registry-defined; verify per protocol,Placebo,the rate of improvement,Clinical Activity Score (CAS); Proptosis measured by Hertel instrument; Eyelid aperture; Lid retraction; Lid lag,Protocol-defined,No posted in-scope efficacy result at cutoff.,No manually curated public result at cutoff.,Not established from posted results.,https://doi.org/10.1001/jamaophthalmol.2022.3779,Official registry protocol,ClinicalTrials.gov; NCT02203682,official_registry_full_record,2026-09-10,disease-directed drug/biologic/supplement trial,Doxycycline hyclate; Placebo,RANDOMIZED,No,"NA (study not reported as terminated, withdrawn, or suspended)",Protocol identifies randomized allocation; no posted participant flow at data cut,No posted ClinicalTrials.gov results at frozen data cut,2026-09-10,2.0.0
NCT04548284,ClinicalTrials.gov,https://clinicaltrials.gov/study/NCT04548284,Methylprednisolone,Glucocorticoids,Sun Yat-sen University,Sun Yat-sen University,Mild TED,Glucocorticoid immunomodulation,PHASE3,UNKNOWN,2021-05,2023-06,China,Adults primary,mild_unspecified_activity,142,NR (randomized N not posted; enrollment not substituted),NA (no posted results at data cut),RANDOMIZED PARALLEL,SINGLE,"Periorbitally Injected Glucocorticoids [EXPERIMENTAL]: Drug: Glucocorticoids — Glucocorticoids periorbital injection. Once every 3 weeks, the number of injections was determined according to the condition of the eyes during the follow-up.; Observe [NO_INTERVENTION]: Observe and wait.","Glucocorticoids [DRUG]: Periorbital injection of glucocorticoid. Once every 3 weeks, the number of injections was determined according to the condition of the eyes during the follow-up.; Arm Periorbitally Injected Glucocorticoids: Glucocorticoids periorbital injection. Once every 3 weeks, the number of injections was determined according to the condition of the eyes during the follow-up.; Arm Observe: Observe and wait.",Registry-defined; verify per protocol,Observe,Change of Clinical Activity Score (CAS) score; Change of NOSPECS score,adverse events; Quality of life questionnaires (GO-QoL),Protocol-defined,No posted in-scope efficacy result at cutoff.,No manually curated public result at cutoff.,Not established from posted results.,NR (no result-linked publication URL identified at data cut),Official registry protocol,ClinicalTrials.gov; NCT04548284,official_registry_full_record,2026-09-10,disease-directed standard-of-care or regimen-optimization trial,Glucocorticoids,RANDOMIZED,No,"NA (study not reported as terminated, withdrawn, or suspended)",Protocol identifies randomized allocation; no posted participant flow at data cut,No posted ClinicalTrials.gov results at frozen data cut,2026-09-10,2.0.0
NCT05126147,ClinicalTrials.gov,https://clinicaltrials.gov/study/NCT05126147,Hydroxychloroquine,Plaquenil,National Taiwan University Hospital,National Taiwan University Hospital,Mild TED,Hydroxychloroquine immunomodulation,PHASE4,RECRUITING,2022-03-21,2025-09-30,Taiwan,Adults primary,mild_unspecified_activity,108,NR (randomized N not posted; enrollment not substituted),NA (no posted results at data cut),RANDOMIZED PARALLEL,NONE,Hydroxychloroquine [EXPERIMENTAL]: Drug: Hydroxychloroquine — Hydroxychloroquine 200mg twice daily for 6 months.; Control [NO_INTERVENTION]: Observation and active surveillance.,Hydroxychloroquine [DRUG]: Compare the effects of hydroxychloroquine 200mg twice daily for 6 months with those without treatment.; Arm Hydroxychloroquine: Hydroxychloroquine 200mg twice daily for 6 months.; Arm Control: Observation and active surveillance.,Registry-defined; verify per protocol,Control,The change of ophthalmic outcome,The change of quality of life (GO-QoL); The change of muscle volume (cm^3) on computed tomography; The change of fat volume (cm^3) on computed tomography; The change of orbital volume (cm^3) on computed tomography; The change of muscle density on computed tomography,Protocol-defined,No posted in-scope efficacy result at cutoff.,No manually curated public result at cutoff.,Not established from posted results.,https://doi.org/10.1186/s13063-025-09002-6,Official registry protocol,ClinicalTrials.gov; NCT05126147,official_registry_full_record,2026-09-10,disease-directed drug/biologic/supplement trial,Hydroxychloroquine,RANDOMIZED,No,"NA (study not reported as terminated, withdrawn, or suspended)",Protocol identifies randomized allocation; no posted participant flow at data cut,No posted ClinicalTrials.gov results at frozen data cut,2026-09-10,2.0.0
NCT06389578,ClinicalTrials.gov,https://clinicaltrials.gov/study/NCT06389578,Teprotumumab,Tepezza,Amgen,Amgen,Mild TED,IGF-1R inhibition,PHASE1,COMPLETED,2022-07-14,2023-02-28,United States,Adults primary,mild_unspecified_activity,16,NR (randomized N not posted; enrollment not substituted),NA (no posted results at data cut),RANDOMIZED PARALLEL,NONE,Cohort 1 [EXPERIMENTAL]: Drug: Teprotumumab — Participants will receive a single dose of lyophilized teprotumumab by subcutaneous (SC) administration on Day 1 followed by intravenous (IV) infusions of teprotumumab at the approved dosing regimen.; Cohort 2 [EXPERIMENTAL]: Drug: Teprotumumab — Participants will receive a single high concentration formulation teprotumumab by SC administration on Day 1 followed by IV infusions of teprotumumab at the approved dosing regimen.,Teprotumumab [DRUG]: SC administration and IV infusion; Arm Cohort 1: Participants will receive a single dose of lyophilized teprotumumab by subcutaneous (SC) administration on Day 1 followed by intravenous (IV) infusions of teprotumumab at the approved dosing regimen.; Arm Cohort 2: Participants will receive a single high concentration formulation teprotumumab by SC administration on Day 1 followed by IV infusions of teprotumumab at the approved dosing regimen.,Registry-defined; verify per protocol,NR (randomized comparator arm not explicitly typed in registry),Pharmacokinetics (PK): Area Under the Curve (AUC) of Teprotumumab; PK: Maximum Serum Concentration (Cmax) of Teprotumumab; Number of Participants With Adverse Events (AE),NA (no secondary endpoint reported),Protocol-defined,No posted in-scope efficacy result at cutoff.,No manually curated public result at cutoff.,Not established from posted results.,NR (no result-linked publication URL identified at data cut),Official registry protocol,ClinicalTrials.gov; NCT06389578,official_registry_full_record,2026-09-10,disease-directed drug/biologic/supplement trial,Teprotumumab,RANDOMIZED,No,"NA (study not reported as terminated, withdrawn, or suspended)",Protocol identifies randomized allocation; no posted participant flow at data cut,No posted ClinicalTrials.gov results at frozen data cut,2026-09-10,2.0.0
NCT06413043,ClinicalTrials.gov,https://clinicaltrials.gov/study/NCT06413043,Selenium/antioxidant supplement,Selenium,"All India Institute of Medical Sciences, Bhubaneswar","All India Institute of Medical Sciences, Bhubaneswar",Mild TED,Antioxidant supplementation,NA,UNKNOWN,2024-05-06,2025-08-05,India,Adults primary,mild_unspecified_activity,78,NR (randomized N not posted; enrollment not substituted),NA (no posted results at data cut),RANDOMIZED PARALLEL,NONE,ADD on Selenium [ACTIVE_COMPARATOR]: Drug: Selenium — Add on Selenium (100mcg once daily) with Vitamin B Complex and Standard Treatment for Grave's Disease; Placebo [NO_INTERVENTION]: Vitamin B Complex supplementation with Standard Treatment for Grave's Disease,Selenium [DRUG]: Add on Selenium (100mcg once daily) with Vitamin B Complex and Standard Treatment for Grave's Disease; Arm ADD on Selenium: Add on Selenium (100mcg once daily) with Vitamin B Complex and Standard Treatment for Grave's Disease; Arm Placebo: Vitamin B Complex supplementation with Standard Treatment for Grave's Disease,Registry-defined; verify per protocol,ADD on Selenium; Placebo,To evaluate and compare the response of add on selenium in patients with grave's ophthalmopathy,"the effects of Grave's ophthalmopathy on Patient's perception of their position in life in the context of the culture and value systems in which they live and in relation to their goals, expectations, standards and concerns; To Assess the Colour Vison; To Assess the Fundus; To Examine Thyroid Function Test",Protocol-defined,No posted in-scope efficacy result at cutoff.,No manually curated public result at cutoff.,Not established from posted results.,https://pubmed.ncbi.nlm.nih.gov/35604323/; https://doi.org/10.1111/joim.13524; https://pubmed.ncbi.nlm.nih.gov/36479875/; https://doi.org/10.1530/ETJ-22-0189; https://pubmed.ncbi.nlm.nih.gov/33574798/; https://doi.org/10.3389/fendo.2020.608428,Official registry protocol,ClinicalTrials.gov; NCT06413043,official_registry_full_record,2026-09-10,disease-directed standard-of-care or regimen-optimization trial,Selenium,RANDOMIZED,No,"NA (study not reported as terminated, withdrawn, or suspended)",Protocol identifies randomized allocation; no posted participant flow at data cut,No posted ClinicalTrials.gov results at frozen data cut,2026-09-10,2.0.0
NCT05987423,ClinicalTrials.gov,https://clinicaltrials.gov/study/NCT05987423,Satralizumab,NR (no additional alias),Hoffmann-La Roche,Hoffmann-La Roche,"Moderate-to-severe TED, activity not registry-specified",IL-6 receptor blockade,PHASE3,COMPLETED,2023-10-26,2025-07-08,Argentina; Australia; Austria; Germany; Hong Kong; Hungary; Italy; Japan; Singapore; United States,Adults primary,moderate_severe_unspecified_activity,131,131,Endpoint-specific (see result_trial_curation_v2.csv; denominators vary by endpoint),RANDOMIZED PARALLEL,QUADRUPLE,"Satralizumab [EXPERIMENTAL]: Drug: Satralizumab — In the Part I period, participants will receive satralizumab every 4 weeks (q4w) followed by proptosis response-based individualized treatment in Part II of the study; Placebo [PLACEBO_COMPARATOR]: Drug: Placebo — In the part I period, participants will receive placebo q4w followed by proptosis response-based individualized treatment in part II of the study","Satralizumab [DRUG]: Satralizumab will be administered by SC injection.; Placebo [DRUG]: Placebo will be administered by SC injection; Arm Satralizumab: In the Part I period, participants will receive satralizumab every 4 weeks (q4w) followed by proptosis response-based individualized treatment in Part II of the study; Arm Placebo: In the part I period, participants will receive placebo q4w followed by proptosis response-based individualized treatment in part II of the study",Registry-defined; verify per protocol,Placebo,Percentage of Participants in the Active TED Population Who Achieved ≥ 2 Millimeters (mm) Reduction in Proptosis From Baseline at Week 24 in the Study Eye,Percentage of Participants in the Overall Population Who Achieved ≥ 2 mm Reduction in Proptosis From Baseline at Week 24 in the Study Eye; Change From Baseline in Proptosis at Week 24 in Active TED Population for Study Eye; Change From Baseline in Proptosis at Week 24 in Overall Population for Study Eye; Percentage of Participants in Active TED Population Achieving ≥ 1 Grade Reduction/Improvement in Diplopia at Week 24; Percentage of Participants in the Overall Population Achieving ≥ 1 Grade Reduction/Improvement in Diplopia at Week 24,Posted result timepoint,"Active PRR 49.0% vs 31.2%, p=0.0715; RD 17.9 points (95.03% CI −1.6 to 37.3). Some secondary activity endpoints nominally positive.",SAE 3/67 vs 2/62; clear imbalance 없음.,Week 24 quantitative results only.,https://doi.org/10.1007/s40123-025-01255-3,Registry result + manual curation,[699]; [701]; ClinicalTrials.gov; NCT05987423,official_registry_full_record,2026-09-10,disease-directed drug/biologic/supplement trial; Secondary p-values nominal/multiplicity-sensitive; primary failure를 우선.,Satralizumab; Placebo,RANDOMIZED,Yes,"NA (study not reported as terminated, withdrawn, or suspended)","Posted participant flow, first period STARTED (Overall Study)",Posted results with manually curated endpoint-specific interpretation,2026-09-10,2.0.0
NCT06106828,ClinicalTrials.gov,https://clinicaltrials.gov/study/NCT06106828,Satralizumab,NR (no additional alias),Hoffmann-La Roche,Hoffmann-La Roche,"Moderate-to-severe TED, activity not registry-specified",IL-6 receptor blockade,PHASE3,COMPLETED,2023-11-15,2025-07-24,Canada; China; France; Israel; Poland; Portugal; South Korea; Spain; United Kingdom; United States,Adults primary,moderate_severe_unspecified_activity,127,127,Endpoint-specific (see result_trial_curation_v2.csv; denominators vary by endpoint),RANDOMIZED PARALLEL,QUADRUPLE,"Satralizumab [EXPERIMENTAL]: Drug: Satralizumab — In the Part I period, participants will receive satralizumab every 4 weeks (q4w) followed by proptosis response-based individualized treatment in Part II of the study.; Placebo [PLACEBO_COMPARATOR]: Drug: Placebo — In the part I period, participants will receive placebo q4w followed by proptosis response-based individualized treatment in part II of the study.","Satralizumab [DRUG]: Satralizumab will be administered by SC injection.; Placebo [DRUG]: Placebo will be administered by SC injection; Arm Satralizumab: In the Part I period, participants will receive satralizumab every 4 weeks (q4w) followed by proptosis response-based individualized treatment in Part II of the study.; Arm Placebo: In the part I period, participants will receive placebo q4w followed by proptosis response-based individualized treatment in part II of the study.",Registry-defined; verify per protocol,Placebo,Percentage of Participants in the Active TED Population Who Achieved ≥ 2 Millimeters (mm) Reduction in Proptosis From Baseline at Week 24 in the Study Eye,Percentage of Participants in the Overall Population Who Achieved ≥ 2 mm Reduction in Proptosis From Baseline at Week 24 in the Study Eye; Change From Baseline in Proptosis at Week 24 in Active TED Population for Study Eye; Change From Baseline in Proptosis at Week 24 in Overall Population for Study Eye; Percentage of Participants in Active TED Population Achieving ≥ 1 Grade Reduction/Improvement in Diplopia at Week 24; Percentage of Participants in the Overall Population Achieving ≥ 1 Grade Reduction/Improvement in Diplopia at Week 24,Posted result timepoint,"Active PRR 52.9% vs 23.4%, p=0.0011; RD 28.9 points (95.03% CI 11.5–46.2); adjusted proptosis difference −1.02 mm, p=0.0027.","SAE 2/64 vs 3/62; ALT 6/64 vs 1/62, AST 4/64 vs 1/62, neutrophils decreased 4/64 vs 1/62.",No efficacy durability beyond Week 24 posted.,https://doi.org/10.1007/s40123-025-01255-3,Registry result + manual curation,[699]; [701]; ClinicalTrials.gov; NCT06106828,official_registry_full_record,2026-09-10,disease-directed drug/biologic/supplement trial; Secondary p-values multiplicity caution; satralizumab TED indication pending at cutoff.,Satralizumab; Placebo,RANDOMIZED,Yes,"NA (study not reported as terminated, withdrawn, or suspended)","Posted participant flow, first period STARTED (Overall Study)",Posted results with manually curated endpoint-specific interpretation,2026-09-10,2.0.0
NCT06769984,ClinicalTrials.gov,https://clinicaltrials.gov/study/NCT06769984,SCTT11,NR (no additional alias),Sinocelltech Ltd.,Sinocelltech Ltd.,"Moderate-to-severe TED, activity not registry-specified",Unknown—do not infer,PHASE1; PHASE2,NOT_YET_RECRUITING,2025-02-19,2026-06-24,NR (study locations not reported),Adults primary,moderate_severe_unspecified_activity,100,NR (randomized N not posted; enrollment not substituted),NA (no posted results at data cut),RANDOMIZED PARALLEL,DOUBLE,"SCTT11 dose 1, dose 2, dose 3, dose 4 [EXPERIMENTAL]: Drug: SCTT11; Placebo dose 1, dose 2, dose 3, dose 4 [PLACEBO_COMPARATOR]: Drug: Placebo","SCTT11 [DRUG]: SCTT11 dose 1, dose 2, dose 3, dose 4; Placebo [DRUG]: Placebo dose 1, dose 2, dose 3, dose 4",Registry-defined; verify per protocol,"Placebo dose 1, dose 2, dose 3, dose 4","The occurrences of treatment-emergent adverse events (TEAE), treatment-related TEAE (TRAE), serious adverse events (SAE), and adverse events of special interest (AESI); Proptosis Responder Rate in the study eye",Change from baseline in proptosis in the study eye as measured by exophthalmometer; Change from baseline in Clinical Activity Score (CAS); Diplopia Responder Rate; Proportion of participants with a CAS of zero or one in the study eye; SCTT11 concentrations in the blood over time,Protocol-defined,No posted in-scope efficacy result at cutoff.,No manually curated public result at cutoff.,Not established from posted results.,NR (no result-linked publication URL identified at data cut),Official registry protocol,ClinicalTrials.gov; NCT06769984,official_registry_full_record,2026-09-10,named investigational disease-directed asset; comparator treatment does not determine asset class,SCTT11; Placebo,RANDOMIZED,No,"NA (study not reported as terminated, withdrawn, or suspended)",Protocol identifies randomized allocation; no posted participant flow at data cut,No posted ClinicalTrials.gov results at frozen data cut,2026-09-10,2.0.0
NCT07438405,ClinicalTrials.gov,https://clinicaltrials.gov/study/NCT07438405,AMG 732,NR (no additional alias),Amgen,Amgen,"Moderate-to-severe TED, activity not registry-specified",IGF-1R inhibition,PHASE2,RECRUITING,2026-05-07,2028-01-29,Poland; Spain; Taiwan; United States,Adults primary,moderate_severe_unspecified_activity,30,NA (not randomized),NA (no posted results at data cut),NA SINGLE_GROUP,NONE,AMG 732 [EXPERIMENTAL]: Drug: AMG 732 — Participants will receive AMG 732 subcutaneously (SC),AMG 732 [DRUG]: AMG 732 will be administered SC.; Arm AMG 732: Participants will receive AMG 732 subcutaneously (SC),Registry-defined; verify per protocol,NA (no comparator arm identified),Number of Participants who are Proptosis Responders in the Trial Eye at Week 24 in Participants with TED who are Defined as Primary Nonresponders or Relapsed During the Safety Follow-up in the Parent Trial,Change from Baseline at Week 24 in Proptosis Measurement by an Exophthalmometer in the Trial Eye in Participants with TED who are Defined as Primary Nonresponders or Relapsed During the Safety Follow-up in the Parent Trial; Number of Participants who are Proptosis Responders in the Trial Eye at Week 24 in Participants with TED who had Relapse after Achieving Proptosis Response in the Parent Trial; Change from Baseline at Week 24 in Proptosis Measurement by an Exophthalmometer in the Trial Eye in Participants with TED who had Relapse after Achieving Proptosis Response in the Parent Trial; Number of Participants who are Proptosis Responders in the Trial Eye at Week 24 in Participants with TED who were Defined as Primary Nonresponders in the Parent Trial; Change from Baseline at Week 24 in Proptosis Measurement by an Exophthalmometer in the Trial Eye in Participants with TED who were Defined as Primary Nonresponders in the Parent Trial,Protocol-defined,No posted in-scope efficacy result at cutoff.,No manually curated public result at cutoff.,Not established from posted results.,NR (no result-linked publication URL identified at data cut),Official registry protocol,ClinicalTrials.gov; NCT07438405,official_registry_full_record,2026-09-10,named investigational disease-directed asset; comparator treatment does not determine asset class,AMG 732,NA,No,"NA (study not reported as terminated, withdrawn, or suspended)",Registry allocation=NA,No posted ClinicalTrials.gov results at frozen data cut,2026-09-10,2.0.0
NCT01269749,ClinicalTrials.gov,https://clinicaltrials.gov/study/NCT01269749,Radioiodine; Methimazole / antithyroid drug,RAI treatment; ATD Group,University of Florida,University of Florida,Pediatric GD / hyperthyroidism,Radioiodine ablation; Antithyroid drug,PHASE2,COMPLETED,2010-10,2016-06,United States,Pediatric/special population,not_applicable,19,NA (not randomized),Endpoint-specific (see result_trial_curation_v2.csv; denominators vary by endpoint),NON_RANDOMIZED PARALLEL,NONE,"RAI treatment [OTHER]: Radiation: RAI treatment — Characteristics of study population. We will recruit a total of 150 patients diagnosed with GD younger than 18 years of age. All subjects are to be treated with 131I. In this trial, children will not be randomized to treatment, but will be treated per physician prescribed care. To ensure an equal distribution of age and gender between the two groups of children, we stratify enrollment by gender (male vs. female) and age (5-10 yrs, 10-15 yrs, 15-18 yrs).; ATD Group [OTHER]: Drug: ATD Group — Characteristics of study population. We will recruit a total of 150 patients diagnosed with GD younger than 18 years of age. All subjects are to be treated with antithyroid drugs (ATDs). In this trial, children will not be randomized to treatment, but will be treated per physician prescribed care. To ensure an equal distribution of age and gender between the two groups of children, we stratify enrollment by gender (male vs. female) and age (5-10 yrs, 10-15 yrs, 15-18 yrs).","RAI treatment [RADIATION]: Characteristics of study population. We will recruit a total of 150 patients diagnosed with GD younger than 18 years of age. All subjects are to be treated with 131I. In this trial, children will not be randomized to treatment, but will be treated per physician prescribed care. To ensure an equal distribution of age and gender between the two groups of children, we stratify enrollment by gender (male vs. female) and age (5-10 yrs, 10-15 yrs, 15-18 yrs).; ATD Group [DRUG]: Characteristics of study population. We will recruit a total of 150 patients diagnosed with GD younger than 18 years of age. All subjects are to be treated with antithyroid drugs (ATDs). In this trial, children will not be randomized to treatment, but will be treated per physician prescribed care. To ensure an equal distribution of age and gender between the two groups of children, we stratify enrollment by gender (male vs. female) and age (5-10 yrs, 10-15 yrs, 15-18 yrs).; Arm RAI treatment: Characteristics of study population. We will recruit a total of 150 patients diagnosed with GD younger than 18 years of age. All subjects are to be treated with 131I. In this trial, children will not be randomized to treatment, but will be treated per physician prescribed care. To ensure an equal distribution of age and gender between the two groups of children, we stratify enrollment by gender (male vs. female) and age (5-10 yrs, 10-15 yrs, 15-18 yrs).; Arm ATD Group: Characteristics of study population. We will recruit a total of 150 patients diagnosed with GD younger than 18 years of age. All subjects are to be treated with antithyroid drugs (ATDs). In this trial, children will not be randomized to treatment, but will be treated per physician prescribed care. To ensure an equal distribution of age and gender between the two groups of children, we stratify enrollment by gender (male vs. female) and age (5-10 yrs, 10-15 yrs, 15-18 yrs).",Registry-defined; verify per protocol,NA (no comparator arm identified),Dosimetry Studies,Cancer Risk Assessment,Posted result timepoint,"RAI 16, ATD 3; posted quantitative efficacy 없음.",4년 동안 reported death/SAE/other AE 0.,효능 durability 미평가.,NR (no result-linked publication URL identified at data cut),Registry result + manual curation,ClinicalTrials.gov; NCT01269749,official_registry_full_record,2026-09-10,disease-directed drug/biologic/supplement trial; 등록 결과의 부재는 무효과를 뜻하지 않음.,RAI treatment; ATD Group,NON_RANDOMIZED,Yes,"NA (study not reported as terminated, withdrawn, or suspended)",Registry allocation=NON_RANDOMIZED,Posted results with manually curated endpoint-specific interpretation,2026-09-10,2.0.0
NCT07369063,ClinicalTrials.gov,https://clinicaltrials.gov/study/NCT07369063,Vitamin D/alfacalcidol; Methimazole / antithyroid drug,"Ergocalciferol 50,000 IU; Methimazole",Northwell Health,Northwell Health,Pediatric GD / hyperthyroidism,Vitamin D supplementation; Antithyroid drug,PHASE2,RECRUITING,2025-08-01,2027-02-28,United States,Pediatric/special population,not_applicable,30,NR (randomized N not posted; enrollment not substituted),NA (no posted results at data cut),RANDOMIZED PARALLEL,NONE,"High-Dose Vitamin D2 + Methimazole [EXPERIMENTAL]: Drug: Ergocalciferol 50,000 IU, Drug: Methimazole — Participants in this arm will receive methimazole at a dose determined by their treating physician, according to standard clinical practice guidelines for pediatric Graves' disease. In addition, they will receive high-dose vitamin D2 (ergocalciferol) 50,000 IU orally weekly for the first 8 weeks, followed by 50,000 IU orally every two weeks for the remaining 16 weeks of the study.; Methimazole (with optional low dose Vitamin D2) [PLACEBO_COMPARATOR]: Drug: Methimazole — Participants in this arm will receive methimazole at a dose determined by their treating physician, according to standard clinical practice guidelines for pediatric Graves' disease. Participants will have the option of taking up to 1000 IU of vitamin D2 daily, purchased over-the-counter, but this will not be provided by the study. This is to address potential vitamin D deficiency while maintaining a comparison group.","Ergocalciferol 50,000 IU [DRUG]: Participants will receive ergocalciferol 50,000 IU oral capsules weekly for the first 8 weeks, followed by 50,000 IU every two weeks for the subsequent 16 weeks (total 24 weeks).; Methimazole [DRUG]: Methimazole is considered standard of care for pediatric Graves' disease. Dosing is determined and adjusted by the participant's treating physician; Arm High-Dose Vitamin D2 + Methimazole: Participants in this arm will receive methimazole at a dose determined by their treating physician, according to standard clinical practice guidelines for pediatric Graves' disease. In addition, they will receive high-dose vitamin D2 (ergocalciferol) 50,000 IU orally weekly for the first 8 weeks, followed by 50,000 IU orally every two weeks for the remaining 16 weeks of the study.; Arm Methimazole (with optional low dose Vitamin D2): Participants in this arm will receive methimazole at a dose determined by their treating physician, according to standard clinical practice guidelines for pediatric Graves' disease. Participants will have the option of taking up to 1000 IU of vitamin D2 daily, purchased over-the-counter, but this will not be provided by the study. This is to address potential vitamin D deficiency while maintaining a comparison group.",Registry-defined; verify per protocol,Methimazole (with optional low dose Vitamin D2),Feasibility Metrics: Recruitment Rate; Feasibility Metrics: Adherence Rate; Feasibility Metrics: Data Completeness; Feasibility Metrics: Implementation Barriers,Time to Normalization and Thyroid function Trends,Protocol-defined,No posted in-scope efficacy result at cutoff.,No manually curated public result at cutoff.,Not established from posted results.,NR (no result-linked publication URL identified at data cut),Official registry protocol,ClinicalTrials.gov; NCT07369063,official_registry_full_record,2026-09-10,disease-directed standard-of-care or regimen-optimization trial,"Ergocalciferol 50,000 IU; Methimazole",RANDOMIZED,No,"NA (study not reported as terminated, withdrawn, or suspended)",Protocol identifies randomized allocation; no posted participant flow at data cut,No posted ClinicalTrials.gov results at frozen data cut,2026-09-10,2.0.0
NCT01297699,ClinicalTrials.gov,https://clinicaltrials.gov/study/NCT01297699,Tocilizumab,Tocilizumab (RoActemra®),Hospital Clinico Universitario de Santiago,Hospital Clinico Universitario de Santiago,Sight-threatening TED / dysthyroid optic neuropathy,IL-6 receptor blockade,PHASE3,COMPLETED,2012-03,2015-10,Spain,Adults primary,sight_threatening,32,NR (randomized N not posted; enrollment not substituted),NA (no posted results at data cut),RANDOMIZED PARALLEL,DOUBLE,Tocilizumab [EXPERIMENTAL]: Drug: Tocilizumab (RoActemra®); Sterile 0.9% Sodium Chloride [PLACEBO_COMPARATOR]: Drug: Sterile 0.9% Sodium Chloride,"Tocilizumab (RoActemra®) [DRUG]: Single intravenous infusion of tocilizumab (8 mg/kg); every 4 weeks during 16 weeks.; Sterile 0.9% Sodium Chloride [DRUG]: Single intravenous dip infusion of a sterile 0.9% sodium chloride, every four weeks during 16 weeks.",Registry-defined; verify per protocol,Sterile 0.9% Sodium Chloride,Drug efficacy will be established as a decrease in CAS (clinical activity score) by 2 or more points in a scale of 10.,"Clinical response of patients who respond to treatment with tocilizumab; Evaluate the patients quality of life associated with tocilizumab treatment, using SF-36; Determine time to recurrence during follow-up period; Safety as adverse events reported",Protocol-defined,No posted in-scope efficacy result at cutoff.,No manually curated public result at cutoff.,Not established from posted results.,NR (no result-linked publication URL identified at data cut),Official registry protocol,ClinicalTrials.gov; NCT01297699,official_registry_full_record,2026-09-10,disease-directed drug/biologic/supplement trial,Tocilizumab (RoActemra®); Sterile 0.9% Sodium Chloride,RANDOMIZED,No,"NA (study not reported as terminated, withdrawn, or suspended)",Protocol identifies randomized allocation; no posted participant flow at data cut,No posted ClinicalTrials.gov results at frozen data cut,2026-09-10,2.0.0
NCT07594912,ClinicalTrials.gov,https://clinicaltrials.gov/study/NCT07594912,Teprotumumab; Methylprednisolone,Teprotumumab N01 | Insulin-like growth factor-1 receptor monoclonal antibody | IGF-1R inhibitor; Intravenous Methylprednisolone (IVMP) | Methylprednisolone sodium succinate | Intravenous methylprednisolone pulse therapy | IVMP,Sun Yat-sen University,Sun Yat-sen University,Sight-threatening TED / dysthyroid optic neuropathy,IGF-1R inhibition; Glucocorticoid immunomodulation,PHASE2,NOT_YET_RECRUITING,2026-08,2027-12,China,Adults primary,sight_threatening,60,NR (randomized N not posted; enrollment not substituted),NA (no posted results at data cut),RANDOMIZED PARALLEL,NONE,Postoperative Sequential Teprotumumab N01 [EXPERIMENTAL]: Drug: Teprotumumab N01 — Participants in this arm will undergo urgent orbital decompression and then receive postoperative sequential Teprotumumab N01.; Postoperative Sequential Intravenous Methylprednisolone [ACTIVE_COMPARATOR]: Drug: Intravenous Methylprednisolone (IVMP) — Participants in this arm will undergo urgent orbital decompression and then receive postoperative sequential intravenous methylprednisolone.,"Teprotumumab N01 [DRUG]: Teprotumumab N01 will be administered intravenously after urgent orbital decompression. The first infusion will be 10 mg/kg, followed by 20 mg/kg every 3 weeks for 7 additional infusions.; Intravenous Methylprednisolone (IVMP) [DRUG]: IVMP will be administered after urgent orbital decompression at 0.5 to 1.0 g per day for 3 consecutive days, followed by oral prednisone tapering according to the participant's clinical status and investigator judgment.; Arm Postoperative Sequential Teprotumumab N01: Participants in this arm will undergo urgent orbital decompression and then receive postoperative sequential Teprotumumab N01.; Arm Postoperative Sequential Intravenous Methylprednisolone: Participants in this arm will undergo urgent orbital decompression and then receive postoperative sequential intravenous methylprednisolone.",Registry-defined; verify per protocol,Postoperative Sequential Intravenous Methylprednisolone,Change in Best-Corrected Visual Acuity (BCVA) From Baseline to Week 24,Change in BCVA From Baseline to Week 12; Change in Visual Field Mean Deviation (VF-MD) Measured by Humphrey Field Analyzer; Clinical Activity Score (CAS); Proptosis Measured by Hertel Exophthalmometry; Change in Gorman Diplopia Score,Protocol-defined,No posted in-scope efficacy result at cutoff.,No manually curated public result at cutoff.,Not established from posted results.,NR (no result-linked publication URL identified at data cut),Official registry protocol,ClinicalTrials.gov; NCT07594912,official_registry_full_record,2026-09-10,disease-directed standard-of-care or regimen-optimization trial,Teprotumumab N01; Intravenous Methylprednisolone (IVMP),RANDOMIZED,No,"NA (study not reported as terminated, withdrawn, or suspended)",Protocol identifies randomized allocation; no posted participant flow at data cut,No posted ClinicalTrials.gov results at frozen data cut,2026-09-10,2.0.0
NCT05002998,ClinicalTrials.gov,https://clinicaltrials.gov/study/NCT05002998,Teprotumumab,TEPEZZA,Amgen,Amgen,"TED, active and chronic/inactive cohorts",IGF-1R inhibition,PHASE4,COMPLETED,2021-09-16,2025-12-19,France; Germany; Italy; Spain; United Kingdom; United States,Adults primary,mixed_active_inactive,313,NR (randomized N not posted; enrollment not substituted),NA (no posted results at data cut),RANDOMIZED PARALLEL,QUADRUPLE,"Teprotumumab 4 Infusions [OTHER]: Drug: Teprotumumab, Drug: Placebo — • 4 infusions of teprotumumab (10 mg/kg for the first infusion and 20 mg/kg for the remaining 3 infusions) (Cohort 1) followed by 4 infusions of:

* Placebo if a participant is a treatment responder at Week 12 or
* Teprotumumab 20 mg/kg if a participant is a treatment non-responder at Week 12; Teprotumumab 8 Infusions [OTHER]: Drug: Teprotumumab — 8 infusions of teprotumumab (10 mg/kg for the first infusion and 20 mg/kg for the remaining 7 infusions) (Cohort 2); Teprotumumab 16 Infusions [OTHER]: Drug: Teprotumumab — 16 infusions of teprotumumab (10 mg/kg for the first infusion and 20 mg/kg for the remaining 15 infusions) (Cohort 3)","Teprotumumab [DRUG]: Teprotumumab is a fully human anti-IGF-1R mAb. Teprotumumab will be provided in single-dose 20-mL glass vials as a freeze-dried powder containing, in addition to the drug substance, 20 mmol/L histidine-histidine chloride, 250 mmol/L trehalose and 0.01% polysorbate 20 (w/w).

Prior to administration, each vial containing 500 mg teprotumumab freeze-dried powder will be reconstituted with 10 mL of sterile water for injection. The resulting solution will have a concentration of 47.6 mg/mL teprotumumab-trbw antibody. The reconstituted teprotumumab solution must be further diluted in 0.9% (w/v) sodium chloride (NaCl) solution prior to administration; Placebo [DRUG]: Placebo will consist of a normal saline (0.9% NaCl) solution and will be administered in 100 mL or 250 mL infusion bags, as appropriate, per weight-based dosing volumes.; Arm Teprotumumab 4 Infusions: • 4 infusions of teprotumumab (10 mg/kg for the first infusion and 20 mg/kg for the remaining 3 infusions) (Cohort 1) followed by 4 infusions of:

* Placebo if a participant is a treatment responder at Week 12 or
* Teprotumumab 20 mg/kg if a participant is a treatment non-responder at Week 12; Arm Teprotumumab 8 Infusions: 8 infusions of teprotumumab (10 mg/kg for the first infusion and 20 mg/kg for the remaining 7 infusions) (Cohort 2); Arm Teprotumumab 16 Infusions: 16 infusions of teprotumumab (10 mg/kg for the first infusion and 20 mg/kg for the remaining 15 infusions) (Cohort 3)",Registry-defined; verify per protocol,NR (randomized comparator arm not explicitly typed in registry),Percentage of Participants who experience at least 1 treatment-emergent adverse event (TEAE) and the percentage of participants who experience at least 1 treatment emergent AESI during treatment with teprotumumab; Percentage of Participants who receive re-treatment,NA (no secondary endpoint reported),Protocol-defined,No posted in-scope efficacy result at cutoff.,No manually curated public result at cutoff.,Not established from posted results.,NR (no result-linked publication URL identified at data cut),Official registry protocol,ClinicalTrials.gov; NCT05002998,official_registry_full_record,2026-09-10,disease-directed drug/biologic/supplement trial,Teprotumumab; Placebo,RANDOMIZED,No,"NA (study not reported as terminated, withdrawn, or suspended)",Protocol identifies randomized allocation; no posted participant flow at data cut,No posted ClinicalTrials.gov results at frozen data cut,2026-09-10,2.0.0
NCT06269393,ClinicalTrials.gov,https://clinicaltrials.gov/study/NCT06269393,IBI311,NR (no additional alias),Peking University People's Hospital,Peking University People's Hospital,"TED, active and chronic/inactive cohorts",IGF-1R inhibition,PHASE3,COMPLETED,2024-01-01,2025-04-03,China,Adults primary,mixed_active_inactive,53,NR (randomized N not posted; enrollment not substituted),NA (no posted results at data cut),RANDOMIZED PARALLEL,DOUBLE,"Placebo [PLACEBO_COMPARATOR]: Drug: Placebo — Participants with TAO will be randomized to receive 4 intravenous infusions of placebo with an interval of 3 weeks, followed by 4 intravenous infusions of IBI311 with an interval of 3 weeks.; IBI311 [ACTIVE_COMPARATOR]: Drug: IBI311 — Participants with TAO will be randomized to receive 8 intravenous infusions of IBI311 with an interval of 3 weeks.","Placebo [DRUG]: Placebo group: 10 mg/kg of placebo on Day 1, followed by 20 mg/kg, q3W of placebo for the following 3 infusions.10 mg/kg of IBI311 at Week 12, followed by 20 mg/kg, q3W of IBI311 for the remaining 3 infusions.; IBI311 [DRUG]: IBI311 group: 10 mg/kg of IBI311 on Day 1, followed by 20 mg/kg, q3W of IBI311 for the remaining 7 infusions; .; Arm Placebo: Participants with TAO will be randomized to receive 4 intravenous infusions of placebo with an interval of 3 weeks, followed by 4 intravenous infusions of IBI311 with an interval of 3 weeks.; Arm IBI311: Participants with TAO will be randomized to receive 8 intravenous infusions of IBI311 with an interval of 3 weeks.",Registry-defined; verify per protocol,Placebo; IBI311,"The proptosis responder rate (defined as percentage of subjects with a ≥ 2mm reduction from baseline in proptosis in the study eye, without deterioration [≥ 2 mm increase] of proptosis in the non-study eye) of the study eye.",Overall responder rate in proptosis of the study eye.; Percentage of subjects with a CAS value of 0 or 1; Diplopia responder rate (defined as percentage of subjects with a ≥ 1-grade improvement in diplopia),Protocol-defined,No posted in-scope efficacy result at cutoff.,No manually curated public result at cutoff.,Not established from posted results.,NR (no result-linked publication URL identified at data cut),Official registry protocol,ClinicalTrials.gov; NCT06269393,official_registry_full_record,2026-09-10,disease-directed drug/biologic/supplement trial,Placebo; IBI311,RANDOMIZED,No,"NA (study not reported as terminated, withdrawn, or suspended)",Protocol identifies randomized allocation; no posted participant flow at data cut,No posted ClinicalTrials.gov results at frozen data cut,2026-09-10,2.0.0
NCT06525506,ClinicalTrials.gov,https://clinicaltrials.gov/study/NCT06525506,IBI311,IBI311 (20 mg); IBI311 (3-20 mg); IBI311 (10 mg); IBI311 (3-10mg/kg),Innovent Biologics (Suzhou) Co. Ltd.,Innovent Biologics (Suzhou) Co. Ltd.,"TED, active and chronic/inactive cohorts",IGF-1R inhibition,PHASE2,COMPLETED,2024-09-04,2025-01-09,China,Adults primary,mixed_active_inactive,38,NR (randomized N not posted; enrollment not substituted),NA (no posted results at data cut),RANDOMIZED PARALLEL,TRIPLE,Arm 2: IBI311 (3-20 mg) [ACTIVE_COMPARATOR]: Biological: IBI311 (3-20 mg) — Arm 2: IBI311 (3-20 mg). Participants will receive 8 intravenous infusions of IBI311 with an interval of 3 weeks. Dose conversion was performed at week 12.; Arm 4: IBI311 (20 mg) [ACTIVE_COMPARATOR]: Biological: IBI311 (20 mg) — Arm 4: IBI311 (20 mg). Participants will receive 8 intravenous infusions of IBI311 with an interval of 3 weeks.; Arm 3: IBI311 (10 mg) [ACTIVE_COMPARATOR]: Biological: IBI311 (10 mg) — Arm 3: IBI311 (10 mg). Participants will receive 8 intravenous infusions of IBI311 with an interval of 3 weeks.; Arm 1: IBI311 (3-10 mg) [ACTIVE_COMPARATOR]: Biological: IBI311 (3-10mg/kg) — Arm 1: IBI311 (3-10 mg). Participants will receive 8 intravenous infusions of IBI311 with an interval of 3 weeks. Dose conversion was performed at week 12.,"IBI311 (20 mg) [BIOLOGICAL]: Arm 4: 10 mg/kg IBI311 on Day 1, followed by 20 mg/kg IBI311 from week 3 to week 21, Q3W.; IBI311 (3-20 mg) [BIOLOGICAL]: Arm 2: 3 mg/kg IBI311 from day 1 to week 9, Q3W, followed by 20 mg/kg IBI311 from week 12 to week 21, Q3W.; IBI311 (10 mg) [BIOLOGICAL]: Arm 3: 10 mg/kg IBI311 from day 1 to week 21, Q3W.; IBI311 (3-10mg/kg) [BIOLOGICAL]: Arm 1: 3 mg/kg IBI311 from day 1 to week 9, Q3W, followed by 10 mg/kg IBI311 from week 12 to week 21, Q3W.; Arm Arm 2: IBI311 (3-20 mg): Arm 2: IBI311 (3-20 mg). Participants will receive 8 intravenous infusions of IBI311 with an interval of 3 weeks. Dose conversion was performed at week 12.; Arm Arm 4: IBI311 (20 mg): Arm 4: IBI311 (20 mg). Participants will receive 8 intravenous infusions of IBI311 with an interval of 3 weeks.; Arm Arm 3: IBI311 (10 mg): Arm 3: IBI311 (10 mg). Participants will receive 8 intravenous infusions of IBI311 with an interval of 3 weeks.; Arm Arm 1: IBI311 (3-10 mg): Arm 1: IBI311 (3-10 mg). Participants will receive 8 intravenous infusions of IBI311 with an interval of 3 weeks. Dose conversion was performed at week 12.",Registry-defined; verify per protocol,Arm 2: IBI311 (3-20 mg); Arm 4: IBI311 (20 mg); Arm 3: IBI311 (10 mg); Arm 1: IBI311 (3-10 mg),Mean change from Baseline in proptosis in the study eye.; Safety and Tolerability,The proptosis responder rate in the study eye; Mean change from Baseline in proptosis in the study eye.; The overall responder rate in the study eye.; Percentage of subjects with a CAS of 0 or 1 in the study eye.; Mean change from Baseline in CAS in the study eye.,Protocol-defined,No posted in-scope efficacy result at cutoff.,No manually curated public result at cutoff.,Not established from posted results.,NR (no result-linked publication URL identified at data cut),Official registry protocol,ClinicalTrials.gov; NCT06525506,official_registry_full_record,2026-09-10,disease-directed drug/biologic/supplement trial,IBI311 (20 mg); IBI311 (3-20 mg); IBI311 (10 mg); IBI311 (3-10mg/kg),RANDOMIZED,No,"NA (study not reported as terminated, withdrawn, or suspended)",Protocol identifies randomized allocation; no posted participant flow at data cut,No posted ClinicalTrials.gov results at frozen data cut,2026-09-10,2.0.0
NCT07262476,ClinicalTrials.gov,https://clinicaltrials.gov/study/NCT07262476,MHB018A,MHB018A injection,Minghui Pharmaceutical (Hangzhou) Ltd,Minghui Pharmaceutical (Hangzhou) Ltd,"TED, active and chronic/inactive cohorts",IGF-1R inhibition,PHASE3,RECRUITING,2026-01-09,2029-01-31,China,Adults primary,mixed_active_inactive,258,NA (not randomized),NA (no posted results at data cut),NA SINGLE_GROUP,NONE,"MHB018A Injection [EXPERIMENTAL]: Drug: MHB018A injection — Subcutaneous injections of MHB018A injection, 450mg once every 4 weeks (q4w).","MHB018A injection [DRUG]: MHB018A 450mg for subcutaneous injection once every 4 weeks (Q4W); Arm MHB018A Injection: Subcutaneous injections of MHB018A injection, 450mg once every 4 weeks (q4w).",Registry-defined; verify per protocol,NA (no comparator arm identified),Proptosis Responder Rate at Week 24,TED relapse rate; TED relapse time; Overall response rate; Change in proptosis; Percentage of subjects with CAS of 0 or 1,Protocol-defined,No posted in-scope efficacy result at cutoff.,No manually curated public result at cutoff.,Not established from posted results.,NR (no result-linked publication URL identified at data cut),Official registry protocol,ClinicalTrials.gov; NCT07262476,official_registry_full_record,2026-09-10,named investigational disease-directed asset; comparator treatment does not determine asset class,MHB018A injection,NA,No,"NA (study not reported as terminated, withdrawn, or suspended)",Registry allocation=NA,No posted ClinicalTrials.gov results at frozen data cut,2026-09-10,2.0.0
NCT07462130,ClinicalTrials.gov,https://clinicaltrials.gov/study/NCT07462130,NTB003 / BCG009,NTB003; NTB003 and Placebo,Nanjing Chia-tai Tianqing Pharmaceutical,Nanjing Chia-tai Tianqing Pharmaceutical,"TED, active and chronic/inactive cohorts",IGF-1R inhibition,PHASE1; PHASE2,NOT_YET_RECRUITING,2026-03-01,2027-05-31,NR (study locations not reported),Adults primary,mixed_active_inactive,74,NA (not randomized),NA (no posted results at data cut),NON_RANDOMIZED SEQUENTIAL,NONE,Cohort 1 [EXPERIMENTAL]: Drug: NTB003 — Ib study ： NTB003 dose 1; Cohort 2 [EXPERIMENTAL]: Drug: NTB003 — Ib study ：NTB003 dose 2; Cohort 3 [EXPERIMENTAL]: Drug: NTB003 — Ib study ：NTB003 dose 3; Cohort 4 [EXPERIMENTAL]: Drug: NTB003 and Placebo — II study ：SC injection of dose of NTB003 or placebo,"NTB003 [DRUG]: NTB003 dose 1 administered SC injection every 4 weeks.; NTB003 [DRUG]: NTB003 dose 2 administered SC injection every 4 weeks.; NTB003 [DRUG]: NTB003 dose 3 administered SC injection every 4 weeks.; NTB003 and Placebo [DRUG]: Drug:NTB003 subcutaneous injection

Drug: Placebo subcutaneous injection; Arm Cohort 1: Ib study ： NTB003 dose 1; Arm Cohort 2: Ib study ：NTB003 dose 2; Arm Cohort 3: Ib study ：NTB003 dose 3; Arm Cohort 4: II study ：SC injection of dose of NTB003 or placebo",Registry-defined; verify per protocol,NA (no comparator arm identified),Proptosis Responder Rate in the study eye,Change from baseline in proptosis in the study eye; Change from baseline in CAS; Overall Responder Rate; Diplopia response rate; Diplopia Resolution Rate,Protocol-defined,No posted in-scope efficacy result at cutoff.,No manually curated public result at cutoff.,Not established from posted results.,NR (no result-linked publication URL identified at data cut),Official registry protocol,ClinicalTrials.gov; NCT07462130,official_registry_full_record,2026-09-10,named investigational disease-directed asset; comparator treatment does not determine asset class,NTB003; NTB003 and Placebo,NON_RANDOMIZED,No,"NA (study not reported as terminated, withdrawn, or suspended)",Registry allocation=NON_RANDOMIZED,No posted ClinicalTrials.gov results at frozen data cut,2026-09-10,2.0.0
NCT07620405,ClinicalTrials.gov,https://clinicaltrials.gov/study/NCT07620405,MHB018A,MHB018A injection,Minghui Pharmaceutical (Hangzhou) Ltd,Minghui Pharmaceutical (Hangzhou) Ltd,"TED, active and chronic/inactive cohorts",IGF-1R inhibition,PHASE3,NOT_YET_RECRUITING,2027-07,2030-01,NR (study locations not reported),Adults primary,mixed_active_inactive,219,NA (not randomized),NA (no posted results at data cut),NA SINGLE_GROUP,NONE,"MHB018A Injection [EXPERIMENTAL]: Drug: MHB018A injection — Subcutaneous injections of MHB018A injection, 450mg once every 4 weeks (q4w).","MHB018A injection [DRUG]: MHB018A 450mg for subcutaneous injection once every 4 weeks (Q4W); Arm MHB018A Injection: Subcutaneous injections of MHB018A injection, 450mg once every 4 weeks (q4w).",Registry-defined; verify per protocol,NA (no comparator arm identified),Proptosis Responder Rate at Week 24,TED relapse rate; TED relapse time; Overall response rate; Change in proptosis; Percentage of subjects with CAS of 0 or 1,Protocol-defined,No posted in-scope efficacy result at cutoff.,No manually curated public result at cutoff.,Not established from posted results.,NR (no result-linked publication URL identified at data cut),Official registry protocol,ClinicalTrials.gov; NCT07620405,official_registry_full_record,2026-09-10,named investigational disease-directed asset; comparator treatment does not determine asset class,MHB018A injection,NA,No,"NA (study not reported as terminated, withdrawn, or suspended)",Registry allocation=NA,No posted ClinicalTrials.gov results at frozen data cut,2026-09-10,2.0.0
NCT03708627,ClinicalTrials.gov,https://clinicaltrials.gov/study/NCT03708627,Bimatoprost,Bimatoprost Ophthalmic,Johns Hopkins University,Johns Hopkins University,"TED, activity/severity not registry-specified",Ophthalmic symptom-directed therapy,EARLY_PHASE1,RECRUITING,2017-11-01,2029-07-01,United States,Adults primary,unspecified,3,NA (not randomized),NA (no posted results at data cut),NON_RANDOMIZED PARALLEL,SINGLE,Bimatoprost in more proptotic eye [EXPERIMENTAL]: Drug: Bimatoprost Ophthalmic — Patients instill Bimatoprost in their more proptotic eye one nightly; Control [NO_INTERVENTION]: Bimatoprost is not instilled in the patient's fellow eye,"Bimatoprost Ophthalmic [DRUG]: Bimatoprost, aka Lumigan, one drop in one eye nightly; Arm Bimatoprost in more proptotic eye: Patients instill Bimatoprost in their more proptotic eye one nightly; Arm Control: Bimatoprost is not instilled in the patient's fellow eye",Registry-defined; verify per protocol,Control,Reduction in periorbital fat causing improvement in proptosis,NA (no secondary endpoint reported),Protocol-defined,No posted in-scope efficacy result at cutoff.,No manually curated public result at cutoff.,Not established from posted results.,NR (no result-linked publication URL identified at data cut),Official registry protocol,ClinicalTrials.gov; NCT03708627,official_registry_full_record,2026-09-10,disease-directed drug/biologic/supplement trial,Bimatoprost Ophthalmic,NON_RANDOMIZED,No,"NA (study not reported as terminated, withdrawn, or suspended)",Registry allocation=NON_RANDOMIZED,No posted ClinicalTrials.gov results at frozen data cut,2026-09-10,2.0.0
NCT05110040,ClinicalTrials.gov,https://clinicaltrials.gov/study/NCT05110040,Unspecified immunosuppressive agent,immunosuppressive agent | immunosuppressive regulator,Sun Yat-sen University,Sun Yat-sen University,"TED, activity/severity not registry-specified",Unspecified immunosuppression,NA,UNKNOWN,2021-10-15,2024-12-01,China,Adults primary,unspecified,12,NA (not randomized),NA (no posted results at data cut),NA SINGLE_GROUP,NONE,immunosuppressive agents [EXPERIMENTAL]: Drug: immunosuppressive agent — patients recruited will be treated with one or／and two immnuosuppressive agents,immunosuppressive agent [DRUG]: patients with TAO recruited in this study will administrated with immunosuppressive agent per day; Arm immunosuppressive agents: patients recruited will be treated with one or／and two immnuosuppressive agents,Registry-defined; verify per protocol,NA (no comparator arm identified),change of macular sensibility,change of extraocular muscle volume and orbital fat volume by MRI; change of proptosis; change of QoL; change of eyelid aperture and lid lag,Protocol-defined,No posted in-scope efficacy result at cutoff.,No manually curated public result at cutoff.,Not established from posted results.,NR (no result-linked publication URL identified at data cut),Official registry protocol,ClinicalTrials.gov; NCT05110040,official_registry_full_record,2026-09-10,disease-directed drug/biologic/supplement trial,immunosuppressive agent,NA,No,"NA (study not reported as terminated, withdrawn, or suspended)",Registry allocation=NA,No posted ClinicalTrials.gov results at frozen data cut,2026-09-10,2.0.0
NCT06087731,ClinicalTrials.gov,https://clinicaltrials.gov/study/NCT06087731,Tocilizumab,NR (no additional alias),Sun Yat-sen University,Sun Yat-sen University,"TED, activity/severity not registry-specified",IL-6 receptor blockade,PHASE2,WITHDRAWN,2023-09-23,2023-09-23,China,Adults primary,unspecified,0,NA (not randomized),NA (no posted results at data cut),NA SINGLE_GROUP,NONE,tocilizumab [EXPERIMENTAL]: Drug: Tocilizumab — administrated with tocilizumab (8mg/kg) every four weeks,Tocilizumab [DRUG]: Tocilizumab (8mg/kg) every 4 wekks; Arm tocilizumab: administrated with tocilizumab (8mg/kg) every four weeks,Registry-defined; verify per protocol,NA (no comparator arm identified),volume and signal intensity of each extraocular muscles and soft tissue in MRI images; Clinical Activity Score; eyelid aperture; exophthalmos; eyelid lag,ocular motility; Graves' Ophthalmopathy Quality of Life Scale; inflammatory markers changes,Protocol-defined,No posted in-scope efficacy result at cutoff.,No manually curated public result at cutoff.,Not established from posted results.,NR (no result-linked publication URL identified at data cut),Official registry protocol,ClinicalTrials.gov; NCT06087731,official_registry_full_record,2026-09-10,For some personal reasons.; disease-directed drug/biologic/supplement trial,Tocilizumab,NA,No,For some personal reasons.,Registry allocation=NA,No posted ClinicalTrials.gov results at frozen data cut,2026-09-10,2.0.0
NCT06812325,ClinicalTrials.gov,https://clinicaltrials.gov/study/NCT06812325,VRDN-003,NR (no additional alias),"Viridian Therapeutics, Inc.","Viridian Therapeutics, Inc.","TED, any CAS / mixed activity",IGF-1R inhibition,PHASE3,ACTIVE_NOT_RECRUITING,2025-02-03,2026-04-22,France; Germany; Poland; Spain; Turkey (Türkiye); United Kingdom; United States,Adults primary,mixed_activity,320,NR (randomized N not posted; enrollment not substituted),NA (no posted results at data cut),RANDOMIZED PARALLEL,TRIPLE,"VRDN-003 every 4 weeks [EXPERIMENTAL]: Drug: VRDN-003 — 6 subcutaneous administrations of VRDN-003; VRDN-003 every 8 weeks [EXPERIMENTAL]: Drug: VRDN-003, Drug: Placebo — 3 subcutaneous administrations of VRDN-003 and 3 subcutaneous administrations of placebo","VRDN-003 [DRUG]: VRDN-003 is an investigational, subcutaneously administered, humanized monoclonal antibody directed against the Insulin-like Growth Factor-1 receptor (IGF-1R).; Placebo [DRUG]: Placebo injections that appear identical to VRDN-003 injections but have no active drug.; Arm VRDN-003 every 4 weeks: 6 subcutaneous administrations of VRDN-003; Arm VRDN-003 every 8 weeks: 3 subcutaneous administrations of VRDN-003 and 3 subcutaneous administrations of placebo",Registry-defined; verify per protocol,NR (randomized comparator arm not explicitly typed in registry),Treatment Emergent Adverse Event (TEAE) incidence rate through Week 24,Change from baseline in proptosis in the study eye at Week 24 as measured by exophthalmometer; TEAE incident rate through study completion,Protocol-defined,No posted in-scope efficacy result at cutoff.,No manually curated public result at cutoff.,Not established from posted results.,NR (no result-linked publication URL identified at data cut),Official registry protocol,ClinicalTrials.gov; NCT06812325,official_registry_full_record,2026-09-10,disease-directed drug/biologic/supplement trial,VRDN-003; Placebo,RANDOMIZED,No,"NA (study not reported as terminated, withdrawn, or suspended)",Protocol identifies randomized allocation; no posted participant flow at data cut,No posted ClinicalTrials.gov results at frozen data cut,2026-09-10,2.0.0
NCT07155668,ClinicalTrials.gov,https://clinicaltrials.gov/study/NCT07155668,VRDN-003; Autoinjector device,NR (no additional alias); Autoinjector,"Viridian Therapeutics, Inc.","Viridian Therapeutics, Inc.","TED, any CAS / mixed activity",IGF-1R inhibition; Delivery device,PHASE3,COMPLETED,2025-07-01,2026-05-28,United States,Adults primary,mixed_activity,87,NR (randomized N not posted; enrollment not substituted),NA (no posted results at data cut),RANDOMIZED PARALLEL,NONE,"VRDN-003 every 4 weeks using autoinjector [EXPERIMENTAL]: Drug: VRDN-003, Device: Autoinjector — 6 subcutaneous administrations of VRDN-003 \[1 loading dose of 600mg and 5 doses of 300mg\]; VRDN-003 every 8 weeks using autoinjector [EXPERIMENTAL]: Drug: VRDN-003, Device: Autoinjector — 3 subcutaneous administrations of VRDN-003 \[1 loading dose of 600mg and 2 doses of 300mg\]; VRDN-003 every 8 weeks using vial and syringe [EXPERIMENTAL]: Drug: VRDN-003 — 3 subcutaneous administrations of VRDN-003 \[1 loading dose of 600mg and 2 doses of 300mg\]","VRDN-003 [DRUG]: VRDN-003 is an investigational, subcutaneously administered, humanized monoclonal antibody directed against the Insulin-like Growth Factor-1 receptor (IGF-1R).; Autoinjector [DEVICE]: The autoinjector is a single-dose, disposable, ready-to-use delivery device; Arm VRDN-003 every 4 weeks using autoinjector: 6 subcutaneous administrations of VRDN-003 \[1 loading dose of 600mg and 5 doses of 300mg\]; Arm VRDN-003 every 8 weeks using autoinjector: 3 subcutaneous administrations of VRDN-003 \[1 loading dose of 600mg and 2 doses of 300mg\]; Arm VRDN-003 every 8 weeks using vial and syringe: 3 subcutaneous administrations of VRDN-003 \[1 loading dose of 600mg and 2 doses of 300mg\]",Registry-defined; verify per protocol,NR (randomized comparator arm not explicitly typed in registry),Treatment Emergent Adverse Event (TEAE) incidence rate,Pharmacokinetic outcome measures; Pharmacokinetic outcome measures,Protocol-defined,No posted in-scope efficacy result at cutoff.,No manually curated public result at cutoff.,Not established from posted results.,NR (no result-linked publication URL identified at data cut),Official registry protocol,ClinicalTrials.gov; NCT07155668,official_registry_full_record,2026-09-10,disease-directed drug/biologic/supplement trial,VRDN-003; Autoinjector,RANDOMIZED,No,"NA (study not reported as terminated, withdrawn, or suspended)",Protocol identifies randomized allocation; no posted participant flow at data cut,No posted ClinicalTrials.gov results at frozen data cut,2026-09-10,2.0.0
NCT06179875,ClinicalTrials.gov,https://clinicaltrials.gov/study/NCT06179875,Veligrotug (Lumvoa),Veligrotug | VRDN-001,"Viridian Therapeutics, Inc.","Viridian Therapeutics, Inc.","TED, mixed feeder population",IGF-1R inhibition,PHASE3,COMPLETED,2024-01-31,2025-04-25,France; Germany; Netherlands; Poland; Spain; Turkey (Türkiye); United Kingdom; United States,Adults primary,mixed_feeder_population,139,NA (not randomized),Endpoint-specific (see result_trial_curation_v2.csv; denominators vary by endpoint),NA PARALLEL,NONE,Veligrotug/Veligrotug [EXPERIMENTAL]: Drug: Veligrotug — Non-responder participants who received veligrotug in the parent Study VRDN-001-101 or VRDN-001-301 will receive veligrotug 10 milligrams (mg)/kilogram (kg) every 3 weeks (Q3W) for 12 weeks.; Placebo/Veligrotug [EXPERIMENTAL]: Drug: Veligrotug — Non-responder participants who received placebo in the parent Study VRDN-001-101 or VRDN-001-301 will receive veligrotug 10 mg/kg Q3W for 12 weeks.,Veligrotug [DRUG]: Veligrotug 10 mg/kg (5 infusions of Veligrotug 10 mg/kg); Arm Veligrotug/Veligrotug: Non-responder participants who received veligrotug in the parent Study VRDN-001-101 or VRDN-001-301 will receive veligrotug 10 milligrams (mg)/kilogram (kg) every 3 weeks (Q3W) for 12 weeks.; Arm Placebo/Veligrotug: Non-responder participants who received placebo in the parent Study VRDN-001-101 or VRDN-001-301 will receive veligrotug 10 mg/kg Q3W for 12 weeks.,Registry-defined; verify per protocol,NA (no comparator arm identified),Proptosis Responder Rate (PRR) in the Most Proptotic Eye as Measured by Exophthalmometer,Change From Baseline in Proptosis in the Most Proptotic Eye as Measured by Exophthalmometer; PRR in the Most Proptotic Eye as Measured by Magnetic Resonance Imaging (MRI)/Computed Tomography (CT); Change From Baseline in Proptosis in the Most Proptotic Eye as Measured by MRI/CT; Clinical Activity Responder Rate in the Most Proptotic Eye as Measured by Exophthalmometer; ORR Comprising PRR and Clinical Activity Responder Rate in the Most Proptotic Eye as Measured by Exophthalmometer,Posted result timepoint,Week 15 PRR 21.1% prior-veligrotug nonresponders vs 51.2% prior-placebo receiving first veligrotug; proptosis change −1.235 vs −2.418 mm.,SAE 0/57 vs 1/82; deaths 0.,Week 15 within-cohort only.,NR (no result-linked publication URL identified at data cut),Registry result + manual curation,ClinicalTrials.gov; NCT06179875,official_registry_full_record,2026-09-10,disease-directed drug/biologic/supplement trial; Selected cohorts; live cut confirmed enrollment 139 and no registry drift.,Veligrotug,NA,Yes,"NA (study not reported as terminated, withdrawn, or suspended)",Registry allocation=NA,Posted results with manually curated endpoint-specific interpretation,2026-09-10,2.0.0
