claim_id,artifact,artifact_location,report_occurrence_count,claim_text,claim_type,population,comparator,endpoint,timepoint,value,unit,source_ids,source_urls,exact_anchors,access_depth,evidence_tier,requires_inline_citation,first_pass_decision,first_pass_rationale,blind_verdict,blind_failure_mode,resolution,final_display_state,canonical_artifact,canonical_row_ids,canonical_artifact_sha256,display_order,data_cut,schema_version,notes
METHOD-001,report_graves_ted_landscape_v2.md,report_graves_ted_landscape_v2.md::lines=10,1,Frozen ClinicalTrials.gov query는 324개 record를 포함했다.,internal_inventory_count,Frozen registry query or audit inventory,NA (no comparator),registry records,NA (not timepoint-specific),324,records,NA (internal canonical evidence),NA (no external source URL required),CANONICAL:registry_cut_reconciliation_2026-09-10.json::field=cut_record_count,Canonical release artifact or analytic definition,Internal deterministic evidence,No,support,"Claim is bounded to the cited canonical evidence and does not exceed its population, endpoint, or timepoint.",support,support,NA (no first-pass correction required),final_displayed_blind_support,registry_cut_reconciliation_2026-09-10.json,field=cut_record_count,1c2621bef5d11b200fa283b1e1708860babcc83284322d887ff46742c5316384,1,2026-09-10,2.0.0,"Within-agent blind QA pending; not independent validation. | Blind QA BLIND-0062 (BATCH-03): support; same coordinator, stance-hidden, not independent validation."
METHOD-002,report_graves_ted_landscape_v2.md,report_graves_ted_landscape_v2.md::lines=20,1,사전 정의된 scope로 193개 record를 audit triage했다.,internal_inventory_count,Frozen registry query or audit inventory,NA (no comparator),triaged records,NA (not timepoint-specific),193,records,NA (internal canonical evidence),NA (no external source URL required),CANONICAL:qa_summary.json::registry.triaged,Canonical release artifact or analytic definition,Internal deterministic evidence,No,support,"Claim is bounded to the cited canonical evidence and does not exceed its population, endpoint, or timepoint.",support,support,NA (no first-pass correction required),final_displayed_blind_support,qa_summary.json,registry.triaged,4154359f375a0f98e93abae61e40343256a98b56abb24347cd87ec707f9db401,2,2026-09-10,2.0.0,"Within-agent blind QA pending; not independent validation. | Blind QA BLIND-0014 (BATCH-01): support; same coordinator, stance-hidden, not independent validation."
METHOD-003,report_graves_ted_landscape_v2.md,report_graves_ted_landscape_v2.md::lines=11,1,최종 clinical trial inventory에는 168개 unique trial이 포함되었다.,internal_inventory_count,Frozen registry query or audit inventory,NA (no comparator),included trials,NA (not timepoint-specific),168,records,NA (internal canonical evidence),NA (no external source URL required),CANONICAL:clinical_trials_v2.csv::all rows | unique trial_id,Canonical release artifact or analytic definition,Internal deterministic evidence,No,support,"Claim is bounded to the cited canonical evidence and does not exceed its population, endpoint, or timepoint.",support,support,NA (no first-pass correction required),final_displayed_blind_support,clinical_trials_v2.csv,all rows; unique trial_id,2e913b6ef71fca82c0ccc0e978d8cd481269fd74445dd21906acd521c255cf5b,3,2026-09-10,2.0.0,"Within-agent blind QA pending; not independent validation. | Blind QA BLIND-0156 (BATCH-07): support; same coordinator, stance-hidden, not independent validation."
METHOD-004,report_graves_ted_landscape_v2.md,report_graves_ted_landscape_v2.md::lines=12,1,포함 trial 중 25개에 data cut 시점 posted results가 있었다.,internal_inventory_count,Frozen registry query or audit inventory,NA (no comparator),result-bearing trials,NA (not timepoint-specific),25,records,NA (internal canonical evidence),NA (no external source URL required),CANONICAL:clinical_trials_v2.csv::field=has_posted_results,Canonical release artifact or analytic definition,Internal deterministic evidence,No,support,"Claim is bounded to the cited canonical evidence and does not exceed its population, endpoint, or timepoint.",support,support,NA (no first-pass correction required),final_displayed_blind_support,clinical_trials_v2.csv,field=has_posted_results,2e913b6ef71fca82c0ccc0e978d8cd481269fd74445dd21906acd521c255cf5b,4,2026-09-10,2.0.0,"Within-agent blind QA pending; not independent validation. | Blind QA BLIND-0192 (BATCH-08): support; same coordinator, stance-hidden, not independent validation."
METHOD-005,report_graves_ted_landscape_v2.md,report_graves_ted_landscape_v2.md::lines=21,1,Baseline과 frozen cut 사이 tracked registry drift는 0건이었다.,internal_inventory_count,Frozen registry query or audit inventory,NA (no comparator),registry drift rows,NA (not timepoint-specific),0,rows,NA (internal canonical evidence),NA (no external source URL required),CANONICAL:registry_cut_reconciliation_2026-09-10.json::field=drift_row_count,Canonical release artifact or analytic definition,Internal deterministic evidence,No,support,"Claim is bounded to the cited canonical evidence and does not exceed its population, endpoint, or timepoint.",support,support,NA (no first-pass correction required),final_displayed_blind_support,registry_cut_reconciliation_2026-09-10.json,field=drift_row_count,1c2621bef5d11b200fa283b1e1708860babcc83284322d887ff46742c5316384,5,2026-09-10,2.0.0,"Within-agent blind QA pending; not independent validation. | Blind QA BLIND-0116 (BATCH-05): support; same coordinator, stance-hidden, not independent validation."
DOC-CONTROL-001,report_graves_ted_landscape_v2.md,report_graves_ted_landscape_v2.md::lines=3,1,2026-09-10 (frozen; later registry/regulatory changes excluded).,internal_document_control,v2 release,NA (no comparator),frozen data cut,2026-09-10 data cut,2026-09-10 (frozen; later registry/regulatory changes excluded).,document-control statement,NA (internal canonical evidence),NA (no external source URL required),INTERNAL_PLAN:plan2.md::frozen-contract::frozen data cut,Canonical release artifact or analytic definition,Internal deterministic evidence,No,support,"The statement is a release-control condition, not an external clinical claim.",support,support,NA (no first-pass correction required),final_displayed_blind_support,plan2.md,frozen-contract::frozen data cut,db3a5bb7757d814309f2d5e736a7cdef1cbc8504b94caa04c4f0d472228d6880,6,2026-09-10,2.0.0,"Within-agent blind QA pending; not independent validation. | Blind QA BLIND-0064 (BATCH-03): support; same coordinator, stance-hidden, not independent validation."
DOC-CONTROL-002,report_graves_ted_landscape_v2.md,report_graves_ted_landscape_v2.md::lines=4,1,"United States, EU/EEA, United Kingdom, South Korea, Japan을 포함하며 adults가 primary이고 pediatrics, pregnancy/lactation, older adults, relapsed/refractory populations는 분리한다.",internal_document_control,v2 release,NA (no comparator),geographic and population scope,2026-09-10 data cut,"United States, EU/EEA, United Kingdom, South Korea, Japan을 포함하며 adults가 primary이고 pediatrics, pregnancy/lactation, older adults, relapsed/refractory populations는 분리한다.",document-control statement,NA (internal canonical evidence),NA (no external source URL required),INTERNAL_PLAN:plan2.md::frozen-contract::geographic and population scope,Canonical release artifact or analytic definition,Internal deterministic evidence,No,support,"The statement is a release-control condition, not an external clinical claim.",support,support,NA (no first-pass correction required),final_displayed_blind_support,plan2.md,frozen-contract::geographic and population scope,db3a5bb7757d814309f2d5e736a7cdef1cbc8504b94caa04c4f0d472228d6880,7,2026-09-10,2.0.0,"Within-agent blind QA pending; not independent validation. | Blind QA BLIND-0088 (BATCH-04): support; same coordinator, stance-hidden, not independent validation."
DOC-CONTROL-003,report_graves_ted_landscape_v2.md,report_graves_ted_landscape_v2.md::lines=5,1,"Quantitative meta-analysis, naïve pooling, cross-trial efficacy ranking을 수행하지 않으며 R&D potential과 evidence confidence를 분리한다.",internal_document_control,v2 release,NA (no comparator),analysis boundary,2026-09-10 data cut,"Quantitative meta-analysis, naïve pooling, cross-trial efficacy ranking을 수행하지 않으며 R&D potential과 evidence confidence를 분리한다.",document-control statement,NA (internal canonical evidence),NA (no external source URL required),INTERNAL_PLAN:plan2.md::frozen-contract::analysis boundary,Canonical release artifact or analytic definition,Internal deterministic evidence,No,support,"The statement is a release-control condition, not an external clinical claim.",support,support,NA (no first-pass correction required),final_displayed_blind_support,plan2.md,frozen-contract::analysis boundary,db3a5bb7757d814309f2d5e736a7cdef1cbc8504b94caa04c4f0d472228d6880,8,2026-09-10,2.0.0,"Within-agent blind QA pending; not independent validation. | Blind QA BLIND-0138 (BATCH-06): support; same coordinator, stance-hidden, not independent validation."
DOC-CONTROL-004,evidence_claims_v2.csv,ledger-only claim,0,이 문서는 first-pass report이며 stance-hidden second-pass verdict가 pending이다; final release에는 support verdict claim만 표시한다.,internal_document_control,v2 release,NA (no comparator),provisional QA state,2026-09-10 data cut,이 문서는 first-pass report이며 stance-hidden second-pass verdict가 pending이다; final release에는 support verdict claim만 표시한다.,document-control statement,NA (internal canonical evidence),NA (no external source URL required),INTERNAL_PLAN:plan2.md::frozen-contract::provisional QA state,Canonical release artifact or analytic definition,Internal deterministic evidence,No,support,"The statement is a release-control condition, not an external clinical claim.",support,support,NA (no first-pass correction required),ledger_only_blind_support_superseded_provisional_document_state,plan2.md,frozen-contract::provisional QA state,db3a5bb7757d814309f2d5e736a7cdef1cbc8504b94caa04c4f0d472228d6880,9,2026-09-10,2.0.0,"Within-agent blind QA pending; not independent validation. | Blind QA BLIND-0111 (BATCH-05): support; same coordinator, stance-hidden, not independent validation."
METHOD-006,report_graves_ted_landscape_v2.md,report_graves_ted_landscape_v2.md::lines=33,1,COMPLETED status trial은 66개였다.,internal_status_count,168 included trials,NA (no comparator),overall_status count,NA (not timepoint-specific),66,trials,NA (internal canonical evidence),NA (no external source URL required),CANONICAL:clinical_trials_v2.csv::field=overall_status | value=COMPLETED,Canonical release artifact or analytic definition,Internal deterministic evidence,No,support,"Claim is bounded to the cited canonical evidence and does not exceed its population, endpoint, or timepoint.",support,support,NA (no first-pass correction required),final_displayed_blind_support,clinical_trials_v2.csv,field=overall_status; value=COMPLETED,2e913b6ef71fca82c0ccc0e978d8cd481269fd74445dd21906acd521c255cf5b,10,2026-09-10,2.0.0,"Within-agent blind QA pending; not independent validation. | Blind QA BLIND-0016 (BATCH-01): support; same coordinator, stance-hidden, not independent validation."
METHOD-007,report_graves_ted_landscape_v2.md,report_graves_ted_landscape_v2.md::lines=34,1,RECRUITING status trial은 39개였다.,internal_status_count,168 included trials,NA (no comparator),overall_status count,NA (not timepoint-specific),39,trials,NA (internal canonical evidence),NA (no external source URL required),CANONICAL:clinical_trials_v2.csv::field=overall_status | value=RECRUITING,Canonical release artifact or analytic definition,Internal deterministic evidence,No,support,"Claim is bounded to the cited canonical evidence and does not exceed its population, endpoint, or timepoint.",support,support,NA (no first-pass correction required),final_displayed_blind_support,clinical_trials_v2.csv,field=overall_status; value=RECRUITING,2e913b6ef71fca82c0ccc0e978d8cd481269fd74445dd21906acd521c255cf5b,11,2026-09-10,2.0.0,"Within-agent blind QA pending; not independent validation. | Blind QA BLIND-0052 (BATCH-03): support; same coordinator, stance-hidden, not independent validation."
METHOD-008,report_graves_ted_landscape_v2.md,report_graves_ted_landscape_v2.md::lines=35,1,UNKNOWN status trial은 22개였다.,internal_status_count,168 included trials,NA (no comparator),overall_status count,NA (not timepoint-specific),22,trials,NA (internal canonical evidence),NA (no external source URL required),CANONICAL:clinical_trials_v2.csv::field=overall_status | value=UNKNOWN,Canonical release artifact or analytic definition,Internal deterministic evidence,No,support,"Claim is bounded to the cited canonical evidence and does not exceed its population, endpoint, or timepoint.",support,support,NA (no first-pass correction required),final_displayed_blind_support,clinical_trials_v2.csv,field=overall_status; value=UNKNOWN,2e913b6ef71fca82c0ccc0e978d8cd481269fd74445dd21906acd521c255cf5b,12,2026-09-10,2.0.0,"Within-agent blind QA pending; not independent validation. | Blind QA BLIND-0007 (BATCH-01): support; same coordinator, stance-hidden, not independent validation."
METHOD-009,report_graves_ted_landscape_v2.md,report_graves_ted_landscape_v2.md::lines=36,1,NOT_YET_RECRUITING status trial은 14개였다.,internal_status_count,168 included trials,NA (no comparator),overall_status count,NA (not timepoint-specific),14,trials,NA (internal canonical evidence),NA (no external source URL required),CANONICAL:clinical_trials_v2.csv::field=overall_status | value=NOT_YET_RECRUITING,Canonical release artifact or analytic definition,Internal deterministic evidence,No,support,"Claim is bounded to the cited canonical evidence and does not exceed its population, endpoint, or timepoint.",support,support,NA (no first-pass correction required),final_displayed_blind_support,clinical_trials_v2.csv,field=overall_status; value=NOT_YET_RECRUITING,2e913b6ef71fca82c0ccc0e978d8cd481269fd74445dd21906acd521c255cf5b,13,2026-09-10,2.0.0,"Within-agent blind QA pending; not independent validation. | Blind QA BLIND-0008 (BATCH-01): support; same coordinator, stance-hidden, not independent validation."
METHOD-010,report_graves_ted_landscape_v2.md,report_graves_ted_landscape_v2.md::lines=37,1,TERMINATED status trial은 11개였다.,internal_status_count,168 included trials,NA (no comparator),overall_status count,NA (not timepoint-specific),11,trials,NA (internal canonical evidence),NA (no external source URL required),CANONICAL:clinical_trials_v2.csv::field=overall_status | value=TERMINATED,Canonical release artifact or analytic definition,Internal deterministic evidence,No,support,"Claim is bounded to the cited canonical evidence and does not exceed its population, endpoint, or timepoint.",support,support,NA (no first-pass correction required),final_displayed_blind_support,clinical_trials_v2.csv,field=overall_status; value=TERMINATED,2e913b6ef71fca82c0ccc0e978d8cd481269fd74445dd21906acd521c255cf5b,14,2026-09-10,2.0.0,"Within-agent blind QA pending; not independent validation. | Blind QA BLIND-0092 (BATCH-04): support; same coordinator, stance-hidden, not independent validation."
METHOD-011,report_graves_ted_landscape_v2.md,report_graves_ted_landscape_v2.md::lines=38,1,ACTIVE_NOT_RECRUITING status trial은 8개였다.,internal_status_count,168 included trials,NA (no comparator),overall_status count,NA (not timepoint-specific),8,trials,NA (internal canonical evidence),NA (no external source URL required),CANONICAL:clinical_trials_v2.csv::field=overall_status | value=ACTIVE_NOT_RECRUITING,Canonical release artifact or analytic definition,Internal deterministic evidence,No,support,"Claim is bounded to the cited canonical evidence and does not exceed its population, endpoint, or timepoint.",support,support,NA (no first-pass correction required),final_displayed_blind_support,clinical_trials_v2.csv,field=overall_status; value=ACTIVE_NOT_RECRUITING,2e913b6ef71fca82c0ccc0e978d8cd481269fd74445dd21906acd521c255cf5b,15,2026-09-10,2.0.0,"Within-agent blind QA pending; not independent validation. | Blind QA BLIND-0049 (BATCH-02): support; same coordinator, stance-hidden, not independent validation."
METHOD-012,report_graves_ted_landscape_v2.md,report_graves_ted_landscape_v2.md::lines=39,1,WITHDRAWN status trial은 5개였다.,internal_status_count,168 included trials,NA (no comparator),overall_status count,NA (not timepoint-specific),5,trials,NA (internal canonical evidence),NA (no external source URL required),CANONICAL:clinical_trials_v2.csv::field=overall_status | value=WITHDRAWN,Canonical release artifact or analytic definition,Internal deterministic evidence,No,support,"Claim is bounded to the cited canonical evidence and does not exceed its population, endpoint, or timepoint.",support,support,NA (no first-pass correction required),final_displayed_blind_support,clinical_trials_v2.csv,field=overall_status; value=WITHDRAWN,2e913b6ef71fca82c0ccc0e978d8cd481269fd74445dd21906acd521c255cf5b,16,2026-09-10,2.0.0,"Within-agent blind QA pending; not independent validation. | Blind QA BLIND-0155 (BATCH-07): support; same coordinator, stance-hidden, not independent validation."
METHOD-013,report_graves_ted_landscape_v2.md,report_graves_ted_landscape_v2.md::lines=40,1,ENROLLING_BY_INVITATION status trial은 2개였다.,internal_status_count,168 included trials,NA (no comparator),overall_status count,NA (not timepoint-specific),2,trials,NA (internal canonical evidence),NA (no external source URL required),CANONICAL:clinical_trials_v2.csv::field=overall_status | value=ENROLLING_BY_INVITATION,Canonical release artifact or analytic definition,Internal deterministic evidence,No,support,"Claim is bounded to the cited canonical evidence and does not exceed its population, endpoint, or timepoint.",support,support,NA (no first-pass correction required),final_displayed_blind_support,clinical_trials_v2.csv,field=overall_status; value=ENROLLING_BY_INVITATION,2e913b6ef71fca82c0ccc0e978d8cd481269fd74445dd21906acd521c255cf5b,17,2026-09-10,2.0.0,"Within-agent blind QA pending; not independent validation. | Blind QA BLIND-0148 (BATCH-06): support; same coordinator, stance-hidden, not independent validation."
METHOD-014,report_graves_ted_landscape_v2.md,report_graves_ted_landscape_v2.md::lines=41,1,SUSPENDED status trial은 1개였다.,internal_status_count,168 included trials,NA (no comparator),overall_status count,NA (not timepoint-specific),1,trials,NA (internal canonical evidence),NA (no external source URL required),CANONICAL:clinical_trials_v2.csv::field=overall_status | value=SUSPENDED,Canonical release artifact or analytic definition,Internal deterministic evidence,No,support,"Claim is bounded to the cited canonical evidence and does not exceed its population, endpoint, or timepoint.",support,support,NA (no first-pass correction required),final_displayed_blind_support,clinical_trials_v2.csv,field=overall_status; value=SUSPENDED,2e913b6ef71fca82c0ccc0e978d8cd481269fd74445dd21906acd521c255cf5b,18,2026-09-10,2.0.0,"Within-agent blind QA pending; not independent validation. | Blind QA BLIND-0124 (BATCH-05): support; same coordinator, stance-hidden, not independent validation."
METHOD-015,report_graves_ted_landscape_v2.md,report_graves_ted_landscape_v2.md::lines=22,1,Randomized trials with posted participant flow: 17개; n_randomized는 first-period participant-flow STARTED 합계로 정의했다.,randomization_semantics_count,168 included trials,NA (no comparator),randomization reporting category,NA (not timepoint-specific),17,trials,NA (internal canonical evidence),NA (no external source URL required),"CANONICAL:clinical_trials_v2.csv::fields=registry_allocation,n_randomized,randomization_basis",Canonical release artifact or analytic definition,Internal deterministic evidence,No,support,"Claim is bounded to the cited canonical evidence and does not exceed its population, endpoint, or timepoint.",support,support,NA (no first-pass correction required),final_displayed_blind_support,clinical_trials_v2.csv,"fields=registry_allocation,n_randomized,randomization_basis",2e913b6ef71fca82c0ccc0e978d8cd481269fd74445dd21906acd521c255cf5b,19,2026-09-10,2.0.0,"Within-agent blind QA pending; not independent validation. | Blind QA BLIND-0017 (BATCH-01): support; same coordinator, stance-hidden, not independent validation."
METHOD-016,report_graves_ted_landscape_v2.md,report_graves_ted_landscape_v2.md::lines=23,1,Randomized trials without posted participant flow: 108개; Enrollment를 randomized N으로 대체하지 않고 NR로 유지했다.,randomization_semantics_count,168 included trials,NA (no comparator),randomization reporting category,NA (not timepoint-specific),108,trials,NA (internal canonical evidence),NA (no external source URL required),"CANONICAL:clinical_trials_v2.csv::fields=registry_allocation,n_randomized,randomization_basis",Canonical release artifact or analytic definition,Internal deterministic evidence,No,support,"Claim is bounded to the cited canonical evidence and does not exceed its population, endpoint, or timepoint.",support,support,NA (no first-pass correction required),final_displayed_blind_support,clinical_trials_v2.csv,"fields=registry_allocation,n_randomized,randomization_basis",2e913b6ef71fca82c0ccc0e978d8cd481269fd74445dd21906acd521c255cf5b,20,2026-09-10,2.0.0,"Within-agent blind QA pending; not independent validation. | Blind QA BLIND-0200 (BATCH-08): support; same coordinator, stance-hidden, not independent validation."
METHOD-017,report_graves_ted_landscape_v2.md,report_graves_ted_landscape_v2.md::lines=24,1,Nonrandomized or allocation-NA trials: 43개; n_randomized를 NA로 유지했다.,randomization_semantics_count,168 included trials,NA (no comparator),randomization reporting category,NA (not timepoint-specific),43,trials,NA (internal canonical evidence),NA (no external source URL required),"CANONICAL:clinical_trials_v2.csv::fields=registry_allocation,n_randomized,randomization_basis",Canonical release artifact or analytic definition,Internal deterministic evidence,No,support,"Claim is bounded to the cited canonical evidence and does not exceed its population, endpoint, or timepoint.",support,support,NA (no first-pass correction required),final_displayed_blind_support,clinical_trials_v2.csv,"fields=registry_allocation,n_randomized,randomization_basis",2e913b6ef71fca82c0ccc0e978d8cd481269fd74445dd21906acd521c255cf5b,21,2026-09-10,2.0.0,"Within-agent blind QA pending; not independent validation. | Blind QA BLIND-0101 (BATCH-05): support; same coordinator, stance-hidden, not independent validation."
METHOD-018,report_graves_ted_landscape_v2.md,report_graves_ted_landscape_v2.md::lines=25,1,25개 result-bearing trial의 n_analyzed는 endpoint-specific이며 enrollment 또는 randomized flow N으로 대체하지 않았다.,internal_methodological_statement,Canonical v2 evidence package,NA (no comparator),result-denominator semantics,2026-09-10 data cut,25개 result-bearing trial의 n_analyzed는 endpoint-specific이며 enrollment 또는 randomized flow N으로 대체하지 않았다.,methodological statement,NA (internal canonical evidence),NA (no external source URL required),CANONICAL:clinical_trials_v2.csv::has_posted_results=Yes | field=n_analyzed,Canonical release artifact or analytic definition,Internal deterministic evidence,No,support,The statement is deterministically bounded to the canonical release artifacts or frozen QA contract.,support,support,NA (no first-pass correction required),final_displayed_blind_support,clinical_trials_v2.csv,has_posted_results=Yes; field=n_analyzed,2e913b6ef71fca82c0ccc0e978d8cd481269fd74445dd21906acd521c255cf5b,22,2026-09-10,2.0.0,"Within-agent blind QA pending; not independent validation. | Blind QA BLIND-0050 (BATCH-02): support; same coordinator, stance-hidden, not independent validation."
METHOD-019,report_graves_ted_landscape_v2.md,report_graves_ted_landscape_v2.md::lines=26,1,"TERMINATED 11개, WITHDRAWN 5개, SUSPENDED 1개 trial과 target-unverified/registry-unspecified asset 4개를 inventory에 유지했다.",internal_methodological_statement,Canonical v2 evidence package,NA (no comparator),retention of non-positive and target-unverified records,2026-09-10 data cut,"TERMINATED 11개, WITHDRAWN 5개, SUSPENDED 1개 trial과 target-unverified/registry-unspecified asset 4개를 inventory에 유지했다.",methodological statement,NA (internal canonical evidence),NA (no external source URL required),CANONICAL:clinical_trials_v2.csv + pipeline_assets_v2.csv::trials: overall_status in TERMINATED/WITHDRAWN/SUSPENDED | assets: target startswith 'Not ',Canonical release artifact or analytic definition,Internal deterministic evidence,No,support,The statement is deterministically bounded to the canonical release artifacts or frozen QA contract.,support,support,NA (no first-pass correction required),final_displayed_blind_support,clinical_trials_v2.csv + pipeline_assets_v2.csv,trials: overall_status in TERMINATED/WITHDRAWN/SUSPENDED; assets: target startswith 'Not ',c5c0373c33a760065d39abfd114ffd03099db7428f2de57a1be8fb3e04d378be,23,2026-09-10,2.0.0,"Within-agent blind QA pending; not independent validation. | Blind QA BLIND-0012 (BATCH-01): support; same coordinator, stance-hidden, not independent validation."
QA-METHOD-001,report_graves_ted_landscape_v2.md,"report_graves_ted_landscape_v2.md::lines=6,27",2,Claim QA는 동일 coordinator의 stance-hidden second pass이며 independent third-party validation이 아니다.,internal_methodological_statement,Canonical v2 evidence package,NA (no comparator),QA independence boundary,2026-09-10 data cut,Claim QA는 동일 coordinator의 stance-hidden second pass이며 independent third-party validation이 아니다.,methodological statement,NA (internal canonical evidence),NA (no external source URL required),CANONICAL:plan2.md::claim-QA contract,Canonical release artifact or analytic definition,Internal deterministic evidence,No,support,The statement is deterministically bounded to the canonical release artifacts or frozen QA contract.,support,support,NA (no first-pass correction required),final_displayed_blind_support,plan2.md,claim-QA contract,db3a5bb7757d814309f2d5e736a7cdef1cbc8504b94caa04c4f0d472228d6880,24,2026-09-10,2.0.0,"Within-agent blind QA pending; not independent validation. | Blind QA BLIND-0191 (BATCH-08): support; same coordinator, stance-hidden, not independent validation."
ENDPOINT-001,report_graves_ted_landscape_v2.md,report_graves_ted_landscape_v2.md::lines=45,1,Biochemical control은 치료 중 FT4/FT3가 정상화된 상태이며 off-treatment remission과 동일하지 않다.,analytical_endpoint_definition,GD/TED endpoint taxonomy,NA (no comparator),biochemical control,NA (not timepoint-specific),NA (not a scalar claim),NA (no unit),NA (internal canonical evidence),NA (no external source URL required),CANONICAL:plan2.md | clinical_trials_v2.csv | soc_outcomes_v2.csv::frozen endpoint-semantics contract | clinical_trials.primary_endpoints | soc_outcomes.endpoint_semantics,Canonical release artifact or analytic definition,Internal deterministic evidence,No,support,Analytical boundary is defined by the approved release contract and applied consistently in the canonical SoC and trial tables.,support,support,NA (no first-pass correction required),final_displayed_blind_support,plan2.md; clinical_trials_v2.csv; soc_outcomes_v2.csv,frozen endpoint-semantics contract; clinical_trials.primary_endpoints; soc_outcomes.endpoint_semantics,e7a98e1ed1684fe56a288c8a1b988366f090890685052ea0e37acdb6327b6ad7,25,2026-09-10,2.0.0,"Within-agent blind QA pending; not independent validation. | Blind QA BLIND-0029 (BATCH-02): support; same coordinator, stance-hidden, not independent validation."
ENDPOINT-002,report_graves_ted_landscape_v2.md,report_graves_ted_landscape_v2.md::lines=46,1,ATD-sparing response는 ATD 증량 없이 normalization 또는 ATD dose 감소를 뜻하며 durable remission을 자동 의미하지 않는다.,analytical_endpoint_definition,GD/TED endpoint taxonomy,NA (no comparator),ATD-sparing response,NA (not timepoint-specific),NA (not a scalar claim),NA (no unit),NA (internal canonical evidence),NA (no external source URL required),CANONICAL:plan2.md | clinical_trials_v2.csv | soc_outcomes_v2.csv::frozen endpoint-semantics contract | clinical_trials.primary_endpoints | soc_outcomes.endpoint_semantics,Canonical release artifact or analytic definition,Internal deterministic evidence,No,support,Analytical boundary is defined by the approved release contract and applied consistently in the canonical SoC and trial tables.,support,support,NA (no first-pass correction required),final_displayed_blind_support,plan2.md; clinical_trials_v2.csv; soc_outcomes_v2.csv,frozen endpoint-semantics contract; clinical_trials.primary_endpoints; soc_outcomes.endpoint_semantics,e7a98e1ed1684fe56a288c8a1b988366f090890685052ea0e37acdb6327b6ad7,26,2026-09-10,2.0.0,"Within-agent blind QA pending; not independent validation. | Blind QA BLIND-0081 (BATCH-04): support; same coordinator, stance-hidden, not independent validation."
ENDPOINT-003,report_graves_ted_landscape_v2.md,report_graves_ted_landscape_v2.md::lines=47,1,"Off-ATD normalization은 특정 시점에 ATD 없이 FT3/FT4가 정상인 상태이며, 충분한 추적이 없으면 durable remission으로 부르지 않는다.",analytical_endpoint_definition,GD/TED endpoint taxonomy,NA (no comparator),off-ATD normalization,NA (not timepoint-specific),NA (not a scalar claim),NA (no unit),NA (internal canonical evidence),NA (no external source URL required),CANONICAL:plan2.md | clinical_trials_v2.csv | soc_outcomes_v2.csv::frozen endpoint-semantics contract | clinical_trials.primary_endpoints | soc_outcomes.endpoint_semantics,Canonical release artifact or analytic definition,Internal deterministic evidence,No,support,Analytical boundary is defined by the approved release contract and applied consistently in the canonical SoC and trial tables.,support,support,NA (no first-pass correction required),final_displayed_blind_support,plan2.md; clinical_trials_v2.csv; soc_outcomes_v2.csv,frozen endpoint-semantics contract; clinical_trials.primary_endpoints; soc_outcomes.endpoint_semantics,e7a98e1ed1684fe56a288c8a1b988366f090890685052ea0e37acdb6327b6ad7,27,2026-09-10,2.0.0,"Within-agent blind QA pending; not independent validation. | Blind QA BLIND-0085 (BATCH-04): support; same coordinator, stance-hidden, not independent validation."
ENDPOINT-004,report_graves_ted_landscape_v2.md,report_graves_ted_landscape_v2.md::lines=48,1,Durable off-treatment remission은 사전 정의된 추적 기간 동안 치료 없이 euthyroidism이 지속되고 relapse가 없는 상태다.,analytical_endpoint_definition,GD/TED endpoint taxonomy,NA (no comparator),durable off-treatment remission,NA (not timepoint-specific),NA (not a scalar claim),NA (no unit),NA (internal canonical evidence),NA (no external source URL required),CANONICAL:plan2.md | clinical_trials_v2.csv | soc_outcomes_v2.csv::frozen endpoint-semantics contract | clinical_trials.primary_endpoints | soc_outcomes.endpoint_semantics,Canonical release artifact or analytic definition,Internal deterministic evidence,No,support,Analytical boundary is defined by the approved release contract and applied consistently in the canonical SoC and trial tables.,support,support,NA (no first-pass correction required),final_displayed_blind_support,plan2.md; clinical_trials_v2.csv; soc_outcomes_v2.csv,frozen endpoint-semantics contract; clinical_trials.primary_endpoints; soc_outcomes.endpoint_semantics,e7a98e1ed1684fe56a288c8a1b988366f090890685052ea0e37acdb6327b6ad7,28,2026-09-10,2.0.0,"Within-agent blind QA pending; not independent validation. | Blind QA BLIND-0060 (BATCH-03): support; same coordinator, stance-hidden, not independent validation."
ENDPOINT-005,report_graves_ted_landscape_v2.md,report_graves_ted_landscape_v2.md::lines=49,1,Relapse는 ATD 중단 후 재발을 뜻하며 RAI 후 persistent hyperthyroidism과 별도 failure state로 기록한다.,analytical_endpoint_definition,GD/TED endpoint taxonomy,NA (no comparator),relapse,NA (not timepoint-specific),NA (not a scalar claim),NA (no unit),NA (internal canonical evidence),NA (no external source URL required),CANONICAL:plan2.md | clinical_trials_v2.csv | soc_outcomes_v2.csv::frozen endpoint-semantics contract | clinical_trials.primary_endpoints | soc_outcomes.endpoint_semantics,Canonical release artifact or analytic definition,Internal deterministic evidence,No,support,Analytical boundary is defined by the approved release contract and applied consistently in the canonical SoC and trial tables.,support,support,NA (no first-pass correction required),final_displayed_blind_support,plan2.md; clinical_trials_v2.csv; soc_outcomes_v2.csv,frozen endpoint-semantics contract; clinical_trials.primary_endpoints; soc_outcomes.endpoint_semantics,e7a98e1ed1684fe56a288c8a1b988366f090890685052ea0e37acdb6327b6ad7,29,2026-09-10,2.0.0,"Within-agent blind QA pending; not independent validation. | Blind QA BLIND-0126 (BATCH-06): support; same coordinator, stance-hidden, not independent validation."
ENDPOINT-006,report_graves_ted_landscape_v2.md,report_graves_ted_landscape_v2.md::lines=50,1,RAI 또는 thyroidectomy에 의한 thyroid-source control은 pathogenic autoimmunity나 TED의 소실을 의미하지 않는다.,analytical_endpoint_definition,GD/TED endpoint taxonomy,NA (no comparator),RAI/surgical control,NA (not timepoint-specific),NA (not a scalar claim),NA (no unit),NA (internal canonical evidence),NA (no external source URL required),CANONICAL:plan2.md | clinical_trials_v2.csv | soc_outcomes_v2.csv::frozen endpoint-semantics contract | clinical_trials.primary_endpoints | soc_outcomes.endpoint_semantics,Canonical release artifact or analytic definition,Internal deterministic evidence,No,support,Analytical boundary is defined by the approved release contract and applied consistently in the canonical SoC and trial tables.,support,support,NA (no first-pass correction required),final_displayed_blind_support,plan2.md; clinical_trials_v2.csv; soc_outcomes_v2.csv,frozen endpoint-semantics contract; clinical_trials.primary_endpoints; soc_outcomes.endpoint_semantics,e7a98e1ed1684fe56a288c8a1b988366f090890685052ea0e37acdb6327b6ad7,30,2026-09-10,2.0.0,"Within-agent blind QA pending; not independent validation. | Blind QA BLIND-0173 (BATCH-07): support; same coordinator, stance-hidden, not independent validation."
ENDPOINT-007,report_graves_ted_landscape_v2.md,"report_graves_ted_landscape_v2.md::lines=16,51",2,"Cure는 정상 thyroid function, pathogenic autoimmunity의 지속적 소실, 무치료 durability를 함께 요구하는 강한 표현이며 본 release의 investigational direct anti-TSHR 프로그램에는 적용하지 않는다.",analytical_endpoint_definition,GD/TED endpoint taxonomy,NA (no comparator),cure boundary,NA (not timepoint-specific),NA (not a scalar claim),NA (no unit),NA (internal canonical evidence),NA (no external source URL required),CANONICAL:plan2.md | clinical_trials_v2.csv | soc_outcomes_v2.csv::frozen endpoint-semantics contract | clinical_trials.primary_endpoints | soc_outcomes.endpoint_semantics,Canonical release artifact or analytic definition,Internal deterministic evidence,No,support,Analytical boundary is defined by the approved release contract and applied consistently in the canonical SoC and trial tables.,support,support,NA (no first-pass correction required),final_displayed_blind_support,plan2.md; clinical_trials_v2.csv; soc_outcomes_v2.csv,frozen endpoint-semantics contract; clinical_trials.primary_endpoints; soc_outcomes.endpoint_semantics,e7a98e1ed1684fe56a288c8a1b988366f090890685052ea0e37acdb6327b6ad7,31,2026-09-10,2.0.0,"Within-agent blind QA pending; not independent validation. | Blind QA BLIND-0202 (BATCH-09): support; same coordinator, stance-hidden, not independent validation."
ENDPOINT-008,report_graves_ted_landscape_v2.md,report_graves_ted_landscape_v2.md::lines=52,1,"TED의 PRR, CAS, diplopia, GO-QOL, overall response 및 imaging endpoint는 GD biochemical remission과 교환 가능하지 않다.",analytical_endpoint_definition,GD/TED endpoint taxonomy,NA (no comparator),TED versus GD endpoint boundary,NA (not timepoint-specific),NA (not a scalar claim),NA (no unit),NA (internal canonical evidence),NA (no external source URL required),CANONICAL:plan2.md | clinical_trials_v2.csv | soc_outcomes_v2.csv::frozen endpoint-semantics contract | clinical_trials.primary_endpoints | soc_outcomes.endpoint_semantics,Canonical release artifact or analytic definition,Internal deterministic evidence,No,support,Analytical boundary is defined by the approved release contract and applied consistently in the canonical SoC and trial tables.,support,support,NA (no first-pass correction required),final_displayed_blind_support,plan2.md; clinical_trials_v2.csv; soc_outcomes_v2.csv,frozen endpoint-semantics contract; clinical_trials.primary_endpoints; soc_outcomes.endpoint_semantics,e7a98e1ed1684fe56a288c8a1b988366f090890685052ea0e37acdb6327b6ad7,32,2026-09-10,2.0.0,"Within-agent blind QA pending; not independent validation. | Blind QA BLIND-0114 (BATCH-05): support; same coordinator, stance-hidden, not independent validation."
TRIAL-FRAME-001,report_graves_ted_landscape_v2.md,report_graves_ted_landscape_v2.md::lines=81,1,"Result-bearing 25개 trial을 positive/negative 이분법으로 축약하지 않고 disposition, efficacy, safety, durability와 caveat를 분리했다.",internal_trial_reporting_boundary,25 result-bearing trials,NA (no comparator),structured result interpretation,2026-09-10 data cut,"Result-bearing 25개 trial을 positive/negative 이분법으로 축약하지 않고 disposition, efficacy, safety, durability와 caveat를 분리했다.",analytical statement,NA (internal canonical evidence),NA (no external source URL required),"CANONICAL:result_trial_curation_v2.csv::all 25 rows | fields=disposition,efficacy,safety,durability,caveats",Canonical release artifact or analytic definition,Internal deterministic evidence,No,support,This is a reporting rule applied deterministically to the approved 25-row curation; it is not a pooled efficacy claim.,support,support,NA (no first-pass correction required),final_displayed_blind_support,result_trial_curation_v2.csv,"all 25 rows; fields=disposition,efficacy,safety,durability,caveats",4be5f2aa06c22ce2687ab86612c6afab15ff7f63aa009e344358477c8fbb3e30,33,2026-09-10,2.0.0,"Within-agent blind QA pending; not independent validation. | Blind QA BLIND-0038 (BATCH-02): support; same coordinator, stance-hidden, not independent validation."
TRIAL-FRAME-002,report_graves_ted_landscape_v2.md,report_graves_ted_landscape_v2.md::lines=115,1,Displayed trial values는 각 trial 내부 comparator와 endpoint에만 적용하며 trial 간 수치 ranking 또는 pooling을 하지 않는다.,internal_trial_reporting_boundary,25 result-bearing trials,NA (no comparator),within-trial interpretation boundary,2026-09-10 data cut,Displayed trial values는 각 trial 내부 comparator와 endpoint에만 적용하며 trial 간 수치 ranking 또는 pooling을 하지 않는다.,analytical statement,NA (internal canonical evidence),NA (no external source URL required),"CANONICAL:result_trial_curation_v2.csv::all 25 rows | fields=disposition,efficacy,safety,durability,caveats",Canonical release artifact or analytic definition,Internal deterministic evidence,No,support,This is a reporting rule applied deterministically to the approved 25-row curation; it is not a pooled efficacy claim.,support,support,NA (no first-pass correction required),final_displayed_blind_support,result_trial_curation_v2.csv,"all 25 rows; fields=disposition,efficacy,safety,durability,caveats",4be5f2aa06c22ce2687ab86612c6afab15ff7f63aa009e344358477c8fbb3e30,34,2026-09-10,2.0.0,"Within-agent blind QA pending; not independent validation. | Blind QA BLIND-0187 (BATCH-08): support; same coordinator, stance-hidden, not independent validation."
TRIAL-001-INTERPRETATION,report_graves_ted_landscape_v2.md,report_graves_ted_landscape_v2.md::lines=87,1,NCT00595335: 6개월 CAS 변화와 failure rate에서 rituximab이 methylprednisolone 대비 우월하지 않았다.,trial_primary_interpretation,Adults primary,Placebo,Change in Clinical Activity Score (CAS),Posted result timepoint,negative_randomized,curated interpretation category,762,https://clinicaltrials.gov/study/NCT00595335,TRIAL_RESULT_ANCHOR:TRIAL-RESULT-NCT00595335,Frozen full protocol and posted-results record,A1 official registry,Yes,support,Approved result interpretation retained exactly; caveat: 소규모 randomized trial; negative result를 보존.,support,support,NA (no first-pass correction required),final_displayed_blind_support,result_trial_curation_v2.csv,trial_id=NCT00595335; field=primary_interpretation,4be5f2aa06c22ce2687ab86612c6afab15ff7f63aa009e344358477c8fbb3e30,35,2026-09-10,2.0.0,"Within-agent blind QA pending; not independent validation. | Blind QA BLIND-0009 (BATCH-01): support; same coordinator, stance-hidden, not independent validation."
TRIAL-001-EFFICACY,report_graves_ted_landscape_v2.md,report_graves_ted_landscape_v2.md::lines=119,1,"NCT00595335: CAS change −1.2 (n=13) vs −1.5 (n=12), p=0.73; failure 69% vs 75%, p=0.75.",trial_efficacy_result,Adults primary,Placebo,Change in Clinical Activity Score (CAS),Posted result timepoint,"CAS change −1.2 (n=13) vs −1.5 (n=12), p=0.73; failure 69% vs 75%, p=0.75.",source-reported mixed endpoint units,762,https://clinicaltrials.gov/study/NCT00595335,TRIAL_RESULT_ANCHOR:TRIAL-RESULT-NCT00595335,Frozen full protocol and posted-results record,A1 official registry,Yes,support,Exact approved efficacy field with endpoint-specific denominators; Endpoint-specific denominators are preserved in efficacy/safety text; registry STARTED N is not substituted for analyzed N.,support,support,NA (no first-pass correction required),final_displayed_blind_support,result_trial_curation_v2.csv,trial_id=NCT00595335; field=efficacy,4be5f2aa06c22ce2687ab86612c6afab15ff7f63aa009e344358477c8fbb3e30,36,2026-09-10,2.0.0,"Within-agent blind QA pending; not independent validation. | Blind QA BLIND-0119 (BATCH-05): support; same coordinator, stance-hidden, not independent validation."
TRIAL-002-INTERPRETATION,report_graves_ted_landscape_v2.md,report_graves_ted_landscape_v2.md::lines=88,1,NCT01114503: n=2로 효능 해석이 불가능하며 dose 이해를 기다리며 종료되었다.,trial_primary_interpretation,Adults primary,Part B - Methylprednisolone,"Number of Participants With at Least One Adverse Event (AE), Serious Adverse Event (SAE), or Drug-related Adverse Event; Number of Participants With Laboratory Clinical Chemistry Abnormalities Meeting the Criteria for Potential Clinical Concern (PCC); Number of Participants With Laboratory Hematology Abnormalities Meeting the Criteria for PCC; Number of Participants With Laboratory Urinalysis Abnormalities Meeting the Criteria for PCC; Number of Participants With Thyroid Function Assessment, Hormone and Glucose Assay Abnormalities Meeting the Criteria for PCC",Posted result timepoint,terminated_uninterpretable,curated interpretation category,767,https://clinicaltrials.gov/study/NCT01114503,TRIAL_RESULT_ANCHOR:TRIAL-RESULT-NCT01114503,Frozen full protocol and posted-results record,A1 official registry,Yes,support,Approved result interpretation retained exactly; caveat: Termination은 명시된 dose-development 사유이며 mechanistic failure로 해석하지 않음.,support,support,NA (no first-pass correction required),final_displayed_blind_support,result_trial_curation_v2.csv,trial_id=NCT01114503; field=primary_interpretation,4be5f2aa06c22ce2687ab86612c6afab15ff7f63aa009e344358477c8fbb3e30,37,2026-09-10,2.0.0,"Within-agent blind QA pending; not independent validation. | Blind QA BLIND-0176 (BATCH-08): support; same coordinator, stance-hidden, not independent validation."
TRIAL-003-INTERPRETATION,report_graves_ted_landscape_v2.md,report_graves_ted_landscape_v2.md::lines=89,1,NCT01269749: pediatric RAI/ATD 연구지만 posted outcome-measurement row가 없어 efficacy 또는 remission을 추론할 수 없다.,trial_primary_interpretation,Pediatric/special population,NA (no comparator arm identified),Dosimetry Studies,Posted result timepoint,no_posted_efficacy,curated interpretation category,769,https://clinicaltrials.gov/study/NCT01269749,TRIAL_RESULT_ANCHOR:TRIAL-RESULT-NCT01269749,Frozen full protocol and posted-results record,A1 official registry,Yes,support,Approved result interpretation retained exactly; caveat: 등록 결과의 부재는 무효과를 뜻하지 않음.,support,support,NA (no first-pass correction required),final_displayed_blind_support,result_trial_curation_v2.csv,trial_id=NCT01269749; field=primary_interpretation,4be5f2aa06c22ce2687ab86612c6afab15ff7f63aa009e344358477c8fbb3e30,38,2026-09-10,2.0.0,"Within-agent blind QA pending; not independent validation. | Blind QA BLIND-0027 (BATCH-02): support; same coordinator, stance-hidden, not independent validation."
TRIAL-004-INTERPRETATION,report_graves_ted_landscape_v2.md,report_graves_ted_landscape_v2.md::lines=90,1,NCT01868997: active TED에서 teprotumumab은 Week 24 composite response와 proptosis를 유의하게 개선했다.,trial_primary_interpretation,Adults primary,Placebo,Responder Status at Week 24,Posted result timepoint,positive_randomized,curated interpretation category,780,https://clinicaltrials.gov/study/NCT01868997,TRIAL_RESULT_ANCHOR:TRIAL-RESULT-NCT01868997,Frozen full protocol and posted-results record,A1 official registry,Yes,support,Approved result interpretation retained exactly; caveat: IGF-1R class efficacy를 보이나 GD biochemical remission 증거가 아님.,support,support,NA (no first-pass correction required),final_displayed_blind_support,result_trial_curation_v2.csv,trial_id=NCT01868997; field=primary_interpretation,4be5f2aa06c22ce2687ab86612c6afab15ff7f63aa009e344358477c8fbb3e30,39,2026-09-10,2.0.0,"Within-agent blind QA pending; not independent validation. | Blind QA BLIND-0065 (BATCH-03): support; same coordinator, stance-hidden, not independent validation."
TRIAL-004-EFFICACY,report_graves_ted_landscape_v2.md,report_graves_ted_landscape_v2.md::lines=120,1,"NCT01868997: Composite response 29/42 vs 9/45, p<0.001; OR 8.86 (95% CI 3.293–23.825); proptosis LS change −2.46 vs −0.15 mm.",trial_efficacy_result,Adults primary,Placebo,Responder Status at Week 24,Posted result timepoint,"Composite response 29/42 vs 9/45, p<0.001; OR 8.86 (95% CI 3.293–23.825); proptosis LS change −2.46 vs −0.15 mm.",source-reported mixed endpoint units,780,https://clinicaltrials.gov/study/NCT01868997,TRIAL_RESULT_ANCHOR:TRIAL-RESULT-NCT01868997,Frozen full protocol and posted-results record,A1 official registry,Yes,support,Exact approved efficacy field with endpoint-specific denominators; Endpoint-specific denominators are preserved in efficacy/safety text; registry STARTED N is not substituted for analyzed N.,support,support,NA (no first-pass correction required),final_displayed_blind_support,result_trial_curation_v2.csv,trial_id=NCT01868997; field=efficacy,4be5f2aa06c22ce2687ab86612c6afab15ff7f63aa009e344358477c8fbb3e30,40,2026-09-10,2.0.0,"Within-agent blind QA pending; not independent validation. | Blind QA BLIND-0150 (BATCH-06): support; same coordinator, stance-hidden, not independent validation."
TRIAL-005-INTERPRETATION,report_graves_ted_landscape_v2.md,report_graves_ted_landscape_v2.md::lines=91,1,NCT01950260: RAI 후 조기 levothyroxine은 8주 overt hypothyroidism primary endpoint를 유의하게 줄이지 못했다.,trial_primary_interpretation,Adults primary,Placebo,Number of Participants With Overt Hypothyroidism,Posted result timepoint,negative_primary,curated interpretation category,782,https://clinicaltrials.gov/study/NCT01950260,TRIAL_RESULT_ANCHOR:TRIAL-RESULT-NCT01950260,Frozen full protocol and posted-results record,A1 official registry,Yes,support,Approved result interpretation retained exactly; caveat: Primary endpoint negative.,support,support,NA (no first-pass correction required),final_displayed_blind_support,result_trial_curation_v2.csv,trial_id=NCT01950260; field=primary_interpretation,4be5f2aa06c22ce2687ab86612c6afab15ff7f63aa009e344358477c8fbb3e30,41,2026-09-10,2.0.0,"Within-agent blind QA pending; not independent validation. | Blind QA BLIND-0103 (BATCH-05): support; same coordinator, stance-hidden, not independent validation."
TRIAL-006-INTERPRETATION,report_graves_ted_landscape_v2.md,report_graves_ted_landscape_v2.md::lines=92,1,NCT02378298: 선택된 rescue cohorts에서 rituximab/MTX 후 CAS 감소가 관찰됐지만 causal 비교는 불가하다.,trial_primary_interpretation,Adults primary,Non-responder RTX+MTX; Relapse RTX+MTX; Relapse po GC+MTX; Responders without relapse; Methylprednisolone iv,Clinical Activity Score (a Composite Measure of Ophthalmological Signs and Symptoms),Posted result timepoint,nonrandomized_descriptive,curated interpretation category,791,https://clinicaltrials.gov/study/NCT02378298,TRIAL_RESULT_ANCHOR:TRIAL-RESULT-NCT02378298,Frozen full protocol and posted-results record,A1 official registry,Yes,support,Approved result interpretation retained exactly; caveat: Nonrandomized selected cohorts; cohort 간 우열 비교 금지.,support,support,NA (no first-pass correction required),final_displayed_blind_support,result_trial_curation_v2.csv,trial_id=NCT02378298; field=primary_interpretation,4be5f2aa06c22ce2687ab86612c6afab15ff7f63aa009e344358477c8fbb3e30,42,2026-09-10,2.0.0,"Within-agent blind QA pending; not independent validation. | Blind QA BLIND-0199 (BATCH-08): support; same coordinator, stance-hidden, not independent validation."
TRIAL-007-INTERPRETATION,report_graves_ted_landscape_v2.md,report_graves_ted_landscape_v2.md::lines=93,1,NCT02713256: iscalimab 단일군에서 Week 12 TSH normalization은 0%였다.,trial_primary_interpretation,Adults primary,NA (no comparator arm identified),Percentage of Participants Whose Thyroid Stimulating Hormone (TSH) Levels Normalize After 12 Week Treatment; Percentage of Participants Whose Total Triiodothyronine (Total T3) Levels Decrease After 12 Week Treatment; Percentage of Participants Whose Free Thyroxine (Free T4) Levels Decrease After 12 Week Treatment,Posted result timepoint,single_arm_weak,curated interpretation category,796,https://clinicaltrials.gov/study/NCT02713256,TRIAL_RESULT_ANCHOR:TRIAL-RESULT-NCT02713256,Frozen full protocol and posted-results record,A1 official registry,Yes,support,"Approved result interpretation retained exactly; caveat: Single arm, small N.",support,support,NA (no first-pass correction required),final_displayed_blind_support,result_trial_curation_v2.csv,trial_id=NCT02713256; field=primary_interpretation,4be5f2aa06c22ce2687ab86612c6afab15ff7f63aa009e344358477c8fbb3e30,43,2026-09-10,2.0.0,"Within-agent blind QA pending; not independent validation. | Blind QA BLIND-0112 (BATCH-05): support; same coordinator, stance-hidden, not independent validation."
TRIAL-007-EFFICACY,report_graves_ted_landscape_v2.md,report_graves_ted_landscape_v2.md::lines=121,1,NCT02713256: 13 evaluable: TSH normalization 0%; total T3 below ULN 38.5%; FT4 below ULN 30.8%.,trial_efficacy_result,Adults primary,NA (no comparator arm identified),Percentage of Participants Whose Thyroid Stimulating Hormone (TSH) Levels Normalize After 12 Week Treatment; Percentage of Participants Whose Total Triiodothyronine (Total T3) Levels Decrease After 12 Week Treatment; Percentage of Participants Whose Free Thyroxine (Free T4) Levels Decrease After 12 Week Treatment,Posted result timepoint,13 evaluable: TSH normalization 0%; total T3 below ULN 38.5%; FT4 below ULN 30.8%.,source-reported mixed endpoint units,796,https://clinicaltrials.gov/study/NCT02713256,TRIAL_RESULT_ANCHOR:TRIAL-RESULT-NCT02713256,Frozen full protocol and posted-results record,A1 official registry,Yes,support,Exact approved efficacy field with endpoint-specific denominators; Endpoint-specific denominators are preserved in efficacy/safety text; registry STARTED N is not substituted for analyzed N.,support,support,NA (no first-pass correction required),final_displayed_blind_support,result_trial_curation_v2.csv,trial_id=NCT02713256; field=efficacy,4be5f2aa06c22ce2687ab86612c6afab15ff7f63aa009e344358477c8fbb3e30,44,2026-09-10,2.0.0,"Within-agent blind QA pending; not independent validation. | Blind QA BLIND-0161 (BATCH-07): support; same coordinator, stance-hidden, not independent validation."
TRIAL-008-INTERPRETATION,report_graves_ted_landscape_v2.md,report_graves_ted_landscape_v2.md::lines=94,1,NCT02845336: poor enrollment로 종료되어 feasibility 실패이며 efficacy 판단 근거가 아니다.,trial_primary_interpretation,Adults primary,Control,Thyroid Eye Disease Clinical Activity Score,Posted result timepoint,terminated_infeasible,curated interpretation category,798,https://clinicaltrials.gov/study/NCT02845336,TRIAL_RESULT_ANCHOR:TRIAL-RESULT-NCT02845336,Frozen full protocol and posted-results record,A1 official registry,Yes,support,Approved result interpretation retained exactly; caveat: Mechanistic failure로 분류하지 않음.,support,support,NA (no first-pass correction required),final_displayed_blind_support,result_trial_curation_v2.csv,trial_id=NCT02845336; field=primary_interpretation,4be5f2aa06c22ce2687ab86612c6afab15ff7f63aa009e344358477c8fbb3e30,45,2026-09-10,2.0.0,"Within-agent blind QA pending; not independent validation. | Blind QA BLIND-0190 (BATCH-08): support; same coordinator, stance-hidden, not independent validation."
TRIAL-009-INTERPRETATION,report_graves_ted_landscape_v2.md,report_graves_ted_landscape_v2.md::lines=95,1,NCT02973802: ATX-GD-59 Phase 1에서 thyroid/antibody biomarker 개선 신호가 있었지만 remission proof는 아니다.,trial_primary_interpretation,Adults primary,NA (no comparator arm identified),"Occurrence of Treatment Emergent Adverse Events (TEAE), Serious Adverse Events (SAE), and Laboratory Abnormalities up to Week 22 Compared to Baseline.",Posted result timepoint,exploratory_single_arm,curated interpretation category,800,https://clinicaltrials.gov/study/NCT02973802,TRIAL_RESULT_ANCHOR:TRIAL-RESULT-NCT02973802,Frozen full protocol and posted-results record,A1 official registry,Yes,support,Approved result interpretation retained exactly; caveat: Open-label n=12; authors도 placebo-controlled proof 필요성을 명시.,support,support,NA (no first-pass correction required),final_displayed_blind_support,result_trial_curation_v2.csv,trial_id=NCT02973802; field=primary_interpretation,4be5f2aa06c22ce2687ab86612c6afab15ff7f63aa009e344358477c8fbb3e30,46,2026-09-10,2.0.0,"Within-agent blind QA pending; not independent validation. | Blind QA BLIND-0076 (BATCH-04): support; same coordinator, stance-hidden, not independent validation."
TRIAL-009-EFFICACY,report_graves_ted_landscape_v2.md,report_graves_ted_landscape_v2.md::lines=122,1,NCT02973802: Week 22: TBII −0.6602 IU/L; TSAb −54 %SRR; FT3 −14.19%; FT4 −14.54%; TSH +0.309 mIU/L.,trial_efficacy_result,Adults primary,NA (no comparator arm identified),"Occurrence of Treatment Emergent Adverse Events (TEAE), Serious Adverse Events (SAE), and Laboratory Abnormalities up to Week 22 Compared to Baseline.",Posted result timepoint,Week 22: TBII −0.6602 IU/L; TSAb −54 %SRR; FT3 −14.19%; FT4 −14.54%; TSH +0.309 mIU/L.,source-reported mixed endpoint units,800,https://clinicaltrials.gov/study/NCT02973802,TRIAL_RESULT_ANCHOR:TRIAL-RESULT-NCT02973802,Frozen full protocol and posted-results record,A1 official registry,Yes,support,Exact approved efficacy field with endpoint-specific denominators; Endpoint-specific denominators are preserved in efficacy/safety text; registry STARTED N is not substituted for analyzed N.,support,support,NA (no first-pass correction required),final_displayed_blind_support,result_trial_curation_v2.csv,trial_id=NCT02973802; field=efficacy,4be5f2aa06c22ce2687ab86612c6afab15ff7f63aa009e344358477c8fbb3e30,47,2026-09-10,2.0.0,"Within-agent blind QA pending; not independent validation. | Blind QA BLIND-0031 (BATCH-02): support; same coordinator, stance-hidden, not independent validation."
TRIAL-009-DURABILITY,report_graves_ted_landscape_v2.md,report_graves_ted_landscape_v2.md::lines=150,1,NCT02973802: Full paper에서 2명이 1년 off-ATD euthyroid였으나 uncontrolled spontaneous remission 대안이 큼.,trial_durability_result_or_limit,Adults primary,NA (no comparator arm identified),Durability or durability limitation,Posted result timepoint,Full paper에서 2명이 1년 off-ATD euthyroid였으나 uncontrolled spontaneous remission 대안이 큼.,trial-specific,800,https://clinicaltrials.gov/study/NCT02973802,TRIAL_RESULT_ANCHOR:TRIAL-RESULT-NCT02973802,Frozen full protocol and posted-results record,A1 official registry,Yes,support,Exact approved durability field; responder conditioning and absent follow-up are retained.,support,support,NA (no first-pass correction required),final_displayed_blind_support,result_trial_curation_v2.csv,trial_id=NCT02973802; field=durability,4be5f2aa06c22ce2687ab86612c6afab15ff7f63aa009e344358477c8fbb3e30,48,2026-09-10,2.0.0,"Within-agent blind QA pending; not independent validation. | Blind QA BLIND-0189 (BATCH-08): support; same coordinator, stance-hidden, not independent validation."
TRIAL-010-INTERPRETATION,report_graves_ted_landscape_v2.md,report_graves_ted_landscape_v2.md::lines=96,1,NCT02993302: PTU+alfacalcidol은 prespecified immune biomarkers를 개선하지 못했다.,trial_primary_interpretation,Adults primary,PTU-Oral 1α-D3; PTU-Placebos,CD80 Level; CD206 Level; IL-12/IL-10 Ratio; fT4 Levels,Posted result timepoint,negative_biomarker,curated interpretation category,801,https://clinicaltrials.gov/study/NCT02993302,TRIAL_RESULT_ANCHOR:TRIAL-RESULT-NCT02993302,Frozen full protocol and posted-results record,A1 official registry,Yes,support,Approved result interpretation retained exactly; caveat: Negative biomarker study.,support,support,NA (no first-pass correction required),final_displayed_blind_support,result_trial_curation_v2.csv,trial_id=NCT02993302; field=primary_interpretation,4be5f2aa06c22ce2687ab86612c6afab15ff7f63aa009e344358477c8fbb3e30,49,2026-09-10,2.0.0,"Within-agent blind QA pending; not independent validation. | Blind QA BLIND-0068 (BATCH-03): support; same coordinator, stance-hidden, not independent validation."
TRIAL-011-INTERPRETATION,report_graves_ted_landscape_v2.md,report_graves_ted_landscape_v2.md::lines=97,1,NCT03298867: OPTIC에서 teprotumumab은 Week 24 proptosis response를 크게 높였다.,trial_primary_interpretation,Adults primary,Teprotumumab 20 mg/kg; Placebo,Percentage of Participants Who Were Proptosis Responders at Week 24,Posted result timepoint,positive_randomized,curated interpretation category,807,https://clinicaltrials.gov/study/NCT03298867,TRIAL_RESULT_ANCHOR:TRIAL-RESULT-NCT03298867,Frozen full protocol and posted-results record,A1 official registry,Yes,support,Approved result interpretation retained exactly; caveat: TED structural/clinical response이며 GD cure가 아님.,support,support,NA (no first-pass correction required),final_displayed_blind_support,result_trial_curation_v2.csv,trial_id=NCT03298867; field=primary_interpretation,4be5f2aa06c22ce2687ab86612c6afab15ff7f63aa009e344358477c8fbb3e30,50,2026-09-10,2.0.0,"Within-agent blind QA pending; not independent validation. | Blind QA BLIND-0005 (BATCH-01): support; same coordinator, stance-hidden, not independent validation."
TRIAL-011-EFFICACY,report_graves_ted_landscape_v2.md,report_graves_ted_landscape_v2.md::lines=123,1,"NCT03298867: PRR 82.9% vs 9.5%, p<0.001; RD 73.45 points; overall response 78.0% vs 7.1%; CAS 0/1 58.5% vs 21.4%.",trial_efficacy_result,Adults primary,Teprotumumab 20 mg/kg; Placebo,Percentage of Participants Who Were Proptosis Responders at Week 24,Posted result timepoint,"PRR 82.9% vs 9.5%, p<0.001; RD 73.45 points; overall response 78.0% vs 7.1%; CAS 0/1 58.5% vs 21.4%.",source-reported mixed endpoint units,807,https://clinicaltrials.gov/study/NCT03298867,TRIAL_RESULT_ANCHOR:TRIAL-RESULT-NCT03298867,Frozen full protocol and posted-results record,A1 official registry,Yes,support,Exact approved efficacy field with endpoint-specific denominators; Endpoint-specific denominators are preserved in efficacy/safety text; registry STARTED N is not substituted for analyzed N.,support,support,NA (no first-pass correction required),final_displayed_blind_support,result_trial_curation_v2.csv,trial_id=NCT03298867; field=efficacy,4be5f2aa06c22ce2687ab86612c6afab15ff7f63aa009e344358477c8fbb3e30,51,2026-09-10,2.0.0,"Within-agent blind QA pending; not independent validation. | Blind QA BLIND-0024 (BATCH-01): support; same coordinator, stance-hidden, not independent validation."
TRIAL-012-INTERPRETATION,report_graves_ted_landscape_v2.md,report_graves_ted_landscape_v2.md::lines=98,1,NCT03461211: OPTIC-X는 prior-placebo crossover와 selected retreatment/nonresponder cohorts에서 추가 response를 보였다.,trial_primary_interpretation,Adults primary,NA (no comparator arm identified),Percentage of Participants With a ≥ 2 mm Reduction From Baseline in the Study Eye Without Deterioration of Proptosis in the Fellow Eye at Week 24,Posted result timepoint,open_label_extension,curated interpretation category,809,https://clinicaltrials.gov/study/NCT03461211,TRIAL_RESULT_ANCHOR:TRIAL-RESULT-NCT03461211,Frozen full protocol and posted-results record,A1 official registry,Yes,support,Approved result interpretation retained exactly; caveat: Randomized comparator가 아닌 selected open-label extension.,support,support,NA (no first-pass correction required),final_displayed_blind_support,result_trial_curation_v2.csv,trial_id=NCT03461211; field=primary_interpretation,4be5f2aa06c22ce2687ab86612c6afab15ff7f63aa009e344358477c8fbb3e30,52,2026-09-10,2.0.0,"Within-agent blind QA pending; not independent validation. | Blind QA BLIND-0054 (BATCH-03): support; same coordinator, stance-hidden, not independent validation."
TRIAL-012-DURABILITY,report_graves_ted_landscape_v2.md,report_graves_ted_landscape_v2.md::lines=151,1,NCT03461211: Crossover responders 중 Week 48 PRR maintenance 29/32.,trial_durability_result_or_limit,Adults primary,NA (no comparator arm identified),Durability or durability limitation,Posted result timepoint,Crossover responders 중 Week 48 PRR maintenance 29/32.,trial-specific,809,https://clinicaltrials.gov/study/NCT03461211,TRIAL_RESULT_ANCHOR:TRIAL-RESULT-NCT03461211,Frozen full protocol and posted-results record,A1 official registry,Yes,support,Exact approved durability field; responder conditioning and absent follow-up are retained.,support,support,NA (no first-pass correction required),final_displayed_blind_support,result_trial_curation_v2.csv,trial_id=NCT03461211; field=durability,4be5f2aa06c22ce2687ab86612c6afab15ff7f63aa009e344358477c8fbb3e30,53,2026-09-10,2.0.0,"Within-agent blind QA pending; not independent validation. | Blind QA BLIND-0044 (BATCH-02): support; same coordinator, stance-hidden, not independent validation."
TRIAL-013-INTERPRETATION,report_graves_ted_landscape_v2.md,report_graves_ted_landscape_v2.md::lines=99,1,NCT03922321: RVT-1401 pilot은 strong IgG PD를 보였으나 clinical efficacy inference는 약하다.,trial_primary_interpretation,Adults primary,NA (no comparator arm identified),"Number of Participants With Any Treatment-emergent Adverse Event (TEAE), Serious AE (SAE), Treatment-related Adverse Event (AE), and Death During the 6-week Treatment Period; Number of Participants With Clinically Significant Findings Related to Vital Signs; Number of Participants With a Change From Normal Physical Examination Findings at Baseline to Abnormal Physical Examination Findings at the End of the Study; Number of Participants With Clinically Significant Findings Related to Electrocardiograms (ECGs); Percent Change From Baseline in Total Immunoglobulin G (IgG), IgG1, IgG2, IgG3, and IgG4 Levels",Posted result timepoint,single_arm_pd,curated interpretation category,812,https://clinicaltrials.gov/study/NCT03922321,TRIAL_RESULT_ANCHOR:TRIAL-RESULT-NCT03922321,Frozen full protocol and posted-results record,A1 official registry,Yes,support,Approved result interpretation retained exactly; caveat: Single arm and very small N.,support,support,NA (no first-pass correction required),final_displayed_blind_support,result_trial_curation_v2.csv,trial_id=NCT03922321; field=primary_interpretation,4be5f2aa06c22ce2687ab86612c6afab15ff7f63aa009e344358477c8fbb3e30,54,2026-09-10,2.0.0,"Within-agent blind QA pending; not independent validation. | Blind QA BLIND-0070 (BATCH-03): support; same coordinator, stance-hidden, not independent validation."
TRIAL-014-INTERPRETATION,report_graves_ted_landscape_v2.md,report_graves_ted_landscape_v2.md::lines=100,1,NCT03938545: ASCEND GO-2의 Week 13 clinical primary comparisons는 nonsignificant였지만 IgG/anti-TSHR PD는 dose-related였다.,trial_primary_interpretation,Adults primary,Placebo,Percentage of Participants With Proptosis Response at Week 13; Number of Participants With Treatment-emergent Adverse Events (TEAEs) and Treatment-emergent Serious Adverse Events (SAEs),Posted result timepoint,negative_primary_pd_positive,curated interpretation category,813,https://clinicaltrials.gov/study/NCT03938545,TRIAL_RESULT_ANCHOR:TRIAL-RESULT-NCT03938545,Frozen full protocol and posted-results record,A1 official registry,Yes,support,Approved result interpretation retained exactly; caveat: Program review로 premature unblinding; demonstrated mechanistic failure로 단정하지 않음.,support,support,NA (no first-pass correction required),final_displayed_blind_support,result_trial_curation_v2.csv,trial_id=NCT03938545; field=primary_interpretation,4be5f2aa06c22ce2687ab86612c6afab15ff7f63aa009e344358477c8fbb3e30,55,2026-09-10,2.0.0,"Within-agent blind QA pending; not independent validation. | Blind QA BLIND-0169 (BATCH-07): support; same coordinator, stance-hidden, not independent validation."
TRIAL-014-EFFICACY,report_graves_ted_landscape_v2.md,report_graves_ted_landscape_v2.md::lines=124,1,"NCT03938545: PRR: 680 mg 30.0% (p=0.1993), 340 mg 30.8% (p=0.1016), 255 mg 0% (p=0.2963), placebo 8.3%.",trial_efficacy_result,Adults primary,Placebo,Percentage of Participants With Proptosis Response at Week 13; Number of Participants With Treatment-emergent Adverse Events (TEAEs) and Treatment-emergent Serious Adverse Events (SAEs),Posted result timepoint,"PRR: 680 mg 30.0% (p=0.1993), 340 mg 30.8% (p=0.1016), 255 mg 0% (p=0.2963), placebo 8.3%.",source-reported mixed endpoint units,813,https://clinicaltrials.gov/study/NCT03938545,TRIAL_RESULT_ANCHOR:TRIAL-RESULT-NCT03938545,Frozen full protocol and posted-results record,A1 official registry,Yes,support,Exact approved efficacy field with endpoint-specific denominators; Endpoint-specific denominators are preserved in efficacy/safety text; registry STARTED N is not substituted for analyzed N.,support,support,NA (no first-pass correction required),final_displayed_blind_support,result_trial_curation_v2.csv,trial_id=NCT03938545; field=efficacy,4be5f2aa06c22ce2687ab86612c6afab15ff7f63aa009e344358477c8fbb3e30,56,2026-09-10,2.0.0,"Within-agent blind QA pending; not independent validation. | Blind QA BLIND-0151 (BATCH-07): support; same coordinator, stance-hidden, not independent validation."
TRIAL-015-INTERPRETATION,report_graves_ted_landscape_v2.md,report_graves_ted_landscape_v2.md::lines=101,1,NCT04583735: chronic/low-activity TED에서도 teprotumumab은 Week 24 proptosis를 유의하게 개선했다.,trial_primary_interpretation,Adults primary,Placebo,Change From Baseline in Proptosis of Study Eye at Week 24,Posted result timepoint,positive_randomized,curated interpretation category,817,https://clinicaltrials.gov/study/NCT04583735,TRIAL_RESULT_ANCHOR:TRIAL-RESULT-NCT04583735,Frozen full protocol and posted-results record,A1 official registry,Yes,support,"Approved result interpretation retained exactly; caveat: Sponsor participated in design, analysis, interpretation, and writing.",support,support,NA (no first-pass correction required),final_displayed_blind_support,result_trial_curation_v2.csv,trial_id=NCT04583735; field=primary_interpretation,4be5f2aa06c22ce2687ab86612c6afab15ff7f63aa009e344358477c8fbb3e30,57,2026-09-10,2.0.0,"Within-agent blind QA pending; not independent validation. | Blind QA BLIND-0172 (BATCH-07): support; same coordinator, stance-hidden, not independent validation."
TRIAL-015-EFFICACY,report_graves_ted_landscape_v2.md,report_graves_ted_landscape_v2.md::lines=125,1,"NCT04583735: LS change −2.41 vs −0.92 mm; difference −1.48 (95% CI −2.28 to −0.69), p=0.0004.",trial_efficacy_result,Adults primary,Placebo,Change From Baseline in Proptosis of Study Eye at Week 24,Posted result timepoint,"LS change −2.41 vs −0.92 mm; difference −1.48 (95% CI −2.28 to −0.69), p=0.0004.",source-reported mixed endpoint units,817,https://clinicaltrials.gov/study/NCT04583735,TRIAL_RESULT_ANCHOR:TRIAL-RESULT-NCT04583735,Frozen full protocol and posted-results record,A1 official registry,Yes,support,Exact approved efficacy field with endpoint-specific denominators; Endpoint-specific denominators are preserved in efficacy/safety text; registry STARTED N is not substituted for analyzed N.,support,support,NA (no first-pass correction required),final_displayed_blind_support,result_trial_curation_v2.csv,trial_id=NCT04583735; field=efficacy,4be5f2aa06c22ce2687ab86612c6afab15ff7f63aa009e344358477c8fbb3e30,58,2026-09-10,2.0.0,"Within-agent blind QA pending; not independent validation. | Blind QA BLIND-0129 (BATCH-06): support; same coordinator, stance-hidden, not independent validation."
TRIAL-015-SAFETY,report_graves_ted_landscape_v2.md,report_graves_ted_landscape_v2.md::lines=139,1,NCT04583735: SAE 1/41 vs 1/20; hyperglycemia 6/41 vs 2/20; hearing impairment 9/41 vs 2/20; muscle spasms 17/41 vs 2/20.,trial_safety_result,Adults primary,Placebo,Trial-reported adverse events and serious adverse events,Posted result timepoint,SAE 1/41 vs 1/20; hyperglycemia 6/41 vs 2/20; hearing impairment 9/41 vs 2/20; muscle spasms 17/41 vs 2/20.,participants/events as reported,817,https://clinicaltrials.gov/study/NCT04583735,TRIAL_RESULT_ANCHOR:TRIAL-RESULT-NCT04583735,Frozen full protocol and posted-results record,A1 official registry,Yes,support,Exact approved safety field; causality is not inferred when the registry does not report it.,support,support,NA (no first-pass correction required),final_displayed_blind_support,result_trial_curation_v2.csv,trial_id=NCT04583735; field=safety,4be5f2aa06c22ce2687ab86612c6afab15ff7f63aa009e344358477c8fbb3e30,59,2026-09-10,2.0.0,"Within-agent blind QA pending; not independent validation. | Blind QA BLIND-0020 (BATCH-01): support; same coordinator, stance-hidden, not independent validation."
TRIAL-016-INTERPRETATION,report_graves_ted_landscape_v2.md,report_graves_ted_landscape_v2.md::lines=102,1,NCT04737330: secukinumab은 futility로 종료되었고 Week 16 response가 관찰되지 않았다.,trial_primary_interpretation,Adults primary,Secukinumab 300 mg; Placebo,Plan A - Percentage of Participants Achieving Overall Response; Plan B - Percentage of Participants Achieving Response in Reduction of Proptosis,Posted result timepoint,negative_futility,curated interpretation category,819,https://clinicaltrials.gov/study/NCT04737330,TRIAL_RESULT_ANCHOR:TRIAL-RESULT-NCT04737330,Frozen full protocol and posted-results record,A1 official registry,Yes,support,Approved result interpretation retained exactly; caveat: Clear negative/futility trial.,support,support,NA (no first-pass correction required),final_displayed_blind_support,result_trial_curation_v2.csv,trial_id=NCT04737330; field=primary_interpretation,4be5f2aa06c22ce2687ab86612c6afab15ff7f63aa009e344358477c8fbb3e30,60,2026-09-10,2.0.0,"Within-agent blind QA pending; not independent validation. | Blind QA BLIND-0134 (BATCH-06): support; same coordinator, stance-hidden, not independent validation."
TRIAL-016-EFFICACY,report_graves_ted_landscape_v2.md,report_graves_ted_landscape_v2.md::lines=126,1,NCT04737330: Overall response 0/14 vs 0/14; CAS response 0/14 vs 3/14; PRR 0/14 vs 0/14.,trial_efficacy_result,Adults primary,Secukinumab 300 mg; Placebo,Plan A - Percentage of Participants Achieving Overall Response; Plan B - Percentage of Participants Achieving Response in Reduction of Proptosis,Posted result timepoint,Overall response 0/14 vs 0/14; CAS response 0/14 vs 3/14; PRR 0/14 vs 0/14.,source-reported mixed endpoint units,819,https://clinicaltrials.gov/study/NCT04737330,TRIAL_RESULT_ANCHOR:TRIAL-RESULT-NCT04737330,Frozen full protocol and posted-results record,A1 official registry,Yes,support,Exact approved efficacy field with endpoint-specific denominators; Endpoint-specific denominators are preserved in efficacy/safety text; registry STARTED N is not substituted for analyzed N.,support,support,NA (no first-pass correction required),final_displayed_blind_support,result_trial_curation_v2.csv,trial_id=NCT04737330; field=efficacy,4be5f2aa06c22ce2687ab86612c6afab15ff7f63aa009e344358477c8fbb3e30,61,2026-09-10,2.0.0,"Within-agent blind QA pending; not independent validation. | Blind QA BLIND-0079 (BATCH-04): support; same coordinator, stance-hidden, not independent validation."
TRIAL-017-INTERPRETATION,report_graves_ted_landscape_v2.md,report_graves_ted_landscape_v2.md::lines=103,1,NCT05176639: THRIVE에서 veligrotug은 Week 15에 큰 proptosis/overall response 효과를 보였다.,trial_primary_interpretation,Adults primary,Placebo,Proptosis Responder Rate (PRR) in the Study Eye As Measured by Exophthalmometer,Posted result timepoint,positive_randomized,curated interpretation category,829,https://clinicaltrials.gov/study/NCT05176639,TRIAL_RESULT_ANCHOR:TRIAL-RESULT-NCT05176639,Frozen full protocol and posted-results record,A1 official registry,Yes,support,Approved result interpretation retained exactly; caveat: Five infusions; durability denominator와 responder conditioning을 명시.,support,support,NA (no first-pass correction required),final_displayed_blind_support,result_trial_curation_v2.csv,trial_id=NCT05176639; field=primary_interpretation,4be5f2aa06c22ce2687ab86612c6afab15ff7f63aa009e344358477c8fbb3e30,62,2026-09-10,2.0.0,"Within-agent blind QA pending; not independent validation. | Blind QA BLIND-0145 (BATCH-06): support; same coordinator, stance-hidden, not independent validation."
TRIAL-017-EFFICACY,report_graves_ted_landscape_v2.md,report_graves_ted_landscape_v2.md::lines=127,1,"NCT05176639: PRR 70.0% vs 5.26%, p<0.0001; proptosis LS change −2.90 vs −0.48 mm; overall response 66.83% vs 5.26%; diplopia response 59.07% vs 19.89%.",trial_efficacy_result,Adults primary,Placebo,Proptosis Responder Rate (PRR) in the Study Eye As Measured by Exophthalmometer,Posted result timepoint,"PRR 70.0% vs 5.26%, p<0.0001; proptosis LS change −2.90 vs −0.48 mm; overall response 66.83% vs 5.26%; diplopia response 59.07% vs 19.89%.",source-reported mixed endpoint units,829,https://clinicaltrials.gov/study/NCT05176639,TRIAL_RESULT_ANCHOR:TRIAL-RESULT-NCT05176639,Frozen full protocol and posted-results record,A1 official registry,Yes,support,Exact approved efficacy field with endpoint-specific denominators; Endpoint-specific denominators are preserved in efficacy/safety text; registry STARTED N is not substituted for analyzed N.,support,support,NA (no first-pass correction required),final_displayed_blind_support,result_trial_curation_v2.csv,trial_id=NCT05176639; field=efficacy,4be5f2aa06c22ce2687ab86612c6afab15ff7f63aa009e344358477c8fbb3e30,63,2026-09-10,2.0.0,"Within-agent blind QA pending; not independent validation. | Blind QA BLIND-0109 (BATCH-05): support; same coordinator, stance-hidden, not independent validation."
TRIAL-017-SAFETY,report_graves_ted_landscape_v2.md,report_graves_ted_landscape_v2.md::lines=140,1,NCT05176639: SAE 7/75 vs 0/38; muscle spasms 34/75 vs 3/38; infusion reaction 13/75 vs 2/38; hearing-related symptoms present.,trial_safety_result,Adults primary,Placebo,Trial-reported adverse events and serious adverse events,Posted result timepoint,SAE 7/75 vs 0/38; muscle spasms 34/75 vs 3/38; infusion reaction 13/75 vs 2/38; hearing-related symptoms present.,participants/events as reported,829,https://clinicaltrials.gov/study/NCT05176639,TRIAL_RESULT_ANCHOR:TRIAL-RESULT-NCT05176639,Frozen full protocol and posted-results record,A1 official registry,Yes,support,Exact approved safety field; causality is not inferred when the registry does not report it.,support,support,NA (no first-pass correction required),final_displayed_blind_support,result_trial_curation_v2.csv,trial_id=NCT05176639; field=safety,4be5f2aa06c22ce2687ab86612c6afab15ff7f63aa009e344358477c8fbb3e30,64,2026-09-10,2.0.0,"Within-agent blind QA pending; not independent validation. | Blind QA BLIND-0058 (BATCH-03): support; same coordinator, stance-hidden, not independent validation."
TRIAL-017-DURABILITY,report_graves_ted_landscape_v2.md,report_graves_ted_landscape_v2.md::lines=152,1,NCT05176639: Week 52에서 initial responders의 70%가 PRR 유지; evaluable follow-up subset 21/30.,trial_durability_result_or_limit,Adults primary,Placebo,Durability or durability limitation,Posted result timepoint,Week 52에서 initial responders의 70%가 PRR 유지; evaluable follow-up subset 21/30.,trial-specific,829,https://clinicaltrials.gov/study/NCT05176639,TRIAL_RESULT_ANCHOR:TRIAL-RESULT-NCT05176639,Frozen full protocol and posted-results record,A1 official registry,Yes,support,Exact approved durability field; responder conditioning and absent follow-up are retained.,support,support,NA (no first-pass correction required),final_displayed_blind_support,result_trial_curation_v2.csv,trial_id=NCT05176639; field=durability,4be5f2aa06c22ce2687ab86612c6afab15ff7f63aa009e344358477c8fbb3e30,65,2026-09-10,2.0.0,"Within-agent blind QA pending; not independent validation. | Blind QA BLIND-0201 (BATCH-09): support; same coordinator, stance-hidden, not independent validation."
TRIAL-018-INTERPRETATION,report_graves_ted_landscape_v2.md,report_graves_ted_landscape_v2.md::lines=104,1,NCT05276063: linsitinib high dose는 Week 24 PRR와 overall response를 유의하게 개선했으나 low dose primary comparison은 유의하지 않았다.,trial_primary_interpretation,Adults primary,Placebo; Low Dose; High Dose,Percentage of Subjects Who Are Proptosis Responders at Week 24,Posted result timepoint,positive_high_dose,curated interpretation category,831,https://clinicaltrials.gov/study/NCT05276063,TRIAL_RESULT_ANCHOR:TRIAL-RESULT-NCT05276063,Frozen full protocol and posted-results record,A1 official registry,Yes,support,Approved result interpretation retained exactly; caveat: One-sided alpha 2.5%; mixed Graves/Hashimoto etiology but all had TED.,support,support,NA (no first-pass correction required),final_displayed_blind_support,result_trial_curation_v2.csv,trial_id=NCT05276063; field=primary_interpretation,4be5f2aa06c22ce2687ab86612c6afab15ff7f63aa009e344358477c8fbb3e30,66,2026-09-10,2.0.0,"Within-agent blind QA pending; not independent validation. | Blind QA BLIND-0193 (BATCH-08): support; same coordinator, stance-hidden, not independent validation."
TRIAL-018-EFFICACY,report_graves_ted_landscape_v2.md,report_graves_ted_landscape_v2.md::lines=128,1,"NCT05276063: PRR 150 mg BID 51.7% vs 18.8%, p=0.01, RD 0.345 (95% CI 0.098–0.593); 75 mg 38.9%, p=0.090; GO-QOL difference +10.776, p=0.002.",trial_efficacy_result,Adults primary,Placebo; Low Dose; High Dose,Percentage of Subjects Who Are Proptosis Responders at Week 24,Posted result timepoint,"PRR 150 mg BID 51.7% vs 18.8%, p=0.01, RD 0.345 (95% CI 0.098–0.593); 75 mg 38.9%, p=0.090; GO-QOL difference +10.776, p=0.002.",source-reported mixed endpoint units,831,https://clinicaltrials.gov/study/NCT05276063,TRIAL_RESULT_ANCHOR:TRIAL-RESULT-NCT05276063,Frozen full protocol and posted-results record,A1 official registry,Yes,support,Exact approved efficacy field with endpoint-specific denominators; Endpoint-specific denominators are preserved in efficacy/safety text; registry STARTED N is not substituted for analyzed N.,support,support,NA (no first-pass correction required),final_displayed_blind_support,result_trial_curation_v2.csv,trial_id=NCT05276063; field=efficacy,4be5f2aa06c22ce2687ab86612c6afab15ff7f63aa009e344358477c8fbb3e30,67,2026-09-10,2.0.0,"Within-agent blind QA pending; not independent validation. | Blind QA BLIND-0153 (BATCH-07): support; same coordinator, stance-hidden, not independent validation."
TRIAL-018-SAFETY,report_graves_ted_landscape_v2.md,report_graves_ted_landscape_v2.md::lines=141,1,"NCT05276063: SAE 2/29 high, 0/30 low, 1/31 placebo; high-dose GI/fatigue/transaminase signals.",trial_safety_result,Adults primary,Placebo; Low Dose; High Dose,Trial-reported adverse events and serious adverse events,Posted result timepoint,"SAE 2/29 high, 0/30 low, 1/31 placebo; high-dose GI/fatigue/transaminase signals.",participants/events as reported,831,https://clinicaltrials.gov/study/NCT05276063,TRIAL_RESULT_ANCHOR:TRIAL-RESULT-NCT05276063,Frozen full protocol and posted-results record,A1 official registry,Yes,support,Exact approved safety field; causality is not inferred when the registry does not report it.,support,support,NA (no first-pass correction required),final_displayed_blind_support,result_trial_curation_v2.csv,trial_id=NCT05276063; field=safety,4be5f2aa06c22ce2687ab86612c6afab15ff7f63aa009e344358477c8fbb3e30,68,2026-09-10,2.0.0,"Within-agent blind QA pending; not independent validation. | Blind QA BLIND-0093 (BATCH-04): support; same coordinator, stance-hidden, not independent validation."
TRIAL-019-INTERPRETATION,report_graves_ted_landscape_v2.md,report_graves_ted_landscape_v2.md::lines=105,1,NCT05907668: batoclimab+background ATD에서 biochemical control 및 ATD reduction 신호가 있었지만 remission/cure 증거는 아니다.,trial_primary_interpretation,Adults primary,NA (no comparator arm identified),"Percentage of Participants Who Achieved Normalization of Free Triiodothyronine (FT3) and Free Thyroxine (FT4), or Have FT3 and/or FT4 Below the Lower Limit of Normal (LLN) at Week 24 Without Increase in ATD Dose Compared to Baseline",Posted result timepoint,single_arm_biochemical,curated interpretation category,843,https://clinicaltrials.gov/study/NCT05907668,TRIAL_RESULT_ANCHOR:TRIAL-RESULT-NCT05907668,Frozen full protocol and posted-results record,A1 official registry,Yes,support,"Approved result interpretation retained exactly; caveat: Single arm; abstract n=25는 earlier cut, registry n=32를 canonical로 사용.",support,support,NA (no first-pass correction required),final_displayed_blind_support,result_trial_curation_v2.csv,trial_id=NCT05907668; field=primary_interpretation,4be5f2aa06c22ce2687ab86612c6afab15ff7f63aa009e344358477c8fbb3e30,69,2026-09-10,2.0.0,"Within-agent blind QA pending; not independent validation. | Blind QA BLIND-0095 (BATCH-04): support; same coordinator, stance-hidden, not independent validation."
TRIAL-019-EFFICACY,report_graves_ted_landscape_v2.md,report_graves_ted_landscape_v2.md::lines=129,1,NCT05907668: Week 24 biochemical response without ATD increase 68.8% (95% CI 50.0–83.9); normalized FT3/FT4 with ATD ≤50% baseline 53.1%; off ATD with normalized FT3/FT4 31.3% (95% CI 16.1–50.0).,trial_efficacy_result,Adults primary,NA (no comparator arm identified),"Percentage of Participants Who Achieved Normalization of Free Triiodothyronine (FT3) and Free Thyroxine (FT4), or Have FT3 and/or FT4 Below the Lower Limit of Normal (LLN) at Week 24 Without Increase in ATD Dose Compared to Baseline",Posted result timepoint,Week 24 biochemical response without ATD increase 68.8% (95% CI 50.0–83.9); normalized FT3/FT4 with ATD ≤50% baseline 53.1%; off ATD with normalized FT3/FT4 31.3% (95% CI 16.1–50.0).,source-reported mixed endpoint units,843,https://clinicaltrials.gov/study/NCT05907668,TRIAL_RESULT_ANCHOR:TRIAL-RESULT-NCT05907668,Frozen full protocol and posted-results record,A1 official registry,Yes,support,Exact approved efficacy field with endpoint-specific denominators; Endpoint-specific denominators are preserved in efficacy/safety text; registry STARTED N is not substituted for analyzed N.,support,support,NA (no first-pass correction required),final_displayed_blind_support,result_trial_curation_v2.csv,trial_id=NCT05907668; field=efficacy,4be5f2aa06c22ce2687ab86612c6afab15ff7f63aa009e344358477c8fbb3e30,70,2026-09-10,2.0.0,"Within-agent blind QA pending; not independent validation. | Blind QA BLIND-0108 (BATCH-05): support; same coordinator, stance-hidden, not independent validation."
TRIAL-019-DURABILITY,report_graves_ted_landscape_v2.md,report_graves_ted_landscape_v2.md::lines=153,1,NCT05907668: Off-ATD normalization은 해당 시점의 상태이며 durable remission 추적 아님.,trial_durability_result_or_limit,Adults primary,NA (no comparator arm identified),Durability or durability limitation,Posted result timepoint,Off-ATD normalization은 해당 시점의 상태이며 durable remission 추적 아님.,trial-specific,843,https://clinicaltrials.gov/study/NCT05907668,TRIAL_RESULT_ANCHOR:TRIAL-RESULT-NCT05907668,Frozen full protocol and posted-results record,A1 official registry,Yes,support,Exact approved durability field; responder conditioning and absent follow-up are retained.,support,support,NA (no first-pass correction required),final_displayed_blind_support,result_trial_curation_v2.csv,trial_id=NCT05907668; field=durability,4be5f2aa06c22ce2687ab86612c6afab15ff7f63aa009e344358477c8fbb3e30,71,2026-09-10,2.0.0,"Within-agent blind QA pending; not independent validation. | Blind QA BLIND-0174 (BATCH-07): support; same coordinator, stance-hidden, not independent validation."
TRIAL-020-INTERPRETATION,report_graves_ted_landscape_v2.md,report_graves_ted_landscape_v2.md::lines=106,1,NCT05987423: SatraGO-1 active-TED Week 24 primary PRR는 실패했다.,trial_primary_interpretation,Adults primary,Placebo,Percentage of Participants in the Active TED Population Who Achieved ≥ 2 Millimeters (mm) Reduction in Proptosis From Baseline at Week 24 in the Study Eye,Posted result timepoint,negative_primary_secondary_signals,curated interpretation category,844,https://clinicaltrials.gov/study/NCT05987423,TRIAL_RESULT_ANCHOR:TRIAL-RESULT-NCT05987423,Frozen full protocol and posted-results record,A1 official registry,Yes,support,Approved result interpretation retained exactly; caveat: Secondary p-values nominal/multiplicity-sensitive; primary failure를 우선.,support,support,NA (no first-pass correction required),final_displayed_blind_support,result_trial_curation_v2.csv,trial_id=NCT05987423; field=primary_interpretation,4be5f2aa06c22ce2687ab86612c6afab15ff7f63aa009e344358477c8fbb3e30,72,2026-09-10,2.0.0,"Within-agent blind QA pending; not independent validation. | Blind QA BLIND-0158 (BATCH-07): support; same coordinator, stance-hidden, not independent validation."
TRIAL-020-EFFICACY,report_graves_ted_landscape_v2.md,report_graves_ted_landscape_v2.md::lines=130,1,"NCT05987423: Active PRR 49.0% vs 31.2%, p=0.0715; RD 17.9 points (95.03% CI −1.6 to 37.3). Some secondary activity endpoints nominally positive.",trial_efficacy_result,Adults primary,Placebo,Percentage of Participants in the Active TED Population Who Achieved ≥ 2 Millimeters (mm) Reduction in Proptosis From Baseline at Week 24 in the Study Eye,Posted result timepoint,"Active PRR 49.0% vs 31.2%, p=0.0715; RD 17.9 points (95.03% CI −1.6 to 37.3). Some secondary activity endpoints nominally positive.",source-reported mixed endpoint units,844,https://clinicaltrials.gov/study/NCT05987423,TRIAL_RESULT_ANCHOR:TRIAL-RESULT-NCT05987423,Frozen full protocol and posted-results record,A1 official registry,Yes,support,Exact approved efficacy field with endpoint-specific denominators; Endpoint-specific denominators are preserved in efficacy/safety text; registry STARTED N is not substituted for analyzed N.,support,support,NA (no first-pass correction required),final_displayed_blind_support,result_trial_curation_v2.csv,trial_id=NCT05987423; field=efficacy,4be5f2aa06c22ce2687ab86612c6afab15ff7f63aa009e344358477c8fbb3e30,73,2026-09-10,2.0.0,"Within-agent blind QA pending; not independent validation. | Blind QA BLIND-0046 (BATCH-02): support; same coordinator, stance-hidden, not independent validation."
TRIAL-021-INTERPRETATION,report_graves_ted_landscape_v2.md,report_graves_ted_landscape_v2.md::lines=107,1,NCT06021054: THRIVE-2에서 chronic TED Week 15 PRR가 크게 개선되었다.,trial_primary_interpretation,Adults primary,NR (randomized comparator arm not explicitly typed in registry),Proptosis Responder Rate (PRR) in the Most Proptotic Eye as Measured by Exophthalmometer,Posted result timepoint,positive_randomized,curated interpretation category,845,https://clinicaltrials.gov/study/NCT06021054,TRIAL_RESULT_ANCHOR:TRIAL-RESULT-NCT06021054,Frozen full protocol and posted-results record,A1 official registry,Yes,support,Approved result interpretation retained exactly; caveat: Death causality를 추론하지 않음; no peer-reviewed full Phase 3 paper found.,support,support,NA (no first-pass correction required),final_displayed_blind_support,result_trial_curation_v2.csv,trial_id=NCT06021054; field=primary_interpretation,4be5f2aa06c22ce2687ab86612c6afab15ff7f63aa009e344358477c8fbb3e30,74,2026-09-10,2.0.0,"Within-agent blind QA pending; not independent validation. | Blind QA BLIND-0057 (BATCH-03): support; same coordinator, stance-hidden, not independent validation."
TRIAL-021-EFFICACY,report_graves_ted_landscape_v2.md,report_graves_ted_landscape_v2.md::lines=131,1,"NCT06021054: PRR 57.28% vs 8.22%, p<0.0001; RD 49.06 points (95% CI 37.71–60.40); proptosis LS change −2.35 vs −0.46 mm; diplopia response 55.57% vs 24.70%.",trial_efficacy_result,Adults primary,NR (randomized comparator arm not explicitly typed in registry),Proptosis Responder Rate (PRR) in the Most Proptotic Eye as Measured by Exophthalmometer,Posted result timepoint,"PRR 57.28% vs 8.22%, p<0.0001; RD 49.06 points (95% CI 37.71–60.40); proptosis LS change −2.35 vs −0.46 mm; diplopia response 55.57% vs 24.70%.",source-reported mixed endpoint units,845,https://clinicaltrials.gov/study/NCT06021054,TRIAL_RESULT_ANCHOR:TRIAL-RESULT-NCT06021054,Frozen full protocol and posted-results record,A1 official registry,Yes,support,Exact approved efficacy field with endpoint-specific denominators; Endpoint-specific denominators are preserved in efficacy/safety text; registry STARTED N is not substituted for analyzed N.,support,support,NA (no first-pass correction required),final_displayed_blind_support,result_trial_curation_v2.csv,trial_id=NCT06021054; field=efficacy,4be5f2aa06c22ce2687ab86612c6afab15ff7f63aa009e344358477c8fbb3e30,75,2026-09-10,2.0.0,"Within-agent blind QA pending; not independent validation. | Blind QA BLIND-0048 (BATCH-02): support; same coordinator, stance-hidden, not independent validation."
TRIAL-021-SAFETY,report_graves_ted_landscape_v2.md,report_graves_ted_landscape_v2.md::lines=142,1,NCT06021054: Through Week 52: death 1/125 vs 0/63; SAE 10/125 vs 3/63; registry는 death cause/relatedness 미기재.,trial_safety_result,Adults primary,NR (randomized comparator arm not explicitly typed in registry),Trial-reported adverse events and serious adverse events,Posted result timepoint,Through Week 52: death 1/125 vs 0/63; SAE 10/125 vs 3/63; registry는 death cause/relatedness 미기재.,participants/events as reported,845,https://clinicaltrials.gov/study/NCT06021054,TRIAL_RESULT_ANCHOR:TRIAL-RESULT-NCT06021054,Frozen full protocol and posted-results record,A1 official registry,Yes,support,Exact approved safety field; causality is not inferred when the registry does not report it.,support,support,NA (no first-pass correction required),final_displayed_blind_support,result_trial_curation_v2.csv,trial_id=NCT06021054; field=safety,4be5f2aa06c22ce2687ab86612c6afab15ff7f63aa009e344358477c8fbb3e30,76,2026-09-10,2.0.0,"Within-agent blind QA pending; not independent validation. | Blind QA BLIND-0077 (BATCH-04): support; same coordinator, stance-hidden, not independent validation."
TRIAL-021-DURABILITY,report_graves_ted_landscape_v2.md,report_graves_ted_landscape_v2.md::lines=154,1,NCT06021054: Efficacy durability beyond Week 15 not posted.,trial_durability_result_or_limit,Adults primary,NR (randomized comparator arm not explicitly typed in registry),Durability or durability limitation,Posted result timepoint,Efficacy durability beyond Week 15 not posted.,trial-specific,845,https://clinicaltrials.gov/study/NCT06021054,TRIAL_RESULT_ANCHOR:TRIAL-RESULT-NCT06021054,Frozen full protocol and posted-results record,A1 official registry,Yes,support,Exact approved durability field; responder conditioning and absent follow-up are retained.,support,support,NA (no first-pass correction required),final_displayed_blind_support,result_trial_curation_v2.csv,trial_id=NCT06021054; field=durability,4be5f2aa06c22ce2687ab86612c6afab15ff7f63aa009e344358477c8fbb3e30,77,2026-09-10,2.0.0,"Within-agent blind QA pending; not independent validation. | Blind QA BLIND-0072 (BATCH-03): support; same coordinator, stance-hidden, not independent validation."
TRIAL-022-INTERPRETATION,report_graves_ted_landscape_v2.md,report_graves_ted_landscape_v2.md::lines=108,1,NCT06106828: SatraGO-2는 active-TED Week 24 primary PRR를 충족했다.,trial_primary_interpretation,Adults primary,Placebo,Percentage of Participants in the Active TED Population Who Achieved ≥ 2 Millimeters (mm) Reduction in Proptosis From Baseline at Week 24 in the Study Eye,Posted result timepoint,positive_randomized,curated interpretation category,849,https://clinicaltrials.gov/study/NCT06106828,TRIAL_RESULT_ANCHOR:TRIAL-RESULT-NCT06106828,Frozen full protocol and posted-results record,A1 official registry,Yes,support,Approved result interpretation retained exactly; caveat: Secondary p-values multiplicity caution; satralizumab TED indication pending at cutoff.,support,support,NA (no first-pass correction required),final_displayed_blind_support,result_trial_curation_v2.csv,trial_id=NCT06106828; field=primary_interpretation,4be5f2aa06c22ce2687ab86612c6afab15ff7f63aa009e344358477c8fbb3e30,78,2026-09-10,2.0.0,"Within-agent blind QA pending; not independent validation. | Blind QA BLIND-0018 (BATCH-01): support; same coordinator, stance-hidden, not independent validation."
TRIAL-022-EFFICACY,report_graves_ted_landscape_v2.md,report_graves_ted_landscape_v2.md::lines=132,1,"NCT06106828: Active PRR 52.9% vs 23.4%, p=0.0011; RD 28.9 points (95.03% CI 11.5–46.2); adjusted proptosis difference −1.02 mm, p=0.0027.",trial_efficacy_result,Adults primary,Placebo,Percentage of Participants in the Active TED Population Who Achieved ≥ 2 Millimeters (mm) Reduction in Proptosis From Baseline at Week 24 in the Study Eye,Posted result timepoint,"Active PRR 52.9% vs 23.4%, p=0.0011; RD 28.9 points (95.03% CI 11.5–46.2); adjusted proptosis difference −1.02 mm, p=0.0027.",source-reported mixed endpoint units,849,https://clinicaltrials.gov/study/NCT06106828,TRIAL_RESULT_ANCHOR:TRIAL-RESULT-NCT06106828,Frozen full protocol and posted-results record,A1 official registry,Yes,support,Exact approved efficacy field with endpoint-specific denominators; Endpoint-specific denominators are preserved in efficacy/safety text; registry STARTED N is not substituted for analyzed N.,support,support,NA (no first-pass correction required),final_displayed_blind_support,result_trial_curation_v2.csv,trial_id=NCT06106828; field=efficacy,4be5f2aa06c22ce2687ab86612c6afab15ff7f63aa009e344358477c8fbb3e30,79,2026-09-10,2.0.0,"Within-agent blind QA pending; not independent validation. | Blind QA BLIND-0063 (BATCH-03): support; same coordinator, stance-hidden, not independent validation."
TRIAL-022-SAFETY,report_graves_ted_landscape_v2.md,report_graves_ted_landscape_v2.md::lines=143,1,"NCT06106828: SAE 2/64 vs 3/62; ALT 6/64 vs 1/62, AST 4/64 vs 1/62, neutrophils decreased 4/64 vs 1/62.",trial_safety_result,Adults primary,Placebo,Trial-reported adverse events and serious adverse events,Posted result timepoint,"SAE 2/64 vs 3/62; ALT 6/64 vs 1/62, AST 4/64 vs 1/62, neutrophils decreased 4/64 vs 1/62.",participants/events as reported,849,https://clinicaltrials.gov/study/NCT06106828,TRIAL_RESULT_ANCHOR:TRIAL-RESULT-NCT06106828,Frozen full protocol and posted-results record,A1 official registry,Yes,support,Exact approved safety field; causality is not inferred when the registry does not report it.,support,support,NA (no first-pass correction required),final_displayed_blind_support,result_trial_curation_v2.csv,trial_id=NCT06106828; field=safety,4be5f2aa06c22ce2687ab86612c6afab15ff7f63aa009e344358477c8fbb3e30,80,2026-09-10,2.0.0,"Within-agent blind QA pending; not independent validation. | Blind QA BLIND-0026 (BATCH-02): support; same coordinator, stance-hidden, not independent validation."
TRIAL-023-INTERPRETATION,report_graves_ted_landscape_v2.md,report_graves_ted_landscape_v2.md::lines=109,1,NCT06179875: feeder-trial nonresponders의 open-label treatment 결과이며 randomized comparative efficacy로 해석할 수 없다.,trial_primary_interpretation,Adults primary,NA (no comparator arm identified),Proptosis Responder Rate (PRR) in the Most Proptotic Eye as Measured by Exophthalmometer,Posted result timepoint,selected_open_label,curated interpretation category,852,https://clinicaltrials.gov/study/NCT06179875,TRIAL_RESULT_ANCHOR:TRIAL-RESULT-NCT06179875,Frozen full protocol and posted-results record,A1 official registry,Yes,support,Approved result interpretation retained exactly; caveat: Selected cohorts; live cut confirmed enrollment 139 and no registry drift.,support,support,NA (no first-pass correction required),final_displayed_blind_support,result_trial_curation_v2.csv,trial_id=NCT06179875; field=primary_interpretation,4be5f2aa06c22ce2687ab86612c6afab15ff7f63aa009e344358477c8fbb3e30,81,2026-09-10,2.0.0,"Within-agent blind QA pending; not independent validation. | Blind QA BLIND-0132 (BATCH-06): support; same coordinator, stance-hidden, not independent validation."
TRIAL-024-INTERPRETATION,report_graves_ted_landscape_v2.md,report_graves_ted_landscape_v2.md::lines=110,1,NCT06226545: LASN01은 Week 37 CAS response 신호를 보였지만 PRR는 placebo와 유사했다.,trial_primary_interpretation,Adults primary,Randomized placebo (anti-IGF-1R-naïve TED),Percentage of Participants Showing a Response in Proptosis Measured Using Hertel Exophthalmometer (≥2 mm Decrease From Baseline) in the Study Eye and Separately in Either Eye Without Increased Proptosis (≥2 mm Increase) in the Other Eye; For Randomized Treatment Arms: Number of Participants With Adverse Events Receiving LASN01 Compared to Placebo; For Open-label Treatment Arm: Number of Participants With Adverse Events Receiving LASN01,Posted result timepoint,mixed_small_randomized,curated interpretation category,853,https://clinicaltrials.gov/study/NCT06226545,TRIAL_RESULT_ANCHOR:TRIAL-RESULT-NCT06226545,Frozen full protocol and posted-results record,A1 official registry,Yes,support,Approved result interpretation retained exactly; caveat: n=26 randomized; p-test unnamed; sponsor-funded/authored; post hoc proptosis exclusions highly exploratory.,support,support,NA (no first-pass correction required),final_displayed_blind_support,result_trial_curation_v2.csv,trial_id=NCT06226545; field=primary_interpretation,4be5f2aa06c22ce2687ab86612c6afab15ff7f63aa009e344358477c8fbb3e30,82,2026-09-10,2.0.0,"Within-agent blind QA pending; not independent validation. | Blind QA BLIND-0033 (BATCH-02): support; same coordinator, stance-hidden, not independent validation."
TRIAL-024-EFFICACY,report_graves_ted_landscape_v2.md,report_graves_ted_landscape_v2.md::lines=133,1,"NCT06226545: CAS response 15/17 (88.2%) vs 4/9 (44.4%), p=0.028; PRR 6/17 (35.3%) vs 3/9 (33.3%).",trial_efficacy_result,Adults primary,Randomized placebo (anti-IGF-1R-naïve TED),Percentage of Participants Showing a Response in Proptosis Measured Using Hertel Exophthalmometer (≥2 mm Decrease From Baseline) in the Study Eye and Separately in Either Eye Without Increased Proptosis (≥2 mm Increase) in the Other Eye; For Randomized Treatment Arms: Number of Participants With Adverse Events Receiving LASN01 Compared to Placebo; For Open-label Treatment Arm: Number of Participants With Adverse Events Receiving LASN01,Posted result timepoint,"CAS response 15/17 (88.2%) vs 4/9 (44.4%), p=0.028; PRR 6/17 (35.3%) vs 3/9 (33.3%).",source-reported mixed endpoint units,853,https://clinicaltrials.gov/study/NCT06226545,TRIAL_RESULT_ANCHOR:TRIAL-RESULT-NCT06226545,Frozen full protocol and posted-results record,A1 official registry,Yes,support,Exact approved efficacy field with endpoint-specific denominators; Endpoint-specific denominators are preserved in efficacy/safety text; registry STARTED N is not substituted for analyzed N.,support,support,NA (no first-pass correction required),final_displayed_blind_support,result_trial_curation_v2.csv,trial_id=NCT06226545; field=efficacy,4be5f2aa06c22ce2687ab86612c6afab15ff7f63aa009e344358477c8fbb3e30,83,2026-09-10,2.0.0,"Within-agent blind QA pending; not independent validation. | Blind QA BLIND-0157 (BATCH-07): support; same coordinator, stance-hidden, not independent validation."
TRIAL-025-INTERPRETATION,report_graves_ted_landscape_v2.md,report_graves_ted_landscape_v2.md::lines=111,1,NCT06384547: STRIVE는 placebo 없는 active-dose safety comparison으로 efficacy 또는 dose response를 확립하지 못한다.,trial_primary_interpretation,Adults primary,NR (randomized comparator arm not explicitly typed in registry),Number of Participants With Treatment-emergent Adverse Events (TEAEs) Through Week 15,Posted result timepoint,active_dose_uncontrolled,curated interpretation category,859,https://clinicaltrials.gov/study/NCT06384547,TRIAL_RESULT_ANCHOR:TRIAL-RESULT-NCT06384547,Frozen full protocol and posted-results record,A1 official registry,Yes,support,Approved result interpretation retained exactly; caveat: No placebo; efficacy inference 제한.,support,support,NA (no first-pass correction required),final_displayed_blind_support,result_trial_curation_v2.csv,trial_id=NCT06384547; field=primary_interpretation,4be5f2aa06c22ce2687ab86612c6afab15ff7f63aa009e344358477c8fbb3e30,84,2026-09-10,2.0.0,"Within-agent blind QA pending; not independent validation. | Blind QA BLIND-0128 (BATCH-06): support; same coordinator, stance-hidden, not independent validation."
TRIAL-025-SAFETY,report_graves_ted_landscape_v2.md,report_graves_ted_landscape_v2.md::lines=144,1,NCT06384547: Week 52 TEAE 159/173 vs 55/58; SAE 10/173 vs 3/58; deaths 0; class-like muscle spasm/hearing/reproductive events.,trial_safety_result,Adults primary,NR (randomized comparator arm not explicitly typed in registry),Trial-reported adverse events and serious adverse events,Posted result timepoint,Week 52 TEAE 159/173 vs 55/58; SAE 10/173 vs 3/58; deaths 0; class-like muscle spasm/hearing/reproductive events.,participants/events as reported,859,https://clinicaltrials.gov/study/NCT06384547,TRIAL_RESULT_ANCHOR:TRIAL-RESULT-NCT06384547,Frozen full protocol and posted-results record,A1 official registry,Yes,support,Exact approved safety field; causality is not inferred when the registry does not report it.,support,support,NA (no first-pass correction required),final_displayed_blind_support,result_trial_curation_v2.csv,trial_id=NCT06384547; field=safety,4be5f2aa06c22ce2687ab86612c6afab15ff7f63aa009e344358477c8fbb3e30,85,2026-09-10,2.0.0,"Within-agent blind QA pending; not independent validation. | Blind QA BLIND-0030 (BATCH-02): support; same coordinator, stance-hidden, not independent validation."
REG-US-TEPEZZA-AUTH,report_graves_ted_landscape_v2.md,report_graves_ted_landscape_v2.md::lines=66,1,United States Tepezza authorization: approved in the United States; labeled for TED regardless of activity or duration,regional_authorization_status,Adults unless the jurisdictional label states otherwise,NA (no comparator),authorization status and scope,2026-09-10 data cut,approved in the United States; labeled for TED regardless of activity or duration,status,728,https://dailymed.nlm.nih.gov/dailymed/drugInfo.cfm?setid=3e6c54a1-cefd-4a5b-a855-ab9f268b6cce,SOURCE_ANCHOR:US-TEPEZZA-LABEL-INDICATION; CANONICAL:soc_outcomes_v2.csv::soc_id=SOC-US-TED-TEPEZZA;field=authorization_status_scope,Acquired and hash-verified source document (text/html; charset=utf-8),A1 regulator/NLM label repository,Yes,support,Official authorization evidence controls positive status; documented negative searches remain unresolved and do not prove absence.,support,support,NA (no first-pass correction required),final_displayed_blind_support,soc_outcomes_v2.csv,soc_id=SOC-US-TED-TEPEZZA; field=authorization_status_scope,1c4368b060910b9bf6da76972d32651dbb17f642a755cfafdfe8e0384dda176b,86,2026-09-10,2.0.0,"Within-agent blind QA pending; not independent validation. | Blind QA BLIND-0146 (BATCH-06): support; same coordinator, stance-hidden, not independent validation."
REG-US-TEPEZZA-ACCESS,report_graves_ted_landscape_v2.md,report_graves_ted_landscape_v2.md::lines=66,1,United States Tepezza reimbursement/access: unresolved (본 curated source set에서 region-wide reimbursement/coverage를 공식 근거로 확정하지 않음; 개별 payer·기관 확인 필요),regional_reimbursement_access_status,Adults unless the jurisdictional label states otherwise,NA (no comparator),reimbursement or health-system access,2026-09-10 data cut,unresolved (본 curated source set에서 region-wide reimbursement/coverage를 공식 근거로 확정하지 않음; 개별 payer·기관 확인 필요),status,NA (internal canonical evidence),NA (no external source URL required),CANONICAL:soc_outcomes_v2.csv::soc_id=SOC-US-TED-TEPEZZA;field=reimbursement_access,Canonical release artifact or analytic definition,Internal deterministic evidence,No,support,Access is kept distinct from authorization; unresolved fields are not converted into negative absence claims.,support,support,NA (no first-pass correction required),final_displayed_blind_support,soc_outcomes_v2.csv,soc_id=SOC-US-TED-TEPEZZA; field=reimbursement_access,1c4368b060910b9bf6da76972d32651dbb17f642a755cfafdfe8e0384dda176b,87,2026-09-10,2.0.0,"Within-agent blind QA pending; not independent validation. | Blind QA BLIND-0013 (BATCH-01): support; same coordinator, stance-hidden, not independent validation."
REG-US-LUMVOA-AUTH,report_graves_ted_landscape_v2.md,"report_graves_ted_landscape_v2.md::lines=13,66",2,United States Lumvoa authorization: approved by FDA on 2026-06-26; BLA 761530; TED regardless of activity or duration,regional_authorization_status,Adults unless an official label states otherwise,NA (no comparator),authorization status and scope,2026-09-10 data cut,approved by FDA on 2026-06-26; BLA 761530; TED regardless of activity or duration,status,373; 726,https://www.accessdata.fda.gov/drugsatfda_docs/label/2026/761530Orig1s000lbl.pdf; https://www.accessdata.fda.gov/drugsatfda_docs/appletter/2026/761530Orig1s000ltr.pdf,SOURCE_ANCHOR:US-LUMVOA-LABEL-INDICATION-DOSE; SOURCE_ANCHOR:US-FDA-LUMVOA-BLA-APPROVAL; SOURCE_ANCHOR:US-FDA-LUMVOA-APPROVAL-DATE; CANONICAL:soc_outcomes_v2.csv::soc_id=SOC-US-TED-LUMVOA;field=authorization_status_scope,Acquired and hash-verified source document (application/pdf),A1 regulator,Yes,support,Official authorization evidence controls positive status; documented negative searches remain unresolved and do not prove absence.,support,support,NA (no first-pass correction required),final_displayed_blind_support,soc_outcomes_v2.csv,soc_id=SOC-US-TED-LUMVOA; field=authorization_status_scope,1c4368b060910b9bf6da76972d32651dbb17f642a755cfafdfe8e0384dda176b,88,2026-09-10,2.0.0,"Within-agent blind QA pending; not independent validation. | Blind QA BLIND-0045 (BATCH-02): support; same coordinator, stance-hidden, not independent validation."
REG-US-LUMVOA-ACCESS,report_graves_ted_landscape_v2.md,report_graves_ted_landscape_v2.md::lines=66,1,United States Lumvoa reimbursement/access: unresolved (본 curated source set에서 region-wide reimbursement/coverage를 공식 근거로 확정하지 않음; 개별 payer·기관 확인 필요),regional_reimbursement_access_status,Adults unless an official label states otherwise,NA (no comparator),reimbursement or health-system access,2026-09-10 data cut,unresolved (본 curated source set에서 region-wide reimbursement/coverage를 공식 근거로 확정하지 않음; 개별 payer·기관 확인 필요),status,NA (internal canonical evidence),NA (no external source URL required),CANONICAL:soc_outcomes_v2.csv::soc_id=SOC-US-TED-LUMVOA;field=reimbursement_access,Canonical release artifact or analytic definition,Internal deterministic evidence,No,support,Access is kept distinct from authorization; unresolved fields are not converted into negative absence claims.,support,support,NA (no first-pass correction required),final_displayed_blind_support,soc_outcomes_v2.csv,soc_id=SOC-US-TED-LUMVOA; field=reimbursement_access,1c4368b060910b9bf6da76972d32651dbb17f642a755cfafdfe8e0384dda176b,89,2026-09-10,2.0.0,"Within-agent blind QA pending; not independent validation. | Blind QA BLIND-0195 (BATCH-08): support; same coordinator, stance-hidden, not independent validation."
REG-EU-TEPEZZA-AUTH,report_graves_ted_landscape_v2.md,report_graves_ted_landscape_v2.md::lines=67,1,EU/EEA Tepezza authorization: EU marketing authorization valid throughout the EU from 2025-06-19 for adults with moderate-to-severe TED,regional_authorization_status,Adults unless the jurisdictional label states otherwise,NA (no comparator),authorization status and scope,2026-09-10 data cut,EU marketing authorization valid throughout the EU from 2025-06-19 for adults with moderate-to-severe TED,status,729,https://www.ema.europa.eu/en/medicines/human/EPAR/tepezza,SOURCE_ANCHOR:EU-EMA-TEPEZZA-INDICATION; SOURCE_ANCHOR:EU-EMA-TEPEZZA-AUTH-DATE; CANONICAL:soc_outcomes_v2.csv::soc_id=SOC-EU-TED-TEPEZZA;field=authorization_status_scope,Acquired and hash-verified source document (text/html; charset=UTF-8),A1 regulator,Yes,support,Official authorization evidence controls positive status; documented negative searches remain unresolved and do not prove absence.,support,support,NA (no first-pass correction required),final_displayed_blind_support,soc_outcomes_v2.csv,soc_id=SOC-EU-TED-TEPEZZA; field=authorization_status_scope,1c4368b060910b9bf6da76972d32651dbb17f642a755cfafdfe8e0384dda176b,90,2026-09-10,2.0.0,"Within-agent blind QA pending; not independent validation. | Blind QA BLIND-0120 (BATCH-05): support; same coordinator, stance-hidden, not independent validation."
REG-EU-TEPEZZA-ACCESS,report_graves_ted_landscape_v2.md,report_graves_ted_landscape_v2.md::lines=67,1,EU/EEA Tepezza reimbursement/access: Member-State-specific; EU-wide reimbursement claim을 하지 않으며 status는 국가별 unresolved,regional_reimbursement_access_status,Adults unless the jurisdictional label states otherwise,NA (no comparator),reimbursement or health-system access,2026-09-10 data cut,Member-State-specific; EU-wide reimbursement claim을 하지 않으며 status는 국가별 unresolved,status,751,https://www.ema.europa.eu/en/medicines/human/EPAR/tepezza,CANONICAL:soc_outcomes_v2.csv::soc_id=SOC-EU-TED-TEPEZZA;field=reimbursement_access,Query-level official-portal search record; no citable text block,R1 documented official-portal search,Yes,support,Access is kept distinct from authorization; unresolved fields are not converted into negative absence claims.,support,support,NA (no first-pass correction required),final_displayed_blind_support,soc_outcomes_v2.csv,soc_id=SOC-EU-TED-TEPEZZA; field=reimbursement_access,1c4368b060910b9bf6da76972d32651dbb17f642a755cfafdfe8e0384dda176b,91,2026-09-10,2.0.0,"Within-agent blind QA pending; not independent validation. | Blind QA BLIND-0171 (BATCH-07): support; same coordinator, stance-hidden, not independent validation."
REG-EU-LUMVOA-AUTH,report_graves_ted_landscape_v2.md,report_graves_ted_landscape_v2.md::lines=67,1,EU/EEA Lumvoa authorization: unresolved (no relevant official EMA product record identified in the documented search; this does not prove non-authorization),regional_authorization_status,Adults unless an official label states otherwise,NA (no comparator),authorization status and scope,2026-09-10 data cut,unresolved (no relevant official EMA product record identified in the documented search; this does not prove non-authorization),status,747,https://www.ema.europa.eu/en/search,CANONICAL:soc_outcomes_v2.csv::soc_id=SOC-EU-TED-LUMVOA;field=authorization_status_scope,Query-level official-portal search record; no citable text block,R1 documented official-portal search,Yes,support,Official authorization evidence controls positive status; documented negative searches remain unresolved and do not prove absence.,support,support,NA (no first-pass correction required),final_displayed_blind_support,soc_outcomes_v2.csv,soc_id=SOC-EU-TED-LUMVOA; field=authorization_status_scope,1c4368b060910b9bf6da76972d32651dbb17f642a755cfafdfe8e0384dda176b,92,2026-09-10,2.0.0,"Within-agent blind QA pending; not independent validation. | Blind QA BLIND-0080 (BATCH-04): support; same coordinator, stance-hidden, not independent validation."
REG-EU-LUMVOA-ACCESS,report_graves_ted_landscape_v2.md,report_graves_ted_landscape_v2.md::lines=67,1,EU/EEA Lumvoa reimbursement/access: unresolved,regional_reimbursement_access_status,Adults unless an official label states otherwise,NA (no comparator),reimbursement or health-system access,2026-09-10 data cut,unresolved,status,NA (internal canonical evidence),NA (no external source URL required),CANONICAL:soc_outcomes_v2.csv::soc_id=SOC-EU-TED-LUMVOA;field=reimbursement_access,Canonical release artifact or analytic definition,Internal deterministic evidence,No,support,Access is kept distinct from authorization; unresolved fields are not converted into negative absence claims.,support,support,NA (no first-pass correction required),final_displayed_blind_support,soc_outcomes_v2.csv,soc_id=SOC-EU-TED-LUMVOA; field=reimbursement_access,1c4368b060910b9bf6da76972d32651dbb17f642a755cfafdfe8e0384dda176b,93,2026-09-10,2.0.0,"Within-agent blind QA pending; not independent validation. | Blind QA BLIND-0094 (BATCH-04): support; same coordinator, stance-hidden, not independent validation."
REG-UK-TEPEZZA-AUTH,report_graves_ted_landscape_v2.md,report_graves_ted_landscape_v2.md::lines=68,1,United Kingdom Tepezza authorization: MHRA approved on 2025-05-07 for adults with moderate-to-severe TED,regional_authorization_status,Adults unless the jurisdictional label states otherwise,NA (no comparator),authorization status and scope,2026-09-10 data cut,MHRA approved on 2025-05-07 for adults with moderate-to-severe TED,status,731,https://www.gov.uk/government/news/mhra-approves-teprotumumab-as-the-first-uk-treatment-for-adults-with-moderate-to-severe-thyroid-eye-disease-ted,SOURCE_ANCHOR:UK-MHRA-TEPEZZA-APPROVAL; CANONICAL:soc_outcomes_v2.csv::soc_id=SOC-UK-TED-TEPEZZA;field=authorization_status_scope,Acquired and hash-verified source document (text/html; charset=utf-8),A1 regulator,Yes,support,Official authorization evidence controls positive status; documented negative searches remain unresolved and do not prove absence.,support,support,NA (no first-pass correction required),final_displayed_blind_support,soc_outcomes_v2.csv,soc_id=SOC-UK-TED-TEPEZZA; field=authorization_status_scope,1c4368b060910b9bf6da76972d32651dbb17f642a755cfafdfe8e0384dda176b,94,2026-09-10,2.0.0,"Within-agent blind QA pending; not independent validation. | Blind QA BLIND-0197 (BATCH-08): support; same coordinator, stance-hidden, not independent validation."
REG-UK-TEPEZZA-ACCESS,report_graves_ted_landscape_v2.md,report_graves_ted_landscape_v2.md::lines=68,1,United Kingdom Tepezza reimbursement/access: unresolved for NHS access; NICE appraisal status in progress at the cutoff,regional_reimbursement_access_status,Adults unless the jurisdictional label states otherwise,NA (no comparator),reimbursement or health-system access,2026-09-10 data cut,unresolved for NHS access; NICE appraisal status in progress at the cutoff,status,732; 733,https://www.nice.org.uk/guidance/indevelopment/gid-ta11995; https://www.nice.org.uk/guidance/gid-ta11531/documents/consultation-document-2,SOURCE_ANCHOR:UK-NICE-TEPEZZA-EXPECTED-DATE-TBC; SOURCE_ANCHOR:UK-NICE-TEPEZZA-IN-PROGRESS; SOURCE_ANCHOR:UK-NICE-TEPEZZA-PROVISIONAL-SCHEDULE; SOURCE_ANCHOR:UK-NICE-TEPEZZA-DRAFT-NOT-FINAL; CANONICAL:soc_outcomes_v2.csv::soc_id=SOC-UK-TED-TEPEZZA;field=reimbursement_access,Acquired and hash-verified source document (text/html; charset=utf-8) | Acquired and hash-verified source document (application/pdf),A1 public HTA body | A1 public HTA body—draft,Yes,support,Access is kept distinct from authorization; unresolved fields are not converted into negative absence claims.,support,support,NA (no first-pass correction required),final_displayed_blind_support,soc_outcomes_v2.csv,soc_id=SOC-UK-TED-TEPEZZA; field=reimbursement_access,1c4368b060910b9bf6da76972d32651dbb17f642a755cfafdfe8e0384dda176b,95,2026-09-10,2.0.0,"Within-agent blind QA pending; not independent validation. | Blind QA BLIND-0122 (BATCH-05): support; same coordinator, stance-hidden, not independent validation."
REG-UK-LUMVOA-AUTH,report_graves_ted_landscape_v2.md,report_graves_ted_landscape_v2.md::lines=68,1,United Kingdom Lumvoa authorization: unresolved (no relevant official UK product or appraisal record identified; this does not prove non-authorization),regional_authorization_status,Adults unless an official label states otherwise,NA (no comparator),authorization status and scope,2026-09-10 data cut,unresolved (no relevant official UK product or appraisal record identified; this does not prove non-authorization),status,749,https://www.gov.uk/search/all,CANONICAL:soc_outcomes_v2.csv::soc_id=SOC-UK-TED-LUMVOA;field=authorization_status_scope,Query-level official-portal search record; no citable text block,R1 documented official-portal search,Yes,support,Official authorization evidence controls positive status; documented negative searches remain unresolved and do not prove absence.,support,support,NA (no first-pass correction required),final_displayed_blind_support,soc_outcomes_v2.csv,soc_id=SOC-UK-TED-LUMVOA; field=authorization_status_scope,1c4368b060910b9bf6da76972d32651dbb17f642a755cfafdfe8e0384dda176b,96,2026-09-10,2.0.0,"Within-agent blind QA pending; not independent validation. | Blind QA BLIND-0107 (BATCH-05): support; same coordinator, stance-hidden, not independent validation."
REG-UK-LUMVOA-ACCESS,report_graves_ted_landscape_v2.md,report_graves_ted_landscape_v2.md::lines=68,1,United Kingdom Lumvoa reimbursement/access: unresolved,regional_reimbursement_access_status,Adults unless an official label states otherwise,NA (no comparator),reimbursement or health-system access,2026-09-10 data cut,unresolved,status,749,https://www.gov.uk/search/all,CANONICAL:soc_outcomes_v2.csv::soc_id=SOC-UK-TED-LUMVOA;field=reimbursement_access,Query-level official-portal search record; no citable text block,R1 documented official-portal search,Yes,support,Access is kept distinct from authorization; unresolved fields are not converted into negative absence claims.,support,support,NA (no first-pass correction required),final_displayed_blind_support,soc_outcomes_v2.csv,soc_id=SOC-UK-TED-LUMVOA; field=reimbursement_access,1c4368b060910b9bf6da76972d32651dbb17f642a755cfafdfe8e0384dda176b,97,2026-09-10,2.0.0,"Within-agent blind QA pending; not independent validation. | Blind QA BLIND-0154 (BATCH-07): support; same coordinator, stance-hidden, not independent validation."
REG-KR-TEPEZZA-AUTH,report_graves_ted_landscape_v2.md,report_graves_ted_landscape_v2.md::lines=69,1,South Korea Tepezza authorization: unresolved (no relevant official MFDS/NEDrug product record identified; this does not prove non-authorization),regional_authorization_status,Adults unless the jurisdictional label states otherwise,NA (no comparator),authorization status and scope,2026-09-10 data cut,unresolved (no relevant official MFDS/NEDrug product record identified; this does not prove non-authorization),status,745,https://nedrug.mfds.go.kr/searchDrug,CANONICAL:soc_outcomes_v2.csv::soc_id=SOC-KR-TED-TEPEZZA;field=authorization_status_scope,Query-level official-portal search record; no citable text block,R1 documented official-portal search,Yes,support,Official authorization evidence controls positive status; documented negative searches remain unresolved and do not prove absence.,support,support,NA (no first-pass correction required),final_displayed_blind_support,soc_outcomes_v2.csv,soc_id=SOC-KR-TED-TEPEZZA; field=authorization_status_scope,1c4368b060910b9bf6da76972d32651dbb17f642a755cfafdfe8e0384dda176b,98,2026-09-10,2.0.0,"Within-agent blind QA pending; not independent validation. | Blind QA BLIND-0096 (BATCH-04): support; same coordinator, stance-hidden, not independent validation."
REG-KR-TEPEZZA-ACCESS,report_graves_ted_landscape_v2.md,report_graves_ted_landscape_v2.md::lines=69,1,South Korea Tepezza reimbursement/access: unresolved (no relevant official HIRA reimbursement record identified; this does not prove non-reimbursement),regional_reimbursement_access_status,Adults unless the jurisdictional label states otherwise,NA (no comparator),reimbursement or health-system access,2026-09-10 data cut,unresolved (no relevant official HIRA reimbursement record identified; this does not prove non-reimbursement),status,746,https://www.hira.or.kr/,CANONICAL:soc_outcomes_v2.csv::soc_id=SOC-KR-TED-TEPEZZA;field=reimbursement_access,Query-level official-portal search record; no citable text block,R1 documented official-portal search,Yes,support,Access is kept distinct from authorization; unresolved fields are not converted into negative absence claims.,support,support,NA (no first-pass correction required),final_displayed_blind_support,soc_outcomes_v2.csv,soc_id=SOC-KR-TED-TEPEZZA; field=reimbursement_access,1c4368b060910b9bf6da76972d32651dbb17f642a755cfafdfe8e0384dda176b,99,2026-09-10,2.0.0,"Within-agent blind QA pending; not independent validation. | Blind QA BLIND-0137 (BATCH-06): support; same coordinator, stance-hidden, not independent validation."
REG-KR-LUMVOA-AUTH,report_graves_ted_landscape_v2.md,report_graves_ted_landscape_v2.md::lines=69,1,South Korea Lumvoa authorization: unresolved (no relevant official Korean product record identified; this does not prove non-authorization),regional_authorization_status,Adults unless an official label states otherwise,NA (no comparator),authorization status and scope,2026-09-10 data cut,unresolved (no relevant official Korean product record identified; this does not prove non-authorization),status,750,https://nedrug.mfds.go.kr/searchDrug,CANONICAL:soc_outcomes_v2.csv::soc_id=SOC-KR-TED-LUMVOA;field=authorization_status_scope,Query-level official-portal search record; no citable text block,R1 documented official-portal search,Yes,support,Official authorization evidence controls positive status; documented negative searches remain unresolved and do not prove absence.,support,support,NA (no first-pass correction required),final_displayed_blind_support,soc_outcomes_v2.csv,soc_id=SOC-KR-TED-LUMVOA; field=authorization_status_scope,1c4368b060910b9bf6da76972d32651dbb17f642a755cfafdfe8e0384dda176b,100,2026-09-10,2.0.0,"Within-agent blind QA pending; not independent validation. | Blind QA BLIND-0003 (BATCH-01): support; same coordinator, stance-hidden, not independent validation."
REG-KR-LUMVOA-ACCESS,report_graves_ted_landscape_v2.md,report_graves_ted_landscape_v2.md::lines=69,1,South Korea Lumvoa reimbursement/access: unresolved (no relevant official Korean reimbursement record identified; this does not prove non-reimbursement),regional_reimbursement_access_status,Adults unless an official label states otherwise,NA (no comparator),reimbursement or health-system access,2026-09-10 data cut,unresolved (no relevant official Korean reimbursement record identified; this does not prove non-reimbursement),status,750,https://nedrug.mfds.go.kr/searchDrug,CANONICAL:soc_outcomes_v2.csv::soc_id=SOC-KR-TED-LUMVOA;field=reimbursement_access,Query-level official-portal search record; no citable text block,R1 documented official-portal search,Yes,support,Access is kept distinct from authorization; unresolved fields are not converted into negative absence claims.,support,support,NA (no first-pass correction required),final_displayed_blind_support,soc_outcomes_v2.csv,soc_id=SOC-KR-TED-LUMVOA; field=reimbursement_access,1c4368b060910b9bf6da76972d32651dbb17f642a755cfafdfe8e0384dda176b,101,2026-09-10,2.0.0,"Within-agent blind QA pending; not independent validation. | Blind QA BLIND-0061 (BATCH-03): support; same coordinator, stance-hidden, not independent validation."
REG-JP-TEPEZZA-AUTH,report_graves_ted_landscape_v2.md,report_graves_ted_landscape_v2.md::lines=70,1,Japan Tepezza authorization: approved in Japan on 2024-09-24 for active thyroid eye disease,regional_authorization_status,Adults unless the jurisdictional label states otherwise,NA (no comparator),authorization status and scope,2026-09-10 data cut,approved in Japan on 2024-09-24 for active thyroid eye disease,status,735; 736,https://www.pmda.go.jp/drugs/2024/P20240919001/112292000_30600AMX00249_A100_1.pdf; https://www.pmda.go.jp/files/000281190.pdf,SOURCE_ANCHOR:JP-PMDA-TEPEZZA-REVIEW-CONCLUSION; SOURCE_ANCHOR:JP-PMDA-TEPEZZA-ENGLISH-APPROVAL-ROW; CANONICAL:soc_outcomes_v2.csv::soc_id=SOC-JP-TED-TEPEZZA;field=authorization_status_scope,Acquired and hash-verified source document (application/pdf),A1 regulator,Yes,support,Official authorization evidence controls positive status; documented negative searches remain unresolved and do not prove absence.,support,support,NA (no first-pass correction required),final_displayed_blind_support,soc_outcomes_v2.csv,soc_id=SOC-JP-TED-TEPEZZA; field=authorization_status_scope,1c4368b060910b9bf6da76972d32651dbb17f642a755cfafdfe8e0384dda176b,102,2026-09-10,2.0.0,"Within-agent blind QA pending; not independent validation. | Blind QA BLIND-0186 (BATCH-08): support; same coordinator, stance-hidden, not independent validation."
REG-JP-TEPEZZA-ACCESS,report_graves_ted_landscape_v2.md,report_graves_ted_landscape_v2.md::lines=70,1,Japan Tepezza reimbursement/access: unresolved (official reimbursement/price-list locator not verified in this pass),regional_reimbursement_access_status,Adults unless the jurisdictional label states otherwise,NA (no comparator),reimbursement or health-system access,2026-09-10 data cut,unresolved (official reimbursement/price-list locator not verified in this pass),status,752,https://www.mhlw.go.jp/,CANONICAL:soc_outcomes_v2.csv::soc_id=SOC-JP-TED-TEPEZZA;field=reimbursement_access,Query-level official-portal search record; no citable text block,R1 documented official-portal search,Yes,support,Access is kept distinct from authorization; unresolved fields are not converted into negative absence claims.,support,support,NA (no first-pass correction required),final_displayed_blind_support,soc_outcomes_v2.csv,soc_id=SOC-JP-TED-TEPEZZA; field=reimbursement_access,1c4368b060910b9bf6da76972d32651dbb17f642a755cfafdfe8e0384dda176b,103,2026-09-10,2.0.0,"Within-agent blind QA pending; not independent validation. | Blind QA BLIND-0121 (BATCH-05): support; same coordinator, stance-hidden, not independent validation."
REG-JP-LUMVOA-AUTH,report_graves_ted_landscape_v2.md,report_graves_ted_landscape_v2.md::lines=70,1,Japan Lumvoa authorization: unresolved (no relevant official PMDA/MHLW product record identified; this does not prove non-authorization),regional_authorization_status,Adults unless an official label states otherwise,NA (no comparator),authorization status and scope,2026-09-10 data cut,unresolved (no relevant official PMDA/MHLW product record identified; this does not prove non-authorization),status,748,https://www.pmda.go.jp/,CANONICAL:soc_outcomes_v2.csv::soc_id=SOC-JP-TED-LUMVOA;field=authorization_status_scope,Query-level official-portal search record; no citable text block,R1 documented official-portal search,Yes,support,Official authorization evidence controls positive status; documented negative searches remain unresolved and do not prove absence.,support,support,NA (no first-pass correction required),final_displayed_blind_support,soc_outcomes_v2.csv,soc_id=SOC-JP-TED-LUMVOA; field=authorization_status_scope,1c4368b060910b9bf6da76972d32651dbb17f642a755cfafdfe8e0384dda176b,104,2026-09-10,2.0.0,"Within-agent blind QA pending; not independent validation. | Blind QA BLIND-0032 (BATCH-02): support; same coordinator, stance-hidden, not independent validation."
REG-JP-LUMVOA-ACCESS,report_graves_ted_landscape_v2.md,report_graves_ted_landscape_v2.md::lines=70,1,Japan Lumvoa reimbursement/access: unresolved,regional_reimbursement_access_status,Adults unless an official label states otherwise,NA (no comparator),reimbursement or health-system access,2026-09-10 data cut,unresolved,status,NA (internal canonical evidence),NA (no external source URL required),CANONICAL:soc_outcomes_v2.csv::soc_id=SOC-JP-TED-LUMVOA;field=reimbursement_access,Canonical release artifact or analytic definition,Internal deterministic evidence,No,support,Access is kept distinct from authorization; unresolved fields are not converted into negative absence claims.,support,support,NA (no first-pass correction required),final_displayed_blind_support,soc_outcomes_v2.csv,soc_id=SOC-JP-TED-LUMVOA; field=reimbursement_access,1c4368b060910b9bf6da76972d32651dbb17f642a755cfafdfe8e0384dda176b,105,2026-09-10,2.0.0,"Within-agent blind QA pending; not independent validation. | Blind QA BLIND-0106 (BATCH-05): support; same coordinator, stance-hidden, not independent validation."
SOC-FRAME-001,report_graves_ted_landscape_v2.md,report_graves_ted_landscape_v2.md::lines=56,1,Regional SoC matrix는 5개 region 각각에 15개 category를 유지해 총 75개 row를 포함한다.,internal_soc_coverage,Region- and source-defined population,NA (no comparator),SoC framework or source discrepancy,2026-09-10 data cut,Regional SoC matrix는 5개 region 각각에 15개 category를 유지해 총 75개 row를 포함한다.,narrative status,NA (internal canonical evidence),NA (no external source URL required),CANONICAL:soc_outcomes_v2.csv::all rows | region_code×category,Canonical release artifact or analytic definition,Internal deterministic evidence,No,support,Coverage and population boundaries are derived deterministically from the canonical SoC matrix.,support,support,NA (no first-pass correction required),final_displayed_blind_support,soc_outcomes_v2.csv,all rows; region_code×category,1c4368b060910b9bf6da76972d32651dbb17f642a755cfafdfe8e0384dda176b,106,2026-09-10,2.0.0,"Within-agent blind QA pending; not independent validation. | Blind QA BLIND-0021 (BATCH-01): support; same coordinator, stance-hidden, not independent validation."
SOC-FRAME-002,report_graves_ted_landscape_v2.md,report_graves_ted_landscape_v2.md::lines=57,1,"GD의 Adult ATD, Adult RAI, Adult thyroidectomy는 각 region에서 별도 pathway로 유지되며 biochemical control, destructive/surgical control, remission을 합치지 않는다.",analytical_soc_boundary,Region- and source-defined population,NA (no comparator),SoC framework or source discrepancy,2026-09-10 data cut,"GD의 Adult ATD, Adult RAI, Adult thyroidectomy는 각 region에서 별도 pathway로 유지되며 biochemical control, destructive/surgical control, remission을 합치지 않는다.",narrative status,NA (internal canonical evidence),NA (no external source URL required),"CANONICAL:soc_outcomes_v2.csv::categories=Adult ATD,Adult RAI,Adult thyroidectomy",Canonical release artifact or analytic definition,Internal deterministic evidence,No,support,Coverage and population boundaries are derived deterministically from the canonical SoC matrix.,support,support,NA (no first-pass correction required),final_displayed_blind_support,soc_outcomes_v2.csv,"categories=Adult ATD,Adult RAI,Adult thyroidectomy",1c4368b060910b9bf6da76972d32651dbb17f642a755cfafdfe8e0384dda176b,107,2026-09-10,2.0.0,"Within-agent blind QA pending; not independent validation. | Blind QA BLIND-0040 (BATCH-02): support; same coordinator, stance-hidden, not independent validation."
SOC-FRAME-003,report_graves_ted_landscape_v2.md,report_graves_ted_landscape_v2.md::lines=58,1,"Pediatrics, pregnancy, lactation, older adults, relapsed/refractory GD 및 relapsed/refractory TED는 adult primary pathway와 분리했다.",analytical_population_boundary,Region- and source-defined population,NA (no comparator),SoC framework or source discrepancy,2026-09-10 data cut,"Pediatrics, pregnancy, lactation, older adults, relapsed/refractory GD 및 relapsed/refractory TED는 adult primary pathway와 분리했다.",narrative status,NA (internal canonical evidence),NA (no external source URL required),"CANONICAL:soc_outcomes_v2.csv::categories=Pediatric GD,GD in pregnancy,GD in lactation,GD in older adults,Relapsed/refractory GD,Relapsed/refractory TED",Canonical release artifact or analytic definition,Internal deterministic evidence,No,support,Coverage and population boundaries are derived deterministically from the canonical SoC matrix.,support,support,NA (no first-pass correction required),final_displayed_blind_support,soc_outcomes_v2.csv,"categories=Pediatric GD,GD in pregnancy,GD in lactation,GD in older adults,Relapsed/refractory GD,Relapsed/refractory TED",1c4368b060910b9bf6da76972d32651dbb17f642a755cfafdfe8e0384dda176b,108,2026-09-10,2.0.0,"Within-agent blind QA pending; not independent validation. | Blind QA BLIND-0047 (BATCH-02): support; same coordinator, stance-hidden, not independent validation."
SOC-FRAME-004,report_graves_ted_landscape_v2.md,report_graves_ted_landscape_v2.md::lines=62,1,unresolved는 documented official-source pass에서 positive official evidence를 확정하지 못했다는 뜻이며 ‘not authorized’ 또는 ‘not reimbursed’를 의미하지 않는다.,analytical_unresolved_status_boundary,Region- and source-defined population,NA (no comparator),SoC framework or source discrepancy,2026-09-10 data cut,unresolved는 documented official-source pass에서 positive official evidence를 확정하지 못했다는 뜻이며 ‘not authorized’ 또는 ‘not reimbursed’를 의미하지 않는다.,narrative status,NA (internal canonical evidence),NA (no external source URL required),"CANONICAL:soc_outcomes_v2.csv::fields=authorization_status_scope,reimbursement_access,uncertainty | unresolved semantics",Canonical release artifact or analytic definition,Internal deterministic evidence,No,support,Coverage and population boundaries are derived deterministically from the canonical SoC matrix.,support,support,NA (no first-pass correction required),final_displayed_blind_support,soc_outcomes_v2.csv,"fields=authorization_status_scope,reimbursement_access,uncertainty; unresolved semantics",1c4368b060910b9bf6da76972d32651dbb17f642a755cfafdfe8e0384dda176b,109,2026-09-10,2.0.0,"Within-agent blind QA pending; not independent validation. | Blind QA BLIND-0100 (BATCH-04): support; same coordinator, stance-hidden, not independent validation."
SOC-CONFLICT-KR-RAI,report_graves_ted_landscape_v2.md,report_graves_ted_landscape_v2.md::lines=74,1,"Korean RAI Recommendation 5.3은 narrative의 ‘may be considered’와 Table 3의 ‘Steroid prophylaxis recommended’를 모두 보존하며, strength discrepancy를 conclusion-neutral Severity 3로 공개한다.",source_conflict_disclosure,Region- and source-defined population,NA (no comparator),SoC framework or source discrepancy,2026-09-10 data cut,"Korean RAI Recommendation 5.3은 narrative의 ‘may be considered’와 Table 3의 ‘Steroid prophylaxis recommended’를 모두 보존하며, strength discrepancy를 conclusion-neutral Severity 3로 공개한다.",narrative status,28,https://www.e-enm.org/upload/pdf/enm-2025-2464.pdf,SOURCE_ANCHOR:KR-KTA2025-RAI-R5.3-NARRATIVE; SOURCE_ANCHOR:KR-KTA2025-RAI-R5.3-TABLE,Acquired and hash-verified source document (application/pdf),A2 national society guideline,Yes,support,Both exact source wordings and their non-harmonized interpretation are retained.,support,support,NA (no first-pass correction required),final_displayed_blind_support,source_anchors_v2.csv,"anchors=KR-KTA2025-RAI-R5.3-NARRATIVE,KR-KTA2025-RAI-R5.3-TABLE",d58a5c22ab79ea912bbf68c10314e3154da14f62eb39640eaa4c81331c2f3438,110,2026-09-10,2.0.0,"Within-agent blind QA pending; not independent validation. | Blind QA BLIND-0019 (BATCH-01): support; same coordinator, stance-hidden, not independent validation."
SOC-CONFLICT-NICE,report_graves_ted_landscape_v2.md,report_graves_ted_landscape_v2.md::lines=75,1,"NICE appraisal는 expected publication date TBC, status In progress이며, 2026-09 consultation 및 2027-01 committee 일정은 provisional이고 draft는 final guidance가 아니다.",source_timing_disclosure,Region- and source-defined population,NA (no comparator),SoC framework or source discrepancy,2026-09-10 data cut,"NICE appraisal는 expected publication date TBC, status In progress이며, 2026-09 consultation 및 2027-01 committee 일정은 provisional이고 draft는 final guidance가 아니다.",narrative status,732; 733,https://www.nice.org.uk/guidance/indevelopment/gid-ta11995; https://www.nice.org.uk/guidance/gid-ta11531/documents/consultation-document-2,SOURCE_ANCHOR:UK-NICE-TEPEZZA-EXPECTED-DATE-TBC; SOURCE_ANCHOR:UK-NICE-TEPEZZA-IN-PROGRESS; SOURCE_ANCHOR:UK-NICE-TEPEZZA-PROVISIONAL-SCHEDULE; SOURCE_ANCHOR:UK-NICE-TEPEZZA-DRAFT-NOT-FINAL,Acquired and hash-verified source document (text/html; charset=utf-8) | Acquired and hash-verified source document (application/pdf),A1 public HTA body | A1 public HTA body—draft,Yes,support,Both exact source wordings and their non-harmonized interpretation are retained.,support,support,NA (no first-pass correction required),final_displayed_blind_support,source_anchors_v2.csv,"anchors=UK-NICE-TEPEZZA-EXPECTED-DATE-TBC,UK-NICE-TEPEZZA-IN-PROGRESS,UK-NICE-TEPEZZA-PROVISIONAL-SCHEDULE,UK-NICE-TEPEZZA-DRAFT-NOT-FINAL",d58a5c22ab79ea912bbf68c10314e3154da14f62eb39640eaa4c81331c2f3438,111,2026-09-10,2.0.0,"Within-agent blind QA pending; not independent validation. | Blind QA BLIND-0152 (BATCH-07): support; same coordinator, stance-hidden, not independent validation."
SOC-CONFLICT-JP-FCQ1,report_graves_ted_landscape_v2.md,report_graves_ted_landscape_v2.md::lines=76,1,Japan FCQ1의 MMI avoidance interval은 임신 5w0d–9w6d이다.,pregnancy_timing_guidance,Region- and source-defined population,NA (no comparator),SoC framework or source discrepancy,2026-09-10 data cut,Japan FCQ1의 MMI avoidance interval은 임신 5w0d–9w6d이다.,narrative status,741; 743,https://www.japanthyroid.jp/doctor/img/basedou_2019cq.pdf; https://www.japanthyroid.jp/doctor/abstract/abstract20.html,SOURCE_ANCHOR:JP-JTA2019-FCQ1; SOURCE_ANCHOR:JP-JTA2020-FCQ1-EXPLANATION,Acquired and hash-verified source document (application/pdf) | Acquired and hash-verified source document (text/html),A2 national society guideline | A2 society journal explanation,Yes,support,Both exact source wordings and their non-harmonized interpretation are retained.,support,support,NA (no first-pass correction required),final_displayed_blind_support,source_anchors_v2.csv,"anchors=JP-JTA2019-FCQ1,JP-JTA2020-FCQ1-EXPLANATION",d58a5c22ab79ea912bbf68c10314e3154da14f62eb39640eaa4c81331c2f3438,112,2026-09-10,2.0.0,"Within-agent blind QA pending; not independent validation. | Blind QA BLIND-0170 (BATCH-07): support; same coordinator, stance-hidden, not independent validation."
SOC-CONFLICT-JP-BCQ2,report_graves_ted_landscape_v2.md,report_graves_ted_landscape_v2.md::lines=77,1,Japan BCQ2의 broader first-choice exception은 임신 4w0d–15w6d이며 FCQ1 avoidance interval과 병합하지 않는다.,pregnancy_timing_guidance,Region- and source-defined population,NA (no comparator),SoC framework or source discrepancy,2026-09-10 data cut,Japan BCQ2의 broader first-choice exception은 임신 4w0d–15w6d이며 FCQ1 avoidance interval과 병합하지 않는다.,narrative status,741,https://www.japanthyroid.jp/doctor/img/basedou_2019cq.pdf,SOURCE_ANCHOR:JP-JTA2019-BCQ2,Acquired and hash-verified source document (application/pdf),A2 national society guideline,Yes,support,Both exact source wordings and their non-harmonized interpretation are retained.,support,support,NA (no first-pass correction required),final_displayed_blind_support,source_anchors_v2.csv,anchor=JP-JTA2019-BCQ2,d58a5c22ab79ea912bbf68c10314e3154da14f62eb39640eaa4c81331c2f3438,113,2026-09-10,2.0.0,"Within-agent blind QA pending; not independent validation. | Blind QA BLIND-0074 (BATCH-03): support; same coordinator, stance-hidden, not independent validation."
DIRECT-LCA-MECHANISM,report_graves_ted_landscape_v2.md,report_graves_ted_landscape_v2.md::lines=160,1,"LCA-0321은 anti-TSHR autoantibodies를 선택적으로 결합·제거하도록 설계된 LYTAC degrader이며, sponsor는 general immunosuppression 없이 driver 제거를 목표로 설명한다.",direct_program_mechanism_or_status,Source-defined GD/TED or Phase 1 population,NA (no comparator),"Mechanism, phase, status, or planned enrollment",2026-09-10 data cut,"LCA-0321은 anti-TSHR autoantibodies를 선택적으로 결합·제거하도록 설계된 LYTAC degrader이며, sponsor는 general immunosuppression 없이 driver 제거를 목표로 설명한다.",narrative,1,https://lyciatx.com/pipeline/programs/,DIRECT_ANCHOR:LCA0321-SPONSOR-IDENTITY-MECHANISM; DIRECT_ANCHOR:LCA0321-SPONSOR-DESIGN,Retrieved web-source document block,C1 sponsor primary,Yes,support,Sponsor-described intended mechanism; human selectivity and benefit remain unestablished.,support,support,NA (no first-pass correction required),final_displayed_blind_support,claim_evidence_anchors_v2.csv,DIRECT_ANCHOR:LCA0321-SPONSOR-IDENTITY-MECHANISM;DIRECT_ANCHOR:LCA0321-SPONSOR-DESIGN,99456c14392e492eb1f56d1aea3ad089dcfdc4eb0ce9ee5663b44d577a4ff600,114,2026-09-10,2.0.0,"Within-agent blind QA pending; not independent validation. | Blind QA BLIND-0160 (BATCH-07): support; same coordinator, stance-hidden, not independent validation."
DIRECT-LCA-PHASE-STATUS,report_graves_ted_landscape_v2.md,"report_graves_ted_landscape_v2.md::lines=14,161",2,"CTIS 2025-524053-14-00/LCA-0321-01은 Phase 1 first-in-human SAD/MAD이며 frozen cut에서 ongoing, recruiting이었다.",direct_program_mechanism_or_status,Source-defined GD/TED or Phase 1 population,NA (no comparator),"Mechanism, phase, status, or planned enrollment",2026-09-10 data cut,"CTIS 2025-524053-14-00/LCA-0321-01은 Phase 1 first-in-human SAD/MAD이며 frozen cut에서 ongoing, recruiting이었다.",narrative,2,https://ctis.eu/trial/2025-524053-14-00,DIRECT_ANCHOR:LCA0321-CTIS-PHASE-STATUS; DIRECT_ANCHOR:LCA0321-CTIS-SAD-MAD-TITLE,Retrieved registry document block,A1 official registry,Yes,support,Official registry supports phase/design/status only; no efficacy result is posted.,support,support,NA (no first-pass correction required),final_displayed_blind_support,claim_evidence_anchors_v2.csv,DIRECT_ANCHOR:LCA0321-CTIS-PHASE-STATUS;DIRECT_ANCHOR:LCA0321-CTIS-SAD-MAD-TITLE,99456c14392e492eb1f56d1aea3ad089dcfdc4eb0ce9ee5663b44d577a4ff600,115,2026-09-10,2.0.0,"Within-agent blind QA pending; not independent validation. | Blind QA BLIND-0130 (BATCH-06): support; same coordinator, stance-hidden, not independent validation."
DIRECT-LCA-PLANNED-N,report_graves_ted_landscape_v2.md,report_graves_ted_landscape_v2.md::lines=162,1,LCA-0321 Phase 1의 planned enrollment는 48명이며 analyzed N으로 대체할 수 없다.,direct_program_mechanism_or_status,Source-defined GD/TED or Phase 1 population,NA (no comparator),"Mechanism, phase, status, or planned enrollment",2026-09-10 data cut,LCA-0321 Phase 1의 planned enrollment는 48명이며 analyzed N으로 대체할 수 없다.,narrative,2,https://ctis.eu/trial/2025-524053-14-00,DIRECT_ANCHOR:LCA0321-CTIS-PLANNED-N,Retrieved registry document block,A1 official registry,Yes,support,"Planned enrollment is not enrolled, randomized, or analyzed N.",support,support,NA (no first-pass correction required),final_displayed_blind_support,claim_evidence_anchors_v2.csv,DIRECT_ANCHOR:LCA0321-CTIS-PLANNED-N,99456c14392e492eb1f56d1aea3ad089dcfdc4eb0ce9ee5663b44d577a4ff600,116,2026-09-10,2.0.0,"Within-agent blind QA pending; not independent validation. | Blind QA BLIND-0055 (BATCH-03): support; same coordinator, stance-hidden, not independent validation."
DIRECT-MER-MECHANISM,report_graves_ted_landscape_v2.md,report_graves_ted_landscape_v2.md::lines=167,1,MER511은 anti-TSHR autoantibodies를 neutralize/clear하고 antigen-specific B-cell function을 억제하도록 설계된 TSHR-IgG Fc fusion precision biologic이다.,direct_program_mechanism_or_status,Source-defined GD/TED or Phase 1 population,NA (no comparator),"Mechanism, phase, status, or planned enrollment",2026-09-10 data cut,MER511은 anti-TSHR autoantibodies를 neutralize/clear하고 antigen-specific B-cell function을 억제하도록 설계된 TSHR-IgG Fc fusion precision biologic이다.,narrative,6; 8,https://meridabio.com/pipeline-programs/; https://doi.org/10.1210/jendso/bvaf149.2238,DIRECT_ANCHOR:MER511-SPONSOR-PRECISION-DESIGN; DIRECT_ANCHOR:MER511-OR31-CONSTRUCT; DIRECT_ANCHOR:MER511-OR31-AAB-B-CELL-MECHANISM,Retrieved web-source document block | Retrieved abstract document block,C1 sponsor primary | B2 conference abstract,Yes,support,Sponsor and congress-abstract preclinical evidence; no human efficacy inference.,support,support,NA (no first-pass correction required),final_displayed_blind_support,claim_evidence_anchors_v2.csv,DIRECT_ANCHOR:MER511-SPONSOR-PRECISION-DESIGN;DIRECT_ANCHOR:MER511-OR31-CONSTRUCT;DIRECT_ANCHOR:MER511-OR31-AAB-B-CELL-MECHANISM,99456c14392e492eb1f56d1aea3ad089dcfdc4eb0ce9ee5663b44d577a4ff600,117,2026-09-10,2.0.0,"Within-agent blind QA pending; not independent validation. | Blind QA BLIND-0002 (BATCH-01): support; same coordinator, stance-hidden, not independent validation."
DIRECT-MER-PHASE-STATUS,report_graves_ted_landscape_v2.md,"report_graves_ted_landscape_v2.md::lines=15,168",2,NEXUS NCT07305818은 18–55세 adult GD에서 IV/SC MER511 SAD/MAD를 평가하는 placebo-controlled Phase 1 first-in-human study이며 frozen cut에서 recruiting이었다.,direct_program_mechanism_or_status,Source-defined GD/TED or Phase 1 population,NA (no comparator),"Mechanism, phase, status, or planned enrollment",2026-09-10 data cut,NEXUS NCT07305818은 18–55세 adult GD에서 IV/SC MER511 SAD/MAD를 평가하는 placebo-controlled Phase 1 first-in-human study이며 frozen cut에서 recruiting이었다.,narrative,7; 898,https://clinicaltrials.gov/study/NCT07305818,DIRECT_ANCHOR:MER511-NEXUS-OFFICIAL-TITLE; DIRECT_ANCHOR:MER511-NEXUS-RECRUITING; DIRECT_ANCHOR:MER511-NEXUS-ROUTES-PURPOSE; DIRECT_ANCHOR:MER511-NEXUS-AGE-PKPD,Retrieved registry document block | Frozen full protocol record; no posted results at data cut,A1 official registry,Yes,support,Protocol population and status only; no posted efficacy result.,support,support,NA (no first-pass correction required),final_displayed_blind_support,claim_evidence_anchors_v2.csv,DIRECT_ANCHOR:MER511-NEXUS-OFFICIAL-TITLE;DIRECT_ANCHOR:MER511-NEXUS-RECRUITING;DIRECT_ANCHOR:MER511-NEXUS-ROUTES-PURPOSE;DIRECT_ANCHOR:MER511-NEXUS-AGE-PKPD,99456c14392e492eb1f56d1aea3ad089dcfdc4eb0ce9ee5663b44d577a4ff600,118,2026-09-10,2.0.0,"Within-agent blind QA pending; not independent validation. | Blind QA BLIND-0149 (BATCH-06): support; same coordinator, stance-hidden, not independent validation."
DIRECT-MER-TSH-SPARING,report_graves_ted_landscape_v2.md,report_graves_ted_landscape_v2.md::lines=169,1,"MER511의 TSH non-binding, TSH-signaling preservation 및 total-IgG sparing은 sponsor/preclinical claim이며 사람에서 검증되지 않았다.",direct_program_mechanism_or_status,Source-defined GD/TED or Phase 1 population,NA (no comparator),"Mechanism, phase, status, or planned enrollment",2026-09-10 data cut,"MER511의 TSH non-binding, TSH-signaling preservation 및 total-IgG sparing은 sponsor/preclinical claim이며 사람에서 검증되지 않았다.",narrative,6; 8,https://meridabio.com/pipeline-programs/; https://doi.org/10.1210/jendso/bvaf149.2238,DIRECT_ANCHOR:MER511-SPONSOR-TSH-SPARING-HYPOTHESIS; DIRECT_ANCHOR:MER511-OR31-TSH-SIGNALING; DIRECT_ANCHOR:MER511-OR31-SELECTIVE-DEPLETION-MOUSE,Retrieved web-source document block | Retrieved abstract document block,C1 sponsor primary | B2 conference abstract,Yes,support,Explicitly bounded to sponsor/preclinical evidence; human proof is absent.,support,support,NA (no first-pass correction required),final_displayed_blind_support,claim_evidence_anchors_v2.csv,DIRECT_ANCHOR:MER511-SPONSOR-TSH-SPARING-HYPOTHESIS;DIRECT_ANCHOR:MER511-OR31-TSH-SIGNALING;DIRECT_ANCHOR:MER511-OR31-SELECTIVE-DEPLETION-MOUSE,99456c14392e492eb1f56d1aea3ad089dcfdc4eb0ce9ee5663b44d577a4ff600,119,2026-09-10,2.0.0,"Within-agent blind QA pending; not independent validation. | Blind QA BLIND-0115 (BATCH-05): support; same coordinator, stance-hidden, not independent validation."
DIRECT-LCA-EVIDENCE-BOUNDARY,report_graves_ted_landscape_v2.md,report_graves_ted_landscape_v2.md::lines=163,1,"Frozen evidence package에는 LCA-0321의 human efficacy, immunogenicity, autoantibody rebound, normal TSH physiology preservation, TED–biochemical concordance 또는 off-treatment durability를 확립한 human result가 포함되지 않았다.",direct_program_mechanism_or_status,Source-defined GD/TED or Phase 1 population,NA (no comparator),"Mechanism, phase, status, or planned enrollment",2026-09-10 data cut,"Frozen evidence package에는 LCA-0321의 human efficacy, immunogenicity, autoantibody rebound, normal TSH physiology preservation, TED–biochemical concordance 또는 off-treatment durability를 확립한 human result가 포함되지 않았다.",narrative,1; 2,https://lyciatx.com/pipeline/programs/; https://ctis.eu/trial/2025-524053-14-00,DIRECT_ANCHOR:LCA0321-SPONSOR-DESIGN; DIRECT_ANCHOR:LCA0321-CTIS-PHASE-STATUS; DIRECT_ANCHOR:LCA0321-CTIS-SAD-MAD-TITLE,Retrieved web-source document block | Retrieved registry document block,C1 sponsor primary | A1 official registry,Yes,support,"Bounded negative inventory statement: the recovered sponsor/CTIS evidence describes intended mechanism and an ongoing first-in-human protocol, not posted human outcomes.",support,support,NA (no first-pass correction required),final_displayed_blind_support,claim_evidence_anchors_v2.csv,DIRECT_ANCHOR:LCA0321-SPONSOR-DESIGN;DIRECT_ANCHOR:LCA0321-CTIS-PHASE-STATUS;DIRECT_ANCHOR:LCA0321-CTIS-SAD-MAD-TITLE,99456c14392e492eb1f56d1aea3ad089dcfdc4eb0ce9ee5663b44d577a4ff600,120,2026-09-10,2.0.0,"Within-agent blind QA pending; not independent validation. | Blind QA BLIND-0087 (BATCH-04): support; same coordinator, stance-hidden, not independent validation."
DIRECT-MER-EVIDENCE-BOUNDARY,report_graves_ted_landscape_v2.md,report_graves_ted_landscape_v2.md::lines=170,1,"NEXUS protocol objectives는 safety, tolerability, PK, PD, immunogenicity이며 frozen registry record에는 posted results가 없다; clinical efficacy와 durable remission은 미확정이다.",direct_program_mechanism_or_status,Source-defined GD/TED or Phase 1 population,NA (no comparator),"Mechanism, phase, status, or planned enrollment",2026-09-10 data cut,"NEXUS protocol objectives는 safety, tolerability, PK, PD, immunogenicity이며 frozen registry record에는 posted results가 없다; clinical efficacy와 durable remission은 미확정이다.",narrative,7; 898,https://clinicaltrials.gov/study/NCT07305818,DIRECT_ANCHOR:MER511-NEXUS-AGE-PKPD; DIRECT_ANCHOR:MER511-NEXUS-RECRUITING; CANONICAL:clinical_trials_v2.csv::trial_id=NCT07305818;has_posted_results=No,Retrieved registry document block | Frozen full protocol record; no posted results at data cut,A1 official registry,Yes,support,Official protocol objectives and the frozen registry result flag support this bounded evidence-status statement; absence is limited to the frozen package.,support,support,NA (no first-pass correction required),final_displayed_blind_support,claim_evidence_anchors_v2.csv,DIRECT_ANCHOR:MER511-NEXUS-AGE-PKPD;DIRECT_ANCHOR:MER511-NEXUS-RECRUITING;CANONICAL:clinical_trials_v2.csv::trial_id=NCT07305818;has_posted_results=No,99456c14392e492eb1f56d1aea3ad089dcfdc4eb0ce9ee5663b44d577a4ff600,121,2026-09-10,2.0.0,"Within-agent blind QA pending; not independent validation. | Blind QA BLIND-0023 (BATCH-01): support; same coordinator, stance-hidden, not independent validation."
DIRECT-OTHER-01,report_graves_ted_landscape_v2.md,report_graves_ted_landscape_v2.md::lines=176,1,GenSci098 / YB-101: target=TSHR; highest_stage=Phase 2; status=Active development; trial_ids=NCT06569758; NCT07286656; NCT07682896.,direct_program_inventory_status,GD,NA (no comparator),"target, stage, status, and trial linkage",2026-09-10 data cut,Phase 2 | Active development,status,541; 870; 897; 915,http://static.cninfo.com.cn/finalpage/2026-01-16/1224935532.PDF; https://clinicaltrials.gov/study/NCT06569758; https://clinicaltrials.gov/study/NCT07286656; https://clinicaltrials.gov/study/NCT07682896,"CANONICAL:pipeline_assets_v2.csv::asset=GenSci098 / YB-101;fields=target,highest_stage,status,trial_ids",Retrieved filing document block | Frozen full protocol record; no posted results at data cut,C1 corporate primary | A1 official registry,Yes,support,Canonical asset row is linked to its numeric sponsor/publication and frozen registry source IDs; no efficacy ranking is inferred.,support,support,NA (no first-pass correction required),final_displayed_blind_support,pipeline_assets_v2.csv,asset=GenSci098 / YB-101,8c7c250395850cd9588704eeecfc7680e6c54af4a3f247747aed174ffeb40c91,122,2026-09-10,2.0.0,"Within-agent blind QA pending; not independent validation. | Blind QA BLIND-0143 (BATCH-06): support; same coordinator, stance-hidden, not independent validation."
DIRECT-OTHER-02,report_graves_ted_landscape_v2.md,report_graves_ted_landscape_v2.md::lines=177,1,K1-70: target=TSHR; highest_stage=Phase 1; status=Early clinical; trial_ids=NCT02904330; Japanese Phase 1 publication.,direct_program_inventory_status,GD; TED,NA (no comparator),"target, stage, status, and trial linkage",2026-09-10 data cut,Phase 1 | Early clinical,status,164; 799,https://doi.org/10.1507/endocrj.ej25-0043; https://clinicaltrials.gov/study/NCT02904330,"CANONICAL:pipeline_assets_v2.csv::asset=K1-70;fields=target,highest_stage,status,trial_ids",Structured metadata and abstract | Frozen full protocol record; no posted results at data cut,B0 scholarly discovery metadata; claim-level appraisal required | A1 official registry,Yes,support,Canonical asset row is linked to its numeric sponsor/publication and frozen registry source IDs; no efficacy ranking is inferred.,support,support,NA (no first-pass correction required),final_displayed_blind_support,pipeline_assets_v2.csv,asset=K1-70,8c7c250395850cd9588704eeecfc7680e6c54af4a3f247747aed174ffeb40c91,123,2026-09-10,2.0.0,"Within-agent blind QA pending; not independent validation. | Blind QA BLIND-0073 (BATCH-03): support; same coordinator, stance-hidden, not independent validation."
DIRECT-OTHER-03,report_graves_ted_landscape_v2.md,report_graves_ted_landscape_v2.md::lines=178,1,ATX-GD-59: target=TSHR-reactive T cells; highest_stage=Phase 1 completed; status=Completed; follow-on WP1302 suspended; trial_ids=NCT02973802; NCT06240455.,direct_program_inventory_status,GD,NA (no comparator),"target, stage, status, and trial linkage",2026-09-10 data cut,Phase 1 completed | Completed; follow-on WP1302 suspended,status,253; 800; 854,https://doi.org/10.1089/thy.2019.0036; https://clinicaltrials.gov/study/NCT02973802; https://clinicaltrials.gov/study/NCT06240455,"CANONICAL:pipeline_assets_v2.csv::asset=ATX-GD-59;fields=target,highest_stage,status,trial_ids",Structured metadata and abstract | Frozen full protocol and posted-results record | Frozen full protocol record; no posted results at data cut,B0 scholarly discovery metadata; claim-level appraisal required | A1 official registry,Yes,support,Canonical asset row is linked to its numeric sponsor/publication and frozen registry source IDs; no efficacy ranking is inferred.,support,support,NA (no first-pass correction required),final_displayed_blind_support,pipeline_assets_v2.csv,asset=ATX-GD-59,8c7c250395850cd9588704eeecfc7680e6c54af4a3f247747aed174ffeb40c91,124,2026-09-10,2.0.0,"Within-agent blind QA pending; not independent validation. | Blind QA BLIND-0166 (BATCH-07): support; same coordinator, stance-hidden, not independent validation."
DIRECT-OTHER-04,report_graves_ted_landscape_v2.md,report_graves_ted_landscape_v2.md::lines=179,1,IBI3031: target=IGF-1R and TSHR; highest_stage=Phase 1; status=Recruiting/early; trial_ids=NCT07622368.,direct_program_inventory_status,TED,NA (no comparator),"target, stage, status, and trial linkage",2026-09-10 data cut,Phase 1 | Recruiting/early,status,619; 913,https://clinicaltrials.gov/api/v2/studies/NCT07622368; https://clinicaltrials.gov/study/NCT07622368,"CANONICAL:pipeline_assets_v2.csv::asset=IBI3031;fields=target,highest_stage,status,trial_ids",Retrieved official JSON API record | Frozen full protocol record; no posted results at data cut,A1 official registry,Yes,support,Canonical asset row is linked to its numeric sponsor/publication and frozen registry source IDs; no efficacy ranking is inferred.,support,support,NA (no first-pass correction required),final_displayed_blind_support,pipeline_assets_v2.csv,asset=IBI3031,8c7c250395850cd9588704eeecfc7680e6c54af4a3f247747aed174ffeb40c91,125,2026-09-10,2.0.0,"Within-agent blind QA pending; not independent validation. | Blind QA BLIND-0179 (BATCH-08): support; same coordinator, stance-hidden, not independent validation."
DIRECT-OTHER-05,report_graves_ted_landscape_v2.md,report_graves_ted_landscape_v2.md::lines=180,1,WP1302: target=TSHR-reactive T cells; highest_stage=Highest registered phase: PHASE2; status=Registered statuses: SUSPENDED; trial_ids=NCT06240455.,direct_program_inventory_status,GD / autoimmune hyperthyroidism,NA (no comparator),"target, stage, status, and trial linkage",2026-09-10 data cut,Highest registered phase: PHASE2 | Registered statuses: SUSPENDED,status,854,https://clinicaltrials.gov/study/NCT06240455,"CANONICAL:pipeline_assets_v2.csv::asset=WP1302;fields=target,highest_stage,status,trial_ids",Frozen full protocol record; no posted results at data cut,A1 official registry,Yes,support,Canonical asset row is linked to its numeric sponsor/publication and frozen registry source IDs; no efficacy ranking is inferred.,support,support,NA (no first-pass correction required),final_displayed_blind_support,pipeline_assets_v2.csv,asset=WP1302,8c7c250395850cd9588704eeecfc7680e6c54af4a3f247747aed174ffeb40c91,126,2026-09-10,2.0.0,"Within-agent blind QA pending; not independent validation. | Blind QA BLIND-0084 (BATCH-04): support; same coordinator, stance-hidden, not independent validation."
ASSET-001,report_graves_ted_landscape_v2.md,report_graves_ted_landscape_v2.md::lines=204,1,Aflibercept: indication=Active TED; target=VEGF-A/PlGF; highest_stage=Highest registered phase: PHASE2; status=Registered statuses: COMPLETED; tier=Completeness; evidence_confidence=Low (registry-level completeness row; not an efficacy judgment).,complete_asset_inventory_row,Active TED,NA (no comparator),"asset identity, indication, target, stage, status, tier, and evidence confidence",2026-09-10 data cut,Highest registered phase: PHASE2 | Registered statuses: COMPLETED | Low (registry-level completeness row; not an efficacy judgment),structured inventory fields,815,https://clinicaltrials.gov/study/NCT04311606,CANONICAL:pipeline_assets_v2.csv::asset=Aflibercept;row_sha256=df1472ba035cb948f596978d4dc361b709494a33b03077f4516133906cd3ecb0,Frozen full protocol record; no posted results at data cut,A1 official registry,Yes,support,"Structured row is rendered directly from the canonical asset table; R&D tier/confidence are analytic fields, not clinical success probabilities.",support,support,NA (no first-pass correction required),final_displayed_blind_support,pipeline_assets_v2.csv,asset=Aflibercept,8c7c250395850cd9588704eeecfc7680e6c54af4a3f247747aed174ffeb40c91,127,2026-09-10,2.0.0,"Within-agent blind QA pending; not independent validation. | Blind QA BLIND-0168 (BATCH-07): support; same coordinator, stance-hidden, not independent validation."
ASSET-002,report_graves_ted_landscape_v2.md,report_graves_ted_landscape_v2.md::lines=205,1,Allogeneic CD19/BCMA CAR-T: indication=GD / autoimmune hyperthyroidism; target=CD19/BCMA; highest_stage=Highest registered phase: EARLY_PHASE1; status=Registered statuses: RECRUITING; tier=Completeness; evidence_confidence=Low (registry-level completeness row; not an efficacy judgment).,complete_asset_inventory_row,GD / autoimmune hyperthyroidism,NA (no comparator),"asset identity, indication, target, stage, status, tier, and evidence confidence",2026-09-10 data cut,Highest registered phase: EARLY_PHASE1 | Registered statuses: RECRUITING | Low (registry-level completeness row; not an efficacy judgment),structured inventory fields,884; 893,https://clinicaltrials.gov/study/NCT07129642; https://clinicaltrials.gov/study/NCT07261345,CANONICAL:pipeline_assets_v2.csv::asset=Allogeneic CD19/BCMA CAR-T;row_sha256=c880f030057d4251c8b04e09d59031ae74bd6a7f196117714ad3a107abae1da0,Frozen full protocol record; no posted results at data cut,A1 official registry,Yes,support,"Structured row is rendered directly from the canonical asset table; R&D tier/confidence are analytic fields, not clinical success probabilities.",support,support,NA (no first-pass correction required),final_displayed_blind_support,pipeline_assets_v2.csv,asset=Allogeneic CD19/BCMA CAR-T,8c7c250395850cd9588704eeecfc7680e6c54af4a3f247747aed174ffeb40c91,128,2026-09-10,2.0.0,"Within-agent blind QA pending; not independent validation. | Blind QA BLIND-0075 (BATCH-03): support; same coordinator, stance-hidden, not independent validation."
ASSET-003,report_graves_ted_landscape_v2.md,report_graves_ted_landscape_v2.md::lines=206,1,AMG 732: indication=TED; target=IGF-1R; highest_stage=Phase 2; status=Active; tier=Comparator; evidence_confidence=Low.,complete_asset_inventory_row,TED,NA (no comparator),"asset identity, indication, target, stage, status, tier, and evidence confidence",2026-09-10 data cut,Phase 2 | Active | Low,structured inventory fields,862; 903,https://clinicaltrials.gov/study/NCT06401044; https://clinicaltrials.gov/study/NCT07438405,CANONICAL:pipeline_assets_v2.csv::asset=AMG 732;row_sha256=6addc9644414ce322c1e98c0d98074d56a7bb15721410a3775c44b4ae297aa12,Frozen full protocol record; no posted results at data cut,A1 official registry,Yes,support,"Structured row is rendered directly from the canonical asset table; R&D tier/confidence are analytic fields, not clinical success probabilities.",support,support,NA (no first-pass correction required),final_displayed_blind_support,pipeline_assets_v2.csv,asset=AMG 732,8c7c250395850cd9588704eeecfc7680e6c54af4a3f247747aed174ffeb40c91,129,2026-09-10,2.0.0,"Within-agent blind QA pending; not independent validation. | Blind QA BLIND-0147 (BATCH-06): support; same coordinator, stance-hidden, not independent validation."
ASSET-004,report_graves_ted_landscape_v2.md,report_graves_ted_landscape_v2.md::lines=207,1,ATX-GD-59: indication=GD; target=TSHR-reactive T cells; highest_stage=Phase 1 completed; status=Completed; follow-on WP1302 suspended; tier=Core; evidence_confidence=Low–moderate.,complete_asset_inventory_row,GD,NA (no comparator),"asset identity, indication, target, stage, status, tier, and evidence confidence",2026-09-10 data cut,Phase 1 completed | Completed; follow-on WP1302 suspended | Low–moderate,structured inventory fields,253; 800; 854,https://doi.org/10.1089/thy.2019.0036; https://clinicaltrials.gov/study/NCT02973802; https://clinicaltrials.gov/study/NCT06240455,CANONICAL:pipeline_assets_v2.csv::asset=ATX-GD-59;row_sha256=64ab0627a0f3ef5580db9641dfd43542ef53d02f89993e2e6a3b82f82e73052b,Structured metadata and abstract | Frozen full protocol and posted-results record | Frozen full protocol record; no posted results at data cut,B0 scholarly discovery metadata; claim-level appraisal required | A1 official registry,Yes,support,"Structured row is rendered directly from the canonical asset table; R&D tier/confidence are analytic fields, not clinical success probabilities.",support,support,NA (no first-pass correction required),final_displayed_blind_support,pipeline_assets_v2.csv,asset=ATX-GD-59,8c7c250395850cd9588704eeecfc7680e6c54af4a3f247747aed174ffeb40c91,130,2026-09-10,2.0.0,"Within-agent blind QA pending; not independent validation. | Blind QA BLIND-0164 (BATCH-07): support; same coordinator, stance-hidden, not independent validation."
ASSET-005,report_graves_ted_landscape_v2.md,report_graves_ted_landscape_v2.md::lines=208,1,Batoclimab: indication=GD; TED; target=FcRn; highest_stage=Phase 2; status=Completed/earlier program interrupted; tier=Adjacent; evidence_confidence=Moderate.,complete_asset_inventory_row,GD; TED,NA (no comparator),"asset identity, indication, target, stage, status, tier, and evidence confidence",2026-09-10 data cut,Phase 2 | Completed/earlier program interrupted | Moderate,structured inventory fields,683; 812; 813; 824; 836; 837; 838; 843,https://doi.org/10.1210/jendso/bvaf149.2241; https://clinicaltrials.gov/study/NCT03922321; https://clinicaltrials.gov/study/NCT03938545; https://clinicaltrials.gov/study/NCT05015127; https://clinicaltrials.gov/study/NCT05517421; https://clinicaltrials.gov/study/NCT05517447; https://clinicaltrials.gov/study/NCT05524571; https://clinicaltrials.gov/study/NCT05907668,CANONICAL:pipeline_assets_v2.csv::asset=Batoclimab;row_sha256=5af2caa9f1531c3dae999b5bf4dee6db8fb1599192a11458f0cfd00faf6c2dba,Structured metadata and abstract | Frozen full protocol and posted-results record | Frozen full protocol record; no posted results at data cut,B0 scholarly discovery metadata; claim-level appraisal required | A1 official registry,Yes,support,"Structured row is rendered directly from the canonical asset table; R&D tier/confidence are analytic fields, not clinical success probabilities.",support,support,NA (no first-pass correction required),final_displayed_blind_support,pipeline_assets_v2.csv,asset=Batoclimab,8c7c250395850cd9588704eeecfc7680e6c54af4a3f247747aed174ffeb40c91,131,2026-09-10,2.0.0,"Within-agent blind QA pending; not independent validation. | Blind QA BLIND-0113 (BATCH-05): support; same coordinator, stance-hidden, not independent validation."
ASSET-006,report_graves_ted_landscape_v2.md,report_graves_ted_landscape_v2.md::lines=209,1,BHV-1300: indication=GD / autoimmune hyperthyroidism; target=IgG/extracellular degradation pathway; highest_stage=Highest registered phase: PHASE3; status=Registered statuses: RECRUITING; tier=Completeness; evidence_confidence=Low (registry-level completeness row; not an efficacy judgment).,complete_asset_inventory_row,GD / autoimmune hyperthyroidism,NA (no comparator),"asset identity, indication, target, stage, status, tier, and evidence confidence",2026-09-10 data cut,Highest registered phase: PHASE3 | Registered statuses: RECRUITING | Low (registry-level completeness row; not an efficacy judgment),structured inventory fields,879; 914,https://clinicaltrials.gov/study/NCT06980649; https://clinicaltrials.gov/study/NCT07661056,CANONICAL:pipeline_assets_v2.csv::asset=BHV-1300;row_sha256=a1b7d1a81935a96a122ed0875220172305bb41bdafb966341db684e92bc2beb9,Frozen full protocol record; no posted results at data cut,A1 official registry,Yes,support,"Structured row is rendered directly from the canonical asset table; R&D tier/confidence are analytic fields, not clinical success probabilities.",support,support,NA (no first-pass correction required),final_displayed_blind_support,pipeline_assets_v2.csv,asset=BHV-1300,8c7c250395850cd9588704eeecfc7680e6c54af4a3f247747aed174ffeb40c91,132,2026-09-10,2.0.0,"Within-agent blind QA pending; not independent validation. | Blind QA BLIND-0135 (BATCH-06): support; same coordinator, stance-hidden, not independent validation."
ASSET-007,report_graves_ted_landscape_v2.md,report_graves_ted_landscape_v2.md::lines=210,1,Celecoxib: indication=Active TED; target=COX-2; highest_stage=Highest registered phase: PHASE2; status=Registered statuses: TERMINATED; tier=Completeness; evidence_confidence=Low (registry-level completeness row; not an efficacy judgment).,complete_asset_inventory_row,Active TED,NA (no comparator),"asset identity, indication, target, stage, status, tier, and evidence confidence",2026-09-10 data cut,Highest registered phase: PHASE2 | Registered statuses: TERMINATED | Low (registry-level completeness row; not an efficacy judgment),structured inventory fields,798,https://clinicaltrials.gov/study/NCT02845336,CANONICAL:pipeline_assets_v2.csv::asset=Celecoxib;row_sha256=bcb960c69c6ef55a7c81d83446576491e231486826994306dec66dd208b17afd,Frozen full protocol and posted-results record,A1 official registry,Yes,support,"Structured row is rendered directly from the canonical asset table; R&D tier/confidence are analytic fields, not clinical success probabilities.",support,support,NA (no first-pass correction required),final_displayed_blind_support,pipeline_assets_v2.csv,asset=Celecoxib,8c7c250395850cd9588704eeecfc7680e6c54af4a3f247747aed174ffeb40c91,133,2026-09-10,2.0.0,"Within-agent blind QA pending; not independent validation. | Blind QA BLIND-0181 (BATCH-08): support; same coordinator, stance-hidden, not independent validation."
ASSET-008,report_graves_ted_landscape_v2.md,report_graves_ted_landscape_v2.md::lines=211,1,Cizutamig (CND106): indication=Autoantibody-mediated disease; relevance to GD/TED; target=BCMA×CD3; highest_stage=Phase 1; status=Early clinical; tier=Adjacent; evidence_confidence=Low.,complete_asset_inventory_row,Autoantibody-mediated disease; relevance to GD/TED,NA (no comparator),"asset identity, indication, target, stage, status, tier, and evidence confidence",2026-09-10 data cut,Phase 1 | Early clinical | Low,structured inventory fields,564; 645; 909,https://www.ucb.com/newsroom/press-releases/article/ucb-to-acquire-candid-therapeutics-building-upon-its-existing-immunology-pipeline-with-novel-t-cell-engagers; https://www.ucb.com/newsroom/press-releases/article/ucb-completes-acquisition-of-candid-therapeutics-strengthening-next-generation-immunology-pipeline; https://clinicaltrials.gov/study/NCT07597200,CANONICAL:pipeline_assets_v2.csv::asset=Cizutamig (CND106);row_sha256=968534098754e91f6f5b9a7644fdef6c3f4ead8dfd94918d7212059669aa823c,Retrieved web-source document block | Frozen full protocol record; no posted results at data cut,C1 sponsor primary | A1 official registry,Yes,support,"Structured row is rendered directly from the canonical asset table; R&D tier/confidence are analytic fields, not clinical success probabilities.",support,support,NA (no first-pass correction required),final_displayed_blind_support,pipeline_assets_v2.csv,asset=Cizutamig (CND106),8c7c250395850cd9588704eeecfc7680e6c54af4a3f247747aed174ffeb40c91,134,2026-09-10,2.0.0,"Within-agent blind QA pending; not independent validation. | Blind QA BLIND-0105 (BATCH-05): support; same coordinator, stance-hidden, not independent validation."
ASSET-009,report_graves_ted_landscape_v2.md,report_graves_ted_landscape_v2.md::lines=212,1,Efgartigimod PH20 SC: indication=Active moderate-to-severe TED; GD / autoimmune hyperthyroidism; target=FcRn; highest_stage=Highest registered phase: PHASE3; status=Registered statuses: TERMINATED; RECRUITING; tier=Completeness; evidence_confidence=Low (registry-level completeness row; not an efficacy judgment).,complete_asset_inventory_row,Active moderate-to-severe TED; GD / autoimmune hyperthyroidism,NA (no comparator),"asset identity, indication, target, stage, status, tier, and evidence confidence",2026-09-10 data cut,Highest registered phase: PHASE3 | Registered statuses: TERMINATED; RECRUITING | Low (registry-level completeness row; not an efficacy judgment),structured inventory fields,857; 858; 906; 908,https://clinicaltrials.gov/study/NCT06307613; https://clinicaltrials.gov/study/NCT06307626; https://clinicaltrials.gov/study/NCT07570316; https://clinicaltrials.gov/study/NCT07596849,CANONICAL:pipeline_assets_v2.csv::asset=Efgartigimod PH20 SC;row_sha256=bf8fec70369352e74fd5a3601cab61988ddfe6c9a3dade8c06c921021a90c494,Frozen full protocol record; no posted results at data cut,A1 official registry,Yes,support,"Structured row is rendered directly from the canonical asset table; R&D tier/confidence are analytic fields, not clinical success probabilities.",support,support,NA (no first-pass correction required),final_displayed_blind_support,pipeline_assets_v2.csv,asset=Efgartigimod PH20 SC,8c7c250395850cd9588704eeecfc7680e6c54af4a3f247747aed174ffeb40c91,135,2026-09-10,2.0.0,"Within-agent blind QA pending; not independent validation. | Blind QA BLIND-0144 (BATCH-06): support; same coordinator, stance-hidden, not independent validation."
ASSET-010,report_graves_ted_landscape_v2.md,report_graves_ted_landscape_v2.md::lines=213,1,Felzartamab: indication=GD / autoimmune hyperthyroidism; target=CD38; highest_stage=Highest registered phase: PHASE2; status=Registered statuses: RECRUITING; tier=Completeness; evidence_confidence=Low (registry-level completeness row; not an efficacy judgment).,complete_asset_inventory_row,GD / autoimmune hyperthyroidism,NA (no comparator),"asset identity, indication, target, stage, status, tier, and evidence confidence",2026-09-10 data cut,Highest registered phase: PHASE2 | Registered statuses: RECRUITING | Low (registry-level completeness row; not an efficacy judgment),structured inventory fields,918,https://clinicaltrials.gov/study/NCT07722546,CANONICAL:pipeline_assets_v2.csv::asset=Felzartamab;row_sha256=61edf6dd6c911afb98ef12c747fd9c7f13cbf523f6c6213ec752c8fe525d17d8,Frozen full protocol record; no posted results at data cut,A1 official registry,Yes,support,"Structured row is rendered directly from the canonical asset table; R&D tier/confidence are analytic fields, not clinical success probabilities.",support,support,NA (no first-pass correction required),final_displayed_blind_support,pipeline_assets_v2.csv,asset=Felzartamab,8c7c250395850cd9588704eeecfc7680e6c54af4a3f247747aed174ffeb40c91,136,2026-09-10,2.0.0,"Within-agent blind QA pending; not independent validation. | Blind QA BLIND-0011 (BATCH-01): support; same coordinator, stance-hidden, not independent validation."
ASSET-011,report_graves_ted_landscape_v2.md,report_graves_ted_landscape_v2.md::lines=214,1,GenSci098 / YB-101: indication=GD; target=TSHR; highest_stage=Phase 2; status=Active development; tier=Core; evidence_confidence=Moderate.,complete_asset_inventory_row,GD,NA (no comparator),"asset identity, indication, target, stage, status, tier, and evidence confidence",2026-09-10 data cut,Phase 2 | Active development | Moderate,structured inventory fields,541; 870; 897; 915,http://static.cninfo.com.cn/finalpage/2026-01-16/1224935532.PDF; https://clinicaltrials.gov/study/NCT06569758; https://clinicaltrials.gov/study/NCT07286656; https://clinicaltrials.gov/study/NCT07682896,CANONICAL:pipeline_assets_v2.csv::asset=GenSci098 / YB-101;row_sha256=15084e27f6c75fa8ee24ae640744609c3a91e46bf44de578cf7803acc53a8fe7,Retrieved filing document block | Frozen full protocol record; no posted results at data cut,C1 corporate primary | A1 official registry,Yes,support,"Structured row is rendered directly from the canonical asset table; R&D tier/confidence are analytic fields, not clinical success probabilities.",support,support,NA (no first-pass correction required),final_displayed_blind_support,pipeline_assets_v2.csv,asset=GenSci098 / YB-101,8c7c250395850cd9588704eeecfc7680e6c54af4a3f247747aed174ffeb40c91,137,2026-09-10,2.0.0,"Within-agent blind QA pending; not independent validation. | Blind QA BLIND-0034 (BATCH-02): support; same coordinator, stance-hidden, not independent validation."
ASSET-012,report_graves_ted_landscape_v2.md,report_graves_ted_landscape_v2.md::lines=215,1,HN2301 in-vivo CAR-T: indication=GD / autoimmune hyperthyroidism; target=CD19/BCMA; highest_stage=Highest registered phase: EARLY_PHASE1; status=Registered statuses: RECRUITING; tier=Completeness; evidence_confidence=Low (registry-level completeness row; not an efficacy judgment).,complete_asset_inventory_row,GD / autoimmune hyperthyroidism,NA (no comparator),"asset identity, indication, target, stage, status, tier, and evidence confidence",2026-09-10 data cut,Highest registered phase: EARLY_PHASE1 | Registered statuses: RECRUITING | Low (registry-level completeness row; not an efficacy judgment),structured inventory fields,900,https://clinicaltrials.gov/study/NCT07333677,CANONICAL:pipeline_assets_v2.csv::asset=HN2301 in-vivo CAR-T;row_sha256=fb3ee05c1963ced19447552369b8fea5e188865ba7613a7a14e1d3fa02d0b25c,Frozen full protocol record; no posted results at data cut,A1 official registry,Yes,support,"Structured row is rendered directly from the canonical asset table; R&D tier/confidence are analytic fields, not clinical success probabilities.",support,support,NA (no first-pass correction required),final_displayed_blind_support,pipeline_assets_v2.csv,asset=HN2301 in-vivo CAR-T,8c7c250395850cd9588704eeecfc7680e6c54af4a3f247747aed174ffeb40c91,138,2026-09-10,2.0.0,"Within-agent blind QA pending; not independent validation. | Blind QA BLIND-0183 (BATCH-08): support; same coordinator, stance-hidden, not independent validation."
ASSET-013,report_graves_ted_landscape_v2.md,report_graves_ted_landscape_v2.md::lines=216,1,Hydroxychloroquine: indication=Mild TED; target=Pleiotropic immune pathways; highest_stage=Highest registered phase: PHASE4; status=Registered statuses: RECRUITING; tier=Completeness; evidence_confidence=Low (registry-level completeness row; not an efficacy judgment).,complete_asset_inventory_row,Mild TED,NA (no comparator),"asset identity, indication, target, stage, status, tier, and evidence confidence",2026-09-10 data cut,Highest registered phase: PHASE4 | Registered statuses: RECRUITING | Low (registry-level completeness row; not an efficacy judgment),structured inventory fields,828,https://clinicaltrials.gov/study/NCT05126147,CANONICAL:pipeline_assets_v2.csv::asset=Hydroxychloroquine;row_sha256=17f3b0852693dbb38a2d215b2f4e04ba5771c7aa69b78936cb1db9d361e57367,Frozen full protocol record; no posted results at data cut,A1 official registry,Yes,support,"Structured row is rendered directly from the canonical asset table; R&D tier/confidence are analytic fields, not clinical success probabilities.",support,support,NA (no first-pass correction required),final_displayed_blind_support,pipeline_assets_v2.csv,asset=Hydroxychloroquine,8c7c250395850cd9588704eeecfc7680e6c54af4a3f247747aed174ffeb40c91,139,2026-09-10,2.0.0,"Within-agent blind QA pending; not independent validation. | Blind QA BLIND-0098 (BATCH-04): support; same coordinator, stance-hidden, not independent validation."
ASSET-014,report_graves_ted_landscape_v2.md,report_graves_ted_landscape_v2.md::lines=217,1,IBI3031: indication=TED; target=IGF-1R and TSHR; highest_stage=Phase 1; status=Recruiting/early; tier=Core-adjacent; evidence_confidence=Low.,complete_asset_inventory_row,TED,NA (no comparator),"asset identity, indication, target, stage, status, tier, and evidence confidence",2026-09-10 data cut,Phase 1 | Recruiting/early | Low,structured inventory fields,619; 913,https://clinicaltrials.gov/api/v2/studies/NCT07622368; https://clinicaltrials.gov/study/NCT07622368,CANONICAL:pipeline_assets_v2.csv::asset=IBI3031;row_sha256=2223939c18838bc09a67543e59661384d1c1950d99c136b0b5b96c277cd49340,Retrieved official JSON API record | Frozen full protocol record; no posted results at data cut,A1 official registry,Yes,support,"Structured row is rendered directly from the canonical asset table; R&D tier/confidence are analytic fields, not clinical success probabilities.",support,support,NA (no first-pass correction required),final_displayed_blind_support,pipeline_assets_v2.csv,asset=IBI3031,8c7c250395850cd9588704eeecfc7680e6c54af4a3f247747aed174ffeb40c91,140,2026-09-10,2.0.0,"Within-agent blind QA pending; not independent validation. | Blind QA BLIND-0035 (BATCH-02): support; same coordinator, stance-hidden, not independent validation."
ASSET-015,report_graves_ted_landscape_v2.md,report_graves_ted_landscape_v2.md::lines=218,1,"IBI311: indication=Active TED; Active moderate-to-severe TED; Chronic/inactive TED; TED, active and chronic/inactive cohorts; target=IGF-1R; highest_stage=Highest registered phase: PHASE4; status=Registered statuses: COMPLETED; RECRUITING; tier=Completeness; evidence_confidence=Low (registry-level completeness row; not an efficacy judgment).",complete_asset_inventory_row,"Active TED; Active moderate-to-severe TED; Chronic/inactive TED; TED, active and chronic/inactive cohorts",NA (no comparator),"asset identity, indication, target, stage, status, tier, and evidence confidence",2026-09-10 data cut,Highest registered phase: PHASE4 | Registered statuses: COMPLETED; RECRUITING | Low (registry-level completeness row; not an efficacy judgment),structured inventory fields,842; 851; 856; 866; 883; 886; 887; 888,https://clinicaltrials.gov/study/NCT05795621; https://clinicaltrials.gov/study/NCT06126783; https://clinicaltrials.gov/study/NCT06269393; https://clinicaltrials.gov/study/NCT06525506; https://clinicaltrials.gov/study/NCT07113262; https://clinicaltrials.gov/study/NCT07152340; https://clinicaltrials.gov/study/NCT07152366; https://clinicaltrials.gov/study/NCT07152392,CANONICAL:pipeline_assets_v2.csv::asset=IBI311;row_sha256=89ff2ec837e001ca9f198e89b2e7e8898b5b53952bd79cda9abec2ebaa454798,Frozen full protocol record; no posted results at data cut,A1 official registry,Yes,support,"Structured row is rendered directly from the canonical asset table; R&D tier/confidence are analytic fields, not clinical success probabilities.",support,support,NA (no first-pass correction required),final_displayed_blind_support,pipeline_assets_v2.csv,asset=IBI311,8c7c250395850cd9588704eeecfc7680e6c54af4a3f247747aed174ffeb40c91,141,2026-09-10,2.0.0,"Within-agent blind QA pending; not independent validation. | Blind QA BLIND-0167 (BATCH-07): support; same coordinator, stance-hidden, not independent validation."
ASSET-016,report_graves_ted_landscape_v2.md,report_graves_ted_landscape_v2.md::lines=219,1,IMVT-1402: indication=GD / autoimmune hyperthyroidism; target=FcRn; highest_stage=Highest registered phase: PHASE2; status=Registered statuses: RECRUITING; ENROLLING_BY_INVITATION; tier=Completeness; evidence_confidence=Low (registry-level completeness row; not an efficacy judgment).,complete_asset_inventory_row,GD / autoimmune hyperthyroidism,NA (no comparator),"asset identity, indication, target, stage, status, tier, and evidence confidence",2026-09-10 data cut,Highest registered phase: PHASE2 | Registered statuses: RECRUITING; ENROLLING_BY_INVITATION | Low (registry-level completeness row; not an efficacy judgment),structured inventory fields,875; 882; 896,https://clinicaltrials.gov/study/NCT06727604; https://clinicaltrials.gov/study/NCT07018323; https://clinicaltrials.gov/study/NCT07286006,CANONICAL:pipeline_assets_v2.csv::asset=IMVT-1402;row_sha256=82db253cb9d50df59a60563b08f39b3974ad0e717a205f696b47c951982fd413,Frozen full protocol record; no posted results at data cut,A1 official registry,Yes,support,"Structured row is rendered directly from the canonical asset table; R&D tier/confidence are analytic fields, not clinical success probabilities.",support,support,NA (no first-pass correction required),final_displayed_blind_support,pipeline_assets_v2.csv,asset=IMVT-1402,8c7c250395850cd9588704eeecfc7680e6c54af4a3f247747aed174ffeb40c91,142,2026-09-10,2.0.0,"Within-agent blind QA pending; not independent validation. | Blind QA BLIND-0142 (BATCH-06): support; same coordinator, stance-hidden, not independent validation."
ASSET-017,report_graves_ted_landscape_v2.md,report_graves_ted_landscape_v2.md::lines=220,1,Iscalimab (CFZ533): indication=GD / autoimmune hyperthyroidism; target=CD40; highest_stage=Highest registered phase: PHASE2; status=Registered statuses: COMPLETED; tier=Completeness; evidence_confidence=Low (registry-level completeness row; not an efficacy judgment).,complete_asset_inventory_row,GD / autoimmune hyperthyroidism,NA (no comparator),"asset identity, indication, target, stage, status, tier, and evidence confidence",2026-09-10 data cut,Highest registered phase: PHASE2 | Registered statuses: COMPLETED | Low (registry-level completeness row; not an efficacy judgment),structured inventory fields,796,https://clinicaltrials.gov/study/NCT02713256,CANONICAL:pipeline_assets_v2.csv::asset=Iscalimab (CFZ533);row_sha256=803cc28c73323d18ef916c90a6fa75e9a6351d94ecea84ac2da0ea862542a4fb,Frozen full protocol and posted-results record,A1 official registry,Yes,support,"Structured row is rendered directly from the canonical asset table; R&D tier/confidence are analytic fields, not clinical success probabilities.",support,support,NA (no first-pass correction required),final_displayed_blind_support,pipeline_assets_v2.csv,asset=Iscalimab (CFZ533),8c7c250395850cd9588704eeecfc7680e6c54af4a3f247747aed174ffeb40c91,143,2026-09-10,2.0.0,"Within-agent blind QA pending; not independent validation. | Blind QA BLIND-0056 (BATCH-03): support; same coordinator, stance-hidden, not independent validation."
ASSET-018,report_graves_ted_landscape_v2.md,report_graves_ted_landscape_v2.md::lines=221,1,K1-70: indication=GD; TED; target=TSHR; highest_stage=Phase 1; status=Early clinical; tier=Core; evidence_confidence=Moderate.,complete_asset_inventory_row,GD; TED,NA (no comparator),"asset identity, indication, target, stage, status, tier, and evidence confidence",2026-09-10 data cut,Phase 1 | Early clinical | Moderate,structured inventory fields,164; 799,https://doi.org/10.1507/endocrj.ej25-0043; https://clinicaltrials.gov/study/NCT02904330,CANONICAL:pipeline_assets_v2.csv::asset=K1-70;row_sha256=0d0b512fae8dfef2fe6e04436cd9ae381159897d828d00feeaeb599c62b068ec,Structured metadata and abstract | Frozen full protocol record; no posted results at data cut,B0 scholarly discovery metadata; claim-level appraisal required | A1 official registry,Yes,support,"Structured row is rendered directly from the canonical asset table; R&D tier/confidence are analytic fields, not clinical success probabilities.",support,support,NA (no first-pass correction required),final_displayed_blind_support,pipeline_assets_v2.csv,asset=K1-70,8c7c250395850cd9588704eeecfc7680e6c54af4a3f247747aed174ffeb40c91,144,2026-09-10,2.0.0,"Within-agent blind QA pending; not independent validation. | Blind QA BLIND-0110 (BATCH-05): support; same coordinator, stance-hidden, not independent validation."
ASSET-019,report_graves_ted_landscape_v2.md,report_graves_ted_landscape_v2.md::lines=222,1,Kamuvudine-9 (K9): indication=TED; target=P2X7/NLRP3 axis; highest_stage=Phase 2 terminated; status=Terminated for low enrollment; tier=Adjacent; evidence_confidence=Low.,complete_asset_inventory_row,TED,NA (no comparator),"asset identity, indication, target, stage, status, tier, and evidence confidence",2026-09-10 data cut,Phase 2 terminated | Terminated for low enrollment | Low,structured inventory fields,864,https://clinicaltrials.gov/study/NCT06467435,CANONICAL:pipeline_assets_v2.csv::asset=Kamuvudine-9 (K9);row_sha256=dbc1f2ee16bfb083849112be766e41b6c1cb12e2da3a2ff1932b11ca324b0c14,Frozen full protocol record; no posted results at data cut,A1 official registry,Yes,support,"Structured row is rendered directly from the canonical asset table; R&D tier/confidence are analytic fields, not clinical success probabilities.",support,support,NA (no first-pass correction required),final_displayed_blind_support,pipeline_assets_v2.csv,asset=Kamuvudine-9 (K9),8c7c250395850cd9588704eeecfc7680e6c54af4a3f247747aed174ffeb40c91,145,2026-09-10,2.0.0,"Within-agent blind QA pending; not independent validation. | Blind QA BLIND-0133 (BATCH-06): support; same coordinator, stance-hidden, not independent validation."
ASSET-020,report_graves_ted_landscape_v2.md,report_graves_ted_landscape_v2.md::lines=223,1,KHN939: indication=TED; target=Not publicly verified; highest_stage=Clinical; status=Registered; tier=Watchlist; evidence_confidence=Very low.,complete_asset_inventory_row,TED,NA (no comparator),"asset identity, indication, target, stage, status, tier, and evidence confidence",2026-09-10 data cut,Clinical | Registered | Very low,structured inventory fields,916; 917,https://clinicaltrials.gov/study/NCT07720635; https://clinicaltrials.gov/study/NCT07720648,CANONICAL:pipeline_assets_v2.csv::asset=KHN939;row_sha256=2b8ade31a8ac75e4308afba9c83c87b0879ea9b459885e9224016bbc989a6d2a,Frozen full protocol record; no posted results at data cut,A1 official registry,Yes,support,"Structured row is rendered directly from the canonical asset table; R&D tier/confidence are analytic fields, not clinical success probabilities.",support,support,NA (no first-pass correction required),final_displayed_blind_support,pipeline_assets_v2.csv,asset=KHN939,8c7c250395850cd9588704eeecfc7680e6c54af4a3f247747aed174ffeb40c91,146,2026-09-10,2.0.0,"Within-agent blind QA pending; not independent validation. | Blind QA BLIND-0194 (BATCH-08): support; same coordinator, stance-hidden, not independent validation."
ASSET-021,report_graves_ted_landscape_v2.md,report_graves_ted_landscape_v2.md::lines=224,1,Lanreotide: indication=Active TED; target=Somatostatin receptors; highest_stage=Highest registered phase: PHASE2; status=Registered statuses: TERMINATED; tier=Completeness; evidence_confidence=Low (registry-level completeness row; not an efficacy judgment).,complete_asset_inventory_row,Active TED,NA (no comparator),"asset identity, indication, target, stage, status, tier, and evidence confidence",2026-09-10 data cut,Highest registered phase: PHASE2 | Registered statuses: TERMINATED | Low (registry-level completeness row; not an efficacy judgment),structured inventory fields,758,https://clinicaltrials.gov/study/NCT00288522,CANONICAL:pipeline_assets_v2.csv::asset=Lanreotide;row_sha256=1dc34e238453776131b47ce94bcc4962bd55c2e468a7d0c239731ecd09a91a8a,Frozen full protocol record; no posted results at data cut,A1 official registry,Yes,support,"Structured row is rendered directly from the canonical asset table; R&D tier/confidence are analytic fields, not clinical success probabilities.",support,support,NA (no first-pass correction required),final_displayed_blind_support,pipeline_assets_v2.csv,asset=Lanreotide,8c7c250395850cd9588704eeecfc7680e6c54af4a3f247747aed174ffeb40c91,147,2026-09-10,2.0.0,"Within-agent blind QA pending; not independent validation. | Blind QA BLIND-0037 (BATCH-02): support; same coordinator, stance-hidden, not independent validation."
ASSET-022,report_graves_ted_landscape_v2.md,report_graves_ted_landscape_v2.md::lines=225,1,LASN01: indication=TED; target=IL-11R; highest_stage=Phase 2; status=Completed; tier=Adjacent; evidence_confidence=Low–moderate.,complete_asset_inventory_row,TED,NA (no comparator),"asset identity, indication, target, stage, status, tier, and evidence confidence",2026-09-10 data cut,Phase 2 | Completed | Low–moderate,structured inventory fields,422; 521; 832; 853,https://www.nature.com/articles/s41598-026-51600-0; https://www.nature.com/articles/s41598-026-51600-0_reference.pdf; https://clinicaltrials.gov/study/NCT05331300; https://clinicaltrials.gov/study/NCT06226545,CANONICAL:pipeline_assets_v2.csv::asset=LASN01;row_sha256=41fe4126561d9dce93a3ec41b83197b4a54edf29a220410c06957f67f8a8f40d,Retrieved full-article web text | Retrieved full-text PDF evidence | Frozen full protocol record; no posted results at data cut | Frozen full protocol and posted-results record,B1 peer-reviewed primary | A1 official registry,Yes,support,"Structured row is rendered directly from the canonical asset table; R&D tier/confidence are analytic fields, not clinical success probabilities.",support,support,NA (no first-pass correction required),final_displayed_blind_support,pipeline_assets_v2.csv,asset=LASN01,8c7c250395850cd9588704eeecfc7680e6c54af4a3f247747aed174ffeb40c91,148,2026-09-10,2.0.0,"Within-agent blind QA pending; not independent validation. | Blind QA BLIND-0117 (BATCH-05): support; same coordinator, stance-hidden, not independent validation."
ASSET-023,report_graves_ted_landscape_v2.md,report_graves_ted_landscape_v2.md::lines=226,1,"LCA-0321: indication=GD; TED; target=anti-TSHR autoantibodies; highest_stage=Phase 1; status=Ongoing, recruiting; tier=Core; evidence_confidence=Low.",complete_asset_inventory_row,GD; TED,NA (no comparator),"asset identity, indication, target, stage, status, tier, and evidence confidence",2026-09-10 data cut,"Phase 1 | Ongoing, recruiting | Low",structured inventory fields,1; 2,https://lyciatx.com/pipeline/programs/; https://ctis.eu/trial/2025-524053-14-00,CANONICAL:pipeline_assets_v2.csv::asset=LCA-0321;row_sha256=d3f83cca2442583eef2496263861fa58cb9fc373d4923b6d67bc0f7887b7c559,Retrieved web-source document block | Retrieved registry document block,C1 sponsor primary | A1 official registry,Yes,support,"Structured row is rendered directly from the canonical asset table; R&D tier/confidence are analytic fields, not clinical success probabilities.",support,support,NA (no first-pass correction required),final_displayed_blind_support,pipeline_assets_v2.csv,asset=LCA-0321,8c7c250395850cd9588704eeecfc7680e6c54af4a3f247747aed174ffeb40c91,149,2026-09-10,2.0.0,"Within-agent blind QA pending; not independent validation. | Blind QA BLIND-0051 (BATCH-03): support; same coordinator, stance-hidden, not independent validation."
ASSET-024,report_graves_ted_landscape_v2.md,report_graves_ted_landscape_v2.md::lines=227,1,Linsitinib: indication=TED; target=IGF-1R/insulin receptor kinase; highest_stage=Phase 3; status=ORBIT recruiting; tier=Comparator; evidence_confidence=Moderate.,complete_asset_inventory_row,TED,NA (no comparator),"asset identity, indication, target, stage, status, tier, and evidence confidence",2026-09-10 data cut,Phase 3 | ORBIT recruiting | Moderate,structured inventory fields,714; 715; 831; 850; 919,https://clinicaltrials.gov/study/NCT05276063; https://slingtx.com/news-updates/; https://clinicaltrials.gov/study/NCT06112340; https://clinicaltrials.gov/study/NCT07753603,CANONICAL:pipeline_assets_v2.csv::asset=Linsitinib;row_sha256=713992b7cc0f17d34069901a3985d2804453bc2ee0c74c8740d0b26518d59852,Retrieved registry document block | Retrieved web-source document block | Frozen full protocol and posted-results record | Frozen full protocol record; no posted results at data cut,A1 official registry | C1 sponsor primary,Yes,support,"Structured row is rendered directly from the canonical asset table; R&D tier/confidence are analytic fields, not clinical success probabilities.",support,support,NA (no first-pass correction required),final_displayed_blind_support,pipeline_assets_v2.csv,asset=Linsitinib,8c7c250395850cd9588704eeecfc7680e6c54af4a3f247747aed174ffeb40c91,150,2026-09-10,2.0.0,"Within-agent blind QA pending; not independent validation. | Blind QA BLIND-0177 (BATCH-08): support; same coordinator, stance-hidden, not independent validation."
ASSET-025,report_graves_ted_landscape_v2.md,report_graves_ted_landscape_v2.md::lines=228,1,Lonigutamab: indication=Active TED; target=IGF-1R; highest_stage=Highest registered phase: PHASE1; PHASE2; status=Registered statuses: COMPLETED; tier=Completeness; evidence_confidence=Low (registry-level completeness row; not an efficacy judgment).,complete_asset_inventory_row,Active TED,NA (no comparator),"asset identity, indication, target, stage, status, tier, and evidence confidence",2026-09-10 data cut,Highest registered phase: PHASE1; PHASE2 | Registered statuses: COMPLETED | Low (registry-level completeness row; not an efficacy judgment),structured inventory fields,840,https://clinicaltrials.gov/study/NCT05683496,CANONICAL:pipeline_assets_v2.csv::asset=Lonigutamab;row_sha256=35f95fd1e31bba37dabc318e7a2f6e542b41bfaf320dd130b6e63abf8c99125d,Frozen full protocol record; no posted results at data cut,A1 official registry,Yes,support,"Structured row is rendered directly from the canonical asset table; R&D tier/confidence are analytic fields, not clinical success probabilities.",support,support,NA (no first-pass correction required),final_displayed_blind_support,pipeline_assets_v2.csv,asset=Lonigutamab,8c7c250395850cd9588704eeecfc7680e6c54af4a3f247747aed174ffeb40c91,151,2026-09-10,2.0.0,"Within-agent blind QA pending; not independent validation. | Blind QA BLIND-0043 (BATCH-02): support; same coordinator, stance-hidden, not independent validation."
ASSET-026,report_graves_ted_landscape_v2.md,report_graves_ted_landscape_v2.md::lines=229,1,Lu AG22515: indication=TED; target=CD40L; highest_stage=Phase 1/2; status=Clinical development; tier=Adjacent; evidence_confidence=Low.,complete_asset_inventory_row,TED,NA (no comparator),"asset identity, indication, target, stage, status, tier, and evidence confidence",2026-09-10 data cut,Phase 1/2 | Clinical development | Low,structured inventory fields,868,https://clinicaltrials.gov/study/NCT06557850,CANONICAL:pipeline_assets_v2.csv::asset=Lu AG22515;row_sha256=c6f63087e1a55e64581de484461c040703bf53ca8d0febf8732ec29b3e172d54,Frozen full protocol record; no posted results at data cut,A1 official registry,Yes,support,"Structured row is rendered directly from the canonical asset table; R&D tier/confidence are analytic fields, not clinical success probabilities.",support,support,NA (no first-pass correction required),final_displayed_blind_support,pipeline_assets_v2.csv,asset=Lu AG22515,8c7c250395850cd9588704eeecfc7680e6c54af4a3f247747aed174ffeb40c91,152,2026-09-10,2.0.0,"Within-agent blind QA pending; not independent validation. | Blind QA BLIND-0136 (BATCH-06): support; same coordinator, stance-hidden, not independent validation."
ASSET-027,report_graves_ted_landscape_v2.md,report_graves_ted_landscape_v2.md::lines=230,1,MER511: indication=GD; potential TED; target=anti-TSHR autoantibodies and cognate B-cell sources; highest_stage=Phase 1; status=Recruiting; tier=Core; evidence_confidence=Low–moderate.,complete_asset_inventory_row,GD; potential TED,NA (no comparator),"asset identity, indication, target, stage, status, tier, and evidence confidence",2026-09-10 data cut,Phase 1 | Recruiting | Low–moderate,structured inventory fields,6; 7; 8; 898,https://meridabio.com/pipeline-programs/; https://clinicaltrials.gov/study/NCT07305818; https://doi.org/10.1210/jendso/bvaf149.2238,CANONICAL:pipeline_assets_v2.csv::asset=MER511;row_sha256=bb948379c81d2409fee4f58e15ba4bdd0b8f31183c31869e2de2b4488b2e964d,Retrieved web-source document block | Retrieved registry document block | Retrieved abstract document block | Frozen full protocol record; no posted results at data cut,C1 sponsor primary | A1 official registry | B2 conference abstract,Yes,support,"Structured row is rendered directly from the canonical asset table; R&D tier/confidence are analytic fields, not clinical success probabilities.",support,support,NA (no first-pass correction required),final_displayed_blind_support,pipeline_assets_v2.csv,asset=MER511,8c7c250395850cd9588704eeecfc7680e6c54af4a3f247747aed174ffeb40c91,153,2026-09-10,2.0.0,"Within-agent blind QA pending; not independent validation. | Blind QA BLIND-0159 (BATCH-07): support; same coordinator, stance-hidden, not independent validation."
ASSET-028,report_graves_ted_landscape_v2.md,report_graves_ted_landscape_v2.md::lines=231,1,"MHB018A: indication=Active moderate-to-severe TED; Chronic/inactive TED; TED, active and chronic/inactive cohorts; target=IGF-1R; highest_stage=Highest registered phase: PHASE3; status=Registered statuses: RECRUITING; NOT_YET_RECRUITING; tier=Completeness; evidence_confidence=Low (registry-level completeness row; not an efficacy judgment).",complete_asset_inventory_row,"Active moderate-to-severe TED; Chronic/inactive TED; TED, active and chronic/inactive cohorts",NA (no comparator),"asset identity, indication, target, stage, status, tier, and evidence confidence",2026-09-10 data cut,Highest registered phase: PHASE3 | Registered statuses: RECRUITING; NOT_YET_RECRUITING | Low (registry-level completeness row; not an efficacy judgment),structured inventory fields,459; 460; 461; 881; 892; 894; 910; 911; 912,https://clinicaltrials.gov/study/NCT06989918; https://clinicaltrials.gov/study/NCT07622108; https://biospectrumasia.com/article/pdf/27818; https://clinicaltrials.gov/study/NCT07257185; https://clinicaltrials.gov/study/NCT07262476; https://clinicaltrials.gov/study/NCT07620405; https://clinicaltrials.gov/study/NCT07622121,CANONICAL:pipeline_assets_v2.csv::asset=MHB018A;row_sha256=552cd7cedb660890d1e69bbee170970231112e93e8e33096f2fb234fca455cad,Retrieved registry document block | Retrieved secondary document block | Frozen full protocol record; no posted results at data cut,A1 official registry | C2 secondary,Yes,support,"Structured row is rendered directly from the canonical asset table; R&D tier/confidence are analytic fields, not clinical success probabilities.",support,support,NA (no first-pass correction required),final_displayed_blind_support,pipeline_assets_v2.csv,asset=MHB018A,8c7c250395850cd9588704eeecfc7680e6c54af4a3f247747aed174ffeb40c91,154,2026-09-10,2.0.0,"Within-agent blind QA pending; not independent validation. | Blind QA BLIND-0042 (BATCH-02): support; same coordinator, stance-hidden, not independent validation."
ASSET-029,report_graves_ted_landscape_v2.md,report_graves_ted_landscape_v2.md::lines=232,1,"NTB003 / BCG009: indication=TED, active and chronic/inactive cohorts; target=IGF-1R; highest_stage=Highest registered phase: PHASE1; PHASE2; status=Registered statuses: NOT_YET_RECRUITING; tier=Completeness; evidence_confidence=Low (registry-level completeness row; not an efficacy judgment).",complete_asset_inventory_row,"TED, active and chronic/inactive cohorts",NA (no comparator),"asset identity, indication, target, stage, status, tier, and evidence confidence",2026-09-10 data cut,Highest registered phase: PHASE1; PHASE2 | Registered statuses: NOT_YET_RECRUITING | Low (registry-level completeness row; not an efficacy judgment),structured inventory fields,404; 495; 904,https://clinicaltrials.gov/study/NCT07462130; https://biocytogen.com/news/biocytogen-and-nanjing-chia-tai-tianqing-announce-ind-approval-in-china-for-co-developed-anti-igf-1r-antibody-ntb003-bcg009-us,CANONICAL:pipeline_assets_v2.csv::asset=NTB003 / BCG009;row_sha256=d902b3738f7256ea22a7f7905ee1637fe210cdf77a83aadf2bd5362a5ae0c718,Retrieved registry document block | Retrieved web-source document block | Frozen full protocol record; no posted results at data cut,A1 official registry | C1 sponsor primary,Yes,support,"Structured row is rendered directly from the canonical asset table; R&D tier/confidence are analytic fields, not clinical success probabilities.",support,support,NA (no first-pass correction required),final_displayed_blind_support,pipeline_assets_v2.csv,asset=NTB003 / BCG009,8c7c250395850cd9588704eeecfc7680e6c54af4a3f247747aed174ffeb40c91,155,2026-09-10,2.0.0,"Within-agent blind QA pending; not independent validation. | Blind QA BLIND-0004 (BATCH-01): support; same coordinator, stance-hidden, not independent validation."
ASSET-030,report_graves_ted_landscape_v2.md,report_graves_ted_landscape_v2.md::lines=233,1,Otelixizumab: indication=Active TED; target=CD3; highest_stage=Highest registered phase: PHASE2; status=Registered statuses: TERMINATED; tier=Completeness; evidence_confidence=Low (registry-level completeness row; not an efficacy judgment).,complete_asset_inventory_row,Active TED,NA (no comparator),"asset identity, indication, target, stage, status, tier, and evidence confidence",2026-09-10 data cut,Highest registered phase: PHASE2 | Registered statuses: TERMINATED | Low (registry-level completeness row; not an efficacy judgment),structured inventory fields,767,https://clinicaltrials.gov/study/NCT01114503,CANONICAL:pipeline_assets_v2.csv::asset=Otelixizumab;row_sha256=8434074732239db44a023205f935072c75c3816dcc0f5b21cf1c60cd345ba0a6,Frozen full protocol and posted-results record,A1 official registry,Yes,support,"Structured row is rendered directly from the canonical asset table; R&D tier/confidence are analytic fields, not clinical success probabilities.",support,support,NA (no first-pass correction required),final_displayed_blind_support,pipeline_assets_v2.csv,asset=Otelixizumab,8c7c250395850cd9588704eeecfc7680e6c54af4a3f247747aed174ffeb40c91,156,2026-09-10,2.0.0,"Within-agent blind QA pending; not independent validation. | Blind QA BLIND-0059 (BATCH-03): support; same coordinator, stance-hidden, not independent validation."
ASSET-031,report_graves_ted_landscape_v2.md,report_graves_ted_landscape_v2.md::lines=234,1,Rabbit anti-thymocyte globulin: indication=Active moderate-to-severe TED; target=T lymphocytes; highest_stage=Highest registered phase: NA; status=Registered statuses: UNKNOWN; tier=Completeness; evidence_confidence=Low (registry-level completeness row; not an efficacy judgment).,complete_asset_inventory_row,Active moderate-to-severe TED,NA (no comparator),"asset identity, indication, target, stage, status, tier, and evidence confidence",2026-09-10 data cut,Highest registered phase: NA | Registered statuses: UNKNOWN | Low (registry-level completeness row; not an efficacy judgment),structured inventory fields,830,https://clinicaltrials.gov/study/NCT05199103,CANONICAL:pipeline_assets_v2.csv::asset=Rabbit anti-thymocyte globulin;row_sha256=2ee78ed90429ed86a451da18721666d64f08591786e66b9cbd68644b12b30d3d,Frozen full protocol record; no posted results at data cut,A1 official registry,Yes,support,"Structured row is rendered directly from the canonical asset table; R&D tier/confidence are analytic fields, not clinical success probabilities.",support,support,NA (no first-pass correction required),final_displayed_blind_support,pipeline_assets_v2.csv,asset=Rabbit anti-thymocyte globulin,8c7c250395850cd9588704eeecfc7680e6c54af4a3f247747aed174ffeb40c91,157,2026-09-10,2.0.0,"Within-agent blind QA pending; not independent validation. | Blind QA BLIND-0165 (BATCH-07): support; same coordinator, stance-hidden, not independent validation."
ASSET-032,report_graves_ted_landscape_v2.md,report_graves_ted_landscape_v2.md::lines=235,1,Rilzabrutinib: indication=Active TED; target=BTK; highest_stage=Highest registered phase: PHASE2; status=Registered statuses: RECRUITING; tier=Completeness; evidence_confidence=Low (registry-level completeness row; not an efficacy judgment).,complete_asset_inventory_row,Active TED,NA (no comparator),"asset identity, indication, target, stage, status, tier, and evidence confidence",2026-09-10 data cut,Highest registered phase: PHASE2 | Registered statuses: RECRUITING | Low (registry-level completeness row; not an efficacy judgment),structured inventory fields,880,https://clinicaltrials.gov/study/NCT06984627,CANONICAL:pipeline_assets_v2.csv::asset=Rilzabrutinib;row_sha256=cd567645a8657db4845de069ab1f8f04e975b9786fe6c00e516f0e66647e5f4c,Frozen full protocol record; no posted results at data cut,A1 official registry,Yes,support,"Structured row is rendered directly from the canonical asset table; R&D tier/confidence are analytic fields, not clinical success probabilities.",support,support,NA (no first-pass correction required),final_displayed_blind_support,pipeline_assets_v2.csv,asset=Rilzabrutinib,8c7c250395850cd9588704eeecfc7680e6c54af4a3f247747aed174ffeb40c91,158,2026-09-10,2.0.0,"Within-agent blind QA pending; not independent validation. | Blind QA BLIND-0053 (BATCH-03): support; same coordinator, stance-hidden, not independent validation."
ASSET-033,report_graves_ted_landscape_v2.md,report_graves_ted_landscape_v2.md::lines=236,1,Rituximab: indication=Active TED; Active moderate-to-severe TED; GD / autoimmune hyperthyroidism; target=CD20; highest_stage=Highest registered phase: PHASE4; status=Registered statuses: COMPLETED; tier=Completeness; evidence_confidence=Low (registry-level completeness row; not an efficacy judgment).,complete_asset_inventory_row,Active TED; Active moderate-to-severe TED; GD / autoimmune hyperthyroidism,NA (no comparator),"asset identity, indication, target, stage, status, tier, and evidence confidence",2026-09-10 data cut,Highest registered phase: PHASE4 | Registered statuses: COMPLETED | Low (registry-level completeness row; not an efficacy judgment),structured inventory fields,755; 760; 762; 791,https://clinicaltrials.gov/study/NCT00150111; https://clinicaltrials.gov/study/NCT00424151; https://clinicaltrials.gov/study/NCT00595335; https://clinicaltrials.gov/study/NCT02378298,CANONICAL:pipeline_assets_v2.csv::asset=Rituximab;row_sha256=b2be0b0a5c4cd86e163afb76ee491438d68f6fe12529c3f7a6c5efc00a449999,Frozen full protocol record; no posted results at data cut | Frozen full protocol and posted-results record,A1 official registry,Yes,support,"Structured row is rendered directly from the canonical asset table; R&D tier/confidence are analytic fields, not clinical success probabilities.",support,support,NA (no first-pass correction required),final_displayed_blind_support,pipeline_assets_v2.csv,asset=Rituximab,8c7c250395850cd9588704eeecfc7680e6c54af4a3f247747aed174ffeb40c91,159,2026-09-10,2.0.0,"Within-agent blind QA pending; not independent validation. | Blind QA BLIND-0139 (BATCH-06): support; same coordinator, stance-hidden, not independent validation."
ASSET-034,report_graves_ted_landscape_v2.md,report_graves_ted_landscape_v2.md::lines=237,1,Satralizumab: indication=TED; target=IL-6R; highest_stage=Regulatory review US; status=Pending at cutoff; not FDA-approved for TED; tier=Adjacent; evidence_confidence=Moderate.,complete_asset_inventory_row,TED,NA (no comparator),"asset identity, indication, target, stage, status, tier, and evidence confidence",2026-09-10 data cut,Regulatory review US | Pending at cutoff; not FDA-approved for TED | Moderate,structured inventory fields,675; 699; 701; 844; 849,https://doi.org/10.1007/s40123-025-01255-3; https://medically.gene.com/content/dam/pdmahub/restricted/ophthalmology/apao-2026/APAO-2026-presentation-li-primary-results-of-the-phase-3-satrago-1-and-satrago-2-trials.pdf; https://www.roche.com/investors/updates/inv-update-2026-06-30; https://clinicaltrials.gov/study/NCT05987423; https://clinicaltrials.gov/study/NCT06106828,CANONICAL:pipeline_assets_v2.csv::asset=Satralizumab;row_sha256=5b521d4b29fc033735c2cd5f565f45f698458c0e3b5d82d5504154dd8d91b53c,Structured metadata and abstract | Retrieved presentation document | Retrieved web-source document block | Frozen full protocol and posted-results record,B0 scholarly discovery metadata; claim-level appraisal required | B2/C1 sponsor congress evidence | C1 sponsor primary | A1 official registry,Yes,support,"Structured row is rendered directly from the canonical asset table; R&D tier/confidence are analytic fields, not clinical success probabilities.",support,support,NA (no first-pass correction required),final_displayed_blind_support,pipeline_assets_v2.csv,asset=Satralizumab,8c7c250395850cd9588704eeecfc7680e6c54af4a3f247747aed174ffeb40c91,160,2026-09-10,2.0.0,"Within-agent blind QA pending; not independent validation. | Blind QA BLIND-0078 (BATCH-04): support; same coordinator, stance-hidden, not independent validation."
ASSET-035,report_graves_ted_landscape_v2.md,report_graves_ted_landscape_v2.md::lines=238,1,SCTT11: indication=TED; target=Not publicly verified; highest_stage=Clinical; status=Registered; tier=Watchlist; evidence_confidence=Very low.,complete_asset_inventory_row,TED,NA (no comparator),"asset identity, indication, target, stage, status, tier, and evidence confidence",2026-09-10 data cut,Clinical | Registered | Very low,structured inventory fields,876,https://clinicaltrials.gov/study/NCT06769984,CANONICAL:pipeline_assets_v2.csv::asset=SCTT11;row_sha256=4d5017b1468c8ad77d54629ae6421da281cbb44f8ff3189a0bfc5f5f7865e8fb,Frozen full protocol record; no posted results at data cut,A1 official registry,Yes,support,"Structured row is rendered directly from the canonical asset table; R&D tier/confidence are analytic fields, not clinical success probabilities.",support,support,NA (no first-pass correction required),final_displayed_blind_support,pipeline_assets_v2.csv,asset=SCTT11,8c7c250395850cd9588704eeecfc7680e6c54af4a3f247747aed174ffeb40c91,161,2026-09-10,2.0.0,"Within-agent blind QA pending; not independent validation. | Blind QA BLIND-0184 (BATCH-08): support; same coordinator, stance-hidden, not independent validation."
ASSET-036,report_graves_ted_landscape_v2.md,report_graves_ted_landscape_v2.md::lines=239,1,Secukinumab: indication=Active moderate-to-severe TED; target=IL-17A; highest_stage=Highest registered phase: PHASE3; status=Registered statuses: TERMINATED; tier=Completeness; evidence_confidence=Low (registry-level completeness row; not an efficacy judgment).,complete_asset_inventory_row,Active moderate-to-severe TED,NA (no comparator),"asset identity, indication, target, stage, status, tier, and evidence confidence",2026-09-10 data cut,Highest registered phase: PHASE3 | Registered statuses: TERMINATED | Low (registry-level completeness row; not an efficacy judgment),structured inventory fields,819,https://clinicaltrials.gov/study/NCT04737330,CANONICAL:pipeline_assets_v2.csv::asset=Secukinumab;row_sha256=7a3fc4dd30b459aeb43b86ee6e90d699f13d7e2467985d245875a8ec6a5978aa,Frozen full protocol and posted-results record,A1 official registry,Yes,support,"Structured row is rendered directly from the canonical asset table; R&D tier/confidence are analytic fields, not clinical success probabilities.",support,support,NA (no first-pass correction required),final_displayed_blind_support,pipeline_assets_v2.csv,asset=Secukinumab,8c7c250395850cd9588704eeecfc7680e6c54af4a3f247747aed174ffeb40c91,162,2026-09-10,2.0.0,"Within-agent blind QA pending; not independent validation. | Blind QA BLIND-0041 (BATCH-02): support; same coordinator, stance-hidden, not independent validation."
ASSET-037,report_graves_ted_landscape_v2.md,report_graves_ted_landscape_v2.md::lines=240,1,SHR-1314: indication=Active moderate-to-severe TED; target=IL-6 pathway; highest_stage=Highest registered phase: PHASE2; status=Registered statuses: TERMINATED; tier=Completeness; evidence_confidence=Low (registry-level completeness row; not an efficacy judgment).,complete_asset_inventory_row,Active moderate-to-severe TED,NA (no comparator),"asset identity, indication, target, stage, status, tier, and evidence confidence",2026-09-10 data cut,Highest registered phase: PHASE2 | Registered statuses: TERMINATED | Low (registry-level completeness row; not an efficacy judgment),structured inventory fields,833,https://clinicaltrials.gov/study/NCT05394857,CANONICAL:pipeline_assets_v2.csv::asset=SHR-1314;row_sha256=646f66804a8fe65633317315a28b373218bba404d836db4ea8f1c39373d4ec56,Frozen full protocol record; no posted results at data cut,A1 official registry,Yes,support,"Structured row is rendered directly from the canonical asset table; R&D tier/confidence are analytic fields, not clinical success probabilities.",support,support,NA (no first-pass correction required),final_displayed_blind_support,pipeline_assets_v2.csv,asset=SHR-1314,8c7c250395850cd9588704eeecfc7680e6c54af4a3f247747aed174ffeb40c91,163,2026-09-10,2.0.0,"Within-agent blind QA pending; not independent validation. | Blind QA BLIND-0028 (BATCH-02): support; same coordinator, stance-hidden, not independent validation."
ASSET-038,report_graves_ted_landscape_v2.md,report_graves_ted_landscape_v2.md::lines=241,1,Sirolimus (rapamycin): indication=Active moderate-to-severe TED; target=mTOR; highest_stage=Highest registered phase: PHASE2; status=Registered statuses: UNKNOWN; RECRUITING; tier=Completeness; evidence_confidence=Low (registry-level completeness row; not an efficacy judgment).,complete_asset_inventory_row,Active moderate-to-severe TED,NA (no comparator),"asset identity, indication, target, stage, status, tier, and evidence confidence",2026-09-10 data cut,Highest registered phase: PHASE2 | Registered statuses: UNKNOWN; RECRUITING | Low (registry-level completeness row; not an efficacy judgment),structured inventory fields,818; 822; 839,https://clinicaltrials.gov/study/NCT04598815; https://clinicaltrials.gov/study/NCT04936854; https://clinicaltrials.gov/study/NCT05532072,CANONICAL:pipeline_assets_v2.csv::asset=Sirolimus (rapamycin);row_sha256=53e7d3b8bd9b5ddf7253c6405d23765e9250c9ba1fb4afebbe3619e82dd9ab6f,Frozen full protocol record; no posted results at data cut,A1 official registry,Yes,support,"Structured row is rendered directly from the canonical asset table; R&D tier/confidence are analytic fields, not clinical success probabilities.",support,support,NA (no first-pass correction required),final_displayed_blind_support,pipeline_assets_v2.csv,asset=Sirolimus (rapamycin),8c7c250395850cd9588704eeecfc7680e6c54af4a3f247747aed174ffeb40c91,164,2026-09-10,2.0.0,"Within-agent blind QA pending; not independent validation. | Blind QA BLIND-0140 (BATCH-06): support; same coordinator, stance-hidden, not independent validation."
ASSET-039,report_graves_ted_landscape_v2.md,report_graves_ted_landscape_v2.md::lines=242,1,Technetium-99 methylene diphosphonate (99Tc-MDP): indication=Active moderate-to-severe TED; target=Not registry-specified; highest_stage=Highest registered phase: PHASE4; status=Registered statuses: COMPLETED; tier=Completeness; evidence_confidence=Low (registry-level completeness row; not an efficacy judgment).,complete_asset_inventory_row,Active moderate-to-severe TED,NA (no comparator),"asset identity, indication, target, stage, status, tier, and evidence confidence",2026-09-10 data cut,Highest registered phase: PHASE4 | Registered statuses: COMPLETED | Low (registry-level completeness row; not an efficacy judgment),structured inventory fields,814,https://clinicaltrials.gov/study/NCT03948191,CANONICAL:pipeline_assets_v2.csv::asset=Technetium-99 methylene diphosphonate (99Tc-MDP);row_sha256=0d61f0eedc9bf9676bf4c14642c907e2d0d1b17dc6035eaf7e756d80c74f9251,Frozen full protocol record; no posted results at data cut,A1 official registry,Yes,support,"Structured row is rendered directly from the canonical asset table; R&D tier/confidence are analytic fields, not clinical success probabilities.",support,support,NA (no first-pass correction required),final_displayed_blind_support,pipeline_assets_v2.csv,asset=Technetium-99 methylene diphosphonate (99Tc-MDP),8c7c250395850cd9588704eeecfc7680e6c54af4a3f247747aed174ffeb40c91,165,2026-09-10,2.0.0,"Within-agent blind QA pending; not independent validation. | Blind QA BLIND-0090 (BATCH-04): support; same coordinator, stance-hidden, not independent validation."
ASSET-040,report_graves_ted_landscape_v2.md,report_graves_ted_landscape_v2.md::lines=243,1,Teprotumumab: indication=TED (US); target=IGF-1R; highest_stage=Approved US; status=Approved; tier=Comparator; evidence_confidence=High for TED.,complete_asset_inventory_row,TED (US),NA (no comparator),"asset identity, indication, target, stage, status, tier, and evidence confidence",2026-09-10 data cut,Approved US | Approved | High for TED,structured inventory fields,190; 191; 274; 780; 807; 809; 817; 823; 855; 860; 869; 873; 885; 895; 899; 907,https://doi.org/10.1210/clinem/dgad637; https://doi.org/10.1016/j.ophtha.2021.10.017; https://www.accessdata.fda.gov/drugsatfda_docs/label/2020/761143s000lbl.pdf; https://clinicaltrials.gov/study/NCT01868997; https://clinicaltrials.gov/study/NCT03298867; https://clinicaltrials.gov/study/NCT03461211; https://clinicaltrials.gov/study/NCT04583735; https://clinicaltrials.gov/study/NCT05002998; https://clinicaltrials.gov/study/NCT06248619; https://clinicaltrials.gov/study/NCT06389578; https://clinicaltrials.gov/study/NCT06563856; https://clinicaltrials.gov/study/NCT06674941; https://clinicaltrials.gov/study/NCT07142642; https://clinicaltrials.gov/study/NCT07265258; https://clinicaltrials.gov/study/NCT07308964; https://clinicaltrials.gov/study/NCT07594912,CANONICAL:pipeline_assets_v2.csv::asset=Teprotumumab;row_sha256=fb3a63174e22fbb733c118b9bdf3cfc461f41d710a1cd3b3866217727ac21080,Structured metadata and abstract | Retrieved official label document block | Frozen full protocol and posted-results record | Frozen full protocol record; no posted results at data cut,B0 scholarly discovery metadata; claim-level appraisal required | A1 regulator | A1 official registry,Yes,support,"Structured row is rendered directly from the canonical asset table; R&D tier/confidence are analytic fields, not clinical success probabilities.",support,support,NA (no first-pass correction required),final_displayed_blind_support,pipeline_assets_v2.csv,asset=Teprotumumab,8c7c250395850cd9588704eeecfc7680e6c54af4a3f247747aed174ffeb40c91,166,2026-09-10,2.0.0,"Within-agent blind QA pending; not independent validation. | Blind QA BLIND-0123 (BATCH-05): support; same coordinator, stance-hidden, not independent validation."
ASSET-041,report_graves_ted_landscape_v2.md,report_graves_ted_landscape_v2.md::lines=244,1,"Tocilizumab: indication=Active TED; Active moderate-to-severe TED; Sight-threatening TED / dysthyroid optic neuropathy; TED, activity/severity not registry-specified; target=IL-6R; highest_stage=Highest registered phase: PHASE4; status=Registered statuses: UNKNOWN; RECRUITING; COMPLETED; WITHDRAWN; tier=Completeness; evidence_confidence=Low (registry-level completeness row; not an efficacy judgment).",complete_asset_inventory_row,"Active TED; Active moderate-to-severe TED; Sight-threatening TED / dysthyroid optic neuropathy; TED, activity/severity not registry-specified",NA (no comparator),"asset identity, indication, target, stage, status, tier, and evidence confidence",2026-09-10 data cut,Highest registered phase: PHASE4 | Registered statuses: UNKNOWN; RECRUITING; COMPLETED; WITHDRAWN | Low (registry-level completeness row; not an efficacy judgment),structured inventory fields,772; 821; 847; 878,https://clinicaltrials.gov/study/NCT01297699; https://clinicaltrials.gov/study/NCT04876534; https://clinicaltrials.gov/study/NCT06087731; https://clinicaltrials.gov/study/NCT06927375,CANONICAL:pipeline_assets_v2.csv::asset=Tocilizumab;row_sha256=1716acfae4823a571b87c821bf5988cf2a94a2e0b9fb2b96058ff9271b2e8b16,Frozen full protocol record; no posted results at data cut,A1 official registry,Yes,support,"Structured row is rendered directly from the canonical asset table; R&D tier/confidence are analytic fields, not clinical success probabilities.",support,support,NA (no first-pass correction required),final_displayed_blind_support,pipeline_assets_v2.csv,asset=Tocilizumab,8c7c250395850cd9588704eeecfc7680e6c54af4a3f247747aed174ffeb40c91,167,2026-09-10,2.0.0,"Within-agent blind QA pending; not independent validation. | Blind QA BLIND-0015 (BATCH-01): support; same coordinator, stance-hidden, not independent validation."
ASSET-042,report_graves_ted_landscape_v2.md,report_graves_ted_landscape_v2.md::lines=245,1,Tofacitinib: indication=Active moderate-to-severe TED; target=JAK family; highest_stage=Highest registered phase: PHASE2; status=Registered statuses: RECRUITING; tier=Completeness; evidence_confidence=Low (registry-level completeness row; not an efficacy judgment).,complete_asset_inventory_row,Active moderate-to-severe TED,NA (no comparator),"asset identity, indication, target, stage, status, tier, and evidence confidence",2026-09-10 data cut,Highest registered phase: PHASE2 | Registered statuses: RECRUITING | Low (registry-level completeness row; not an efficacy judgment),structured inventory fields,905,https://clinicaltrials.gov/study/NCT07547930,CANONICAL:pipeline_assets_v2.csv::asset=Tofacitinib;row_sha256=33836bfc423ce42d8f0c9a146654e8c15ceb15dce7dbc717d24fbe92da64167b,Frozen full protocol record; no posted results at data cut,A1 official registry,Yes,support,"Structured row is rendered directly from the canonical asset table; R&D tier/confidence are analytic fields, not clinical success probabilities.",support,support,NA (no first-pass correction required),final_displayed_blind_support,pipeline_assets_v2.csv,asset=Tofacitinib,8c7c250395850cd9588704eeecfc7680e6c54af4a3f247747aed174ffeb40c91,168,2026-09-10,2.0.0,"Within-agent blind QA pending; not independent validation. | Blind QA BLIND-0118 (BATCH-05): support; same coordinator, stance-hidden, not independent validation."
ASSET-043,report_graves_ted_landscape_v2.md,report_graves_ted_landscape_v2.md::lines=246,1,TOUR006: indication=Active moderate-to-severe TED; target=IL-6 pathway; highest_stage=Highest registered phase: PHASE2; status=Registered statuses: ACTIVE_NOT_RECRUITING; tier=Completeness; evidence_confidence=Low (registry-level completeness row; not an efficacy judgment).,complete_asset_inventory_row,Active moderate-to-severe TED,NA (no comparator),"asset identity, indication, target, stage, status, tier, and evidence confidence",2026-09-10 data cut,Highest registered phase: PHASE2 | Registered statuses: ACTIVE_NOT_RECRUITING | Low (registry-level completeness row; not an efficacy judgment),structured inventory fields,848,https://clinicaltrials.gov/study/NCT06088979,CANONICAL:pipeline_assets_v2.csv::asset=TOUR006;row_sha256=fcc28e5dd767a2b521ce2acc35ad59d8450bab794ed7c2269936a509f79e2965,Frozen full protocol record; no posted results at data cut,A1 official registry,Yes,support,"Structured row is rendered directly from the canonical asset table; R&D tier/confidence are analytic fields, not clinical success probabilities.",support,support,NA (no first-pass correction required),final_displayed_blind_support,pipeline_assets_v2.csv,asset=TOUR006,8c7c250395850cd9588704eeecfc7680e6c54af4a3f247747aed174ffeb40c91,169,2026-09-10,2.0.0,"Within-agent blind QA pending; not independent validation. | Blind QA BLIND-0025 (BATCH-01): support; same coordinator, stance-hidden, not independent validation."
ASSET-044,report_graves_ted_landscape_v2.md,report_graves_ted_landscape_v2.md::lines=247,1,"Unspecified immunosuppressive agent: indication=TED, activity/severity not registry-specified; target=Not registry-specified; highest_stage=Highest registered phase: NA; status=Registered statuses: UNKNOWN; tier=Watchlist; evidence_confidence=Low (registry-level completeness row; not an efficacy judgment).",complete_asset_inventory_row,"TED, activity/severity not registry-specified",NA (no comparator),"asset identity, indication, target, stage, status, tier, and evidence confidence",2026-09-10 data cut,Highest registered phase: NA | Registered statuses: UNKNOWN | Low (registry-level completeness row; not an efficacy judgment),structured inventory fields,826,https://clinicaltrials.gov/study/NCT05110040,CANONICAL:pipeline_assets_v2.csv::asset=Unspecified immunosuppressive agent;row_sha256=7469022e3b1f29c4c16ae7aba9b17d44ab04805a0848ddec6e37aa4db625be4a,Frozen full protocol record; no posted results at data cut,A1 official registry,Yes,support,"Structured row is rendered directly from the canonical asset table; R&D tier/confidence are analytic fields, not clinical success probabilities.",support,support,NA (no first-pass correction required),final_displayed_blind_support,pipeline_assets_v2.csv,asset=Unspecified immunosuppressive agent,8c7c250395850cd9588704eeecfc7680e6c54af4a3f247747aed174ffeb40c91,170,2026-09-10,2.0.0,"Within-agent blind QA pending; not independent validation. | Blind QA BLIND-0039 (BATCH-02): support; same coordinator, stance-hidden, not independent validation."
ASSET-045,report_graves_ted_landscape_v2.md,report_graves_ted_landscape_v2.md::lines=248,1,Veligrotug (Lumvoa): indication=TED regardless of activity or duration (US); target=IGF-1R; highest_stage=Approved US; status=FDA approved 2026-06-26; tier=Comparator; evidence_confidence=High for TED.,complete_asset_inventory_row,TED regardless of activity or duration (US),NA (no comparator),"asset identity, indication, target, stage, status, tier, and evidence confidence",2026-09-10 data cut,Approved US | FDA approved 2026-06-26 | High for TED,structured inventory fields,230; 373; 726; 727; 829; 845; 852; 859,https://doi.org/10.1016/j.ophtha.2026.04.022; https://www.accessdata.fda.gov/drugsatfda_docs/label/2026/761530Orig1s000lbl.pdf; https://www.accessdata.fda.gov/drugsatfda_docs/appletter/2026/761530Orig1s000ltr.pdf; https://www.fda.gov/drugs/novel-drug-approvals-fda/novel-drug-approvals-2026; https://clinicaltrials.gov/study/NCT05176639; https://clinicaltrials.gov/study/NCT06021054; https://clinicaltrials.gov/study/NCT06179875; https://clinicaltrials.gov/study/NCT06384547,CANONICAL:pipeline_assets_v2.csv::asset=Veligrotug (Lumvoa);row_sha256=499589f3bf08bfc18cca9d333f0d33ab24e528c4c1018bbbb58956ef4d7bc0af,Structured metadata and abstract | Acquired and hash-verified source document (application/pdf) | Acquired and hash-verified source document (text/html; charset=UTF-8) | Frozen full protocol and posted-results record,B0 scholarly discovery metadata; claim-level appraisal required | A1 regulator | A1 official registry,Yes,support,"Structured row is rendered directly from the canonical asset table; R&D tier/confidence are analytic fields, not clinical success probabilities.",support,support,NA (no first-pass correction required),final_displayed_blind_support,pipeline_assets_v2.csv,asset=Veligrotug (Lumvoa),8c7c250395850cd9588704eeecfc7680e6c54af4a3f247747aed174ffeb40c91,171,2026-09-10,2.0.0,"Within-agent blind QA pending; not independent validation. | Blind QA BLIND-0010 (BATCH-01): support; same coordinator, stance-hidden, not independent validation."
ASSET-046,report_graves_ted_landscape_v2.md,report_graves_ted_landscape_v2.md::lines=249,1,"VRDN-003: indication=Active moderate-to-severe TED; Chronic/inactive TED; TED, any CAS / mixed activity; target=IGF-1R; highest_stage=Highest registered phase: PHASE3; status=Registered statuses: ACTIVE_NOT_RECRUITING; COMPLETED; tier=Completeness; evidence_confidence=Low (registry-level completeness row; not an efficacy judgment).",complete_asset_inventory_row,"Active moderate-to-severe TED; Chronic/inactive TED; TED, any CAS / mixed activity",NA (no comparator),"asset identity, indication, target, stage, status, tier, and evidence confidence",2026-09-10 data cut,Highest registered phase: PHASE3 | Registered statuses: ACTIVE_NOT_RECRUITING; COMPLETED | Low (registry-level completeness row; not an efficacy judgment),structured inventory fields,871; 872; 877; 889; 891,https://clinicaltrials.gov/study/NCT06625398; https://clinicaltrials.gov/study/NCT06625411; https://clinicaltrials.gov/study/NCT06812325; https://clinicaltrials.gov/study/NCT07155668; https://clinicaltrials.gov/study/NCT07211776,CANONICAL:pipeline_assets_v2.csv::asset=VRDN-003;row_sha256=d1992a3af28d79aee6cdac2e67c7c62748e60c641ad556f2c23dd39fd14e98db,Frozen full protocol record; no posted results at data cut,A1 official registry,Yes,support,"Structured row is rendered directly from the canonical asset table; R&D tier/confidence are analytic fields, not clinical success probabilities.",support,support,NA (no first-pass correction required),final_displayed_blind_support,pipeline_assets_v2.csv,asset=VRDN-003,8c7c250395850cd9588704eeecfc7680e6c54af4a3f247747aed174ffeb40c91,172,2026-09-10,2.0.0,"Within-agent blind QA pending; not independent validation. | Blind QA BLIND-0141 (BATCH-06): support; same coordinator, stance-hidden, not independent validation."
ASSET-047,report_graves_ted_landscape_v2.md,report_graves_ted_landscape_v2.md::lines=250,1,WP1302: indication=GD / autoimmune hyperthyroidism; target=TSHR-reactive T cells; highest_stage=Highest registered phase: PHASE2; status=Registered statuses: SUSPENDED; tier=Completeness; evidence_confidence=Low (registry-level completeness row; not an efficacy judgment).,complete_asset_inventory_row,GD / autoimmune hyperthyroidism,NA (no comparator),"asset identity, indication, target, stage, status, tier, and evidence confidence",2026-09-10 data cut,Highest registered phase: PHASE2 | Registered statuses: SUSPENDED | Low (registry-level completeness row; not an efficacy judgment),structured inventory fields,854,https://clinicaltrials.gov/study/NCT06240455,CANONICAL:pipeline_assets_v2.csv::asset=WP1302;row_sha256=f4c0ec8eb4a9fff3296c8a224c3aa1d8037178cfc637b3d7cec69f3ae6c5ad7e,Frozen full protocol record; no posted results at data cut,A1 official registry,Yes,support,"Structured row is rendered directly from the canonical asset table; R&D tier/confidence are analytic fields, not clinical success probabilities.",support,support,NA (no first-pass correction required),final_displayed_blind_support,pipeline_assets_v2.csv,asset=WP1302,8c7c250395850cd9588704eeecfc7680e6c54af4a3f247747aed174ffeb40c91,173,2026-09-10,2.0.0,"Within-agent blind QA pending; not independent validation. | Blind QA BLIND-0022 (BATCH-01): support; same coordinator, stance-hidden, not independent validation."
ASSET-048,report_graves_ted_landscape_v2.md,report_graves_ted_landscape_v2.md::lines=251,1,ZB001: indication=TED; target=IGF-1R; highest_stage=Phase 1/2; status=Clinical; tier=Comparator; evidence_confidence=Low.,complete_asset_inventory_row,TED,NA (no comparator),"asset identity, indication, target, stage, status, tier, and evidence confidence",2026-09-10 data cut,Phase 1/2 | Clinical | Low,structured inventory fields,841,https://clinicaltrials.gov/study/NCT05776121,CANONICAL:pipeline_assets_v2.csv::asset=ZB001;row_sha256=b666affa9e4975beb600f3233be5aa37af39e674649a130638d3c60e85cdb790,Frozen full protocol record; no posted results at data cut,A1 official registry,Yes,support,"Structured row is rendered directly from the canonical asset table; R&D tier/confidence are analytic fields, not clinical success probabilities.",support,support,NA (no first-pass correction required),final_displayed_blind_support,pipeline_assets_v2.csv,asset=ZB001,8c7c250395850cd9588704eeecfc7680e6c54af4a3f247747aed174ffeb40c91,174,2026-09-10,2.0.0,"Within-agent blind QA pending; not independent validation. | Blind QA BLIND-0198 (BATCH-08): support; same coordinator, stance-hidden, not independent validation."
ASSET-SUMMARY-TARGET-UNKNOWN,report_graves_ted_landscape_v2.md,report_graves_ted_landscape_v2.md::lines=198,1,"Publicly or registry-unverified target label을 가진 asset 4개도 inventory에 유지했다: KHN939, SCTT11, Technetium-99 methylene diphosphonate (99Tc-MDP), Unspecified immunosuppressive agent.",internal_asset_retention_count,48-asset canonical inventory,NA (no comparator),target-unknown or registry-unspecified retention,NA (not timepoint-specific),4,assets,NA (internal canonical evidence),NA (no external source URL required),CANONICAL:pipeline_assets_v2.csv::field=target startswith 'Not ',Canonical release artifact or analytic definition,Internal deterministic evidence,No,support,"Claim is bounded to the cited canonical evidence and does not exceed its population, endpoint, or timepoint.",support,support,NA (no first-pass correction required),final_displayed_blind_support,pipeline_assets_v2.csv,field=target startswith 'Not ',8c7c250395850cd9588704eeecfc7680e6c54af4a3f247747aed174ffeb40c91,175,2026-09-10,2.0.0,"Within-agent blind QA pending; not independent validation. | Blind QA BLIND-0162 (BATCH-07): support; same coordinator, stance-hidden, not independent validation."
ASSET-SUMMARY-TIERS,report_graves_ted_landscape_v2.md,report_graves_ted_landscape_v2.md::lines=197,1,"Asset tier 분포는 Core 5, Core-adjacent 1, Comparator 5, Adjacent 6, Watchlist 3, Completeness 28였다.",internal_asset_tier_count,48-asset canonical inventory,NA (no comparator),core_adjacent_tier distribution,NA (not timepoint-specific),"{""Adjacent"": 6, ""Comparator"": 5, ""Completeness"": 28, ""Core"": 5, ""Core-adjacent"": 1, ""Watchlist"": 3}",assets,NA (internal canonical evidence),NA (no external source URL required),CANONICAL:pipeline_assets_v2.csv::field=core_adjacent_tier,Canonical release artifact or analytic definition,Internal deterministic evidence,No,support,"Claim is bounded to the cited canonical evidence and does not exceed its population, endpoint, or timepoint.",support,support,NA (no first-pass correction required),final_displayed_blind_support,pipeline_assets_v2.csv,field=core_adjacent_tier,8c7c250395850cd9588704eeecfc7680e6c54af4a3f247747aed174ffeb40c91,176,2026-09-10,2.0.0,"Within-agent blind QA pending; not independent validation. | Blind QA BLIND-0127 (BATCH-06): support; same coordinator, stance-hidden, not independent validation."
POTENTIAL-01,report_graves_ted_landscape_v2.md,report_graves_ted_landscape_v2.md::lines=188,1,LCA-0321: hypothesis-weighted R&D potential=2.35/3; evidence confidence=Low.,internal_rd_potential_confidence,GD; TED,NA (no comparator),R&D potential and evidence confidence,NA (not timepoint-specific),2.35,0–3 hypothesis-weighted score,NA (internal canonical evidence),NA (no external source URL required),"CANONICAL:pipeline_assets_v2.csv::asset=LCA-0321;fields=weighted_potential_0_3,evidence_confidence",Canonical release artifact or analytic definition,Internal deterministic evidence,No,support,Values are copied from the canonical analytic table and explicitly separated; the score is not a probability or cross-trial efficacy ranking.,support,support,NA (no first-pass correction required),final_displayed_blind_support,pipeline_assets_v2.csv,"asset=LCA-0321;fields=weighted_potential_0_3,evidence_confidence",8c7c250395850cd9588704eeecfc7680e6c54af4a3f247747aed174ffeb40c91,177,2026-09-10,2.0.0,"Within-agent blind QA pending; not independent validation. | Blind QA BLIND-0067 (BATCH-03): support; same coordinator, stance-hidden, not independent validation."
POTENTIAL-02,report_graves_ted_landscape_v2.md,report_graves_ted_landscape_v2.md::lines=189,1,MER511: hypothesis-weighted R&D potential=2.75/3; evidence confidence=Low–moderate.,internal_rd_potential_confidence,GD; potential TED,NA (no comparator),R&D potential and evidence confidence,NA (not timepoint-specific),2.75,0–3 hypothesis-weighted score,NA (internal canonical evidence),NA (no external source URL required),"CANONICAL:pipeline_assets_v2.csv::asset=MER511;fields=weighted_potential_0_3,evidence_confidence",Canonical release artifact or analytic definition,Internal deterministic evidence,No,support,Values are copied from the canonical analytic table and explicitly separated; the score is not a probability or cross-trial efficacy ranking.,support,support,NA (no first-pass correction required),final_displayed_blind_support,pipeline_assets_v2.csv,"asset=MER511;fields=weighted_potential_0_3,evidence_confidence",8c7c250395850cd9588704eeecfc7680e6c54af4a3f247747aed174ffeb40c91,178,2026-09-10,2.0.0,"Within-agent blind QA pending; not independent validation. | Blind QA BLIND-0185 (BATCH-08): support; same coordinator, stance-hidden, not independent validation."
POTENTIAL-03,report_graves_ted_landscape_v2.md,report_graves_ted_landscape_v2.md::lines=190,1,GenSci098 / YB-101: hypothesis-weighted R&D potential=2.05/3; evidence confidence=Moderate.,internal_rd_potential_confidence,GD,NA (no comparator),R&D potential and evidence confidence,NA (not timepoint-specific),2.05,0–3 hypothesis-weighted score,NA (internal canonical evidence),NA (no external source URL required),"CANONICAL:pipeline_assets_v2.csv::asset=GenSci098 / YB-101;fields=weighted_potential_0_3,evidence_confidence",Canonical release artifact or analytic definition,Internal deterministic evidence,No,support,Values are copied from the canonical analytic table and explicitly separated; the score is not a probability or cross-trial efficacy ranking.,support,support,NA (no first-pass correction required),final_displayed_blind_support,pipeline_assets_v2.csv,"asset=GenSci098 / YB-101;fields=weighted_potential_0_3,evidence_confidence",8c7c250395850cd9588704eeecfc7680e6c54af4a3f247747aed174ffeb40c91,179,2026-09-10,2.0.0,"Within-agent blind QA pending; not independent validation. | Blind QA BLIND-0066 (BATCH-03): support; same coordinator, stance-hidden, not independent validation."
POTENTIAL-04,report_graves_ted_landscape_v2.md,report_graves_ted_landscape_v2.md::lines=191,1,K1-70: hypothesis-weighted R&D potential=2.05/3; evidence confidence=Moderate.,internal_rd_potential_confidence,GD; TED,NA (no comparator),R&D potential and evidence confidence,NA (not timepoint-specific),2.05,0–3 hypothesis-weighted score,NA (internal canonical evidence),NA (no external source URL required),"CANONICAL:pipeline_assets_v2.csv::asset=K1-70;fields=weighted_potential_0_3,evidence_confidence",Canonical release artifact or analytic definition,Internal deterministic evidence,No,support,Values are copied from the canonical analytic table and explicitly separated; the score is not a probability or cross-trial efficacy ranking.,support,support,NA (no first-pass correction required),final_displayed_blind_support,pipeline_assets_v2.csv,"asset=K1-70;fields=weighted_potential_0_3,evidence_confidence",8c7c250395850cd9588704eeecfc7680e6c54af4a3f247747aed174ffeb40c91,180,2026-09-10,2.0.0,"Within-agent blind QA pending; not independent validation. | Blind QA BLIND-0125 (BATCH-05): support; same coordinator, stance-hidden, not independent validation."
POTENTIAL-05,report_graves_ted_landscape_v2.md,report_graves_ted_landscape_v2.md::lines=192,1,ATX-GD-59: hypothesis-weighted R&D potential=2.5/3; evidence confidence=Low–moderate.,internal_rd_potential_confidence,GD,NA (no comparator),R&D potential and evidence confidence,NA (not timepoint-specific),2.5,0–3 hypothesis-weighted score,NA (internal canonical evidence),NA (no external source URL required),"CANONICAL:pipeline_assets_v2.csv::asset=ATX-GD-59;fields=weighted_potential_0_3,evidence_confidence",Canonical release artifact or analytic definition,Internal deterministic evidence,No,support,Values are copied from the canonical analytic table and explicitly separated; the score is not a probability or cross-trial efficacy ranking.,support,support,NA (no first-pass correction required),final_displayed_blind_support,pipeline_assets_v2.csv,"asset=ATX-GD-59;fields=weighted_potential_0_3,evidence_confidence",8c7c250395850cd9588704eeecfc7680e6c54af4a3f247747aed174ffeb40c91,181,2026-09-10,2.0.0,"Within-agent blind QA pending; not independent validation. | Blind QA BLIND-0082 (BATCH-04): support; same coordinator, stance-hidden, not independent validation."
POTENTIAL-06,report_graves_ted_landscape_v2.md,report_graves_ted_landscape_v2.md::lines=193,1,IBI3031: hypothesis-weighted R&D potential=1.6/3; evidence confidence=Low.,internal_rd_potential_confidence,TED,NA (no comparator),R&D potential and evidence confidence,NA (not timepoint-specific),1.6,0–3 hypothesis-weighted score,NA (internal canonical evidence),NA (no external source URL required),"CANONICAL:pipeline_assets_v2.csv::asset=IBI3031;fields=weighted_potential_0_3,evidence_confidence",Canonical release artifact or analytic definition,Internal deterministic evidence,No,support,Values are copied from the canonical analytic table and explicitly separated; the score is not a probability or cross-trial efficacy ranking.,support,support,NA (no first-pass correction required),final_displayed_blind_support,pipeline_assets_v2.csv,"asset=IBI3031;fields=weighted_potential_0_3,evidence_confidence",8c7c250395850cd9588704eeecfc7680e6c54af4a3f247747aed174ffeb40c91,182,2026-09-10,2.0.0,"Within-agent blind QA pending; not independent validation. | Blind QA BLIND-0104 (BATCH-05): support; same coordinator, stance-hidden, not independent validation."
RND-FRAME-001,report_graves_ted_landscape_v2.md,report_graves_ted_landscape_v2.md::lines=184,1,"R&D potential은 driver proximity, potential durability, selectivity, translational/PD tractability, developability를 합성한 hypothesis-weighted 0–3 score이며 임상 성공 확률, 투자 등급 또는 cross-trial efficacy ranking이 아니다.",internal_rd_scoring_definition,Scored direct-program assets,NA (no comparator),R&D score definition and interpretation boundary,2026-09-10 data cut or prospective monitoring,"R&D potential은 driver proximity, potential durability, selectivity, translational/PD tractability, developability를 합성한 hypothesis-weighted 0–3 score이며 임상 성공 확률, 투자 등급 또는 cross-trial efficacy ranking이 아니다.",narrative,NA (internal canonical evidence),NA (no external source URL required),"CANONICAL:pipeline_assets_v2.csv::fields=potential_driver_specificity_0_3,potential_durability_0_3,potential_selectivity_0_3,potential_translatability_0_3,potential_developability_0_3,weighted_potential_0_3,r_and_d_score_scope",Canonical release artifact or analytic definition,Internal deterministic evidence,No,support,"The statement is explicitly analytical, methodological, or a bounded limitation derived from the canonical artifact.",support,support,NA (no first-pass correction required),final_displayed_blind_support,pipeline_assets_v2.csv,"fields=potential_driver_specificity_0_3,potential_durability_0_3,potential_selectivity_0_3,potential_translatability_0_3,potential_developability_0_3,weighted_potential_0_3,r_and_d_score_scope",8c7c250395850cd9588704eeecfc7680e6c54af4a3f247747aed174ffeb40c91,183,2026-09-10,2.0.0,"Within-agent blind QA pending; not independent validation. | Blind QA BLIND-0099 (BATCH-04): support; same coordinator, stance-hidden, not independent validation."
ASSET-RENDER-001,report_graves_ted_landscape_v2.md,report_graves_ted_landscape_v2.md::lines=200,1,Complete asset inventory의 각 row는 canonical table에서 직접 렌더링한다; stage/status는 data cut source state이고 tier/evidence confidence는 efficacy ranking이 아니다.,internal_asset_rendering_boundary,48-asset canonical inventory,NA (no comparator),row rendering and interpretation boundary,2026-09-10 data cut or prospective monitoring,Complete asset inventory의 각 row는 canonical table에서 직접 렌더링한다; stage/status는 data cut source state이고 tier/evidence confidence는 efficacy ranking이 아니다.,narrative,NA (internal canonical evidence),NA (no external source URL required),"CANONICAL:pipeline_assets_v2.csv::all 48 rows | fields=highest_stage,status,core_adjacent_tier,evidence_confidence",Canonical release artifact or analytic definition,Internal deterministic evidence,No,support,"The statement is explicitly analytical, methodological, or a bounded limitation derived from the canonical artifact.",support,support,NA (no first-pass correction required),final_displayed_blind_support,pipeline_assets_v2.csv,"all 48 rows; fields=highest_stage,status,core_adjacent_tier,evidence_confidence",8c7c250395850cd9588704eeecfc7680e6c54af4a3f247747aed174ffeb40c91,184,2026-09-10,2.0.0,"Within-agent blind QA pending; not independent validation. | Blind QA BLIND-0196 (BATCH-08): support; same coordinator, stance-hidden, not independent validation."
POP-PEDIATRIC-001,report_graves_ted_landscape_v2.md,report_graves_ted_landscape_v2.md::lines=255,1,"Pediatrics는 adult primary pathway와 분리하고 remission assumptions, RAI age/dose constraints 및 prolonged ATD strategy를 별도 기록한다.",analytical_population_boundary,Pediatric GD/TED,NA (no comparator),pediatric pathway separation,2026-09-10 data cut or prospective monitoring,"Pediatrics는 adult primary pathway와 분리하고 remission assumptions, RAI age/dose constraints 및 prolonged ATD strategy를 별도 기록한다.",narrative,NA (internal canonical evidence),NA (no external source URL required),CANONICAL:soc_outcomes_v2.csv::category=Pediatric GD across five regions,Canonical release artifact or analytic definition,Internal deterministic evidence,No,support,"The statement is explicitly analytical, methodological, or a bounded limitation derived from the canonical artifact.",support,support,NA (no first-pass correction required),final_displayed_blind_support,soc_outcomes_v2.csv,category=Pediatric GD across five regions,1c4368b060910b9bf6da76972d32651dbb17f642a755cfafdfe8e0384dda176b,185,2026-09-10,2.0.0,"Within-agent blind QA pending; not independent validation. | Blind QA BLIND-0036 (BATCH-02): support; same coordinator, stance-hidden, not independent validation."
POP-PREGNANCY-001,report_graves_ted_landscape_v2.md,report_graves_ted_landscape_v2.md::lines=256,1,"Pregnancy/lactation은 adult primary pathway와 분리하고 trimester-specific ATD choice, fetal/infant risk 및 maternal biochemical control을 별도 기록한다.",analytical_population_boundary,Pregnancy and lactation,NA (no comparator),pregnancy/lactation pathway separation,2026-09-10 data cut or prospective monitoring,"Pregnancy/lactation은 adult primary pathway와 분리하고 trimester-specific ATD choice, fetal/infant risk 및 maternal biochemical control을 별도 기록한다.",narrative,NA (internal canonical evidence),NA (no external source URL required),"CANONICAL:soc_outcomes_v2.csv::categories=GD in pregnancy,GD in lactation across five regions",Canonical release artifact or analytic definition,Internal deterministic evidence,No,support,"The statement is explicitly analytical, methodological, or a bounded limitation derived from the canonical artifact.",support,support,NA (no first-pass correction required),final_displayed_blind_support,soc_outcomes_v2.csv,"categories=GD in pregnancy,GD in lactation across five regions",1c4368b060910b9bf6da76972d32651dbb17f642a755cfafdfe8e0384dda176b,186,2026-09-10,2.0.0,"Within-agent blind QA pending; not independent validation. | Blind QA BLIND-0083 (BATCH-04): support; same coordinator, stance-hidden, not independent validation."
POP-OLDER-002,report_graves_ted_landscape_v2.md,report_graves_ted_landscape_v2.md::lines=257,1,Older adults는 adult primary pathway와 분리하고 cardiovascular comorbidity 및 drug/procedural toxicity modifiers를 별도 기록한다.,analytical_population_boundary,Older adults with GD/TED,NA (no comparator),older-adult sequencing modifiers,2026-09-10 data cut or prospective monitoring,Older adults는 adult primary pathway와 분리하고 cardiovascular comorbidity 및 drug/procedural toxicity modifiers를 별도 기록한다.,narrative,NA (internal canonical evidence),NA (no external source URL required),CANONICAL:soc_outcomes_v2.csv::category=GD in older adults across five regions,Canonical release artifact or analytic definition,Internal deterministic evidence,No,support,"The statement is explicitly analytical, methodological, or a bounded limitation derived from the canonical artifact.",support,support,NA (no first-pass correction required),final_displayed_blind_support,soc_outcomes_v2.csv,category=GD in older adults across five regions,1c4368b060910b9bf6da76972d32651dbb17f642a755cfafdfe8e0384dda176b,187,2026-09-10,2.0.0,"Within-agent blind QA pending; not independent validation. | Blind QA BLIND-0001 (BATCH-01): support; same coordinator, stance-hidden, not independent validation."
POP-RELAPSED-002,report_graves_ted_landscape_v2.md,report_graves_ted_landscape_v2.md::lines=258,1,"Relapsed/refractory populations에서는 post-ATD relapse, post-RAI persistence, TED primary nonresponse, partial response, flare 및 post-treatment relapse를 별도 state로 기록한다.",analytical_population_boundary,Relapsed/refractory GD/TED,NA (no comparator),prior-therapy-specific failure-state separation,2026-09-10 data cut or prospective monitoring,"Relapsed/refractory populations에서는 post-ATD relapse, post-RAI persistence, TED primary nonresponse, partial response, flare 및 post-treatment relapse를 별도 state로 기록한다.",narrative,NA (internal canonical evidence),NA (no external source URL required),"CANONICAL:soc_outcomes_v2.csv::categories=Relapsed/refractory GD,Relapsed/refractory TED across five regions",Canonical release artifact or analytic definition,Internal deterministic evidence,No,support,"The statement is explicitly analytical, methodological, or a bounded limitation derived from the canonical artifact.",support,support,NA (no first-pass correction required),final_displayed_blind_support,soc_outcomes_v2.csv,"categories=Relapsed/refractory GD,Relapsed/refractory TED across five regions",1c4368b060910b9bf6da76972d32651dbb17f642a755cfafdfe8e0384dda176b,188,2026-09-10,2.0.0,"Within-agent blind QA pending; not independent validation. | Blind QA BLIND-0175 (BATCH-07): support; same coordinator, stance-hidden, not independent validation."
LIMIT-001,report_graves_ted_landscape_v2.md,report_graves_ted_landscape_v2.md::lines=262,1,"Registry landscape는 미등록 preclinical assets, unpublished failures 및 비공개 sponsor changes를 포착하지 못할 수 있다.",methodological_limitation,Frozen registry and asset landscape,NA (no comparator),registry coverage limitation,2026-09-10 data cut or prospective monitoring,"Registry landscape는 미등록 preclinical assets, unpublished failures 및 비공개 sponsor changes를 포착하지 못할 수 있다.",narrative,NA (internal canonical evidence),NA (no external source URL required),CANONICAL:registry_cut_reconciliation_2026-09-10.json::frozen query and reconciliation scope,Canonical release artifact or analytic definition,Internal deterministic evidence,No,support,"The statement is explicitly analytical, methodological, or a bounded limitation derived from the canonical artifact.",support,support,NA (no first-pass correction required),final_displayed_blind_support,registry_cut_reconciliation_2026-09-10.json,frozen query and reconciliation scope,1c2621bef5d11b200fa283b1e1708860babcc83284322d887ff46742c5316384,189,2026-09-10,2.0.0,"Within-agent blind QA pending; not independent validation. | Blind QA BLIND-0089 (BATCH-04): support; same coordinator, stance-hidden, not independent validation."
LIMIT-003,report_graves_ted_landscape_v2.md,report_graves_ted_landscape_v2.md::lines=264,1,Query-level negative search는 authorization 또는 reimbursement 부재를 입증하지 않으므로 해당 status를 unresolved로 유지했다.,methodological_limitation,Regional authorization and access review,NA (no comparator),negative-search inference boundary,2026-09-10 data cut or prospective monitoring,Query-level negative search는 authorization 또는 reimbursement 부재를 입증하지 않으므로 해당 status를 unresolved로 유지했다.,narrative,NA (internal canonical evidence),NA (no external source URL required),"CANONICAL:soc_outcomes_v2.csv::fields=authorization_status_scope,reimbursement_access,uncertainty",Canonical release artifact or analytic definition,Internal deterministic evidence,No,support,"The statement is explicitly analytical, methodological, or a bounded limitation derived from the canonical artifact.",support,support,NA (no first-pass correction required),final_displayed_blind_support,soc_outcomes_v2.csv,"fields=authorization_status_scope,reimbursement_access,uncertainty",1c4368b060910b9bf6da76972d32651dbb17f642a755cfafdfe8e0384dda176b,190,2026-09-10,2.0.0,"Within-agent blind QA pending; not independent validation. | Blind QA BLIND-0071 (BATCH-03): support; same coordinator, stance-hidden, not independent validation."
LIMIT-004,report_graves_ted_landscape_v2.md,report_graves_ted_landscape_v2.md::lines=265,1,Complete asset table의 R&D potential과 evidence confidence는 서로 다른 축이며 clinical efficacy 또는 probability로 해석할 수 없다.,analytical_score_limitation,48-asset canonical inventory,NA (no comparator),score interpretation boundary,2026-09-10 data cut or prospective monitoring,Complete asset table의 R&D potential과 evidence confidence는 서로 다른 축이며 clinical efficacy 또는 probability로 해석할 수 없다.,narrative,NA (internal canonical evidence),NA (no external source URL required),"CANONICAL:pipeline_assets_v2.csv::fields=weighted_potential_0_3,evidence_confidence,r_and_d_score_scope",Canonical release artifact or analytic definition,Internal deterministic evidence,No,support,"The statement is explicitly analytical, methodological, or a bounded limitation derived from the canonical artifact.",support,support,NA (no first-pass correction required),final_displayed_blind_support,pipeline_assets_v2.csv,"fields=weighted_potential_0_3,evidence_confidence,r_and_d_score_scope",8c7c250395850cd9588704eeecfc7680e6c54af4a3f247747aed174ffeb40c91,191,2026-09-10,2.0.0,"Within-agent blind QA pending; not independent validation. | Blind QA BLIND-0180 (BATCH-08): support; same coordinator, stance-hidden, not independent validation."
LIMIT-005,report_graves_ted_landscape_v2.md,report_graves_ted_landscape_v2.md::lines=266,1,Stance-hidden QA는 within-agent bias-reduction이며 independent validation이 아니다.,QA_limitation,v2 release,NA (no comparator),QA independence boundary,2026-09-10 data cut or prospective monitoring,Stance-hidden QA는 within-agent bias-reduction이며 independent validation이 아니다.,narrative,NA (internal canonical evidence),NA (no external source URL required),CANONICAL:plan2.md::claim-QA contract,Canonical release artifact or analytic definition,Internal deterministic evidence,No,support,"The statement is explicitly analytical, methodological, or a bounded limitation derived from the canonical artifact.",support,support,NA (no first-pass correction required),final_displayed_blind_support,plan2.md,claim-QA contract,db3a5bb7757d814309f2d5e736a7cdef1cbc8504b94caa04c4f0d472228d6880,192,2026-09-10,2.0.0,"Within-agent blind QA pending; not independent validation. | Blind QA BLIND-0091 (BATCH-04): support; same coordinator, stance-hidden, not independent validation."
CONCLUSION-004,report_graves_ted_landscape_v2.md,report_graves_ted_landscape_v2.md::lines=272,1,"Near-term analytical monitoring priorities는 safety/PK/PD, TRAb/TSI/TSAb kinetics, thyroid hormones, immunogenicity, total-IgG preservation, B-cell pharmacology 및 off-treatment durability다.",analytical_monitoring_priority,Early direct anti-TSHR programs,NA (no comparator),prospective evidence-generation priorities,2026-09-10 data cut or prospective monitoring,"Near-term analytical monitoring priorities는 safety/PK/PD, TRAb/TSI/TSAb kinetics, thyroid hormones, immunogenicity, total-IgG preservation, B-cell pharmacology 및 off-treatment durability다.",narrative,NA (internal canonical evidence),NA (no external source URL required),"CANONICAL:pipeline_assets_v2.csv::assets=LCA-0321,MER511 | fields=biomarker_pd_strategy,key_unmet_need,critical_risks",Canonical release artifact or analytic definition,Internal deterministic evidence,No,support,"The statement is explicitly analytical, methodological, or a bounded limitation derived from the canonical artifact.",support,support,NA (no first-pass correction required),final_displayed_blind_support,pipeline_assets_v2.csv,"assets=LCA-0321,MER511; fields=biomarker_pd_strategy,key_unmet_need,critical_risks",8c7c250395850cd9588704eeecfc7680e6c54af4a3f247747aed174ffeb40c91,193,2026-09-10,2.0.0,"Within-agent blind QA pending; not independent validation. | Blind QA BLIND-0097 (BATCH-04): support; same coordinator, stance-hidden, not independent validation."
POP-OLDER-001,evidence_claims_v2.csv,ledger-only claim,0,"Older adults는 adult primary pathway와 분리하고 cardiovascular, glycemic, hearing, glucocorticoid 및 procedural toxicity modifiers를 별도 기록한다.",blind_pre_adjudication_failed_claim,Source-defined population,NA (no comparator),superseded displayed wording,2026-09-10 data cut,"Older adults는 adult primary pathway와 분리하고 cardiovascular, glycemic, hearing, glucocorticoid 및 procedural toxicity modifiers를 별도 기록한다.",historical narrative,NA (internal canonical evidence),NA (no external source URL required),CANONICAL:soc_outcomes_v2.csv::category=GD in older adults across five regions,Canonical release artifact or analytic definition,Internal deterministic evidence,No,support,Older-adult SoC rows support cardiovascular and general drug/procedural toxicity modifiers but not the full glycemic/hearing/glucocorticoid list.,insufficient,insufficient,Removed from display and replaced by POP-OLDER-002; original wording retained ledger-only.,ledger_only_blind_insufficient,soc_outcomes_v2.csv,category=GD in older adults across five regions,1c4368b060910b9bf6da76972d32651dbb17f642a755cfafdfe8e0384dda176b,194,2026-09-10,2.0.0,"Preserved from blind_packet_pre_adjudication_v2.jsonl; manual evidence review found an insufficient evidence boundary before final blind adjudication. | Blind QA BLIND-0163 (BATCH-07): insufficient; same coordinator, stance-hidden, not independent validation."
POP-RELAPSED-001,evidence_claims_v2.csv,ledger-only claim,0,"Relapsed/refractory populations에서는 post-ATD relapse, post-RAI persistence, TED nonresponse/flare 및 selected open-label retreatment를 별도 state로 기록한다.",blind_pre_adjudication_failed_claim,Source-defined population,NA (no comparator),superseded displayed wording,2026-09-10 data cut,"Relapsed/refractory populations에서는 post-ATD relapse, post-RAI persistence, TED nonresponse/flare 및 selected open-label retreatment를 별도 state로 기록한다.",historical narrative,NA (internal canonical evidence),NA (no external source URL required),"CANONICAL:soc_outcomes_v2.csv::categories=Relapsed/refractory GD,Relapsed/refractory TED across five regions",Canonical release artifact or analytic definition,Internal deterministic evidence,No,support,The cited SoC rows distinguish prior-therapy-specific failure states but do not contain selected open-label retreatment.,insufficient,insufficient,Removed from display and replaced by POP-RELAPSED-002; original wording retained ledger-only.,ledger_only_blind_insufficient,soc_outcomes_v2.csv,"categories=Relapsed/refractory GD,Relapsed/refractory TED across five regions",1c4368b060910b9bf6da76972d32651dbb17f642a755cfafdfe8e0384dda176b,195,2026-09-10,2.0.0,"Preserved from blind_packet_pre_adjudication_v2.jsonl; manual evidence review found an insufficient evidence boundary before final blind adjudication. | Blind QA BLIND-0086 (BATCH-04): insufficient; same coordinator, stance-hidden, not independent validation."
CONCLUSION-003,evidence_claims_v2.csv,ledger-only claim,0,"Near-term analytical monitoring priorities는 safety/PK/PD, TRAb kinetics, ATD taper를 포함한 durable off-treatment endpoint, normal TSH signaling/total-IgG preservation, 그리고 TED–thyroid biochemical concordance다.",blind_pre_adjudication_failed_claim,Source-defined population,NA (no comparator),superseded displayed wording,2026-09-10 data cut,"Near-term analytical monitoring priorities는 safety/PK/PD, TRAb kinetics, ATD taper를 포함한 durable off-treatment endpoint, normal TSH signaling/total-IgG preservation, 그리고 TED–thyroid biochemical concordance다.",historical narrative,NA (internal canonical evidence),NA (no external source URL required),"CANONICAL:pipeline_assets_v2.csv::assets=LCA-0321,MER511 | fields=biomarker_pd_strategy,key_unmet_need,critical_risks",Canonical release artifact or analytic definition,Internal deterministic evidence,No,support,The cited LCA-0321/MER511 analytic rows do not explicitly contain ATD taper or TED–biochemical concordance.,insufficient,insufficient,Removed from display and replaced by CONCLUSION-004; original wording retained ledger-only.,ledger_only_blind_insufficient,pipeline_assets_v2.csv,"assets=LCA-0321,MER511; fields=biomarker_pd_strategy,key_unmet_need,critical_risks",8c7c250395850cd9588704eeecfc7680e6c54af4a3f247747aed174ffeb40c91,196,2026-09-10,2.0.0,"Preserved from blind_packet_pre_adjudication_v2.jsonl; manual evidence review found an insufficient evidence boundary before final blind adjudication. | Blind QA BLIND-0188 (BATCH-08): insufficient; same coordinator, stance-hidden, not independent validation."
LIMIT-002,report_graves_ted_landscape_v2.md,report_graves_ted_landscape_v2.md::lines=263,1,"일부 direct-program evidence는 congress abstract, sponsor 또는 registry source이며 peer-reviewed full-paper human outcome evidence가 아니다.",evidence_depth_limitation,LCA-0321 and MER511 evidence package,NA (no comparator),source access depth and evidence tier,2026-09-10 data cut,abstract/sponsor/registry; no full-paper human outcome result,evidence-depth category,1; 2; 6; 7; 8,https://lyciatx.com/pipeline/programs/; https://ctis.eu/trial/2025-524053-14-00; https://meridabio.com/pipeline-programs/; https://clinicaltrials.gov/study/NCT07305818; https://doi.org/10.1210/jendso/bvaf149.2238,DIRECT_ANCHOR:LCA0321-SPONSOR-DESIGN; DIRECT_ANCHOR:LCA0321-CTIS-PHASE-STATUS; DIRECT_ANCHOR:MER511-SPONSOR-PRECISION-DESIGN; DIRECT_ANCHOR:MER511-NEXUS-AGE-PKPD; DIRECT_ANCHOR:MER511-OR31-CONSTRUCT,Retrieved web-source document block | Retrieved registry document block | Retrieved abstract document block,C1 sponsor primary | A1 official registry | B2 conference abstract,Yes,support,"The claim is limited to source format/access depth and expressly avoids treating the abstract, sponsor pages, or protocols as human outcome evidence.",support,support,NA (no first-pass correction required),final_displayed_blind_support,claim_evidence_anchors_v2.csv,"source_ids=1,2,6,7,8; fields=access_depth,evidence_role,uncertainty",99456c14392e492eb1f56d1aea3ad089dcfdc4eb0ce9ee5663b44d577a4ff600,197,2026-09-10,2.0.0,"Within-agent blind QA pending; not independent validation. | Blind QA BLIND-0182 (BATCH-08): support; same coordinator, stance-hidden, not independent validation."
CONCLUSION-001,report_graves_ted_landscape_v2.md,report_graves_ted_landscape_v2.md::lines=270,1,"IGF-1R class에는 randomized TED trial evidence와 US, EU/EEA, UK, Japan의 regulatory authorization evidence가 존재하지만, 이를 GD pathogenic autoimmunity 제거 또는 durable off-treatment remission의 증거로 전환하지 않는다.",bounded_evidence_summary,TED randomized-trial and authorized regional populations,NA (no comparator),existence and scope of randomized/regulatory evidence,2026-09-10 data cut,randomized TED evidence plus four-region authorization evidence; no GD-remission extrapolation,bounded narrative,728; 729; 731; 735; 780,https://dailymed.nlm.nih.gov/dailymed/drugInfo.cfm?setid=3e6c54a1-cefd-4a5b-a855-ab9f268b6cce; https://www.ema.europa.eu/en/medicines/human/EPAR/tepezza; https://www.gov.uk/government/news/mhra-approves-teprotumumab-as-the-first-uk-treatment-for-adults-with-moderate-to-severe-thyroid-eye-disease-ted; https://www.pmda.go.jp/drugs/2024/P20240919001/112292000_30600AMX00249_A100_1.pdf; https://clinicaltrials.gov/study/NCT01868997,TRIAL_RESULT_ANCHOR:TRIAL-RESULT-NCT01868997; SOURCE_ANCHOR:US-TEPEZZA-LABEL-INDICATION; SOURCE_ANCHOR:EU-EMA-TEPEZZA-INDICATION; SOURCE_ANCHOR:UK-MHRA-TEPEZZA-APPROVAL; SOURCE_ANCHOR:JP-PMDA-TEPEZZA-REVIEW-CONCLUSION,Acquired and hash-verified source document (text/html; charset=utf-8) | Acquired and hash-verified source document (text/html; charset=UTF-8) | Acquired and hash-verified source document (application/pdf) | Frozen full protocol and posted-results record,A1 regulator/NLM label repository | A1 regulator | A1 official registry,Yes,support,"The wording confirms presence, not superiority, and blocks extrapolation from TED/regulatory evidence to GD immune-remission endpoints.",support,support,NA (no first-pass correction required),final_displayed_blind_support,result_trial_curation_v2.csv; soc_outcomes_v2.csv,trial_id=NCT01868997; soc_id in SOC-US/EU/UK/JP-TED-TEPEZZA,a79c6b8f7ad79977bab1a48ff0ac47d0ca725cc5f7eb32a71a45073597bbf355,198,2026-09-10,2.0.0,"Within-agent blind QA pending; not independent validation. | Blind QA BLIND-0006 (BATCH-01): support; same coordinator, stance-hidden, not independent validation."
CONCLUSION-002,report_graves_ted_landscape_v2.md,report_graves_ted_landscape_v2.md::lines=271,1,"LCA-0321과 MER511은 anti-TSHR autoantibody axis를 직접 겨냥하는 Phase 1 programs이며, canonical analytic table의 evidence confidence는 각각 Low와 Low–moderate다.",direct_program_stage_confidence_summary,LCA-0321 and MER511 source-defined Phase 1 populations,NA (no comparator),"mechanistic target, phase, and evidence confidence",2026-09-10 data cut,LCA-0321: Phase 1/Low; MER511: Phase 1/Low–moderate,stage and confidence category,1; 2; 6; 7; 8; 898,https://lyciatx.com/pipeline/programs/; https://ctis.eu/trial/2025-524053-14-00; https://meridabio.com/pipeline-programs/; https://clinicaltrials.gov/study/NCT07305818; https://doi.org/10.1210/jendso/bvaf149.2238,"DIRECT_ANCHOR:LCA0321-SPONSOR-IDENTITY-MECHANISM; DIRECT_ANCHOR:LCA0321-CTIS-PHASE-STATUS; DIRECT_ANCHOR:MER511-SPONSOR-PRECISION-DESIGN; DIRECT_ANCHOR:MER511-NEXUS-OFFICIAL-TITLE; DIRECT_ANCHOR:MER511-OR31-AAB-B-CELL-MECHANISM; CANONICAL:pipeline_assets_v2.csv::assets=LCA-0321,MER511;field=evidence_confidence",Retrieved web-source document block | Retrieved registry document block | Retrieved abstract document block | Frozen full protocol record; no posted results at data cut,C1 sponsor primary | A1 official registry | B2 conference abstract,Yes,support,The claim reports bounded stage/confidence fields and avoids converting mechanistic proximity into efficacy or success probability.,support,support,NA (no first-pass correction required),final_displayed_blind_support,claim_evidence_anchors_v2.csv; pipeline_assets_v2.csv,"assets=LCA-0321,MER511; fields=target,highest_stage,evidence_confidence",31a03527e66e8c3f8a12696d85fd785aab9095bc0538620e12f7bd0ee15af5f8,199,2026-09-10,2.0.0,"Within-agent blind QA pending; not independent validation. | Blind QA BLIND-0102 (BATCH-05): support; same coordinator, stance-hidden, not independent validation."
HIST-NICE-08OCT,evidence_claims_v2.csv,ledger-only claim,0,NICE final guidance publication date is definitively 08 October 2026.,historical_failed_claim,Source-defined regional population,NA (no comparator),historical wording under correction,2026-09-10 data cut,NICE final guidance publication date is definitively 08 October 2026.,historical narrative,732; 733,https://www.nice.org.uk/guidance/indevelopment/gid-ta11995; https://www.nice.org.uk/guidance/gid-ta11531/documents/consultation-document-2,SOURCE_ANCHOR:UK-NICE-TEPEZZA-EXPECTED-DATE-TBC; SOURCE_ANCHOR:UK-NICE-TEPEZZA-PROVISIONAL-SCHEDULE; SOURCE_ANCHOR:UK-NICE-TEPEZZA-DRAFT-NOT-FINAL,Acquired and hash-verified source document (text/html; charset=utf-8) | Acquired and hash-verified source document (application/pdf),A1 public HTA body | A1 public HTA body—draft,Yes if displayed,contradict,The exact NICE status anchor says expected publication date TBC; the schedule is provisional and the draft is not final.,contradict,contradict,Ledger-only; corrected by SOC-CONFLICT-NICE and unresolved UK access wording.,ledger_only_blind_contradict,source_anchors_v2.csv,SOURCE_ANCHOR:UK-NICE-TEPEZZA-EXPECTED-DATE-TBC;SOURCE_ANCHOR:UK-NICE-TEPEZZA-PROVISIONAL-SCHEDULE;SOURCE_ANCHOR:UK-NICE-TEPEZZA-DRAFT-NOT-FINAL,d58a5c22ab79ea912bbf68c10314e3154da14f62eb39640eaa4c81331c2f3438,200,2026-09-10,2.0.0,"Historical failed/corrected claim retained for audit and included in stance-hidden packet; it is not displayed in the provisional report. | Blind QA BLIND-0069 (BATCH-03): contradict; same coordinator, stance-hidden, not independent validation."
HIST-JP-MERGED-WINDOW,evidence_claims_v2.csv,ledger-only claim,0,Japan guideline defines a single MMI-avoidance pregnancy window of 4w0d–15w6d.,historical_failed_claim,Source-defined regional population,NA (no comparator),historical wording under correction,2026-09-10 data cut,Japan guideline defines a single MMI-avoidance pregnancy window of 4w0d–15w6d.,historical narrative,741; 743,https://www.japanthyroid.jp/doctor/img/basedou_2019cq.pdf; https://www.japanthyroid.jp/doctor/abstract/abstract20.html,SOURCE_ANCHOR:JP-JTA2019-FCQ1; SOURCE_ANCHOR:JP-JTA2019-BCQ2; SOURCE_ANCHOR:JP-JTA2020-FCQ1-EXPLANATION,Acquired and hash-verified source document (application/pdf) | Acquired and hash-verified source document (text/html),A2 national society guideline | A2 society journal explanation,Yes if displayed,endpoint_mismatch,4w0d–15w6d is the broader BCQ2 first-choice exception; FCQ1's exact MMI-avoidance interval is 5w0d–9w6d.,endpoint_mismatch,endpoint_mismatch,Ledger-only; split into SOC-CONFLICT-JP-FCQ1 and SOC-CONFLICT-JP-BCQ2.,ledger_only_blind_endpoint_mismatch,source_anchors_v2.csv,SOURCE_ANCHOR:JP-JTA2019-FCQ1;SOURCE_ANCHOR:JP-JTA2019-BCQ2;SOURCE_ANCHOR:JP-JTA2020-FCQ1-EXPLANATION,d58a5c22ab79ea912bbf68c10314e3154da14f62eb39640eaa4c81331c2f3438,201,2026-09-10,2.0.0,"Historical failed/corrected claim retained for audit and included in stance-hidden packet; it is not displayed in the provisional report. | Blind QA BLIND-0178 (BATCH-08): endpoint_mismatch; same coordinator, stance-hidden, not independent validation."
HIST-KR-RAI-UNIFORM,evidence_claims_v2.csv,ledger-only claim,0,Korean Recommendation 5.3 uniformly states that steroid prophylaxis is recommended for inactive moderate-to-severe TED with additional risk factors.,historical_failed_claim,Source-defined regional population,NA (no comparator),historical wording under correction,2026-09-10 data cut,Korean Recommendation 5.3 uniformly states that steroid prophylaxis is recommended for inactive moderate-to-severe TED with additional risk factors.,historical narrative,28,https://www.e-enm.org/upload/pdf/enm-2025-2464.pdf,SOURCE_ANCHOR:KR-KTA2025-RAI-R5.3-NARRATIVE; SOURCE_ANCHOR:KR-KTA2025-RAI-R5.3-TABLE,Acquired and hash-verified source document (application/pdf),A2 national society guideline,Yes if displayed,insufficient,"Table 3 uses recommended, whereas the narrative uses may be considered; one uniform strength cannot be assigned.",insufficient,insufficient,Ledger-only; corrected by SOC-CONFLICT-KR-RAI with Severity 3 disclosure.,ledger_only_blind_insufficient,source_anchors_v2.csv,SOURCE_ANCHOR:KR-KTA2025-RAI-R5.3-NARRATIVE;SOURCE_ANCHOR:KR-KTA2025-RAI-R5.3-TABLE,d58a5c22ab79ea912bbf68c10314e3154da14f62eb39640eaa4c81331c2f3438,202,2026-09-10,2.0.0,"Historical failed/corrected claim retained for audit and included in stance-hidden packet; it is not displayed in the provisional report. | Blind QA BLIND-0131 (BATCH-06): insufficient; same coordinator, stance-hidden, not independent validation."
