source_id,canonical_id_status,title,issuer_or_journal,publication_or_event_date,year,url,doi,registry_id,source_type,evidence_tier,access_depth,exact_locator_availability,locator,last_verified,r_and_d_implication,reference_text,data_cut,schema_version
1,recovered_legacy_web_index_collision_resolved,Programs - Lycia Therapeutics,Lycia Therapeutics,2025-02-06,2025,https://lyciatx.com/pipeline/programs/,NA (no DOI),NA (no registry ID),company pipeline,C1 sponsor primary,Retrieved web-source document block,Yes (3 canonical exact quote anchors),claim_evidence_anchors_v2.csv::source_id=1; LCA-0321 program section,2026-09-11 (legacy source recovery against frozen cut),Confirms LCA-0321 identity and anti-TSHR autoantibody LYTAC-degrader design; no human efficacy inference.,Lycia Therapeutics. Programs - Lycia Therapeutics. 2025-02-06. https://lyciatx.com/pipeline/programs/,2026-09-10,2.0.0
2,recovered_legacy_web_index_collision_resolved,Graves Disease · Phase I (2025-524053-14-00) | CTIS.eu,Clinical Trials Information System (CTIS),2026-09-10 registry cut,2026,https://ctis.eu/trial/2025-524053-14-00,NA (no DOI),2025-524053-14-00,official trial registry,A1 official registry,Retrieved registry document block,Yes (3 canonical exact quote anchors),claim_evidence_anchors_v2.csv::source_id=2; CTIS 2025-524053-14-00 trial summary,2026-09-11 (legacy source recovery against frozen cut),Confirms the recruiting first-in-human LCA-0321 SAD/MAD study and planned enrollment; no efficacy result is posted.,Clinical Trials Information System (CTIS). Graves Disease · Phase I (2025-524053-14-00) | CTIS.eu. 2026-09-10 registry cut. https://ctis.eu/trial/2025-524053-14-00,2026-09-10,2.0.0
6,recovered_legacy_web_index_collision_resolved,Pipeline & Programs - Merida Biosciences,Merida Biosciences,2024-06-26 page metadata,2024,https://meridabio.com/pipeline-programs/,NA (no DOI),NA (no registry ID),company pipeline,C1 sponsor primary,Retrieved web-source document block,Yes (3 canonical exact quote anchors),claim_evidence_anchors_v2.csv::source_id=6; Graves disease/TED and MER511 program sections,2026-09-11 (legacy source recovery against frozen cut),Supports the sponsor-described MER511 anti-TSHR autoantibody and antigen-specific B-cell-source mechanism; human efficacy remains unknown.,Merida Biosciences. Pipeline & Programs - Merida Biosciences. 2024-06-26 page metadata. https://meridabio.com/pipeline-programs/,2026-09-10,2.0.0
7,recovered_legacy_web_index_collision_resolved,NEXUS Study: A Study to Test Single and Multiple Doses of MER511 Given to Adults With Graves' Disease,ClinicalTrials.gov,2026-09-10 registry cut,2026,https://clinicaltrials.gov/study/NCT07305818,NA (no DOI),NCT07305818,official trial registry,A1 official registry,Retrieved registry document block,Yes (4 canonical exact quote anchors),"claim_evidence_anchors_v2.csv::source_id=7; NCT07305818 identification, design, intervention and outcome modules",2026-09-11 (legacy source recovery against frozen cut),Confirms NEXUS Phase 1 IV/SC MER511 design and recruiting status at the frozen cut.,ClinicalTrials.gov. NEXUS Study: A Study to Test Single and Multiple Doses of MER511 Given to Adults With Graves' Disease. 2026-09-10 registry cut. https://clinicaltrials.gov/study/NCT07305818,2026-09-10,2.0.0
8,recovered_legacy_web_index_collision_resolved,OR31-05 Specific and Deep Depletion of anti-TSHR Autoantibodies for the Treatment of Graves’ and Thyroid Eye Disease,Journal of the Endocrine Society,2025-10-01,2025,https://doi.org/10.1210/jendso/bvaf149.2238,10.1210/jendso/bvaf149.2238,NA (no registry ID),peer-reviewed congress abstract,B2 conference abstract,Retrieved abstract document block,Yes (4 canonical exact quote anchors),claim_evidence_anchors_v2.csv::source_id=8; OR31-05 abstract,2026-09-11 (legacy source recovery against frozen cut),Provides preclinical mechanism and patient-sample evidence for MER511; not clinical efficacy evidence.,Journal of the Endocrine Society. OR31-05 Specific and Deep Depletion of anti-TSHR Autoantibodies for the Treatment of Graves’ and Thyroid Eye Disease. 2025-10-01. https://doi.org/10.1210/jendso/bvaf149.2238,2026-09-10,2.0.0
12,preserved_v1+scholarly,Outcomes of Surgery Versus Radioactive Iodine as Definitive Therapy in Pediatric Graves' Disease: A Systematic Review and Meta-Analysis of Cohort Studies,World Journal of Surgery,2026,2026,https://doi.org/10.1002/wjs.70247,10.1002/wjs.70247,NA (no registry ID),meta-analysis,B0 scholarly discovery metadata; claim-level appraisal required,Structured metadata and abstract,No (not an exact full-text anchor),references.jsonl citation_id=cit_92225a329011,2026-09-10 (scholarly metadata capture),"Discovery/context record; quantitative, mechanistic, or comparative claims require deeper source verification.",Outcomes of Surgery Versus Radioactive Iodine as Definitive Therapy in Pediatric Graves' Disease: A Systematic Review and Meta-Analysis of Cohort Studies (2026). World Journal of Surgery. https://doi.org/10.1002/wjs.70247,2026-09-10,2.0.0
13,preserved_v1+scholarly,Outcomes of Radioactive Iodine Versus Surgery for the Treatment of Graves’ Disease: a Systematic Review and Meta-analysis,Indian Journal of Surgery,2023,2023,https://doi.org/10.1007/s12262-023-03692-5,10.1007/s12262-023-03692-5,NA (no registry ID),meta-analysis,B0 scholarly discovery metadata; claim-level appraisal required,Structured metadata and abstract,No (not an exact full-text anchor),references.jsonl citation_id=cit_5ebcf4e92c5e,2026-09-10 (scholarly metadata capture),"Discovery/context record; quantitative, mechanistic, or comparative claims require deeper source verification.",Outcomes of Radioactive Iodine Versus Surgery for the Treatment of Graves’ Disease: a Systematic Review and Meta-analysis (2023). Indian Journal of Surgery. https://doi.org/10.1007/s12262-023-03692-5,2026-09-10,2.0.0
14,preserved_v1+scholarly,Comparative Effectiveness of Treatment Choices for Graves' Hyperthyroidism: A Historical Cohort Study,Thyroid,2017,2017,https://doi.org/10.1089/thy.2016.0343,10.1089/thy.2016.0343,NA (no registry ID),cohort study,B0 scholarly discovery metadata; claim-level appraisal required,Structured metadata and abstract,No (not an exact full-text anchor),references.jsonl citation_id=cit_78a511d8cc0a,2026-09-10 (scholarly metadata capture),"Discovery/context record; quantitative, mechanistic, or comparative claims require deeper source verification.",Comparative Effectiveness of Treatment Choices for Graves' Hyperthyroidism: A Historical Cohort Study (2017). Thyroid. https://doi.org/10.1089/thy.2016.0343,2026-09-10,2.0.0
15,preserved_v1+scholarly,Comparative Effectiveness of Therapies for Graves' Hyperthyroidism: A Systematic Review and Network Meta-Analysis,The Journal of Clinical Endocrinology & Metabolism,2013,2013,https://doi.org/10.1210/jc.2013-1954,10.1210/jc.2013-1954,NA (no registry ID),meta-analysis,B0 scholarly discovery metadata; claim-level appraisal required,Structured metadata and abstract,No (not an exact full-text anchor),references.jsonl citation_id=cit_861f9beb7bf7,2026-09-10 (scholarly metadata capture),"Discovery/context record; quantitative, mechanistic, or comparative claims require deeper source verification.",Comparative Effectiveness of Therapies for Graves' Hyperthyroidism: A Systematic Review and Network Meta-Analysis (2013). The Journal of Clinical Endocrinology & Metabolism. https://doi.org/10.1210/jc.2013-1954,2026-09-10,2.0.0
16,preserved_v1+scholarly,Effectiveness of Radioiodine Therapy for Graves' Hyperthyroidism: A Quality-of-Life Assessment,Current Internal Medicine Research and Practice Surabaya Journal,2025,2025,https://doi.org/10.20473/cimrj.v6i2.53131,10.20473/cimrj.v6i2.53131,NA (no registry ID),systematic review,B0 scholarly discovery metadata; claim-level appraisal required,Structured metadata and abstract,No (not an exact full-text anchor),references.jsonl citation_id=cit_c46aa55f6e31,2026-09-10 (scholarly metadata capture),"Discovery/context record; quantitative, mechanistic, or comparative claims require deeper source verification.",Effectiveness of Radioiodine Therapy for Graves' Hyperthyroidism: A Quality-of-Life Assessment (2025). Current Internal Medicine Research and Practice Surabaya Journal. https://doi.org/10.20473/cimrj.v6i2.53131,2026-09-10,2.0.0
17,preserved_v1+scholarly,Comparative analysis of radioactive iodine versus thyroidectomy for definitive treatment of Graves disease,Surgery,2017,2017,https://doi.org/10.1016/j.surg.2016.06.066,10.1016/j.surg.2016.06.066,NA (no registry ID),other,B0 scholarly discovery metadata; claim-level appraisal required,Structured metadata and abstract,No (not an exact full-text anchor),references.jsonl citation_id=cit_45d1ba6e79ca,2026-09-10 (scholarly metadata capture),"Discovery/context record; quantitative, mechanistic, or comparative claims require deeper source verification.",Comparative analysis of radioactive iodine versus thyroidectomy for definitive treatment of Graves disease (2017). Surgery. https://doi.org/10.1016/j.surg.2016.06.066,2026-09-10,2.0.0
18,preserved_v1+scholarly,"Comparing the Health-Related Quality of Life at Two Years After Successful Treatment of Relapsed Graves' Disease With Radiofrequency Ablation, Surgery, or Radioiodine",World Journal of Surgery,2025,2025,https://doi.org/10.1002/wjs.70035,10.1002/wjs.70035,NA (no registry ID),cohort study,B0 scholarly discovery metadata; claim-level appraisal required,Structured metadata and abstract,No (not an exact full-text anchor),references.jsonl citation_id=cit_1bc83f21fd5b,2026-09-10 (scholarly metadata capture),"Discovery/context record; quantitative, mechanistic, or comparative claims require deeper source verification.","Comparing the Health-Related Quality of Life at Two Years After Successful Treatment of Relapsed Graves' Disease With Radiofrequency Ablation, Surgery, or Radioiodine (2025). World Journal of Surgery. https://doi.org/10.1002/wjs.70035",2026-09-10,2.0.0
19,preserved_v1+scholarly,The Long-Term Outcome of Treatment for Graves' Hyperthyroidism,Thyroid®,2019,2019,https://doi.org/10.1089/thy.2019.0085,10.1089/thy.2019.0085,NA (no registry ID),cohort study,B0 scholarly discovery metadata; claim-level appraisal required,Structured metadata and abstract,No (not an exact full-text anchor),references.jsonl citation_id=cit_e29c6ace5d21,2026-09-10 (scholarly metadata capture),"Discovery/context record; quantitative, mechanistic, or comparative claims require deeper source verification.",The Long-Term Outcome of Treatment for Graves' Hyperthyroidism (2019). Thyroid®. https://doi.org/10.1089/thy.2019.0085,2026-09-10,2.0.0
20,preserved_v1+scholarly,"Comparison of Anti Thyroid Drugs, Radioactive Iodine and Surgery for Graves’ Disease: A Systematic Review and Meta-Analysis",‎ InaJEMD - Indonesian Journal of Endocrinology Metabolic and Diabetes,2024,2024,https://doi.org/10.66266/a7w4n529,10.66266/a7w4n529,NA (no registry ID),meta-analysis,B0 scholarly discovery metadata; claim-level appraisal required,Structured metadata and abstract,No (not an exact full-text anchor),references.jsonl citation_id=cit_a7e8da5afacb,2026-09-10 (scholarly metadata capture),"Discovery/context record; quantitative, mechanistic, or comparative claims require deeper source verification.","Comparison of Anti Thyroid Drugs, Radioactive Iodine and Surgery for Graves’ Disease: A Systematic Review and Meta-Analysis (2024). ‎ InaJEMD - Indonesian Journal of Endocrinology Metabolic and Diabetes. https://doi.org/10.66266/a7w4n529",2026-09-10,2.0.0
21,preserved_v1+scholarly,"A comparison of cardiovascular disease, cancer, mortality, and Graves' ophthalmopathy following treatment for hyperthyroidism: A Bayesian network meta-analysis",World Journal of Surgery,2024,2024,https://doi.org/10.1002/wjs.12066,10.1002/wjs.12066,NA (no registry ID),meta-analysis,B0 scholarly discovery metadata; claim-level appraisal required,Structured metadata and abstract,No (not an exact full-text anchor),references.jsonl citation_id=cit_03f5817bbe19,2026-09-10 (scholarly metadata capture),"Discovery/context record; quantitative, mechanistic, or comparative claims require deeper source verification.","A comparison of cardiovascular disease, cancer, mortality, and Graves' ophthalmopathy following treatment for hyperthyroidism: A Bayesian network meta-analysis (2024). World Journal of Surgery. https://doi.org/10.1002/wjs.12066",2026-09-10,2.0.0
22,preserved_v1+scholarly,"Outcomes of Graves’ Disease Patients Following Antithyroid Drugs, Radioactive Iodine, or Thyroidectomy as the First-line Treatment",Annals of Surgery,2021,2021,https://doi.org/10.1097/sla.0000000000004828,10.1097/sla.0000000000004828,NA (no registry ID),NA (study type unavailable),B0 scholarly discovery metadata; claim-level appraisal required,Structured metadata and abstract,No (not an exact full-text anchor),references.jsonl citation_id=cit_ed48c30899d6,2026-09-10 (scholarly metadata capture),"Discovery/context record; quantitative, mechanistic, or comparative claims require deeper source verification.","Outcomes of Graves’ Disease Patients Following Antithyroid Drugs, Radioactive Iodine, or Thyroidectomy as the First-line Treatment (2021). Annals of Surgery. https://doi.org/10.1097/sla.0000000000004828",2026-09-10,2.0.0
23,preserved_v1+scholarly,Effect of Different Therapeutic Approaches on Quality of Life of Patients with Graves’ disease: A Systematic Review and Meta-Analysis Running title: Treatment and Quality of Life in Graves’ Disease,NA (journal unavailable),2026,2026,https://doi.org/10.21203/rs.3.rs-9661309/v1,10.21203/rs.3.rs-9661309/v1,NA (no registry ID),NA (study type unavailable),B0 scholarly discovery metadata; claim-level appraisal required,Structured metadata and abstract,No (not an exact full-text anchor),references.jsonl citation_id=cit_07036ff9cd93,2026-09-10 (scholarly metadata capture),"Discovery/context record; quantitative, mechanistic, or comparative claims require deeper source verification.",Effect of Different Therapeutic Approaches on Quality of Life of Patients with Graves’ disease: A Systematic Review and Meta-Analysis Running title: Treatment and Quality of Life in Graves’ Disease (2026). . https://doi.org/10.21203/rs.3.rs-9661309/v1,2026-09-10,2.0.0
24,preserved_v1+scholarly,Unveiling Promising Modalities and Enhancing Patient Outcomes in Graves’ Disease Treatment: A Systematic Review and Meta-Analysis,Cureus,2024,2024,https://doi.org/10.7759/cureus.60829,10.7759/cureus.60829,NA (no registry ID),NA (study type unavailable),B0 scholarly discovery metadata; claim-level appraisal required,Structured metadata and abstract,No (not an exact full-text anchor),references.jsonl citation_id=cit_69007003f729,2026-09-10 (scholarly metadata capture),"Discovery/context record; quantitative, mechanistic, or comparative claims require deeper source verification.",Unveiling Promising Modalities and Enhancing Patient Outcomes in Graves’ Disease Treatment: A Systematic Review and Meta-Analysis (2024). Cureus. https://doi.org/10.7759/cureus.60829,2026-09-10,2.0.0
25,preserved_v1+scholarly,What Is the Best Definitive Treatment for Graves’ Disease? A Systematic Review of the Existing Literature,Annals of Surgical Oncology,2012,2012,https://doi.org/10.1245/s10434-012-2606-x,10.1245/s10434-012-2606-x,NA (no registry ID),NA (study type unavailable),B0 scholarly discovery metadata; claim-level appraisal required,Structured metadata and abstract,No (not an exact full-text anchor),references.jsonl citation_id=cit_953a2a017d69,2026-09-10 (scholarly metadata capture),"Discovery/context record; quantitative, mechanistic, or comparative claims require deeper source verification.",What Is the Best Definitive Treatment for Graves’ Disease? A Systematic Review of the Existing Literature (2012). Annals of Surgical Oncology. https://doi.org/10.1245/s10434-012-2606-x,2026-09-10,2.0.0
26,preserved_v1,2016 American Thyroid Association Guidelines for Diagnosis and Management of Hyperthyroidism and Other Causes of Thyrotoxicosis,American Thyroid Association,2016-10-01,2016,https://www.liebertpub.com/doi/pdf/10.1089/thy.2016.0229,10.1089/thy.2016.0229,NA (no registry ID),guideline,A2 society guideline,Acquired and hash-verified source document (application/pdf;charset=UTF-8),Yes (18 canonical exact quote anchors),numbered recommendations; exact recommendation use requires acquired full text and correction check,2026-09-11T05:22:40+00:00,Primary guideline; correction handled as a separate source. Acquisition route: pre-cut Internet Archive snapshot of the open publisher PDF; origin URL retained in url field.,American Thyroid Association. 2016 American Thyroid Association Guidelines for Diagnosis and Management of Hyperthyroidism and Other Causes of Thyrotoxicosis. 2016-10-01. https://www.liebertpub.com/doi/pdf/10.1089/thy.2016.0229,2026-09-10,2.0.0
27,preserved_v1+scholarly,Review of American Thyroid Association guidelines for diagnosis and management of hyperthyroidism and other causes of thyrotoxicosis.,Clinical and experimental thyroidology,2017,2017,https://doi.org/10.14341/ket2017345-56,10.14341/ket2017345-56,NA (no registry ID),systematic review,B0 scholarly discovery metadata; claim-level appraisal required,Structured metadata and abstract,No (not an exact full-text anchor),references.jsonl citation_id=cit_721685b25712,2026-09-10 (scholarly metadata capture),"Discovery/context record; quantitative, mechanistic, or comparative claims require deeper source verification.",Review of American Thyroid Association guidelines for diagnosis and management of hyperthyroidism and other causes of thyrotoxicosis. (2017). Clinical and experimental thyroidology. https://doi.org/10.14341/ket2017345-56,2026-09-10,2.0.0
28,preserved_v1,2025 Korean Thyroid Association Management Guidelines for Radioactive Iodine Therapy in Patients with Hyperthyroidism,Korean Thyroid Association,2025-06-24,2025,https://www.e-enm.org/upload/pdf/enm-2025-2464.pdf,10.3803/enm.2025.2464,NA (no registry ID),guideline,A2 national society guideline,Acquired and hash-verified source document (application/pdf),Yes (29 canonical exact quote anchors),recommendations 1.1.1-6.4 and recommendation summary table,2026-09-11T05:22:40+00:00,Recommendation 5.3 narrative/table wording requires explicit reconciliation.,Korean Thyroid Association. 2025 Korean Thyroid Association Management Guidelines for Radioactive Iodine Therapy in Patients with Hyperthyroidism. 2025-06-24. https://www.e-enm.org/upload/pdf/enm-2025-2464.pdf,2026-09-10,2.0.0
29,preserved_v1+scholarly,A 2023 International Survey of Clinical Practice Patterns in the Management of Graves' Disease: A Decade of Change.,The Journal of clinical endocrinology and metabolism,2024,2024,https://doi.org/10.1210/clinem/dgae222,10.1210/clinem/dgae222,NA (no registry ID),cross-sectional study,B0 scholarly discovery metadata; claim-level appraisal required,Structured metadata and abstract,No (not an exact full-text anchor),references.jsonl citation_id=cit_71754973bddf,2026-09-10 (scholarly metadata capture),"Discovery/context record; quantitative, mechanistic, or comparative claims require deeper source verification.",A 2023 International Survey of Clinical Practice Patterns in the Management of Graves' Disease: A Decade of Change. (2024). The Journal of clinical endocrinology and metabolism. https://doi.org/10.1210/clinem/dgae222,2026-09-10,2.0.0
30,preserved_v1+scholarly,Hyperthyroidism and Other Causes of Thyrotoxicosis: Management Guidelines of the American Thyroid Association and American Association of Clinical Endocrinologists,Thyroid,2011,2011,https://doi.org/10.1089/thy.2010.0417,10.1089/thy.2010.0417,NA (no registry ID),systematic review,B0 scholarly discovery metadata; claim-level appraisal required,Structured metadata and abstract,No (not an exact full-text anchor),references.jsonl citation_id=cit_475301f7aec9,2026-09-10 (scholarly metadata capture),"Discovery/context record; quantitative, mechanistic, or comparative claims require deeper source verification.",Hyperthyroidism and Other Causes of Thyrotoxicosis: Management Guidelines of the American Thyroid Association and American Association of Clinical Endocrinologists (2011). Thyroid. https://doi.org/10.1089/thy.2010.0417,2026-09-10,2.0.0
31,preserved_v1+scholarly,Management of Graves’ hyperthyroidism: present and future,Expert Review of Endocrinology & Metabolism,2022,2022,https://doi.org/10.1080/17446651.2022.2052044,10.1080/17446651.2022.2052044,NA (no registry ID),systematic review,B0 scholarly discovery metadata; claim-level appraisal required,Structured metadata and abstract,No (not an exact full-text anchor),references.jsonl citation_id=cit_e8abed54c9bd,2026-09-10 (scholarly metadata capture),"Discovery/context record; quantitative, mechanistic, or comparative claims require deeper source verification.",Management of Graves’ hyperthyroidism: present and future (2022). Expert Review of Endocrinology & Metabolism. https://doi.org/10.1080/17446651.2022.2052044,2026-09-10,2.0.0
32,preserved_v1+scholarly,A 2011 Survey of Clinical Practice Patterns in the Management of Graves' Disease,The Journal of Clinical Endocrinology & Metabolism,2012,2012,https://doi.org/10.1210/jc.2012-2802,10.1210/jc.2012-2802,NA (no registry ID),cross-sectional study,B0 scholarly discovery metadata; claim-level appraisal required,Structured metadata and abstract,No (not an exact full-text anchor),references.jsonl citation_id=cit_0259a4d3adba,2026-09-10 (scholarly metadata capture),"Discovery/context record; quantitative, mechanistic, or comparative claims require deeper source verification.",A 2011 Survey of Clinical Practice Patterns in the Management of Graves' Disease (2012). The Journal of Clinical Endocrinology & Metabolism. https://doi.org/10.1210/jc.2012-2802,2026-09-10,2.0.0
33,preserved_v1+scholarly,A Chinese survey on clinical practice in hyperthyroidism management: comparison with recent studies and guidelines,Endocrine Connections,2021,2021,https://doi.org/10.1530/ec-21-0340,10.1530/ec-21-0340,NA (no registry ID),cross-sectional study,B0 scholarly discovery metadata; claim-level appraisal required,Structured metadata and abstract,No (not an exact full-text anchor),references.jsonl citation_id=cit_41d3870271c6,2026-09-10 (scholarly metadata capture),"Discovery/context record; quantitative, mechanistic, or comparative claims require deeper source verification.",A Chinese survey on clinical practice in hyperthyroidism management: comparison with recent studies and guidelines (2021). Endocrine Connections. https://doi.org/10.1530/ec-21-0340,2026-09-10,2.0.0
34,preserved_v1+scholarly,Treatment of Hyperthyroidism in Graves' Disease Complicated by Thyroid Eye Disease,The Journal of Clinical Endocrinology & Metabolism,2025,2025,https://doi.org/10.1210/clinem/dgaf009,10.1210/clinem/dgaf009,NA (no registry ID),systematic review,B0 scholarly discovery metadata; claim-level appraisal required,Structured metadata and abstract,No (not an exact full-text anchor),references.jsonl citation_id=cit_b05cb4fd0f99,2026-09-10 (scholarly metadata capture),"Discovery/context record; quantitative, mechanistic, or comparative claims require deeper source verification.",Treatment of Hyperthyroidism in Graves' Disease Complicated by Thyroid Eye Disease (2025). The Journal of Clinical Endocrinology & Metabolism. https://doi.org/10.1210/clinem/dgaf009,2026-09-10,2.0.0
35,preserved_v1+scholarly,Long-Term Antithyroid Drug Therapy in the Management of Graves’ Hyperthyroidism: An Updated Narrative Review,Endocrine Practice,2026,2026,https://doi.org/10.1016/j.eprac.2026.05.005,10.1016/j.eprac.2026.05.005,NA (no registry ID),systematic review,B0 scholarly discovery metadata; claim-level appraisal required,Structured metadata and abstract,No (not an exact full-text anchor),references.jsonl citation_id=cit_e8c8e291bf25,2026-09-10 (scholarly metadata capture),"Discovery/context record; quantitative, mechanistic, or comparative claims require deeper source verification.",Long-Term Antithyroid Drug Therapy in the Management of Graves’ Hyperthyroidism: An Updated Narrative Review (2026). Endocrine Practice. https://doi.org/10.1016/j.eprac.2026.05.005,2026-09-10,2.0.0
36,preserved_v1+scholarly,The Diagnosis and Management of Hyperthyroidism in Korea: Consensus Report of the Korean Thyroid Association,Endocrinology and Metabolism,2013,2013,https://doi.org/10.3803/enm.2013.28.4.275,10.3803/enm.2013.28.4.275,NA (no registry ID),NA (study type unavailable),B0 scholarly discovery metadata; claim-level appraisal required,Structured metadata and abstract,No (not an exact full-text anchor),references.jsonl citation_id=cit_72177fc3019f,2026-09-10 (scholarly metadata capture),"Discovery/context record; quantitative, mechanistic, or comparative claims require deeper source verification.",The Diagnosis and Management of Hyperthyroidism in Korea: Consensus Report of the Korean Thyroid Association (2013). Endocrinology and Metabolism. https://doi.org/10.3803/enm.2013.28.4.275,2026-09-10,2.0.0
37,preserved_v1+scholarly,Medical Treatment of Graves' Disease,International Journal of Thyroidology,2019,2019,https://doi.org/10.11106/ijt.2019.12.2.79,10.11106/ijt.2019.12.2.79,NA (no registry ID),NA (study type unavailable),B0 scholarly discovery metadata; claim-level appraisal required,Structured metadata and abstract,No (not an exact full-text anchor),references.jsonl citation_id=cit_092a4e96dcf1,2026-09-10 (scholarly metadata capture),"Discovery/context record; quantitative, mechanistic, or comparative claims require deeper source verification.",Medical Treatment of Graves' Disease (2019). International Journal of Thyroidology. https://doi.org/10.11106/ijt.2019.12.2.79,2026-09-10,2.0.0
38,preserved_v1+scholarly,Shifting Paradigms in Graves' Disease Management: An Updated Survey of Clinical Practice and Emerging Trends,Clinical Thyroidology®,2024,2024,https://doi.org/10.1089/ct.2024;36.322-325,10.1089/ct.2024;36.322-325,NA (no registry ID),NA (study type unavailable),B0 scholarly discovery metadata; claim-level appraisal required,Structured metadata and abstract,No (not an exact full-text anchor),references.jsonl citation_id=cit_2c520ce2e51a,2026-09-10 (scholarly metadata capture),"Discovery/context record; quantitative, mechanistic, or comparative claims require deeper source verification.",Shifting Paradigms in Graves' Disease Management: An Updated Survey of Clinical Practice and Emerging Trends (2024). Clinical Thyroidology®. https://doi.org/10.1089/ct.2024;36.322-325,2026-09-10,2.0.0
39,preserved_v1,2018 European Thyroid Association Guideline for the Management of Graves' Hyperthyroidism,European Thyroid Association,2018-07-25,2018,https://pmc.ncbi.nlm.nih.gov/articles/PMC6140607/,10.1159/000490384,NA (no registry ID),guideline,A2 society guideline,Acquired and hash-verified source document (text/html; charset=utf-8),Yes (17 canonical exact quote anchors),"recommendations 5, 7-9, 13, 21-22, 28, 44, 47-48; pregnancy/lactation and older-adult sections",2026-09-11T05:22:44+00:00,"Use biochemical control, remission, relapse, and destructive control as distinct concepts.",European Thyroid Association. 2018 European Thyroid Association Guideline for the Management of Graves' Hyperthyroidism. 2018-07-25. https://pmc.ncbi.nlm.nih.gov/articles/PMC6140607/,2026-09-10,2.0.0
40,preserved_v1,バセドウ病治療ガイドライン2019 (guideline at a glance),Japanese Society of Internal Medicine; Japan Thyroid Association guideline authors,2022-11-10,2022,https://www.jstage.jst.go.jp/article/naika/111/11/111_2279/_pdf,10.2169/naika.111.2279,NA (no registry ID),guideline_summary,A2 society-linked guideline summary,Acquired and hash-verified source document (application/pdf;charset=UTF-8),Document acquired; no canonical exact quote anchor used,BCQ1-BCQ39 summary; pages 2279-2284,2026-09-11T05:22:44+00:00,Secondary summary of the 2019 JTA guideline; primary CQ PDF is source 741.,Japanese Society of Internal Medicine; Japan Thyroid Association guideline authors. バセドウ病治療ガイドライン2019 (guideline at a glance). 2022-11-10. https://www.jstage.jst.go.jp/article/naika/111/11/111_2279/_pdf,2026-09-10,2.0.0
41,preserved_v1+scholarly,"Guidelines for the diagnosis of Graves' disease, hypothyroidism, painless thyroiditis, chronic thyroiditis (Hashimoto's thyroiditis), and subacute thyroiditis (acute phase)",Thyroid Science,2025,2025,https://doi.org/10.1016/j.thscie.2025.100032,10.1016/j.thscie.2025.100032,NA (no registry ID),NA (study type unavailable),B0 scholarly discovery metadata; claim-level appraisal required,Structured metadata and abstract,No (not an exact full-text anchor),references.jsonl citation_id=cit_36f8d93a047c,2026-09-10 (scholarly metadata capture),"Discovery/context record; quantitative, mechanistic, or comparative claims require deeper source verification.","Guidelines for the diagnosis of Graves' disease, hypothyroidism, painless thyroiditis, chronic thyroiditis (Hashimoto's thyroiditis), and subacute thyroiditis (acute phase) (2025). Thyroid Science. https://doi.org/10.1016/j.thscie.2025.100032",2026-09-10,2.0.0
42,preserved_v1,2022 Update on Clinical Management of Graves Disease and Thyroid Eye Disease,Peer-reviewed authors,2022-06-01,2022,https://pmc.ncbi.nlm.nih.gov/articles/PMC9174594/,10.1016/j.ecl.2021.12.004,NA (no registry ID),review,B1 peer-reviewed clinical review,Acquired and hash-verified source document (text/html; charset=utf-8),Document acquired; no canonical exact quote anchor used,GD management and TED treatment sections,2026-09-11T05:22:45+00:00,Context source; guideline or regulator preferred for normative/status claims.,Peer-reviewed authors. 2022 Update on Clinical Management of Graves Disease and Thyroid Eye Disease. 2022-06-01. https://pmc.ncbi.nlm.nih.gov/articles/PMC9174594/,2026-09-10,2.0.0
43,preserved_v1+scholarly,Appropriate duration of antithyroid drug treatment as a predictor for relapse of Graves’ disease: a systematic scoping review,Journal of Endocrinological Investigation,2022,2022,https://doi.org/10.1007/s40618-021-01730-1,10.1007/s40618-021-01730-1,NA (no registry ID),systematic review,B0 scholarly discovery metadata; claim-level appraisal required,Structured metadata and abstract,No (not an exact full-text anchor),references.jsonl citation_id=cit_a2eca8e0ca22,2026-09-10 (scholarly metadata capture),"Discovery/context record; quantitative, mechanistic, or comparative claims require deeper source verification.",Appropriate duration of antithyroid drug treatment as a predictor for relapse of Graves’ disease: a systematic scoping review (2022). Journal of Endocrinological Investigation. https://doi.org/10.1007/s40618-021-01730-1,2026-09-10,2.0.0
44,preserved_v1+scholarly,Methimazole-Induced Remission Rates in Pediatric Graves' Disease: a Systematic Review.,European journal of endocrinology,2021,2021,https://doi.org/10.1530/eje-21-0077,10.1530/eje-21-0077,NA (no registry ID),systematic review,B0 scholarly discovery metadata; claim-level appraisal required,Structured metadata and abstract,No (not an exact full-text anchor),references.jsonl citation_id=cit_660ce0bcb308,2026-09-10 (scholarly metadata capture),"Discovery/context record; quantitative, mechanistic, or comparative claims require deeper source verification.",Methimazole-Induced Remission Rates in Pediatric Graves' Disease: a Systematic Review. (2021). European journal of endocrinology. https://doi.org/10.1530/eje-21-0077,2026-09-10,2.0.0
45,preserved_v1+scholarly,Increased Remission Rates After Long-Term Methimazole Therapy in Patients with Graves' Disease: Results of a Randomized Clinical Trial,Thyroid,2019,2019,https://doi.org/10.1089/thy.2019.0180,10.1089/thy.2019.0180,NA (no registry ID),rct,B0 scholarly discovery metadata; claim-level appraisal required,Structured metadata and abstract,No (not an exact full-text anchor),references.jsonl citation_id=cit_e3ea9d076e15,2026-09-10 (scholarly metadata capture),"Discovery/context record; quantitative, mechanistic, or comparative claims require deeper source verification.",Increased Remission Rates After Long-Term Methimazole Therapy in Patients with Graves' Disease: Results of a Randomized Clinical Trial (2019). Thyroid. https://doi.org/10.1089/thy.2019.0180,2026-09-10,2.0.0
46,preserved_v1+scholarly,Long-Term Antithyroid Drug Treatment: A Systematic Review and Meta-Analysis,Thyroid®,2017,2017,https://doi.org/10.1089/thy.2016.0652,10.1089/thy.2016.0652,NA (no registry ID),meta-analysis,B0 scholarly discovery metadata; claim-level appraisal required,Structured metadata and abstract,No (not an exact full-text anchor),references.jsonl citation_id=cit_656a0c7c94e0,2026-09-10 (scholarly metadata capture),"Discovery/context record; quantitative, mechanistic, or comparative claims require deeper source verification.",Long-Term Antithyroid Drug Treatment: A Systematic Review and Meta-Analysis (2017). Thyroid®. https://doi.org/10.1089/thy.2016.0652,2026-09-10,2.0.0
47,preserved_v1+scholarly,Risk of recurrence at the time of withdrawal of short- or long-term methimazole therapy in patients with Graves’ hyperthyroidism: a randomized trial and a risk-scoring model,Endocrine,2024,2024,https://doi.org/10.1007/s12020-023-03656-5,10.1007/s12020-023-03656-5,NA (no registry ID),rct,B0 scholarly discovery metadata; claim-level appraisal required,Structured metadata and abstract,No (not an exact full-text anchor),references.jsonl citation_id=cit_f5e17f622493,2026-09-10 (scholarly metadata capture),"Discovery/context record; quantitative, mechanistic, or comparative claims require deeper source verification.",Risk of recurrence at the time of withdrawal of short- or long-term methimazole therapy in patients with Graves’ hyperthyroidism: a randomized trial and a risk-scoring model (2024). Endocrine. https://doi.org/10.1007/s12020-023-03656-5,2026-09-10,2.0.0
48,preserved_v1+scholarly,Effect of Antithyroid Drugs Treatment Duration on The Remission Rates of Graves' Disease in Children and Adolescents: A Single-Arm Meta-Analysis and Systematic Review,Clinical Endocrinology,2024,2024,https://doi.org/10.1111/cen.15159,10.1111/cen.15159,NA (no registry ID),meta-analysis,B0 scholarly discovery metadata; claim-level appraisal required,Structured metadata and abstract,No (not an exact full-text anchor),references.jsonl citation_id=cit_bced1ba2cb84,2026-09-10 (scholarly metadata capture),"Discovery/context record; quantitative, mechanistic, or comparative claims require deeper source verification.",Effect of Antithyroid Drugs Treatment Duration on The Remission Rates of Graves' Disease in Children and Adolescents: A Single-Arm Meta-Analysis and Systematic Review (2024). Clinical Endocrinology. https://doi.org/10.1111/cen.15159,2026-09-10,2.0.0
49,preserved_v1+scholarly,Long-term outcomes of anti-thyroid drug treatment in childhood-onset Graves' disease,Clinical Endocrinology,2023,2023,https://doi.org/10.1111/cen.14869,10.1111/cen.14869,NA (no registry ID),cohort study,B0 scholarly discovery metadata; claim-level appraisal required,Structured metadata and abstract,No (not an exact full-text anchor),references.jsonl citation_id=cit_b3e1d3e0dfb3,2026-09-10 (scholarly metadata capture),"Discovery/context record; quantitative, mechanistic, or comparative claims require deeper source verification.",Long-term outcomes of anti-thyroid drug treatment in childhood-onset Graves' disease (2023). Clinical Endocrinology. https://doi.org/10.1111/cen.14869,2026-09-10,2.0.0
50,preserved_v1+scholarly,Antithyroid drugs and Graves' disease — prospective randomized assessment of long-term treatment,Clinical Endocrinology,1999,1999,https://doi.org/10.1046/j.1365-2265.1999.00629.x,10.1046/j.1365-2265.1999.00629.x,NA (no registry ID),rct,B0 scholarly discovery metadata; claim-level appraisal required,Structured metadata and abstract,No (not an exact full-text anchor),references.jsonl citation_id=cit_3ef62304e906,2026-09-10 (scholarly metadata capture),"Discovery/context record; quantitative, mechanistic, or comparative claims require deeper source verification.",Antithyroid drugs and Graves' disease — prospective randomized assessment of long-term treatment (1999). Clinical Endocrinology. https://doi.org/10.1046/j.1365-2265.1999.00629.x,2026-09-10,2.0.0
51,preserved_v1+scholarly,Long-term management of Graves disease: a narrative review,Journal of Yeungnam Medical Science,2023,2023,https://doi.org/10.12701/jyms.2022.00444,10.12701/jyms.2022.00444,NA (no registry ID),literature review,B0 scholarly discovery metadata; claim-level appraisal required,Structured metadata and abstract,No (not an exact full-text anchor),references.jsonl citation_id=cit_f34ed0fcad71,2026-09-10 (scholarly metadata capture),"Discovery/context record; quantitative, mechanistic, or comparative claims require deeper source verification.",Long-term management of Graves disease: a narrative review (2023). Journal of Yeungnam Medical Science. https://doi.org/10.12701/jyms.2022.00444,2026-09-10,2.0.0
52,preserved_v1+scholarly,A systematic review of drug therapy for Graves’ hyperthyroidism,European Journal of Endocrinology,2005,2005,https://doi.org/10.1530/eje.1.01993,10.1530/eje.1.01993,NA (no registry ID),NA (study type unavailable),B0 scholarly discovery metadata; claim-level appraisal required,Structured metadata and abstract,No (not an exact full-text anchor),references.jsonl citation_id=cit_2ca5439a87cf,2026-09-10 (scholarly metadata capture),"Discovery/context record; quantitative, mechanistic, or comparative claims require deeper source verification.",A systematic review of drug therapy for Graves’ hyperthyroidism (2005). European Journal of Endocrinology. https://doi.org/10.1530/eje.1.01993,2026-09-10,2.0.0
53,preserved_v1+scholarly,A short review of current knowledge regarding long-term treatment of Graves’ disease with antithyroid drugs,Hormones,2024,2024,https://doi.org/10.1007/s42000-024-00618-y,10.1007/s42000-024-00618-y,NA (no registry ID),NA (study type unavailable),B0 scholarly discovery metadata; claim-level appraisal required,Structured metadata and abstract,No (not an exact full-text anchor),references.jsonl citation_id=cit_6576f27cd20b,2026-09-10 (scholarly metadata capture),"Discovery/context record; quantitative, mechanistic, or comparative claims require deeper source verification.",A short review of current knowledge regarding long-term treatment of Graves’ disease with antithyroid drugs (2024). Hormones. https://doi.org/10.1007/s42000-024-00618-y,2026-09-10,2.0.0
54,preserved_v1+scholarly,Faculty Opinions recommendation of Benefits of Long-Term Continuation of Low-Dose Methimazole Therapy in the Prevention of Recurrent Hyperthyroidism in Graves' Hyperthyroid Patients: A Randomized Prospective Controlled Study.,Faculty Opinions – Post-Publication Peer Review of the Biomedical Literature,2023,2023,https://doi.org/10.3410/f.742586415.793598199,10.3410/f.742586415.793598199,NA (no registry ID),NA (study type unavailable),B0 scholarly discovery metadata; claim-level appraisal required,Structured metadata and abstract,No (not an exact full-text anchor),references.jsonl citation_id=cit_176ef6038fe8,2026-09-10 (scholarly metadata capture),"Discovery/context record; quantitative, mechanistic, or comparative claims require deeper source verification.",Faculty Opinions recommendation of Benefits of Long-Term Continuation of Low-Dose Methimazole Therapy in the Prevention of Recurrent Hyperthyroidism in Graves' Hyperthyroid Patients: A Randomized Prospective Controlled Study. (2023). Faculty Opinions – Post-Publication Peer Review of the Biomedical Literature. https://doi.org/10.3410/f.742586415.793598199,2026-09-10,2.0.0
55,preserved_v1+scholarly,Long-Term Treatment with Antithyroid Drugs: Efficacy and Safety,International Journal of Endocrinology and Metabolism,2020,2020,https://doi.org/10.5812/ijem.101487,10.5812/ijem.101487,NA (no registry ID),NA (study type unavailable),B0 scholarly discovery metadata; claim-level appraisal required,Structured metadata and abstract,No (not an exact full-text anchor),references.jsonl citation_id=cit_44b6a473ead8,2026-09-10 (scholarly metadata capture),"Discovery/context record; quantitative, mechanistic, or comparative claims require deeper source verification.",Long-Term Treatment with Antithyroid Drugs: Efficacy and Safety (2020). International Journal of Endocrinology and Metabolism. https://doi.org/10.5812/ijem.101487,2026-09-10,2.0.0
56,preserved_v1+scholarly,Long-Term Antithyroid Drug Treatment of Patients With Graves’ Disease,Clinical Thyroidology,2019,2019,https://doi.org/10.1089/ct.2019;31.230-233,10.1089/ct.2019;31.230-233,NA (no registry ID),NA (study type unavailable),B0 scholarly discovery metadata; claim-level appraisal required,Structured metadata and abstract,No (not an exact full-text anchor),references.jsonl citation_id=cit_45252e238048,2026-09-10 (scholarly metadata capture),"Discovery/context record; quantitative, mechanistic, or comparative claims require deeper source verification.",Long-Term Antithyroid Drug Treatment of Patients With Graves’ Disease (2019). Clinical Thyroidology. https://doi.org/10.1089/ct.2019;31.230-233,2026-09-10,2.0.0
57,preserved_v1+scholarly,Risk Factors for the Relapse of Graves’ Disease Treated With Antithyroid Drugs: A Systematic Review and Meta-analysis,Clinical Therapeutics,2020,2020,https://doi.org/10.1016/j.clinthera.2020.01.022,10.1016/j.clinthera.2020.01.022,NA (no registry ID),NA (study type unavailable),B0 scholarly discovery metadata; claim-level appraisal required,Structured metadata and abstract,No (not an exact full-text anchor),references.jsonl citation_id=cit_a9268ffc14f9,2026-09-10 (scholarly metadata capture),"Discovery/context record; quantitative, mechanistic, or comparative claims require deeper source verification.",Risk Factors for the Relapse of Graves’ Disease Treated With Antithyroid Drugs: A Systematic Review and Meta-analysis (2020). Clinical Therapeutics. https://doi.org/10.1016/j.clinthera.2020.01.022,2026-09-10,2.0.0
58,preserved_v1+scholarly,Follicular Helper T Cells in Graves' Disease: Pathogenic Mechanisms and Therapeutic Implications.,American journal of physiology. Endocrinology and metabolism,2025,2025,https://doi.org/10.1152/ajpendo.00023.2025,10.1152/ajpendo.00023.2025,NA (no registry ID),NA (study type unavailable),B0 scholarly discovery metadata; claim-level appraisal required,Structured metadata and abstract,No (not an exact full-text anchor),references.jsonl citation_id=cit_bf827a3cf408,2026-09-10 (scholarly metadata capture),"Discovery/context record; quantitative, mechanistic, or comparative claims require deeper source verification.",Follicular Helper T Cells in Graves' Disease: Pathogenic Mechanisms and Therapeutic Implications. (2025). American journal of physiology. Endocrinology and metabolism. https://doi.org/10.1152/ajpendo.00023.2025,2026-09-10,2.0.0
59,preserved_v1+scholarly,CD11c+ B Cells Participate in the Pathogenesis of Graves’ Disease by Secreting Thyroid Autoantibodies and Cytokines,Frontiers in Immunology,2022,2022,https://doi.org/10.3389/fimmu.2022.836347,10.3389/fimmu.2022.836347,NA (no registry ID),non-rct in vitro,B0 scholarly discovery metadata; claim-level appraisal required,Structured metadata and abstract,No (not an exact full-text anchor),references.jsonl citation_id=cit_f5dd069459f5,2026-09-10 (scholarly metadata capture),"Discovery/context record; quantitative, mechanistic, or comparative claims require deeper source verification.",CD11c+ B Cells Participate in the Pathogenesis of Graves’ Disease by Secreting Thyroid Autoantibodies and Cytokines (2022). Frontiers in Immunology. https://doi.org/10.3389/fimmu.2022.836347,2026-09-10,2.0.0
60,preserved_v1+scholarly,Single-Cell RNA Sequencing of Thyroid Tissues Reveals Pathogenesis of Graves' Disease,Advanced Science,2025,2025,https://doi.org/10.1002/advs.202508449,10.1002/advs.202508449,NA (no registry ID),NA (study type unavailable),B0 scholarly discovery metadata; claim-level appraisal required,Structured metadata and abstract,No (not an exact full-text anchor),references.jsonl citation_id=cit_4fc808704c78,2026-09-10 (scholarly metadata capture),"Discovery/context record; quantitative, mechanistic, or comparative claims require deeper source verification.",Single-Cell RNA Sequencing of Thyroid Tissues Reveals Pathogenesis of Graves' Disease (2025). Advanced Science. https://doi.org/10.1002/advs.202508449,2026-09-10,2.0.0
61,preserved_v1+scholarly,Thyroid Autoimmune Disease,The American Journal of Pathology,2001,2001,https://doi.org/10.1016/s0002-9440(10)61762-2,10.1016/s0002-9440(10)61762-2,NA (no registry ID),non-rct in vitro,B0 scholarly discovery metadata; claim-level appraisal required,Structured metadata and abstract,No (not an exact full-text anchor),references.jsonl citation_id=cit_897a3f0566d0,2026-09-10 (scholarly metadata capture),"Discovery/context record; quantitative, mechanistic, or comparative claims require deeper source verification.",Thyroid Autoimmune Disease (2001). The American Journal of Pathology. https://doi.org/10.1016/s0002-9440(10)61762-2,2026-09-10,2.0.0
62,preserved_v1+scholarly,Comprehensive immunophenotypic analysis reveals the pathological involvement of Th17 cells in Graves' disease,Scientific Reports,2022,2022,https://doi.org/10.1038/s41598-022-19556-z,10.1038/s41598-022-19556-z,NA (no registry ID),cross-sectional study,B0 scholarly discovery metadata; claim-level appraisal required,Structured metadata and abstract,No (not an exact full-text anchor),references.jsonl citation_id=cit_b0fcd307c823,2026-09-10 (scholarly metadata capture),"Discovery/context record; quantitative, mechanistic, or comparative claims require deeper source verification.",Comprehensive immunophenotypic analysis reveals the pathological involvement of Th17 cells in Graves' disease (2022). Scientific Reports. https://doi.org/10.1038/s41598-022-19556-z,2026-09-10,2.0.0
63,preserved_v1+scholarly,Characterizing the Interplay of Lymphocytes in Graves’ Disease,International Journal of Molecular Sciences,2023,2023,https://doi.org/10.3390/ijms24076835,10.3390/ijms24076835,NA (no registry ID),literature review,B0 scholarly discovery metadata; claim-level appraisal required,Structured metadata and abstract,No (not an exact full-text anchor),references.jsonl citation_id=cit_8dbebd790707,2026-09-10 (scholarly metadata capture),"Discovery/context record; quantitative, mechanistic, or comparative claims require deeper source verification.",Characterizing the Interplay of Lymphocytes in Graves’ Disease (2023). International Journal of Molecular Sciences. https://doi.org/10.3390/ijms24076835,2026-09-10,2.0.0
64,preserved_v1+scholarly,Epstein-Barr virus reactivation in peripheral B lymphocytes induces IgM-type thyrotropin receptor autoantibody production in patients with Graves’ disease,Endocrine Journal,2023,2023,https://doi.org/10.1507/endocrj.ej22-0609,10.1507/endocrj.ej22-0609,NA (no registry ID),non-rct in vitro,B0 scholarly discovery metadata; claim-level appraisal required,Structured metadata and abstract,No (not an exact full-text anchor),references.jsonl citation_id=cit_c4b577577ca7,2026-09-10 (scholarly metadata capture),"Discovery/context record; quantitative, mechanistic, or comparative claims require deeper source verification.",Epstein-Barr virus reactivation in peripheral B lymphocytes induces IgM-type thyrotropin receptor autoantibody production in patients with Graves’ disease (2023). Endocrine Journal. https://doi.org/10.1507/endocrj.ej22-0609,2026-09-10,2.0.0
65,preserved_v1+scholarly,Signal responses to neutral TSH receptor antibody - A cycle of damage in the pathophysiology of Graves' disease.,Journal of autoimmunity,2023,2023,https://doi.org/10.1016/j.jaut.2023.103012,10.1016/j.jaut.2023.103012,NA (no registry ID),non-rct in vitro,B0 scholarly discovery metadata; claim-level appraisal required,Structured metadata and abstract,No (not an exact full-text anchor),references.jsonl citation_id=cit_3cd40cf6a84e,2026-09-10 (scholarly metadata capture),"Discovery/context record; quantitative, mechanistic, or comparative claims require deeper source verification.",Signal responses to neutral TSH receptor antibody - A cycle of damage in the pathophysiology of Graves' disease. (2023). Journal of autoimmunity. https://doi.org/10.1016/j.jaut.2023.103012,2026-09-10,2.0.0
66,preserved_v1+scholarly,Differences in Thyroid-Infiltrating B Lymphocytes in Patients with Graves' Disease: Relationship to Autoantibody Detection,Thyroid,2004,2004,https://doi.org/10.1089/105072504774193159,10.1089/105072504774193159,NA (no registry ID),cross-sectional study,B0 scholarly discovery metadata; claim-level appraisal required,Structured metadata and abstract,No (not an exact full-text anchor),references.jsonl citation_id=cit_4e83614fd98e,2026-09-10 (scholarly metadata capture),"Discovery/context record; quantitative, mechanistic, or comparative claims require deeper source verification.",Differences in Thyroid-Infiltrating B Lymphocytes in Patients with Graves' Disease: Relationship to Autoantibody Detection (2004). Thyroid. https://doi.org/10.1089/105072504774193159,2026-09-10,2.0.0
67,preserved_v1+scholarly,"Correction: Kobayashi et al. Pathogenesis of Graves’ Disease Determined Using Single-Cell Sequencing with Thyroid Autoantigen Peptide Stimulation in B Cells. Cells 2025, 14, 1102",Cells,2026,2026,https://doi.org/10.3390/cells15090751,10.3390/cells15090751,NA (no registry ID),NA (study type unavailable),B0 scholarly discovery metadata; claim-level appraisal required,Structured metadata and abstract,No (not an exact full-text anchor),references.jsonl citation_id=cit_9e70d8fd889b,2026-09-10 (scholarly metadata capture),"Discovery/context record; quantitative, mechanistic, or comparative claims require deeper source verification.","Correction: Kobayashi et al. Pathogenesis of Graves’ Disease Determined Using Single-Cell Sequencing with Thyroid Autoantigen Peptide Stimulation in B Cells. Cells 2025, 14, 1102 (2026). Cells. https://doi.org/10.3390/cells15090751",2026-09-10,2.0.0
68,preserved_v1+scholarly,Graves’ disease,Nature Reviews Disease Primers,2020,2020,https://doi.org/10.1038/s41572-020-0184-y,10.1038/s41572-020-0184-y,NA (no registry ID),NA (study type unavailable),B0 scholarly discovery metadata; claim-level appraisal required,Structured metadata and abstract,No (not an exact full-text anchor),references.jsonl citation_id=cit_c97c9a2b13a9,2026-09-10 (scholarly metadata capture),"Discovery/context record; quantitative, mechanistic, or comparative claims require deeper source verification.",Graves’ disease (2020). Nature Reviews Disease Primers. https://doi.org/10.1038/s41572-020-0184-y,2026-09-10,2.0.0
69,preserved_v1+scholarly,Expansion of the immature B lymphocyte compartment in Graves' disease,European Journal of Endocrinology,2023,2023,https://doi.org/10.1093/ejendo/lvad107,10.1093/ejendo/lvad107,NA (no registry ID),NA (study type unavailable),B0 scholarly discovery metadata; claim-level appraisal required,Structured metadata and abstract,No (not an exact full-text anchor),references.jsonl citation_id=cit_dd02224d205b,2026-09-10 (scholarly metadata capture),"Discovery/context record; quantitative, mechanistic, or comparative claims require deeper source verification.",Expansion of the immature B lymphocyte compartment in Graves' disease (2023). European Journal of Endocrinology. https://doi.org/10.1093/ejendo/lvad107,2026-09-10,2.0.0
70,preserved_v1+scholarly,Tissue Infiltrating LTi—Like Group 3 Innate Lymphoid Cells and T Follicular Helper Cells in Graves' and Hashimoto's Thyroiditis,Frontiers in Immunology,2020,2020,https://doi.org/10.3389/fimmu.2020.00601,10.3389/fimmu.2020.00601,NA (no registry ID),NA (study type unavailable),B0 scholarly discovery metadata; claim-level appraisal required,Structured metadata and abstract,No (not an exact full-text anchor),references.jsonl citation_id=cit_bccfdaf8a08d,2026-09-10 (scholarly metadata capture),"Discovery/context record; quantitative, mechanistic, or comparative claims require deeper source verification.",Tissue Infiltrating LTi—Like Group 3 Innate Lymphoid Cells and T Follicular Helper Cells in Graves' and Hashimoto's Thyroiditis (2020). Frontiers in Immunology. https://doi.org/10.3389/fimmu.2020.00601,2026-09-10,2.0.0
71,preserved_v1+scholarly,Pathogenesis of Graves’ Disease Determined Using Single-Cell Sequencing with Thyroid Autoantigen Peptide Stimulation in B Cells,Cells,2025,2025,https://doi.org/10.3390/cells14141102,10.3390/cells14141102,NA (no registry ID),NA (study type unavailable),B0 scholarly discovery metadata; claim-level appraisal required,Structured metadata and abstract,No (not an exact full-text anchor),references.jsonl citation_id=cit_09d2f7cbe816,2026-09-10 (scholarly metadata capture),"Discovery/context record; quantitative, mechanistic, or comparative claims require deeper source verification.",Pathogenesis of Graves’ Disease Determined Using Single-Cell Sequencing with Thyroid Autoantigen Peptide Stimulation in B Cells (2025). Cells. https://doi.org/10.3390/cells14141102,2026-09-10,2.0.0
72,preserved_v1+scholarly,Controversies Surrounding IGF-I Receptor Involvement in Thyroid-Associated Ophthalmopathy,Thyroid®,2025,2025,https://doi.org/10.1089/thy.2024.0606,10.1089/thy.2024.0606,NA (no registry ID),systematic review,B0 scholarly discovery metadata; claim-level appraisal required,Structured metadata and abstract,No (not an exact full-text anchor),references.jsonl citation_id=cit_8fba6937f94a,2026-09-10 (scholarly metadata capture),"Discovery/context record; quantitative, mechanistic, or comparative claims require deeper source verification.",Controversies Surrounding IGF-I Receptor Involvement in Thyroid-Associated Ophthalmopathy (2025). Thyroid®. https://doi.org/10.1089/thy.2024.0606,2026-09-10,2.0.0
73,preserved_v1+scholarly,Current perspectives on the role of orbital fibroblasts in the pathogenesis of Graves' ophthalmopathy,Experimental Eye Research,2016,2016,https://doi.org/10.1016/j.exer.2015.02.007,10.1016/j.exer.2015.02.007,NA (no registry ID),NA (study type unavailable),B0 scholarly discovery metadata; claim-level appraisal required,Structured metadata and abstract,No (not an exact full-text anchor),references.jsonl citation_id=cit_e0d6fb63a78f,2026-09-10 (scholarly metadata capture),"Discovery/context record; quantitative, mechanistic, or comparative claims require deeper source verification.",Current perspectives on the role of orbital fibroblasts in the pathogenesis of Graves' ophthalmopathy (2016). Experimental Eye Research. https://doi.org/10.1016/j.exer.2015.02.007,2026-09-10,2.0.0
74,preserved_v1+scholarly,Thyroid eye disease,Taiwan Journal of Ophthalmology,2022,2022,https://doi.org/10.4103/tjo.tjo_51_21,10.4103/tjo.tjo_51_21,NA (no registry ID),literature review,B0 scholarly discovery metadata; claim-level appraisal required,Structured metadata and abstract,No (not an exact full-text anchor),references.jsonl citation_id=cit_32733025a3ee,2026-09-10 (scholarly metadata capture),"Discovery/context record; quantitative, mechanistic, or comparative claims require deeper source verification.",Thyroid eye disease (2022). Taiwan Journal of Ophthalmology. https://doi.org/10.4103/tjo.tjo_51_21,2026-09-10,2.0.0
75,preserved_v1+scholarly,Transcriptomic profiling of thyroid eye disease orbital fat demonstrates differences in adipogenicity and IGF-1R pathway,JCI Insight,2024,2024,https://doi.org/10.1172/jci.insight.182352,10.1172/jci.insight.182352,NA (no registry ID),non-rct in vitro,B0 scholarly discovery metadata; claim-level appraisal required,Structured metadata and abstract,No (not an exact full-text anchor),references.jsonl citation_id=cit_978938053845,2026-09-10 (scholarly metadata capture),"Discovery/context record; quantitative, mechanistic, or comparative claims require deeper source verification.",Transcriptomic profiling of thyroid eye disease orbital fat demonstrates differences in adipogenicity and IGF-1R pathway (2024). JCI Insight. https://doi.org/10.1172/jci.insight.182352,2026-09-10,2.0.0
76,preserved_v1+scholarly,Immune checkpoints: new insights into the pathogenesis of thyroid eye disease,Frontiers in Immunology,2024,2024,https://doi.org/10.3389/fimmu.2024.1392956,10.3389/fimmu.2024.1392956,NA (no registry ID),NA (study type unavailable),B0 scholarly discovery metadata; claim-level appraisal required,Structured metadata and abstract,No (not an exact full-text anchor),references.jsonl citation_id=cit_60a2e47b2408,2026-09-10 (scholarly metadata capture),"Discovery/context record; quantitative, mechanistic, or comparative claims require deeper source verification.",Immune checkpoints: new insights into the pathogenesis of thyroid eye disease (2024). Frontiers in Immunology. https://doi.org/10.3389/fimmu.2024.1392956,2026-09-10,2.0.0
77,preserved_v1+scholarly,Immunological Aspects of Graves' Ophthalmopathy,BioMed Research International,2019,2019,https://doi.org/10.1155/2019/7453260,10.1155/2019/7453260,NA (no registry ID),NA (study type unavailable),B0 scholarly discovery metadata; claim-level appraisal required,Structured metadata and abstract,No (not an exact full-text anchor),references.jsonl citation_id=cit_f7d367f99f24,2026-09-10 (scholarly metadata capture),"Discovery/context record; quantitative, mechanistic, or comparative claims require deeper source verification.",Immunological Aspects of Graves' Ophthalmopathy (2019). BioMed Research International. https://doi.org/10.1155/2019/7453260,2026-09-10,2.0.0
78,preserved_v1+scholarly,Pathogenesis of thyroid eye disease: review and update on molecular mechanisms,British Journal of Ophthalmology,2015,2015,https://doi.org/10.1136/bjophthalmol-2015-307399,10.1136/bjophthalmol-2015-307399,NA (no registry ID),NA (study type unavailable),B0 scholarly discovery metadata; claim-level appraisal required,Structured metadata and abstract,No (not an exact full-text anchor),references.jsonl citation_id=cit_257aa09b7077,2026-09-10 (scholarly metadata capture),"Discovery/context record; quantitative, mechanistic, or comparative claims require deeper source verification.",Pathogenesis of thyroid eye disease: review and update on molecular mechanisms (2015). British Journal of Ophthalmology. https://doi.org/10.1136/bjophthalmol-2015-307399,2026-09-10,2.0.0
79,preserved_v1+scholarly,Recognizing the Putative Role for TSH Receptor Expressing Fibrocytes in Thyroid-Associated Ophthalmopathy may solve several mysteries,Nature reviews. Endocrinology,2015,2015,https://doi.org/10.1038/nrendo.2014.226,10.1038/nrendo.2014.226,NA (no registry ID),other,B0 scholarly discovery metadata; claim-level appraisal required,Structured metadata and abstract,No (not an exact full-text anchor),references.jsonl citation_id=cit_acbfd38879a9,2026-09-10 (scholarly metadata capture),"Discovery/context record; quantitative, mechanistic, or comparative claims require deeper source verification.",Recognizing the Putative Role for TSH Receptor Expressing Fibrocytes in Thyroid-Associated Ophthalmopathy may solve several mysteries (2015). Nature reviews. Endocrinology. https://doi.org/10.1038/nrendo.2014.226,2026-09-10,2.0.0
80,preserved_v1+scholarly,TSHR-IGF-IR complex drives orbital fibroblast misbehavior in thyroid eye disease,"Current Opinion in Endocrinology, Diabetes & Obesity",2024,2024,https://doi.org/10.1097/med.0000000000000878,10.1097/med.0000000000000878,NA (no registry ID),NA (study type unavailable),B0 scholarly discovery metadata; claim-level appraisal required,Structured metadata and abstract,No (not an exact full-text anchor),references.jsonl citation_id=cit_3be6a6fe9903,2026-09-10 (scholarly metadata capture),"Discovery/context record; quantitative, mechanistic, or comparative claims require deeper source verification.","TSHR-IGF-IR complex drives orbital fibroblast misbehavior in thyroid eye disease (2024). Current Opinion in Endocrinology, Diabetes & Obesity. https://doi.org/10.1097/med.0000000000000878",2026-09-10,2.0.0
81,preserved_v1+scholarly,Insulin-like growth factor-1 enhances the expression of functional TSH receptor in orbital fibroblasts from thyroid-associated ophthalmopathy,Immunobiology,2020,2020,https://doi.org/10.1016/j.imbio.2019.151902,10.1016/j.imbio.2019.151902,NA (no registry ID),non-rct in vitro,B0 scholarly discovery metadata; claim-level appraisal required,Structured metadata and abstract,No (not an exact full-text anchor),references.jsonl citation_id=cit_1588404a0448,2026-09-10 (scholarly metadata capture),"Discovery/context record; quantitative, mechanistic, or comparative claims require deeper source verification.",Insulin-like growth factor-1 enhances the expression of functional TSH receptor in orbital fibroblasts from thyroid-associated ophthalmopathy (2020). Immunobiology. https://doi.org/10.1016/j.imbio.2019.151902,2026-09-10,2.0.0
82,preserved_v1+scholarly,Unravelling the pathogenic mechanisms in Graves’ orbitopathy,European Thyroid Journal,2025,2025,https://doi.org/10.1530/etj-25-0200,10.1530/etj-25-0200,NA (no registry ID),NA (study type unavailable),B0 scholarly discovery metadata; claim-level appraisal required,Structured metadata and abstract,No (not an exact full-text anchor),references.jsonl citation_id=cit_f78c2ee9e7e1,2026-09-10 (scholarly metadata capture),"Discovery/context record; quantitative, mechanistic, or comparative claims require deeper source verification.",Unravelling the pathogenic mechanisms in Graves’ orbitopathy (2025). European Thyroid Journal. https://doi.org/10.1530/etj-25-0200,2026-09-10,2.0.0
83,preserved_v1+scholarly,Comparison of orbital fibroblasts from Graves’ ophthalmopathy and healthy control,Heliyon,2024,2024,https://doi.org/10.1016/j.heliyon.2024.e28397,10.1016/j.heliyon.2024.e28397,NA (no registry ID),NA (study type unavailable),B0 scholarly discovery metadata; claim-level appraisal required,Structured metadata and abstract,No (not an exact full-text anchor),references.jsonl citation_id=cit_53112f5d9480,2026-09-10 (scholarly metadata capture),"Discovery/context record; quantitative, mechanistic, or comparative claims require deeper source verification.",Comparison of orbital fibroblasts from Graves’ ophthalmopathy and healthy control (2024). Heliyon. https://doi.org/10.1016/j.heliyon.2024.e28397,2026-09-10,2.0.0
84,preserved_v1+scholarly,A review of TSHR- and IGF-1R-related pathogenesis and treatment of Graves’ orbitopathy,Frontiers in Immunology,2023,2023,https://doi.org/10.3389/fimmu.2023.1062045,10.3389/fimmu.2023.1062045,NA (no registry ID),NA (study type unavailable),B0 scholarly discovery metadata; claim-level appraisal required,Structured metadata and abstract,No (not an exact full-text anchor),references.jsonl citation_id=cit_e3ebad1ab6b6,2026-09-10 (scholarly metadata capture),"Discovery/context record; quantitative, mechanistic, or comparative claims require deeper source verification.",A review of TSHR- and IGF-1R-related pathogenesis and treatment of Graves’ orbitopathy (2023). Frontiers in Immunology. https://doi.org/10.3389/fimmu.2023.1062045,2026-09-10,2.0.0
85,preserved_v1+scholarly,"A Multicenter, Single-Blind, Case-Control, Immunohistochemical Study of Orbital Tissue in Thyroid Eye Disease",NA (journal unavailable),2022,2022,https://doi.org/10.1089/thy.2022.0173,10.1089/thy.2022.0173,NA (no registry ID),NA (study type unavailable),B0 scholarly discovery metadata; claim-level appraisal required,Structured metadata and abstract,No (not an exact full-text anchor),references.jsonl citation_id=cit_23b51bda8a13,2026-09-10 (scholarly metadata capture),"Discovery/context record; quantitative, mechanistic, or comparative claims require deeper source verification.","A Multicenter, Single-Blind, Case-Control, Immunohistochemical Study of Orbital Tissue in Thyroid Eye Disease (2022). . https://doi.org/10.1089/thy.2022.0173",2026-09-10,2.0.0
86,preserved_v1+scholarly,A stimulatory TSH receptor antibody enhances adipogenesis via phosphoinositide 3-kinase activation in orbital preadipocytes from patients with Graves' ophthalmopathy,Journal of Molecular Endocrinology,2011,2011,https://doi.org/10.1530/jme-11-0006,10.1530/jme-11-0006,NA (no registry ID),NA (study type unavailable),B0 scholarly discovery metadata; claim-level appraisal required,Structured metadata and abstract,No (not an exact full-text anchor),references.jsonl citation_id=cit_d4839cdcebce,2026-09-10 (scholarly metadata capture),"Discovery/context record; quantitative, mechanistic, or comparative claims require deeper source verification.",A stimulatory TSH receptor antibody enhances adipogenesis via phosphoinositide 3-kinase activation in orbital preadipocytes from patients with Graves' ophthalmopathy (2011). Journal of Molecular Endocrinology. https://doi.org/10.1530/jme-11-0006,2026-09-10,2.0.0
87,preserved_v1+scholarly,Orbital Signaling in Graves’ Orbitopathy,Frontiers in Endocrinology,2021,2021,https://doi.org/10.3389/fendo.2021.739994,10.3389/fendo.2021.739994,NA (no registry ID),NA (study type unavailable),B0 scholarly discovery metadata; claim-level appraisal required,Structured metadata and abstract,No (not an exact full-text anchor),references.jsonl citation_id=cit_64ad2342ab36,2026-09-10 (scholarly metadata capture),"Discovery/context record; quantitative, mechanistic, or comparative claims require deeper source verification.",Orbital Signaling in Graves’ Orbitopathy (2021). Frontiers in Endocrinology. https://doi.org/10.3389/fendo.2021.739994,2026-09-10,2.0.0
88,preserved_v1+scholarly,Immunohistochemical analysis of human orbital tissue in Graves’ orbitopathy,NA (journal unavailable),2019,2019,https://link.springer.com/article/10.1007/s40618-019-01116-4,10.1007/s40618-019-01116-4,NA (no registry ID),NA (study type unavailable),B0 scholarly discovery metadata; claim-level appraisal required,Structured metadata and abstract,No (not an exact full-text anchor),references.jsonl citation_id=cit_b931dcec2908,2026-09-10 (scholarly metadata capture),"Discovery/context record; quantitative, mechanistic, or comparative claims require deeper source verification.",Immunohistochemical analysis of human orbital tissue in Graves’ orbitopathy (2019). . https://link.springer.com/article/10.1007/s40618-019-01116-4,2026-09-10,2.0.0
89,preserved_v1+scholarly,Markers of Inflammation and Fibrosis in the Orbital Fat/Connective Tissue of Patients with Graves’ Orbitopathy: Clinical Implications,Mediators of Inflammation,2014,2014,https://doi.org/10.1155/2014/412158,10.1155/2014/412158,NA (no registry ID),NA (study type unavailable),B0 scholarly discovery metadata; claim-level appraisal required,Structured metadata and abstract,No (not an exact full-text anchor),references.jsonl citation_id=cit_4545cbdb0ab2,2026-09-10 (scholarly metadata capture),"Discovery/context record; quantitative, mechanistic, or comparative claims require deeper source verification.",Markers of Inflammation and Fibrosis in the Orbital Fat/Connective Tissue of Patients with Graves’ Orbitopathy: Clinical Implications (2014). Mediators of Inflammation. https://doi.org/10.1155/2014/412158,2026-09-10,2.0.0
90,preserved_v1+scholarly,T cells and fibroblasts in affected extraocular muscles in early and late thyroid associated ophthalmopathy,British Journal of Ophthalmology,2000,2000,https://doi.org/10.1136/bjo.84.5.517,10.1136/bjo.84.5.517,NA (no registry ID),NA (study type unavailable),B0 scholarly discovery metadata; claim-level appraisal required,Structured metadata and abstract,No (not an exact full-text anchor),references.jsonl citation_id=cit_82d736439d49,2026-09-10 (scholarly metadata capture),"Discovery/context record; quantitative, mechanistic, or comparative claims require deeper source verification.",T cells and fibroblasts in affected extraocular muscles in early and late thyroid associated ophthalmopathy (2000). British Journal of Ophthalmology. https://doi.org/10.1136/bjo.84.5.517,2026-09-10,2.0.0
91,preserved_v1+scholarly,"Epidemiology, Natural History, Risk Factors, and Prevention of Graves’ Orbitopathy",Frontiers in Endocrinology,2020,2020,https://doi.org/10.3389/fendo.2020.615993,10.3389/fendo.2020.615993,NA (no registry ID),literature review,B0 scholarly discovery metadata; claim-level appraisal required,Structured metadata and abstract,No (not an exact full-text anchor),references.jsonl citation_id=cit_2bcfa50108e4,2026-09-10 (scholarly metadata capture),"Discovery/context record; quantitative, mechanistic, or comparative claims require deeper source verification.","Epidemiology, Natural History, Risk Factors, and Prevention of Graves’ Orbitopathy (2020). Frontiers in Endocrinology. https://doi.org/10.3389/fendo.2020.615993",2026-09-10,2.0.0
92,preserved_v1+scholarly,Graves' Ophthalmopathy: Epidemiology and Natural History,Internal Medicine,2014,2014,https://doi.org/10.2169/internalmedicine.53.1518,10.2169/internalmedicine.53.1518,NA (no registry ID),literature review,B0 scholarly discovery metadata; claim-level appraisal required,Structured metadata and abstract,No (not an exact full-text anchor),references.jsonl citation_id=cit_314fd75b1fea,2026-09-10 (scholarly metadata capture),"Discovery/context record; quantitative, mechanistic, or comparative claims require deeper source verification.",Graves' Ophthalmopathy: Epidemiology and Natural History (2014). Internal Medicine. https://doi.org/10.2169/internalmedicine.53.1518,2026-09-10,2.0.0
93,preserved_v1+scholarly,Risk factors and outcomes of Graves’ orbitopathy after radioactive iodine therapy,Endocrine,2025,2025,https://doi.org/10.1007/s12020-025-04350-4,10.1007/s12020-025-04350-4,NA (no registry ID),cohort study,B0 scholarly discovery metadata; claim-level appraisal required,Structured metadata and abstract,No (not an exact full-text anchor),references.jsonl citation_id=cit_54c648420666,2026-09-10 (scholarly metadata capture),"Discovery/context record; quantitative, mechanistic, or comparative claims require deeper source verification.",Risk factors and outcomes of Graves’ orbitopathy after radioactive iodine therapy (2025). Endocrine. https://doi.org/10.1007/s12020-025-04350-4,2026-09-10,2.0.0
94,preserved_v1+scholarly,Current concepts regarding Graves’ orbitopathy,Journal of Internal Medicine,2022,2022,https://doi.org/10.1111/joim.13524,10.1111/joim.13524,NA (no registry ID),systematic review,B0 scholarly discovery metadata; claim-level appraisal required,Structured metadata and abstract,No (not an exact full-text anchor),references.jsonl citation_id=cit_7781bc20a80a,2026-09-10 (scholarly metadata capture),"Discovery/context record; quantitative, mechanistic, or comparative claims require deeper source verification.",Current concepts regarding Graves’ orbitopathy (2022). Journal of Internal Medicine. https://doi.org/10.1111/joim.13524,2026-09-10,2.0.0
95,preserved_v1+scholarly,Radioactive iodine treatment for Graves’ hyperthyroidism: incidence of Graves orbitopathy,Nuclear Medicine Communications,2023,2023,https://doi.org/10.1097/mnm.0000000000001791,10.1097/mnm.0000000000001791,NA (no registry ID),other,B0 scholarly discovery metadata; claim-level appraisal required,Structured metadata and abstract,No (not an exact full-text anchor),references.jsonl citation_id=cit_9a38ee2026c2,2026-09-10 (scholarly metadata capture),"Discovery/context record; quantitative, mechanistic, or comparative claims require deeper source verification.",Radioactive iodine treatment for Graves’ hyperthyroidism: incidence of Graves orbitopathy (2023). Nuclear Medicine Communications. https://doi.org/10.1097/mnm.0000000000001791,2026-09-10,2.0.0
96,preserved_v1+scholarly,Risk Factors for Developing Thyroid-Associated Ophthalmopathy Among Individuals With Graves Disease,JAMA Ophthalmology,2015,2015,https://doi.org/10.1001/jamaophthalmol.2014.5103,10.1001/jamaophthalmol.2014.5103,NA (no registry ID),cohort study,B0 scholarly discovery metadata; claim-level appraisal required,Structured metadata and abstract,No (not an exact full-text anchor),references.jsonl citation_id=cit_2f9915ee9cb1,2026-09-10 (scholarly metadata capture),"Discovery/context record; quantitative, mechanistic, or comparative claims require deeper source verification.",Risk Factors for Developing Thyroid-Associated Ophthalmopathy Among Individuals With Graves Disease (2015). JAMA Ophthalmology. https://doi.org/10.1001/jamaophthalmol.2014.5103,2026-09-10,2.0.0
97,preserved_v1+scholarly,Low risk of thyroid eye disease (TED) following radioiodine (RAI) therapy in a multidisciplinary setting: a retrospective cohort study,Thyroid Research,2025,2025,https://doi.org/10.1186/s13044-025-00259-2,10.1186/s13044-025-00259-2,NA (no registry ID),cohort study,B0 scholarly discovery metadata; claim-level appraisal required,Structured metadata and abstract,No (not an exact full-text anchor),references.jsonl citation_id=cit_186aad8ae34b,2026-09-10 (scholarly metadata capture),"Discovery/context record; quantitative, mechanistic, or comparative claims require deeper source verification.",Low risk of thyroid eye disease (TED) following radioiodine (RAI) therapy in a multidisciplinary setting: a retrospective cohort study (2025). Thyroid Research. https://doi.org/10.1186/s13044-025-00259-2,2026-09-10,2.0.0
98,preserved_v1+scholarly,"Influence of biological sex, age and smoking on Graves’ orbitopathy – a ten-year tertiary referral center analysis",Frontiers in Endocrinology,2023,2023,https://doi.org/10.3389/fendo.2023.1160172,10.3389/fendo.2023.1160172,NA (no registry ID),cross-sectional study,B0 scholarly discovery metadata; claim-level appraisal required,Structured metadata and abstract,No (not an exact full-text anchor),references.jsonl citation_id=cit_c7c83594d3d1,2026-09-10 (scholarly metadata capture),"Discovery/context record; quantitative, mechanistic, or comparative claims require deeper source verification.","Influence of biological sex, age and smoking on Graves’ orbitopathy – a ten-year tertiary referral center analysis (2023). Frontiers in Endocrinology. https://doi.org/10.3389/fendo.2023.1160172",2026-09-10,2.0.0
99,preserved_v1+scholarly,"Serial TSH-receptor antibody levels to guide the management of thyroid eye disease: the impact of smoking, immunosuppression, radio-iodine, and thyroidectomy",Eye,2018,2018,https://doi.org/10.1038/s41433-018-0242-9,10.1038/s41433-018-0242-9,NA (no registry ID),other,B0 scholarly discovery metadata; claim-level appraisal required,Structured metadata and abstract,No (not an exact full-text anchor),references.jsonl citation_id=cit_23ab855d0c86,2026-09-10 (scholarly metadata capture),"Discovery/context record; quantitative, mechanistic, or comparative claims require deeper source verification.","Serial TSH-receptor antibody levels to guide the management of thyroid eye disease: the impact of smoking, immunosuppression, radio-iodine, and thyroidectomy (2018). Eye. https://doi.org/10.1038/s41433-018-0242-9",2026-09-10,2.0.0
100,preserved_v1+scholarly,Prevalence of thyroid eye disease in Graves’ disease: A meta-analysis and systematic review,Clinical Endocrinology,2020,2020,https://doi.org/10.1111/cen.14296,10.1111/cen.14296,NA (no registry ID),meta-analysis,B0 scholarly discovery metadata; claim-level appraisal required,Structured metadata and abstract,No (not an exact full-text anchor),references.jsonl citation_id=cit_242b86f26ac3,2026-09-10 (scholarly metadata capture),"Discovery/context record; quantitative, mechanistic, or comparative claims require deeper source verification.",Prevalence of thyroid eye disease in Graves’ disease: A meta-analysis and systematic review (2020). Clinical Endocrinology. https://doi.org/10.1111/cen.14296,2026-09-10,2.0.0
101,preserved_v1+scholarly,"Thyroid Eye Disease: Epidemiology, Natural History, and Risk Factors",Ophthalmic Plastic & Reconstructive Surgery,2023,2023,https://doi.org/10.1097/iop.0000000000002467,10.1097/iop.0000000000002467,NA (no registry ID),NA (study type unavailable),B0 scholarly discovery metadata; claim-level appraisal required,Structured metadata and abstract,No (not an exact full-text anchor),references.jsonl citation_id=cit_d57327b19cb5,2026-09-10 (scholarly metadata capture),"Discovery/context record; quantitative, mechanistic, or comparative claims require deeper source verification.","Thyroid Eye Disease: Epidemiology, Natural History, and Risk Factors (2023). Ophthalmic Plastic & Reconstructive Surgery. https://doi.org/10.1097/iop.0000000000002467",2026-09-10,2.0.0
102,preserved_v1+scholarly,Prevalence and Natural History of Graves' Orbitopathy in a Large Series of Patients With Newly Diagnosed Graves' Hyperthyroidism Seen at a Single Center,NA (journal unavailable),2013,2013,https://doi.org/10.1210/jc.2012-3873,10.1210/jc.2012-3873,NA (no registry ID),NA (study type unavailable),B0 scholarly discovery metadata; claim-level appraisal required,Structured metadata and abstract,No (not an exact full-text anchor),references.jsonl citation_id=cit_929f61a67d2b,2026-09-10 (scholarly metadata capture),"Discovery/context record; quantitative, mechanistic, or comparative claims require deeper source verification.",Prevalence and Natural History of Graves' Orbitopathy in a Large Series of Patients With Newly Diagnosed Graves' Hyperthyroidism Seen at a Single Center (2013). . https://doi.org/10.1210/jc.2012-3873,2026-09-10,2.0.0
103,preserved_v1+scholarly,"The Epidemiology of Thyroid Eye Disease in Olmsted County, Minnesota, 2005–2020",Thyroid®,2024,2024,https://doi.org/10.1089/thy.2024.0304,10.1089/thy.2024.0304,NA (no registry ID),NA (study type unavailable),B0 scholarly discovery metadata; claim-level appraisal required,Structured metadata and abstract,No (not an exact full-text anchor),references.jsonl citation_id=cit_1fc1615e38ea,2026-09-10 (scholarly metadata capture),"Discovery/context record; quantitative, mechanistic, or comparative claims require deeper source verification.","The Epidemiology of Thyroid Eye Disease in Olmsted County, Minnesota, 2005–2020 (2024). Thyroid®. https://doi.org/10.1089/thy.2024.0304",2026-09-10,2.0.0
104,preserved_v1+scholarly,Current Understanding of the Progression and Management of Thyroid Associated Orbitopathy: A Systematic Review,Ophthalmology and Therapy,2019,2019,https://doi.org/10.1007/s40123-019-00226-9,10.1007/s40123-019-00226-9,NA (no registry ID),NA (study type unavailable),B0 scholarly discovery metadata; claim-level appraisal required,Structured metadata and abstract,No (not an exact full-text anchor),references.jsonl citation_id=cit_6e126b8d4774,2026-09-10 (scholarly metadata capture),"Discovery/context record; quantitative, mechanistic, or comparative claims require deeper source verification.",Current Understanding of the Progression and Management of Thyroid Associated Orbitopathy: A Systematic Review (2019). Ophthalmology and Therapy. https://doi.org/10.1007/s40123-019-00226-9,2026-09-10,2.0.0
105,preserved_v1+scholarly,Natural history of thyroid associated ophthalmopathy,Clinical Endocrinology,1995,1995,https://doi.org/10.1111/j.1365-2265.1995.tb02597.x,10.1111/j.1365-2265.1995.tb02597.x,NA (no registry ID),NA (study type unavailable),B0 scholarly discovery metadata; claim-level appraisal required,Structured metadata and abstract,No (not an exact full-text anchor),references.jsonl citation_id=cit_79846092b89e,2026-09-10 (scholarly metadata capture),"Discovery/context record; quantitative, mechanistic, or comparative claims require deeper source verification.",Natural history of thyroid associated ophthalmopathy (1995). Clinical Endocrinology. https://doi.org/10.1111/j.1365-2265.1995.tb02597.x,2026-09-10,2.0.0
106,preserved_v1+scholarly,Risk Factors for Development or Deterioration of Graves' Ophthalmopathy,Thyroid,2010,2010,https://doi.org/10.1089/thy.2010.1634,10.1089/thy.2010.1634,NA (no registry ID),NA (study type unavailable),B0 scholarly discovery metadata; claim-level appraisal required,Structured metadata and abstract,No (not an exact full-text anchor),references.jsonl citation_id=cit_62c48c6d2b30,2026-09-10 (scholarly metadata capture),"Discovery/context record; quantitative, mechanistic, or comparative claims require deeper source verification.",Risk Factors for Development or Deterioration of Graves' Ophthalmopathy (2010). Thyroid. https://doi.org/10.1089/thy.2010.1634,2026-09-10,2.0.0
107,preserved_v1+scholarly,Thyroid eye disease,NA (journal unavailable),2013,2013,https://doi.org/10.1503/cmaj.121815,10.1503/cmaj.121815,NA (no registry ID),NA (study type unavailable),B0 scholarly discovery metadata; claim-level appraisal required,Structured metadata and abstract,No (not an exact full-text anchor),references.jsonl citation_id=cit_a7dd7114e5f2,2026-09-10 (scholarly metadata capture),"Discovery/context record; quantitative, mechanistic, or comparative claims require deeper source verification.",Thyroid eye disease (2013). . https://doi.org/10.1503/cmaj.121815,2026-09-10,2.0.0
108,preserved_v1+scholarly,Incidence of Pediatric Graves’ Disease in the United States: An Epidemiological Analysis of 2007–2022 Outpatient Insurance Claims,Thyroid®,2025,2025,https://doi.org/10.1177/10507256251382559,10.1177/10507256251382559,NA (no registry ID),cohort study,B0 scholarly discovery metadata; claim-level appraisal required,Structured metadata and abstract,No (not an exact full-text anchor),references.jsonl citation_id=cit_ebdcf72c79c1,2026-09-10 (scholarly metadata capture),"Discovery/context record; quantitative, mechanistic, or comparative claims require deeper source verification.",Incidence of Pediatric Graves’ Disease in the United States: An Epidemiological Analysis of 2007–2022 Outpatient Insurance Claims (2025). Thyroid®. https://doi.org/10.1177/10507256251382559,2026-09-10,2.0.0
109,preserved_v1+scholarly,Thyroid storm in pediatrics: a systematic review,Journal of Pediatric Endocrinology and Metabolism,2022,2022,https://doi.org/10.1515/jpem-2022-0309,10.1515/jpem-2022-0309,NA (no registry ID),systematic review,B0 scholarly discovery metadata; claim-level appraisal required,Structured metadata and abstract,No (not an exact full-text anchor),references.jsonl citation_id=cit_ce24b62b4e7f,2026-09-10 (scholarly metadata capture),"Discovery/context record; quantitative, mechanistic, or comparative claims require deeper source verification.",Thyroid storm in pediatrics: a systematic review (2022). Journal of Pediatric Endocrinology and Metabolism. https://doi.org/10.1515/jpem-2022-0309,2026-09-10,2.0.0
110,preserved_v1+scholarly,A Retrospective Analysis of Thyroid Storm at a Tertiary Care Center in Northern India,Cureus,2025,2025,https://doi.org/10.7759/cureus.99537,10.7759/cureus.99537,NA (no registry ID),cross-sectional study,B0 scholarly discovery metadata; claim-level appraisal required,Structured metadata and abstract,No (not an exact full-text anchor),references.jsonl citation_id=cit_034579166da1,2026-09-10 (scholarly metadata capture),"Discovery/context record; quantitative, mechanistic, or comparative claims require deeper source verification.",A Retrospective Analysis of Thyroid Storm at a Tertiary Care Center in Northern India (2025). Cureus. https://doi.org/10.7759/cureus.99537,2026-09-10,2.0.0
111,preserved_v1+scholarly,A Lower Prevalence of Central Nervous System and Higher Prevalence of Cardiac Symptoms Characterises Indian Patients with Thyrotoxic Storm: A Retrospective Analysis,Indian Journal of Endocrinology and Metabolism,2024,2024,https://doi.org/10.4103/ijem.ijem_355_23,10.4103/ijem.ijem_355_23,NA (no registry ID),cross-sectional study,B0 scholarly discovery metadata; claim-level appraisal required,Structured metadata and abstract,No (not an exact full-text anchor),references.jsonl citation_id=cit_e435d51a1aa2,2026-09-10 (scholarly metadata capture),"Discovery/context record; quantitative, mechanistic, or comparative claims require deeper source verification.",A Lower Prevalence of Central Nervous System and Higher Prevalence of Cardiac Symptoms Characterises Indian Patients with Thyrotoxic Storm: A Retrospective Analysis (2024). Indian Journal of Endocrinology and Metabolism. https://doi.org/10.4103/ijem.ijem_355_23,2026-09-10,2.0.0
112,preserved_v1+scholarly,Change in newly diagnosed Graves’ disease phenotype between the twentieth and the twenty-first centuries: meta-analysis and meta-regression,Journal of Endocrinological Investigation,2020,2020,https://doi.org/10.1007/s40618-020-01479-z,10.1007/s40618-020-01479-z,NA (no registry ID),meta-analysis,B0 scholarly discovery metadata; claim-level appraisal required,Structured metadata and abstract,No (not an exact full-text anchor),references.jsonl citation_id=cit_fe2236134853,2026-09-10 (scholarly metadata capture),"Discovery/context record; quantitative, mechanistic, or comparative claims require deeper source verification.",Change in newly diagnosed Graves’ disease phenotype between the twentieth and the twenty-first centuries: meta-analysis and meta-regression (2020). Journal of Endocrinological Investigation. https://doi.org/10.1007/s40618-020-01479-z,2026-09-10,2.0.0
113,preserved_v1+scholarly,Graves' Disease and Toxic Nodular Goiter Are Both Associated with Increased Mortality But Differ with Respect to the Cause of Death: A Danish Population-Based Register Study,Thyroid,2013,2013,https://doi.org/10.1089/thy.2012.0500,10.1089/thy.2012.0500,NA (no registry ID),cohort study,B0 scholarly discovery metadata; claim-level appraisal required,Structured metadata and abstract,No (not an exact full-text anchor),references.jsonl citation_id=cit_79e507ab81cd,2026-09-10 (scholarly metadata capture),"Discovery/context record; quantitative, mechanistic, or comparative claims require deeper source verification.",Graves' Disease and Toxic Nodular Goiter Are Both Associated with Increased Mortality But Differ with Respect to the Cause of Death: A Danish Population-Based Register Study (2013). Thyroid. https://doi.org/10.1089/thy.2012.0500,2026-09-10,2.0.0
114,preserved_v1+scholarly,Cancer and Mortality Risks of Graves’ Disease in South Korea Based on National Data from 2010 to 2019,Clinical Epidemiology,2023,2023,https://doi.org/10.2147/clep.s406361,10.2147/clep.s406361,NA (no registry ID),cohort study,B0 scholarly discovery metadata; claim-level appraisal required,Structured metadata and abstract,No (not an exact full-text anchor),references.jsonl citation_id=cit_f58215bda9b2,2026-09-10 (scholarly metadata capture),"Discovery/context record; quantitative, mechanistic, or comparative claims require deeper source verification.",Cancer and Mortality Risks of Graves’ Disease in South Korea Based on National Data from 2010 to 2019 (2023). Clinical Epidemiology. https://doi.org/10.2147/clep.s406361,2026-09-10,2.0.0
115,preserved_v1+scholarly,Incidence of Graves’ Disease with Validation and Completeness of the Diagnosis for Registry Extracts in the Danish National Patient Register,Clinical Epidemiology,2024,2024,https://doi.org/10.2147/clep.s484335,10.2147/clep.s484335,NA (no registry ID),cross-sectional study,B0 scholarly discovery metadata; claim-level appraisal required,Structured metadata and abstract,No (not an exact full-text anchor),references.jsonl citation_id=cit_86476f213a83,2026-09-10 (scholarly metadata capture),"Discovery/context record; quantitative, mechanistic, or comparative claims require deeper source verification.",Incidence of Graves’ Disease with Validation and Completeness of the Diagnosis for Registry Extracts in the Danish National Patient Register (2024). Clinical Epidemiology. https://doi.org/10.2147/clep.s484335,2026-09-10,2.0.0
116,preserved_v1+scholarly,Does Age or Sex Relate to Severity or Treatment Prognosis in Graves' Disease?,Thyroid,2021,2021,https://doi.org/10.1089/thy.2020.0881,10.1089/thy.2020.0881,NA (no registry ID),cohort study,B0 scholarly discovery metadata; claim-level appraisal required,Structured metadata and abstract,No (not an exact full-text anchor),references.jsonl citation_id=cit_7121e642100e,2026-09-10 (scholarly metadata capture),"Discovery/context record; quantitative, mechanistic, or comparative claims require deeper source verification.",Does Age or Sex Relate to Severity or Treatment Prognosis in Graves' Disease? (2021). Thyroid. https://doi.org/10.1089/thy.2020.0881,2026-09-10,2.0.0
117,preserved_v1+scholarly,Increased Cardiovascular Mortality and Morbidity in Patients Treated for Toxic Nodular Goiter Compared to Graves' Disease and Nontoxic Goiter,Thyroid®,2017,2017,https://doi.org/10.1089/thy.2017.0029,10.1089/thy.2017.0029,NA (no registry ID),cohort study,B0 scholarly discovery metadata; claim-level appraisal required,Structured metadata and abstract,No (not an exact full-text anchor),references.jsonl citation_id=cit_4ce96b3bf912,2026-09-10 (scholarly metadata capture),"Discovery/context record; quantitative, mechanistic, or comparative claims require deeper source verification.",Increased Cardiovascular Mortality and Morbidity in Patients Treated for Toxic Nodular Goiter Compared to Graves' Disease and Nontoxic Goiter (2017). Thyroid®. https://doi.org/10.1089/thy.2017.0029,2026-09-10,2.0.0
118,preserved_v1+scholarly,"Graves’ disease: Epidemiology, genetic and environmental risk factors and viruses",Best Practice & Research Clinical Endocrinology & Metabolism,2020,2020,https://doi.org/10.1016/j.beem.2020.101387,10.1016/j.beem.2020.101387,NA (no registry ID),NA (study type unavailable),B0 scholarly discovery metadata; claim-level appraisal required,Structured metadata and abstract,No (not an exact full-text anchor),references.jsonl citation_id=cit_68fd3f17aa27,2026-09-10 (scholarly metadata capture),"Discovery/context record; quantitative, mechanistic, or comparative claims require deeper source verification.","Graves’ disease: Epidemiology, genetic and environmental risk factors and viruses (2020). Best Practice & Research Clinical Endocrinology & Metabolism. https://doi.org/10.1016/j.beem.2020.101387",2026-09-10,2.0.0
119,preserved_v1+scholarly,"Graves’ disease: review of disease characteristics, burden, and treatments",Frontiers in Endocrinology,2026,2026,https://doi.org/10.3389/fendo.2026.1884624,10.3389/fendo.2026.1884624,NA (no registry ID),NA (study type unavailable),B0 scholarly discovery metadata; claim-level appraisal required,Structured metadata and abstract,No (not an exact full-text anchor),references.jsonl citation_id=cit_c068117e1e76,2026-09-10 (scholarly metadata capture),"Discovery/context record; quantitative, mechanistic, or comparative claims require deeper source verification.","Graves’ disease: review of disease characteristics, burden, and treatments (2026). Frontiers in Endocrinology. https://doi.org/10.3389/fendo.2026.1884624",2026-09-10,2.0.0
120,preserved_v1+scholarly,The incidence of autoimmune thyroid disease: a systematic review of the literature,Clinical Endocrinology,2008,2008,https://doi.org/10.1111/j.1365-2265.2008.03338.x,10.1111/j.1365-2265.2008.03338.x,NA (no registry ID),NA (study type unavailable),B0 scholarly discovery metadata; claim-level appraisal required,Structured metadata and abstract,No (not an exact full-text anchor),references.jsonl citation_id=cit_2cd463601d38,2026-09-10 (scholarly metadata capture),"Discovery/context record; quantitative, mechanistic, or comparative claims require deeper source verification.",The incidence of autoimmune thyroid disease: a systematic review of the literature (2008). Clinical Endocrinology. https://doi.org/10.1111/j.1365-2265.2008.03338.x,2026-09-10,2.0.0
121,preserved_v1+scholarly,Acute cardiovascular events and all-cause mortality in patients with hyperthyroidism: a population-based cohort study,NA (journal unavailable),2016,2016,https://doi.org/10.1530/eje-16-0576,10.1530/eje-16-0576,NA (no registry ID),NA (study type unavailable),B0 scholarly discovery metadata; claim-level appraisal required,Structured metadata and abstract,No (not an exact full-text anchor),references.jsonl citation_id=cit_5259bba38f4b,2026-09-10 (scholarly metadata capture),"Discovery/context record; quantitative, mechanistic, or comparative claims require deeper source verification.",Acute cardiovascular events and all-cause mortality in patients with hyperthyroidism: a population-based cohort study (2016). . https://doi.org/10.1530/eje-16-0576,2026-09-10,2.0.0
122,preserved_v1+scholarly,Primary therapy of Graves' disease and cardiovascular morbidity and mortality: a linked-record cohort study,The Lancet Diabetes & Endocrinology,2019,2019,https://doi.org/10.1016/s2213-8587(19)30059-2,10.1016/s2213-8587(19)30059-2,NA (no registry ID),NA (study type unavailable),B0 scholarly discovery metadata; claim-level appraisal required,Structured metadata and abstract,No (not an exact full-text anchor),references.jsonl citation_id=cit_eacc41b92ec5,2026-09-10 (scholarly metadata capture),"Discovery/context record; quantitative, mechanistic, or comparative claims require deeper source verification.",Primary therapy of Graves' disease and cardiovascular morbidity and mortality: a linked-record cohort study (2019). The Lancet Diabetes & Endocrinology. https://doi.org/10.1016/s2213-8587(19)30059-2,2026-09-10,2.0.0
123,preserved_v1+scholarly,"Mortality Risks Associated with Antithyroid Drugs, Radioactive Iodine, and Surgery for Hyperthyroidism: A Systematic Review and Network Meta-Analysis",Thyroid®,2025,2025,https://doi.org/10.1177/10507256251372193,10.1177/10507256251372193,NA (no registry ID),NA (study type unavailable),B0 scholarly discovery metadata; claim-level appraisal required,Structured metadata and abstract,No (not an exact full-text anchor),references.jsonl citation_id=cit_bd9ebf6db742,2026-09-10 (scholarly metadata capture),"Discovery/context record; quantitative, mechanistic, or comparative claims require deeper source verification.","Mortality Risks Associated with Antithyroid Drugs, Radioactive Iodine, and Surgery for Hyperthyroidism: A Systematic Review and Network Meta-Analysis (2025). Thyroid®. https://doi.org/10.1177/10507256251372193",2026-09-10,2.0.0
124,preserved_v1+scholarly,Global epidemiology of hyperthyroidism and hypothyroidism,Nature Reviews Endocrinology,2018,2018,https://doi.org/10.1038/nrendo.2018.18,10.1038/nrendo.2018.18,NA (no registry ID),NA (study type unavailable),B0 scholarly discovery metadata; claim-level appraisal required,Structured metadata and abstract,No (not an exact full-text anchor),references.jsonl citation_id=cit_69af447dc109,2026-09-10 (scholarly metadata capture),"Discovery/context record; quantitative, mechanistic, or comparative claims require deeper source verification.",Global epidemiology of hyperthyroidism and hypothyroidism (2018). Nature Reviews Endocrinology. https://doi.org/10.1038/nrendo.2018.18,2026-09-10,2.0.0
125,preserved_v1+scholarly,Prevalence and mortality of cardiovascular events in patients with hyperthyroidism: a nationwide cohort study in the United States,Gland Surgery,2021,2021,https://doi.org/10.21037/gs-21-236,10.21037/gs-21-236,NA (no registry ID),NA (study type unavailable),B0 scholarly discovery metadata; claim-level appraisal required,Structured metadata and abstract,No (not an exact full-text anchor),references.jsonl citation_id=cit_a5083cda8578,2026-09-10 (scholarly metadata capture),"Discovery/context record; quantitative, mechanistic, or comparative claims require deeper source verification.",Prevalence and mortality of cardiovascular events in patients with hyperthyroidism: a nationwide cohort study in the United States (2021). Gland Surgery. https://doi.org/10.21037/gs-21-236,2026-09-10,2.0.0
126,preserved_v1+scholarly,Factors Associated with Response to Intravenous Glucocorticoids in Active Moderate-to-Severe Thyroid Eye Disease,Thyroid®,2025,2025,https://doi.org/10.1089/thy.2024.0629,10.1089/thy.2024.0629,NA (no registry ID),cohort study,B0 scholarly discovery metadata; claim-level appraisal required,Structured metadata and abstract,No (not an exact full-text anchor),references.jsonl citation_id=cit_e4ed327ff547,2026-09-10 (scholarly metadata capture),"Discovery/context record; quantitative, mechanistic, or comparative claims require deeper source verification.",Factors Associated with Response to Intravenous Glucocorticoids in Active Moderate-to-Severe Thyroid Eye Disease (2025). Thyroid®. https://doi.org/10.1089/thy.2024.0629,2026-09-10,2.0.0
127,preserved_v1,A Korean Clinical Practice Framework for Thyroid Eye Disease: Integrating International Recommendations with Survey-Informed Consensus,Korean Society of Ophthalmic Plastic and Reconstructive Surgery,2026-06-12,2026,https://www.e-enm.org/upload/pdf/enm-2026-2920.pdf,10.3803/enm.2026.2920,NA (no registry ID),society_framework,A2/B1 society-endorsed framework,Acquired and hash-verified source document (application/pdf),Yes (7 canonical exact quote anchors),Methods; Table 1; text algorithm steps 1-6; stage-specific treatment sections,2026-09-11T05:22:46+00:00,"Society-endorsed, survey-informed framework with consensus elements; not a formal evidence-graded guideline and not regulatory evidence.",Korean Society of Ophthalmic Plastic and Reconstructive Surgery. A Korean Clinical Practice Framework for Thyroid Eye Disease: Integrating International Recommendations with Survey-Informed Consensus. 2026-06-12. https://www.e-enm.org/upload/pdf/enm-2026-2920.pdf,2026-09-10,2.0.0
128,preserved_v1+scholarly,Dysthyroid optic neuropathy: emerging treatment strategies,Journal of Endocrinological Investigation,2023,2023,https://doi.org/10.1007/s40618-023-02036-0,10.1007/s40618-023-02036-0,NA (no registry ID),systematic review,B0 scholarly discovery metadata; claim-level appraisal required,Structured metadata and abstract,No (not an exact full-text anchor),references.jsonl citation_id=cit_124d3723c104,2026-09-10 (scholarly metadata capture),"Discovery/context record; quantitative, mechanistic, or comparative claims require deeper source verification.",Dysthyroid optic neuropathy: emerging treatment strategies (2023). Journal of Endocrinological Investigation. https://doi.org/10.1007/s40618-023-02036-0,2026-09-10,2.0.0
129,preserved_v1+scholarly,"Medical Therapy in Patients with Moderate to Severe, Steroid-Resistant, Thyroid Eye Disease",Thyroid®,2023,2023,https://doi.org/10.1089/thy.2023.0167,10.1089/thy.2023.0167,NA (no registry ID),case-control study,B0 scholarly discovery metadata; claim-level appraisal required,Structured metadata and abstract,No (not an exact full-text anchor),references.jsonl citation_id=cit_49bdbd093237,2026-09-10 (scholarly metadata capture),"Discovery/context record; quantitative, mechanistic, or comparative claims require deeper source verification.","Medical Therapy in Patients with Moderate to Severe, Steroid-Resistant, Thyroid Eye Disease (2023). Thyroid®. https://doi.org/10.1089/thy.2023.0167",2026-09-10,2.0.0
130,preserved_v1+scholarly,Long-Term Efficacy of Teprotumumab in Thyroid Eye Disease: Follow-Up Outcomes in Three Clinical Trials,Thyroid®,2024,2024,https://doi.org/10.1089/thy.2023.0656,10.1089/thy.2023.0656,NA (no registry ID),meta-analysis,B0 scholarly discovery metadata; claim-level appraisal required,Structured metadata and abstract,No (not an exact full-text anchor),references.jsonl citation_id=cit_c32a99876b8b,2026-09-10 (scholarly metadata capture),"Discovery/context record; quantitative, mechanistic, or comparative claims require deeper source verification.",Long-Term Efficacy of Teprotumumab in Thyroid Eye Disease: Follow-Up Outcomes in Three Clinical Trials (2024). Thyroid®. https://doi.org/10.1089/thy.2023.0656,2026-09-10,2.0.0
131,preserved_v1+scholarly,"Comparative effectiveness of different treatment modalities for active, moderate-to-severe Graves' orbitopathy: a systematic review and network meta-analysis",Acta Ophthalmologica,2021,2021,https://doi.org/10.1111/aos.15074,10.1111/aos.15074,NA (no registry ID),meta-analysis,B0 scholarly discovery metadata; claim-level appraisal required,Structured metadata and abstract,No (not an exact full-text anchor),references.jsonl citation_id=cit_8c1e304d28e7,2026-09-10 (scholarly metadata capture),"Discovery/context record; quantitative, mechanistic, or comparative claims require deeper source verification.","Comparative effectiveness of different treatment modalities for active, moderate-to-severe Graves' orbitopathy: a systematic review and network meta-analysis (2021). Acta Ophthalmologica. https://doi.org/10.1111/aos.15074",2026-09-10,2.0.0
132,preserved_v1+scholarly,Consensus-based recommendations for the medical management of moderate-to-severe thyroid eye disease using the RAND/UCLA Appropriateness Method,"Revista Colombiana de Endocrinología, Diabetes & Metabolismo",2026,2026,https://doi.org/10.53853/encr.13.1.994,10.53853/encr.13.1.994,NA (no registry ID),systematic review,B0 scholarly discovery metadata; claim-level appraisal required,Structured metadata and abstract,No (not an exact full-text anchor),references.jsonl citation_id=cit_c9b2d441eda8,2026-09-10 (scholarly metadata capture),"Discovery/context record; quantitative, mechanistic, or comparative claims require deeper source verification.","Consensus-based recommendations for the medical management of moderate-to-severe thyroid eye disease using the RAND/UCLA Appropriateness Method (2026). Revista Colombiana de Endocrinología, Diabetes & Metabolismo. https://doi.org/10.53853/encr.13.1.994",2026-09-10,2.0.0
133,preserved_v1+scholarly,Future Projections in Thyroid Eye Disease,The Journal of Clinical Endocrinology & Metabolism,2022,2022,https://doi.org/10.1210/clinem/dgac252,10.1210/clinem/dgac252,NA (no registry ID),systematic review,B0 scholarly discovery metadata; claim-level appraisal required,Structured metadata and abstract,No (not an exact full-text anchor),references.jsonl citation_id=cit_c26c43eb22bb,2026-09-10 (scholarly metadata capture),"Discovery/context record; quantitative, mechanistic, or comparative claims require deeper source verification.",Future Projections in Thyroid Eye Disease (2022). The Journal of Clinical Endocrinology & Metabolism. https://doi.org/10.1210/clinem/dgac252,2026-09-10,2.0.0
134,preserved_v1+scholarly,Letter to the Editor From Perros: Comprehensive Comparisons of Different Treatments for Active Graves’ Orbitopathy: A Systematic Review and Bayesian Model-based Network Meta-analysis,The Journal of Clinical Endocrinology & Metabolism,2025,2025,https://doi.org/10.1210/clinem/dgaf455,10.1210/clinem/dgaf455,NA (no registry ID),meta-analysis,B0 scholarly discovery metadata; claim-level appraisal required,Structured metadata and abstract,No (not an exact full-text anchor),references.jsonl citation_id=cit_b3b27b98f7d2,2026-09-10 (scholarly metadata capture),"Discovery/context record; quantitative, mechanistic, or comparative claims require deeper source verification.",Letter to the Editor From Perros: Comprehensive Comparisons of Different Treatments for Active Graves’ Orbitopathy: A Systematic Review and Bayesian Model-based Network Meta-analysis (2025). The Journal of Clinical Endocrinology & Metabolism. https://doi.org/10.1210/clinem/dgaf455,2026-09-10,2.0.0
135,preserved_v1,The 2021 European Group on Graves' orbitopathy clinical practice guidelines for the medical management of Graves' orbitopathy,European Group on Graves' Orbitopathy,2021-08-27,2021,https://academic.oup.com/ejendo/article-pdf/185/4/G43/45297350/ejendo_g43.pdf,10.1530/EJE-21-0479,NA (no registry ID),guideline,A2 society guideline,Acquired and hash-verified source document (text/html;charset=UTF-8),Yes (12 canonical exact quote anchors),recommendations 7-8 and 26-27; treatment algorithms and dosing text,2026-09-11T05:22:51+00:00,"The 2021 statement that teprotumumab was US-only is historical, not current 2026 status. Acquisition route: pre-cut Internet Archive snapshot of the publisher full-text HTML; origin URL retained in url field.",European Group on Graves' Orbitopathy. The 2021 European Group on Graves' orbitopathy clinical practice guidelines for the medical management of Graves' orbitopathy. 2021-08-27. https://academic.oup.com/ejendo/article-pdf/185/4/G43/45297350/ejendo_g43.pdf,2026-09-10,2.0.0
136,preserved_v1+scholarly,Management of Thyroid Eye Disease: A Comparison Between Three Recent Clinical Guidelines,Ophthalmology and Therapy,2026,2026,https://doi.org/10.1007/s40123-026-01326-z,10.1007/s40123-026-01326-z,NA (no registry ID),NA (study type unavailable),B0 scholarly discovery metadata; claim-level appraisal required,Structured metadata and abstract,No (not an exact full-text anchor),references.jsonl citation_id=cit_59f4c3cd3d7f,2026-09-10 (scholarly metadata capture),"Discovery/context record; quantitative, mechanistic, or comparative claims require deeper source verification.",Management of Thyroid Eye Disease: A Comparison Between Three Recent Clinical Guidelines (2026). Ophthalmology and Therapy. https://doi.org/10.1007/s40123-026-01326-z,2026-09-10,2.0.0
137,preserved_v1+scholarly,Recent advances in graves ophthalmopathy medical therapy: a comprehensive literature review,International Ophthalmology,2022,2022,https://doi.org/10.1007/s10792-022-02537-6,10.1007/s10792-022-02537-6,NA (no registry ID),NA (study type unavailable),B0 scholarly discovery metadata; claim-level appraisal required,Structured metadata and abstract,No (not an exact full-text anchor),references.jsonl citation_id=cit_d120190f7595,2026-09-10 (scholarly metadata capture),"Discovery/context record; quantitative, mechanistic, or comparative claims require deeper source verification.",Recent advances in graves ophthalmopathy medical therapy: a comprehensive literature review (2022). International Ophthalmology. https://doi.org/10.1007/s10792-022-02537-6,2026-09-10,2.0.0
138,preserved_v1+scholarly,Comparison of the 2021 EUGOGO guidelines and the 2022 ATA/ETA consensus statement for the management of Graves’ orbitopathy,NA (journal unavailable),2025,2025,https://doi.org/10.1530/etj-25-0318,10.1530/etj-25-0318,NA (no registry ID),NA (study type unavailable),B0 scholarly discovery metadata; claim-level appraisal required,Structured metadata and abstract,No (not an exact full-text anchor),references.jsonl citation_id=cit_547c5beaa88b,2026-09-10 (scholarly metadata capture),"Discovery/context record; quantitative, mechanistic, or comparative claims require deeper source verification.",Comparison of the 2021 EUGOGO guidelines and the 2022 ATA/ETA consensus statement for the management of Graves’ orbitopathy (2025). . https://doi.org/10.1530/etj-25-0318,2026-09-10,2.0.0
139,preserved_v1,Management of Thyroid Eye Disease: A Consensus Statement by the American Thyroid Association and the European Thyroid Association,American Thyroid Association and European Thyroid Association,2022-12-01,2022,https://pmc.ncbi.nlm.nih.gov/articles/PMC9807259/,10.1530/ETJ-22-0189,NA (no registry ID),consensus_statement,A2 society consensus statement,Acquired and hash-verified source document (text/html; charset=utf-8),Yes (11 canonical exact quote anchors),key points and phenotype/activity/severity treatment sections,2026-09-11T05:22:51+00:00,Normative consensus source; availability statements must be updated with 2026 regulator sources.,American Thyroid Association and European Thyroid Association. Management of Thyroid Eye Disease: A Consensus Statement by the American Thyroid Association and the European Thyroid Association. 2022-12-01. https://pmc.ncbi.nlm.nih.gov/articles/PMC9807259/,2026-09-10,2.0.0
140,preserved_v1+scholarly,Horizon scanning from panel discussions at the EUGOGO Global TED Forum 2025 London,Eye,2026,2026,https://doi.org/10.1038/s41433-025-04197-z,10.1038/s41433-025-04197-z,NA (no registry ID),NA (study type unavailable),B0 scholarly discovery metadata; claim-level appraisal required,Structured metadata and abstract,No (not an exact full-text anchor),references.jsonl citation_id=cit_1c95c6202c39,2026-09-10 (scholarly metadata capture),"Discovery/context record; quantitative, mechanistic, or comparative claims require deeper source verification.",Horizon scanning from panel discussions at the EUGOGO Global TED Forum 2025 London (2026). Eye. https://doi.org/10.1038/s41433-025-04197-z,2026-09-10,2.0.0
141,preserved_v1+scholarly,Graves’ ophthalmopathy: the clinical and psychosocial outcomes of different medical interventions – a systematic review,BMJ Open Ophthalmology,2024,2024,https://doi.org/10.1136/bmjophth-2023-001515,10.1136/bmjophth-2023-001515,NA (no registry ID),NA (study type unavailable),B0 scholarly discovery metadata; claim-level appraisal required,Structured metadata and abstract,No (not an exact full-text anchor),references.jsonl citation_id=cit_f88a14a12f3e,2026-09-10 (scholarly metadata capture),"Discovery/context record; quantitative, mechanistic, or comparative claims require deeper source verification.",Graves’ ophthalmopathy: the clinical and psychosocial outcomes of different medical interventions – a systematic review (2024). BMJ Open Ophthalmology. https://doi.org/10.1136/bmjophth-2023-001515,2026-09-10,2.0.0
142,preserved_v1+scholarly,"Proof-of-concept and Randomized, Placebo-controlled Trials of an FcRn Inhibitor, Batoclimab, for Thyroid Eye Disease",The Journal of Clinical Endocrinology & Metabolism,2023,2023,https://doi.org/10.1210/clinem/dgad381,10.1210/clinem/dgad381,NA (no registry ID),rct,B0 scholarly discovery metadata; claim-level appraisal required,Structured metadata and abstract,No (not an exact full-text anchor),references.jsonl citation_id=cit_78c9f8879f3c,2026-09-10 (scholarly metadata capture),"Discovery/context record; quantitative, mechanistic, or comparative claims require deeper source verification.","Proof-of-concept and Randomized, Placebo-controlled Trials of an FcRn Inhibitor, Batoclimab, for Thyroid Eye Disease (2023). The Journal of Clinical Endocrinology & Metabolism. https://doi.org/10.1210/clinem/dgad381",2026-09-10,2.0.0
143,preserved_v1+scholarly,RF35,Journal of the Endocrine Society,2022,2022,https://doi.org/10.1210/jendso/bvac150.1782,10.1210/jendso/bvac150.1782,NA (no registry ID),rct,B0 scholarly discovery metadata; claim-level appraisal required,Structured metadata and abstract,No (not an exact full-text anchor),references.jsonl citation_id=cit_87a066fb6ff7,2026-09-10 (scholarly metadata capture),"Discovery/context record; quantitative, mechanistic, or comparative claims require deeper source verification.",RF35 (2022). Journal of the Endocrine Society. https://doi.org/10.1210/jendso/bvac150.1782,2026-09-10,2.0.0
144,preserved_v1+scholarly,"ODP509 Proof-of-concept, Multicenter, Open-Label Phase 2a Study of Batoclimab in Active and Moderate-to-Severe Thyroid Eye Disease",Journal of the Endocrine Society,2022,2022,https://doi.org/10.1210/jendso/bvac150.1609,10.1210/jendso/bvac150.1609,NA (no registry ID),non-randomized experimental study,B0 scholarly discovery metadata; claim-level appraisal required,Structured metadata and abstract,No (not an exact full-text anchor),references.jsonl citation_id=cit_931892265129,2026-09-10 (scholarly metadata capture),"Discovery/context record; quantitative, mechanistic, or comparative claims require deeper source verification.","ODP509 Proof-of-concept, Multicenter, Open-Label Phase 2a Study of Batoclimab in Active and Moderate-to-Severe Thyroid Eye Disease (2022). Journal of the Endocrine Society. https://doi.org/10.1210/jendso/bvac150.1609",2026-09-10,2.0.0
145,preserved_v1+scholarly,Redefining Treatment Paradigms in Thyroid Eye Disease: Current and Future Therapeutic Strategies,Journal of Clinical Medicine,2025,2025,https://doi.org/10.3390/jcm14155528,10.3390/jcm14155528,NA (no registry ID),systematic review,B0 scholarly discovery metadata; claim-level appraisal required,Structured metadata and abstract,No (not an exact full-text anchor),references.jsonl citation_id=cit_1d72ed3f4411,2026-09-10 (scholarly metadata capture),"Discovery/context record; quantitative, mechanistic, or comparative claims require deeper source verification.",Redefining Treatment Paradigms in Thyroid Eye Disease: Current and Future Therapeutic Strategies (2025). Journal of Clinical Medicine. https://doi.org/10.3390/jcm14155528,2026-09-10,2.0.0
146,preserved_v1+scholarly,Temporal Glycemic Patterns During IGF-1R Inhibitor Therapy for Thyroid Eye Disease: A Pooled Analysis of Two Clinical Trials,Thyroid®,2026,2026,https://doi.org/10.1177/10507256261431846,10.1177/10507256261431846,NA (no registry ID),NA (study type unavailable),B0 scholarly discovery metadata; claim-level appraisal required,Structured metadata and abstract,No (not an exact full-text anchor),references.jsonl citation_id=cit_a383f65ab4a3,2026-09-10 (scholarly metadata capture),"Discovery/context record; quantitative, mechanistic, or comparative claims require deeper source verification.",Temporal Glycemic Patterns During IGF-1R Inhibitor Therapy for Thyroid Eye Disease: A Pooled Analysis of Two Clinical Trials (2026). Thyroid®. https://doi.org/10.1177/10507256261431846,2026-09-10,2.0.0
147,preserved_v1+scholarly,The efficacy and safety of FcRn inhibitors in patients with myasthenia gravis: a systematic review and meta-analysis,Journal of Neurology,2024,2024,https://doi.org/10.1007/s00415-024-12247-x,10.1007/s00415-024-12247-x,NA (no registry ID),meta-analysis,B0 scholarly discovery metadata; claim-level appraisal required,Structured metadata and abstract,No (not an exact full-text anchor),references.jsonl citation_id=cit_dff35c6f16ee,2026-09-10 (scholarly metadata capture),"Discovery/context record; quantitative, mechanistic, or comparative claims require deeper source verification.",The efficacy and safety of FcRn inhibitors in patients with myasthenia gravis: a systematic review and meta-analysis (2024). Journal of Neurology. https://doi.org/10.1007/s00415-024-12247-x,2026-09-10,2.0.0
148,preserved_v1+scholarly,New horizons for autoimmune hyperthyroidism with FcRn blockers,"Current Opinion in Endocrinology, Diabetes & Obesity",2026,2026,https://doi.org/10.1097/med.0000000000000971,10.1097/med.0000000000000971,NA (no registry ID),NA (study type unavailable),B0 scholarly discovery metadata; claim-level appraisal required,Structured metadata and abstract,No (not an exact full-text anchor),references.jsonl citation_id=cit_2fdc854ff89d,2026-09-10 (scholarly metadata capture),"Discovery/context record; quantitative, mechanistic, or comparative claims require deeper source verification.","New horizons for autoimmune hyperthyroidism with FcRn blockers (2026). Current Opinion in Endocrinology, Diabetes & Obesity. https://doi.org/10.1097/med.0000000000000971",2026-09-10,2.0.0
149,preserved_v1+scholarly,FcRn Inhibitor Therapies in Neurologic Diseases,CNS Drugs,2024,2024,https://doi.org/10.1007/s40263-024-01090-3,10.1007/s40263-024-01090-3,NA (no registry ID),literature review,B0 scholarly discovery metadata; claim-level appraisal required,Structured metadata and abstract,No (not an exact full-text anchor),references.jsonl citation_id=cit_27a99ff2f9b9,2026-09-10 (scholarly metadata capture),"Discovery/context record; quantitative, mechanistic, or comparative claims require deeper source verification.",FcRn Inhibitor Therapies in Neurologic Diseases (2024). CNS Drugs. https://doi.org/10.1007/s40263-024-01090-3,2026-09-10,2.0.0
150,preserved_v1+scholarly,"Teprotumumab for patients with active thyroid eye disease: a pooled data analysis, subgroup analyses, and off-treatment follow-up results from two randomised, double-masked, placebo-controlled, multicentre trials",The Lancet Diabetes & Endocrinology,2021,2021,https://doi.org/10.1016/s2213-8587(21)00056-5,10.1016/s2213-8587(21)00056-5,NA (no registry ID),NA (study type unavailable),B0 scholarly discovery metadata; claim-level appraisal required,Structured metadata and abstract,No (not an exact full-text anchor),references.jsonl citation_id=cit_78e6ce77f785,2026-09-10 (scholarly metadata capture),"Discovery/context record; quantitative, mechanistic, or comparative claims require deeper source verification.","Teprotumumab for patients with active thyroid eye disease: a pooled data analysis, subgroup analyses, and off-treatment follow-up results from two randomised, double-masked, placebo-controlled, multicentre trials (2021). The Lancet Diabetes & Endocrinology. https://doi.org/10.1016/s2213-8587(21)00056-5",2026-09-10,2.0.0
151,preserved_v1+scholarly,"Double-Blind, Randomized, Placebo-controlled, Multicenter, Phase 2b Study of Batoclimab in Active and Moderate-to-Severe Thyroid Eye Disease",NA (journal unavailable),2022,2022,https://doi.org/10.48448/mmxw-gg57,10.48448/mmxw-gg57,NA (no registry ID),NA (study type unavailable),B0 scholarly discovery metadata; claim-level appraisal required,Structured metadata and abstract,No (not an exact full-text anchor),references.jsonl citation_id=cit_007ebe1c1d48,2026-09-10 (scholarly metadata capture),"Discovery/context record; quantitative, mechanistic, or comparative claims require deeper source verification.","Double-Blind, Randomized, Placebo-controlled, Multicenter, Phase 2b Study of Batoclimab in Active and Moderate-to-Severe Thyroid Eye Disease (2022). . https://doi.org/10.48448/mmxw-gg57",2026-09-10,2.0.0
152,preserved_v1+scholarly,Recent Advances of Second-Line Targeted Biopharmaceutical Therapies in Thyroid Associated Ophthalmopathy,Advanced Therapeutics,2024,2024,https://doi.org/10.1002/adtp.202400137,10.1002/adtp.202400137,NA (no registry ID),NA (study type unavailable),B0 scholarly discovery metadata; claim-level appraisal required,Structured metadata and abstract,No (not an exact full-text anchor),references.jsonl citation_id=cit_96be390f74f1,2026-09-10 (scholarly metadata capture),"Discovery/context record; quantitative, mechanistic, or comparative claims require deeper source verification.",Recent Advances of Second-Line Targeted Biopharmaceutical Therapies in Thyroid Associated Ophthalmopathy (2024). Advanced Therapeutics. https://doi.org/10.1002/adtp.202400137,2026-09-10,2.0.0
153,preserved_v1+scholarly,Rozanolixizumab: First Approval,NA (journal unavailable),2023,2023,https://doi.org/10.1007/s40265-023-01933-1,10.1007/s40265-023-01933-1,NA (no registry ID),NA (study type unavailable),B0 scholarly discovery metadata; claim-level appraisal required,Structured metadata and abstract,No (not an exact full-text anchor),references.jsonl citation_id=cit_04a10dd879a4,2026-09-10 (scholarly metadata capture),"Discovery/context record; quantitative, mechanistic, or comparative claims require deeper source verification.",Rozanolixizumab: First Approval (2023). . https://doi.org/10.1007/s40265-023-01933-1,2026-09-10,2.0.0
154,preserved_v1+scholarly,Emerging therapeutic approaches in graves’ ophthalmopathy: an update on pharmacological interventions,Frontiers in Immunology,2025,2025,https://doi.org/10.3389/fimmu.2025.1647602,10.3389/fimmu.2025.1647602,NA (no registry ID),NA (study type unavailable),B0 scholarly discovery metadata; claim-level appraisal required,Structured metadata and abstract,No (not an exact full-text anchor),references.jsonl citation_id=cit_53097a6c2d43,2026-09-10 (scholarly metadata capture),"Discovery/context record; quantitative, mechanistic, or comparative claims require deeper source verification.",Emerging therapeutic approaches in graves’ ophthalmopathy: an update on pharmacological interventions (2025). Frontiers in Immunology. https://doi.org/10.3389/fimmu.2025.1647602,2026-09-10,2.0.0
155,preserved_v1+scholarly,Pharmacologic Therapies for Active Moderate-to-Severe TED: A Comprehensive Systematic Review,Clinical Medicine Insights: Endocrinology and Diabetes,2026,2026,https://doi.org/10.1177/11795514261426446,10.1177/11795514261426446,NA (no registry ID),NA (study type unavailable),B0 scholarly discovery metadata; claim-level appraisal required,Structured metadata and abstract,No (not an exact full-text anchor),references.jsonl citation_id=cit_3c97dae949f4,2026-09-10 (scholarly metadata capture),"Discovery/context record; quantitative, mechanistic, or comparative claims require deeper source verification.",Pharmacologic Therapies for Active Moderate-to-Severe TED: A Comprehensive Systematic Review (2026). Clinical Medicine Insights: Endocrinology and Diabetes. https://doi.org/10.1177/11795514261426446,2026-09-10,2.0.0
156,preserved_v1+scholarly,Immunomodulators in Graves’ ophthalmopathy: a systematic review,Frontiers in Endocrinology,2026,2026,https://doi.org/10.3389/fendo.2026.1686786,10.3389/fendo.2026.1686786,NA (no registry ID),NA (study type unavailable),B0 scholarly discovery metadata; claim-level appraisal required,Structured metadata and abstract,No (not an exact full-text anchor),references.jsonl citation_id=cit_5af0461aef35,2026-09-10 (scholarly metadata capture),"Discovery/context record; quantitative, mechanistic, or comparative claims require deeper source verification.",Immunomodulators in Graves’ ophthalmopathy: a systematic review (2026). Frontiers in Endocrinology. https://doi.org/10.3389/fendo.2026.1686786,2026-09-10,2.0.0
157,preserved_v1+scholarly,"OR31-04 Efficacy and Safety of Veligrotug (VRDN-001), a Full Antagonist Monoclonal Antibody to IGF-1 Receptor, in Active Thyroid Eye Disease (TED): THRIVE Phase 3 Topline Results",Journal of the Endocrine Society,2025,2025,https://doi.org/10.1210/jendso/bvaf149.2237,10.1210/jendso/bvaf149.2237,NA (no registry ID),NA (study type unavailable),B0 scholarly discovery metadata; claim-level appraisal required,Structured metadata and abstract,No (not an exact full-text anchor),references.jsonl citation_id=cit_24a9e8caf31a,2026-09-10 (scholarly metadata capture),"Discovery/context record; quantitative, mechanistic, or comparative claims require deeper source verification.","OR31-04 Efficacy and Safety of Veligrotug (VRDN-001), a Full Antagonist Monoclonal Antibody to IGF-1 Receptor, in Active Thyroid Eye Disease (TED): THRIVE Phase 3 Topline Results (2025). Journal of the Endocrine Society. https://doi.org/10.1210/jendso/bvaf149.2237",2026-09-10,2.0.0
158,preserved_v1+scholarly,TSH receptor specific monoclonal autoantibody K1-70TM targeting of the TSH receptor in subjects with Graves' disease and Graves' orbitopathy—Results from a phase I clinical trial,Clinical Endocrinology,2022,2022,https://doi.org/10.1111/cen.14681,10.1111/cen.14681,NA (no registry ID),non-randomized experimental study,B0 scholarly discovery metadata; claim-level appraisal required,Structured metadata and abstract,No (not an exact full-text anchor),references.jsonl citation_id=cit_31cb3ec29f8e,2026-09-10 (scholarly metadata capture),"Discovery/context record; quantitative, mechanistic, or comparative claims require deeper source verification.",TSH receptor specific monoclonal autoantibody K1-70TM targeting of the TSH receptor in subjects with Graves' disease and Graves' orbitopathy—Results from a phase I clinical trial (2022). Clinical Endocrinology. https://doi.org/10.1111/cen.14681,2026-09-10,2.0.0
159,preserved_v1+scholarly,A Novel Monoclonal Antibody Degrades the Thyrotropin Receptor Autoantibodies in Graves' Disease,Endocrine Practice,2023,2023,https://doi.org/10.1016/j.eprac.2023.04.002,10.1016/j.eprac.2023.04.002,NA (no registry ID),rct,B0 scholarly discovery metadata; claim-level appraisal required,Structured metadata and abstract,No (not an exact full-text anchor),references.jsonl citation_id=cit_52ded8933410,2026-09-10 (scholarly metadata capture),"Discovery/context record; quantitative, mechanistic, or comparative claims require deeper source verification.",A Novel Monoclonal Antibody Degrades the Thyrotropin Receptor Autoantibodies in Graves' Disease (2023). Endocrine Practice. https://doi.org/10.1016/j.eprac.2023.04.002,2026-09-10,2.0.0
160,preserved_v1+scholarly,Autoantibodies to the TSH Receptor—from discovery to understanding the mechanisms of action and to new therapeutics,Endocrine Journal,2025,2025,https://doi.org/10.1507/endocrj.ej25-0127,10.1507/endocrj.ej25-0127,NA (no registry ID),literature review,B0 scholarly discovery metadata; claim-level appraisal required,Structured metadata and abstract,No (not an exact full-text anchor),references.jsonl citation_id=cit_fbfa409e80b9,2026-09-10 (scholarly metadata capture),"Discovery/context record; quantitative, mechanistic, or comparative claims require deeper source verification.",Autoantibodies to the TSH Receptor—from discovery to understanding the mechanisms of action and to new therapeutics (2025). Endocrine Journal. https://doi.org/10.1507/endocrj.ej25-0127,2026-09-10,2.0.0
161,preserved_v1+scholarly,TSHR-based chimeric antigen receptor T cell specifically deplete auto-reactive B lymphocytes for treatment of autoimmune thyroid disease,International Immunopharmacology,2023,2023,https://doi.org/10.1016/j.intimp.2023.110873,10.1016/j.intimp.2023.110873,NA (no registry ID),non-rct in vitro,B0 scholarly discovery metadata; claim-level appraisal required,Structured metadata and abstract,No (not an exact full-text anchor),references.jsonl citation_id=cit_f0733ec0302e,2026-09-10 (scholarly metadata capture),"Discovery/context record; quantitative, mechanistic, or comparative claims require deeper source verification.",TSHR-based chimeric antigen receptor T cell specifically deplete auto-reactive B lymphocytes for treatment of autoimmune thyroid disease (2023). International Immunopharmacology. https://doi.org/10.1016/j.intimp.2023.110873,2026-09-10,2.0.0
162,preserved_v1+scholarly,TSHR-Targeting Nucleic Acid Aptamer Treats Graves' Ophthalmopathy via Novel Allosteric Inhibition (Adv. Sci. 4/2026),Advanced Science,2026,2026,https://doi.org/10.1002/advs.73392,10.1002/advs.73392,NA (no registry ID),other,B0 scholarly discovery metadata; claim-level appraisal required,Structured metadata and abstract,No (not an exact full-text anchor),references.jsonl citation_id=cit_cf4eb547fdd0,2026-09-10 (scholarly metadata capture),"Discovery/context record; quantitative, mechanistic, or comparative claims require deeper source verification.",TSHR-Targeting Nucleic Acid Aptamer Treats Graves' Ophthalmopathy via Novel Allosteric Inhibition (Adv. Sci. 4/2026) (2026). Advanced Science. https://doi.org/10.1002/advs.73392,2026-09-10,2.0.0
163,preserved_v1+scholarly,MON-365 Discovery and Characterization of an Orally Bioavailable Nonpeptide Thyroid Stimulating Hormone Receptor (TSHR) Antagonist for the Treatment of Graves’ Disease and Thyroid Eye Disease,Journal of the Endocrine Society,2025,2025,https://doi.org/10.1210/jendso/bvaf149.2141,10.1210/jendso/bvaf149.2141,NA (no registry ID),other,B0 scholarly discovery metadata; claim-level appraisal required,Structured metadata and abstract,No (not an exact full-text anchor),references.jsonl citation_id=cit_41d3334ff809,2026-09-10 (scholarly metadata capture),"Discovery/context record; quantitative, mechanistic, or comparative claims require deeper source verification.",MON-365 Discovery and Characterization of an Orally Bioavailable Nonpeptide Thyroid Stimulating Hormone Receptor (TSHR) Antagonist for the Treatment of Graves’ Disease and Thyroid Eye Disease (2025). Journal of the Endocrine Society. https://doi.org/10.1210/jendso/bvaf149.2141,2026-09-10,2.0.0
164,preserved_v1+scholarly,"Safety, pharmacokinetics, and potential benefits of TSH-receptor-specific monoclonal autoantibody K1-70TM in Japanese Graves’ disease patients: results of a phase 1 trial",Endocrine Journal,2025,2025,https://doi.org/10.1507/endocrj.ej25-0043,10.1507/endocrj.ej25-0043,NA (no registry ID),NA (study type unavailable),B0 scholarly discovery metadata; claim-level appraisal required,Structured metadata and abstract,No (not an exact full-text anchor),references.jsonl citation_id=cit_89cec645256d,2026-09-10 (scholarly metadata capture),"Discovery/context record; quantitative, mechanistic, or comparative claims require deeper source verification.","Safety, pharmacokinetics, and potential benefits of TSH-receptor-specific monoclonal autoantibody K1-70TM in Japanese Graves’ disease patients: results of a phase 1 trial (2025). Endocrine Journal. https://doi.org/10.1507/endocrj.ej25-0043",2026-09-10,2.0.0
165,preserved_v1+scholarly,"Blocking the Thyrotropin Receptor with K1-70 in a Patient with Follicular Thyroid Cancer, Graves' Disease, and Graves' Ophthalmopathy",Thyroid,2021,2021,https://doi.org/10.1089/thy.2021.0053,10.1089/thy.2021.0053,NA (no registry ID),case report,B0 scholarly discovery metadata; claim-level appraisal required,Structured metadata and abstract,No (not an exact full-text anchor),references.jsonl citation_id=cit_92acea59034e,2026-09-10 (scholarly metadata capture),"Discovery/context record; quantitative, mechanistic, or comparative claims require deeper source verification.","Blocking the Thyrotropin Receptor with K1-70 in a Patient with Follicular Thyroid Cancer, Graves' Disease, and Graves' Ophthalmopathy (2021). Thyroid. https://doi.org/10.1089/thy.2021.0053",2026-09-10,2.0.0
166,preserved_v1+scholarly,Lycia Therapeutics,C&EN Global Enterprise,2020,2020,https://doi.org/10.1021/cen-09844-cover7,10.1021/cen-09844-cover7,NA (no registry ID),NA (study type unavailable),B0 scholarly discovery metadata; claim-level appraisal required,Structured metadata and abstract,No (not an exact full-text anchor),references.jsonl citation_id=cit_059b523d3f35,2026-09-10 (scholarly metadata capture),"Discovery/context record; quantitative, mechanistic, or comparative claims require deeper source verification.",Lycia Therapeutics (2020). C&EN Global Enterprise. https://doi.org/10.1021/cen-09844-cover7,2026-09-10,2.0.0
167,preserved_v1+scholarly,Selective degradation of pathogenic autoantibodies by lysosomal targeting chimeras for the treatment of myasthenia gravis,NA (journal unavailable),2025,2025,https://doi.org/10.1101/2025.11.18.25340499,10.1101/2025.11.18.25340499,NA (no registry ID),NA (study type unavailable),B0 scholarly discovery metadata; claim-level appraisal required,Structured metadata and abstract,No (not an exact full-text anchor),references.jsonl citation_id=cit_a80ed494adeb,2026-09-10 (scholarly metadata capture),"Discovery/context record; quantitative, mechanistic, or comparative claims require deeper source verification.",Selective degradation of pathogenic autoantibodies by lysosomal targeting chimeras for the treatment of myasthenia gravis (2025). . https://doi.org/10.1101/2025.11.18.25340499,2026-09-10,2.0.0
168,preserved_v1+scholarly,Graves’ disease: a new era of pathophysiology-guided therapeutics,NA (journal unavailable),2026,2026,https://doi.org/10.1210/clinem/dgag010,10.1210/clinem/dgag010,NA (no registry ID),NA (study type unavailable),B0 scholarly discovery metadata; claim-level appraisal required,Structured metadata and abstract,No (not an exact full-text anchor),references.jsonl citation_id=cit_6ed4a9ffe67e,2026-09-10 (scholarly metadata capture),"Discovery/context record; quantitative, mechanistic, or comparative claims require deeper source verification.",Graves’ disease: a new era of pathophysiology-guided therapeutics (2026). . https://doi.org/10.1210/clinem/dgag010,2026-09-10,2.0.0
169,preserved_v1+scholarly,Diagnostic value of serum TSI levels in Graves' disease and direct comparison of diagnostic performance with TRAb: A systematic review and meta-analysis.,Clinical biochemistry,2025,2025,https://doi.org/10.1016/j.clinbiochem.2025.110989,10.1016/j.clinbiochem.2025.110989,NA (no registry ID),meta-analysis,B0 scholarly discovery metadata; claim-level appraisal required,Structured metadata and abstract,No (not an exact full-text anchor),references.jsonl citation_id=cit_bb284f7d3dce,2026-09-10 (scholarly metadata capture),"Discovery/context record; quantitative, mechanistic, or comparative claims require deeper source verification.",Diagnostic value of serum TSI levels in Graves' disease and direct comparison of diagnostic performance with TRAb: A systematic review and meta-analysis. (2025). Clinical biochemistry. https://doi.org/10.1016/j.clinbiochem.2025.110989,2026-09-10,2.0.0
170,preserved_v1+scholarly,Comparison between thyroid stimulating immunoglobulin and TSH-receptor antibodies in the diagnosis and management of Graves’ disease,Frontiers in Endocrinology,2024,2024,https://doi.org/10.3389/fendo.2024.1487490,10.3389/fendo.2024.1487490,NA (no registry ID),cohort study,B0 scholarly discovery metadata; claim-level appraisal required,Structured metadata and abstract,No (not an exact full-text anchor),references.jsonl citation_id=cit_3a5079b57004,2026-09-10 (scholarly metadata capture),"Discovery/context record; quantitative, mechanistic, or comparative claims require deeper source verification.",Comparison between thyroid stimulating immunoglobulin and TSH-receptor antibodies in the diagnosis and management of Graves’ disease (2024). Frontiers in Endocrinology. https://doi.org/10.3389/fendo.2024.1487490,2026-09-10,2.0.0
171,preserved_v1+scholarly,Evaluation of the diagnostic performance of thyroid-stimulating immunoglobulin and thyrotropin receptor antibodies for Graves' disease,Journal of Clinical Laboratory Analysis,2023,2023,https://doi.org/10.1002/jcla.24890,10.1002/jcla.24890,NA (no registry ID),cross-sectional study,B0 scholarly discovery metadata; claim-level appraisal required,Structured metadata and abstract,No (not an exact full-text anchor),references.jsonl citation_id=cit_f4a79534cdab,2026-09-10 (scholarly metadata capture),"Discovery/context record; quantitative, mechanistic, or comparative claims require deeper source verification.",Evaluation of the diagnostic performance of thyroid-stimulating immunoglobulin and thyrotropin receptor antibodies for Graves' disease (2023). Journal of Clinical Laboratory Analysis. https://doi.org/10.1002/jcla.24890,2026-09-10,2.0.0
172,preserved_v1+scholarly,Significance of Thyroid Stimulating Immunoglobulin and Thyrotropin Receptor Antibody in Graves' Disease.,The Journal of clinical endocrinology and metabolism,2024,2024,https://doi.org/10.1210/clinem/dgae892,10.1210/clinem/dgae892,NA (no registry ID),cohort study,B0 scholarly discovery metadata; claim-level appraisal required,Structured metadata and abstract,No (not an exact full-text anchor),references.jsonl citation_id=cit_b80aa807edda,2026-09-10 (scholarly metadata capture),"Discovery/context record; quantitative, mechanistic, or comparative claims require deeper source verification.",Significance of Thyroid Stimulating Immunoglobulin and Thyrotropin Receptor Antibody in Graves' Disease. (2024). The Journal of clinical endocrinology and metabolism. https://doi.org/10.1210/clinem/dgae892,2026-09-10,2.0.0
173,preserved_v1+scholarly,Performance of thyroid-stimulating immunoglobulin bioassay and thyrotropin binding inhibitory immunoglobulin assay for the diagnosis of Graves' disease in patients with active thyrotoxicosis.,Endocrine practice : official journal of the American College of Endocrinology and the American Association of Clinical Endocrinologists,2022,2022,https://doi.org/10.1016/j.eprac.2022.01.007,10.1016/j.eprac.2022.01.007,NA (no registry ID),cross-sectional study,B0 scholarly discovery metadata; claim-level appraisal required,Structured metadata and abstract,No (not an exact full-text anchor),references.jsonl citation_id=cit_5a4c4f9a5753,2026-09-10 (scholarly metadata capture),"Discovery/context record; quantitative, mechanistic, or comparative claims require deeper source verification.",Performance of thyroid-stimulating immunoglobulin bioassay and thyrotropin binding inhibitory immunoglobulin assay for the diagnosis of Graves' disease in patients with active thyrotoxicosis. (2022). Endocrine practice : official journal of the American College of Endocrinology and the American Association of Clinical Endocrinologists. https://doi.org/10.1016/j.eprac.2022.01.007,2026-09-10,2.0.0
174,preserved_v1+scholarly,Diagnostic Utility of a New Assay for Thyroid Stimulating Immunoglobulins in Graves' Disease and Thyroid Eye Disease,Thyroid,2021,2021,https://doi.org/10.1089/thy.2021.0299,10.1089/thy.2021.0299,NA (no registry ID),cross-sectional study,B0 scholarly discovery metadata; claim-level appraisal required,Structured metadata and abstract,No (not an exact full-text anchor),references.jsonl citation_id=cit_da9d29a32aa5,2026-09-10 (scholarly metadata capture),"Discovery/context record; quantitative, mechanistic, or comparative claims require deeper source verification.",Diagnostic Utility of a New Assay for Thyroid Stimulating Immunoglobulins in Graves' Disease and Thyroid Eye Disease (2021). Thyroid. https://doi.org/10.1089/thy.2021.0299,2026-09-10,2.0.0
175,preserved_v1+scholarly,The Early Changes in Thyroid-Stimulating Immunoglobulin Bioassay over Anti-Thyroid Drug Treatment Could Predict Prognosis of Graves’ Disease,Endocrinology and Metabolism,2023,2023,https://doi.org/10.3803/enm.2023.1664,10.3803/enm.2023.1664,NA (no registry ID),cohort study,B0 scholarly discovery metadata; claim-level appraisal required,Structured metadata and abstract,No (not an exact full-text anchor),references.jsonl citation_id=cit_ac4a9e49e115,2026-09-10 (scholarly metadata capture),"Discovery/context record; quantitative, mechanistic, or comparative claims require deeper source verification.",The Early Changes in Thyroid-Stimulating Immunoglobulin Bioassay over Anti-Thyroid Drug Treatment Could Predict Prognosis of Graves’ Disease (2023). Endocrinology and Metabolism. https://doi.org/10.3803/enm.2023.1664,2026-09-10,2.0.0
176,preserved_v1+scholarly,Clinical evaluation of an automated TSI bridge immunoassay in the diagnosis of Graves’ disease and its relationship to the degree of hyperthyroidism,BMC Endocrine Disorders,2022,2022,https://doi.org/10.1186/s12902-022-01114-3,10.1186/s12902-022-01114-3,NA (no registry ID),cross-sectional study,B0 scholarly discovery metadata; claim-level appraisal required,Structured metadata and abstract,No (not an exact full-text anchor),references.jsonl citation_id=cit_f7305bb4ab40,2026-09-10 (scholarly metadata capture),"Discovery/context record; quantitative, mechanistic, or comparative claims require deeper source verification.",Clinical evaluation of an automated TSI bridge immunoassay in the diagnosis of Graves’ disease and its relationship to the degree of hyperthyroidism (2022). BMC Endocrine Disorders. https://doi.org/10.1186/s12902-022-01114-3,2026-09-10,2.0.0
177,preserved_v1+scholarly,Performance evaluation and reference interval establishment of Abbott Alinity thyroid-stimulating hormone receptor antibody (TRAb) assay for diagnosing Graves’ disease,PLOS One,2026,2026,https://doi.org/10.1371/journal.pone.0339494,10.1371/journal.pone.0339494,NA (no registry ID),cross-sectional study,B0 scholarly discovery metadata; claim-level appraisal required,Structured metadata and abstract,No (not an exact full-text anchor),references.jsonl citation_id=cit_ced82e15376f,2026-09-10 (scholarly metadata capture),"Discovery/context record; quantitative, mechanistic, or comparative claims require deeper source verification.",Performance evaluation and reference interval establishment of Abbott Alinity thyroid-stimulating hormone receptor antibody (TRAb) assay for diagnosing Graves’ disease (2026). PLOS One. https://doi.org/10.1371/journal.pone.0339494,2026-09-10,2.0.0
178,preserved_v1+scholarly,TSH receptor autoantibody immunoassay in patients with Graves' disease: improvement of diagnostic accuracy over different generations of methods. Systematic review and meta-analysis.,Autoimmunity reviews,2012,2012,https://doi.org/10.1016/j.autrev.2012.07.003,10.1016/j.autrev.2012.07.003,NA (no registry ID),meta-analysis,B0 scholarly discovery metadata; claim-level appraisal required,Structured metadata and abstract,No (not an exact full-text anchor),references.jsonl citation_id=cit_7cdd65be363d,2026-09-10 (scholarly metadata capture),"Discovery/context record; quantitative, mechanistic, or comparative claims require deeper source verification.",TSH receptor autoantibody immunoassay in patients with Graves' disease: improvement of diagnostic accuracy over different generations of methods. Systematic review and meta-analysis. (2012). Autoimmunity reviews. https://doi.org/10.1016/j.autrev.2012.07.003,2026-09-10,2.0.0
179,preserved_v1+scholarly,Diagnostic discordance and performance of third-generation competitive TRAb vs. sandwich TSI ELISA in the diagnosis of Graves’ disease,Scandinavian Journal of Clinical and Laboratory Investigation,2026,2026,https://doi.org/10.1080/00365513.2026.2669918,10.1080/00365513.2026.2669918,NA (no registry ID),NA (study type unavailable),B0 scholarly discovery metadata; claim-level appraisal required,Structured metadata and abstract,No (not an exact full-text anchor),references.jsonl citation_id=cit_f39d30f6974b,2026-09-10 (scholarly metadata capture),"Discovery/context record; quantitative, mechanistic, or comparative claims require deeper source verification.",Diagnostic discordance and performance of third-generation competitive TRAb vs. sandwich TSI ELISA in the diagnosis of Graves’ disease (2026). Scandinavian Journal of Clinical and Laboratory Investigation. https://doi.org/10.1080/00365513.2026.2669918,2026-09-10,2.0.0
180,preserved_v1+scholarly,"Best practices in the laboratory diagnosis, prognostication, prediction, and monitoring of Graves’ disease: role of TRAbs",BMC Endocrine Disorders,2024,2024,https://doi.org/10.1186/s12902-024-01809-9,10.1186/s12902-024-01809-9,NA (no registry ID),NA (study type unavailable),B0 scholarly discovery metadata; claim-level appraisal required,Structured metadata and abstract,No (not an exact full-text anchor),references.jsonl citation_id=cit_da56c0052c2b,2026-09-10 (scholarly metadata capture),"Discovery/context record; quantitative, mechanistic, or comparative claims require deeper source verification.","Best practices in the laboratory diagnosis, prognostication, prediction, and monitoring of Graves’ disease: role of TRAbs (2024). BMC Endocrine Disorders. https://doi.org/10.1186/s12902-024-01809-9",2026-09-10,2.0.0
181,preserved_v1+scholarly,"Testing, Monitoring, and Treatment of Thyroid Dysfunction in Pregnancy",The Journal of Clinical Endocrinology & Metabolism,2020,2020,https://doi.org/10.1210/clinem/dgaa945,10.1210/clinem/dgaa945,NA (no registry ID),NA (study type unavailable),B0 scholarly discovery metadata; claim-level appraisal required,Structured metadata and abstract,No (not an exact full-text anchor),references.jsonl citation_id=cit_4bb99c8a2366,2026-09-10 (scholarly metadata capture),"Discovery/context record; quantitative, mechanistic, or comparative claims require deeper source verification.","Testing, Monitoring, and Treatment of Thyroid Dysfunction in Pregnancy (2020). The Journal of Clinical Endocrinology & Metabolism. https://doi.org/10.1210/clinem/dgaa945",2026-09-10,2.0.0
182,preserved_v1+scholarly,Comparison of two different TSH-receptor antibody assays: A clinical practice study,Heliyon,2023,2023,https://doi.org/10.1016/j.heliyon.2023.e22468,10.1016/j.heliyon.2023.e22468,NA (no registry ID),NA (study type unavailable),B0 scholarly discovery metadata; claim-level appraisal required,Structured metadata and abstract,No (not an exact full-text anchor),references.jsonl citation_id=cit_ad1154713e3a,2026-09-10 (scholarly metadata capture),"Discovery/context record; quantitative, mechanistic, or comparative claims require deeper source verification.",Comparison of two different TSH-receptor antibody assays: A clinical practice study (2023). Heliyon. https://doi.org/10.1016/j.heliyon.2023.e22468,2026-09-10,2.0.0
183,preserved_v1+scholarly,Predictive value of thyroid-related biomarkers in Graves’ disease – a systematic review,Pediatria i Medycyna Rodzinna,2026,2026,https://doi.org/10.15557/pimr.2025.0032,10.15557/pimr.2025.0032,NA (no registry ID),NA (study type unavailable),B0 scholarly discovery metadata; claim-level appraisal required,Structured metadata and abstract,No (not an exact full-text anchor),references.jsonl citation_id=cit_f991edd51ee8,2026-09-10 (scholarly metadata capture),"Discovery/context record; quantitative, mechanistic, or comparative claims require deeper source verification.",Predictive value of thyroid-related biomarkers in Graves’ disease – a systematic review (2026). Pediatria i Medycyna Rodzinna. https://doi.org/10.15557/pimr.2025.0032,2026-09-10,2.0.0
184,preserved_v1+scholarly,Can we predict relapse in Graves’ disease? Results from a systematic review and meta-analysis,European Journal of Endocrinology,2017,2017,https://doi.org/10.1530/eje-16-0725,10.1530/eje-16-0725,NA (no registry ID),NA (study type unavailable),B0 scholarly discovery metadata; claim-level appraisal required,Structured metadata and abstract,No (not an exact full-text anchor),references.jsonl citation_id=cit_0e15b6d40acc,2026-09-10 (scholarly metadata capture),"Discovery/context record; quantitative, mechanistic, or comparative claims require deeper source verification.",Can we predict relapse in Graves’ disease? Results from a systematic review and meta-analysis (2017). European Journal of Endocrinology. https://doi.org/10.1530/eje-16-0725,2026-09-10,2.0.0
185,preserved_v1+scholarly,Ten Year Outcome of Anti-Thyroid Drug Treatment for First Episode Graves' Thyrotoxicosis: The Predictive Importance of TRAb,Clinical Endocrinology,2025,2025,https://doi.org/10.1111/cen.70003,10.1111/cen.70003,NA (no registry ID),NA (study type unavailable),B0 scholarly discovery metadata; claim-level appraisal required,Structured metadata and abstract,No (not an exact full-text anchor),references.jsonl citation_id=cit_6fc7a39b3ac8,2026-09-10 (scholarly metadata capture),"Discovery/context record; quantitative, mechanistic, or comparative claims require deeper source verification.",Ten Year Outcome of Anti-Thyroid Drug Treatment for First Episode Graves' Thyrotoxicosis: The Predictive Importance of TRAb (2025). Clinical Endocrinology. https://doi.org/10.1111/cen.70003,2026-09-10,2.0.0
186,preserved_v1+scholarly,Prediction of Relapse After Antithyroid Drugs Withdrawal: A Narrative Review,International Journal of Endocrinology and Metabolism,2020,2020,https://doi.org/10.5812/ijem.102346,10.5812/ijem.102346,NA (no registry ID),NA (study type unavailable),B0 scholarly discovery metadata; claim-level appraisal required,Structured metadata and abstract,No (not an exact full-text anchor),references.jsonl citation_id=cit_ae88e06f226d,2026-09-10 (scholarly metadata capture),"Discovery/context record; quantitative, mechanistic, or comparative claims require deeper source verification.",Prediction of Relapse After Antithyroid Drugs Withdrawal: A Narrative Review (2020). International Journal of Endocrinology and Metabolism. https://doi.org/10.5812/ijem.102346,2026-09-10,2.0.0
187,preserved_v1+scholarly,Extended Long-Term Follow-Up of Proptosis Regression After Teprotumumab Treatment for Thyroid Eye Disease.,Ophthalmic plastic and reconstructive surgery,2026,2026,https://doi.org/10.1097/iop.0000000000003197,10.1097/iop.0000000000003197,NA (no registry ID),cohort study,B0 scholarly discovery metadata; claim-level appraisal required,Structured metadata and abstract,No (not an exact full-text anchor),references.jsonl citation_id=cit_7fc94704a23f,2026-09-10 (scholarly metadata capture),"Discovery/context record; quantitative, mechanistic, or comparative claims require deeper source verification.",Extended Long-Term Follow-Up of Proptosis Regression After Teprotumumab Treatment for Thyroid Eye Disease. (2026). Ophthalmic plastic and reconstructive surgery. https://doi.org/10.1097/iop.0000000000003197,2026-09-10,2.0.0
188,preserved_v1+scholarly,Reactivation After Teprotumumab Treatment for Active Thyroid Eye Disease,American Journal of Ophthalmology,2024,2024,https://doi.org/10.1016/j.ajo.2023.12.001,10.1016/j.ajo.2023.12.001,NA (no registry ID),NA (study type unavailable),B0 scholarly discovery metadata; claim-level appraisal required,Structured metadata and abstract,No (not an exact full-text anchor),references.jsonl citation_id=cit_542fc7d7f362,2026-09-10 (scholarly metadata capture),"Discovery/context record; quantitative, mechanistic, or comparative claims require deeper source verification.",Reactivation After Teprotumumab Treatment for Active Thyroid Eye Disease (2024). American Journal of Ophthalmology. https://doi.org/10.1016/j.ajo.2023.12.001,2026-09-10,2.0.0
189,preserved_v1+scholarly,Teprotumumab-Related Adverse Events in Thyroid Eye Disease,Ophthalmology,2024,2024,https://doi.org/10.1016/j.ophtha.2023.10.018,10.1016/j.ophtha.2023.10.018,NA (no registry ID),cohort study,B0 scholarly discovery metadata; claim-level appraisal required,Structured metadata and abstract,No (not an exact full-text anchor),references.jsonl citation_id=cit_6eceae75220e,2026-09-10 (scholarly metadata capture),"Discovery/context record; quantitative, mechanistic, or comparative claims require deeper source verification.",Teprotumumab-Related Adverse Events in Thyroid Eye Disease (2024). Ophthalmology. https://doi.org/10.1016/j.ophtha.2023.10.018,2026-09-10,2.0.0
190,preserved_v1+scholarly,Efficacy and Safety of Teprotumumab in Patients With Thyroid Eye Disease of Long Duration and Low Disease Activity,The Journal of Clinical Endocrinology and Metabolism,2023,2023,https://doi.org/10.1210/clinem/dgad637,10.1210/clinem/dgad637,NA (no registry ID),rct,B0 scholarly discovery metadata; claim-level appraisal required,Structured metadata and abstract,No (not an exact full-text anchor),references.jsonl citation_id=cit_98e9a315c5d6,2026-09-10 (scholarly metadata capture),"Discovery/context record; quantitative, mechanistic, or comparative claims require deeper source verification.",Efficacy and Safety of Teprotumumab in Patients With Thyroid Eye Disease of Long Duration and Low Disease Activity (2023). The Journal of Clinical Endocrinology and Metabolism. https://doi.org/10.1210/clinem/dgad637,2026-09-10,2.0.0
191,preserved_v1+scholarly,"Teprotumumab Efficacy, Safety and Durability in Longer Duration Thyroid Eye Disease and Retreatment: Optic-X Study.",Ophthalmology,2021,2021,https://doi.org/10.1016/j.ophtha.2021.10.017,10.1016/j.ophtha.2021.10.017,NA (no registry ID),rct,B0 scholarly discovery metadata; claim-level appraisal required,Structured metadata and abstract,No (not an exact full-text anchor),references.jsonl citation_id=cit_aa31c698a199,2026-09-10 (scholarly metadata capture),"Discovery/context record; quantitative, mechanistic, or comparative claims require deeper source verification.","Teprotumumab Efficacy, Safety and Durability in Longer Duration Thyroid Eye Disease and Retreatment: Optic-X Study. (2021). Ophthalmology. https://doi.org/10.1016/j.ophtha.2021.10.017",2026-09-10,2.0.0
192,preserved_v1+scholarly,"A randomised, double-masked, placebo-controlled trial evaluating the efficacy and safety of teprotumumab for active thyroid eye disease in Japanese patients",The Lancet Regional Health: Western Pacific,2025,2025,https://doi.org/10.1016/j.lanwpc.2025.101464,10.1016/j.lanwpc.2025.101464,NA (no registry ID),rct,B0 scholarly discovery metadata; claim-level appraisal required,Structured metadata and abstract,No (not an exact full-text anchor),references.jsonl citation_id=cit_a07ad69eb00d,2026-09-10 (scholarly metadata capture),"Discovery/context record; quantitative, mechanistic, or comparative claims require deeper source verification.","A randomised, double-masked, placebo-controlled trial evaluating the efficacy and safety of teprotumumab for active thyroid eye disease in Japanese patients (2025). The Lancet Regional Health: Western Pacific. https://doi.org/10.1016/j.lanwpc.2025.101464",2026-09-10,2.0.0
193,preserved_v1+scholarly,Teprotumumab: A Review in Thyroid Eye Disease,Drugs,2022,2022,https://doi.org/10.1007/s40265-022-01804-1,10.1007/s40265-022-01804-1,NA (no registry ID),literature review,B0 scholarly discovery metadata; claim-level appraisal required,Structured metadata and abstract,No (not an exact full-text anchor),references.jsonl citation_id=cit_27c6feeadeb4,2026-09-10 (scholarly metadata capture),"Discovery/context record; quantitative, mechanistic, or comparative claims require deeper source verification.",Teprotumumab: A Review in Thyroid Eye Disease (2022). Drugs. https://doi.org/10.1007/s40265-022-01804-1,2026-09-10,2.0.0
194,preserved_v1+scholarly,Time to improvement following teprotumumab treatment of thyroid eye disease: real world experience,Graefe's Archive for Clinical and Experimental Ophthalmology,2025,2025,https://doi.org/10.1007/s00417-025-06855-0,10.1007/s00417-025-06855-0,NA (no registry ID),cohort study,B0 scholarly discovery metadata; claim-level appraisal required,Structured metadata and abstract,No (not an exact full-text anchor),references.jsonl citation_id=cit_7be9bf8be842,2026-09-10 (scholarly metadata capture),"Discovery/context record; quantitative, mechanistic, or comparative claims require deeper source verification.",Time to improvement following teprotumumab treatment of thyroid eye disease: real world experience (2025). Graefe's Archive for Clinical and Experimental Ophthalmology. https://doi.org/10.1007/s00417-025-06855-0,2026-09-10,2.0.0
195,preserved_v1+scholarly,Short and Long Term Effects of Teprotumumab on Diplopia and Strabismus Associated with Thyroid Eye Disease,Journal of Binocular Vision and Ocular Motility,2025,2025,https://doi.org/10.1080/2576117x.2025.2601910,10.1080/2576117x.2025.2601910,NA (no registry ID),other,B0 scholarly discovery metadata; claim-level appraisal required,Structured metadata and abstract,No (not an exact full-text anchor),references.jsonl citation_id=cit_a8d2ff5d905a,2026-09-10 (scholarly metadata capture),"Discovery/context record; quantitative, mechanistic, or comparative claims require deeper source verification.",Short and Long Term Effects of Teprotumumab on Diplopia and Strabismus Associated with Thyroid Eye Disease (2025). Journal of Binocular Vision and Ocular Motility. https://doi.org/10.1080/2576117x.2025.2601910,2026-09-10,2.0.0
196,preserved_v1+scholarly,Teprotumumab for the Treatment of Active Thyroid Eye Disease,New England Journal of Medicine,2020,2020,https://doi.org/10.1056/nejmoa1910434,10.1056/nejmoa1910434,NA (no registry ID),NA (study type unavailable),B0 scholarly discovery metadata; claim-level appraisal required,Structured metadata and abstract,No (not an exact full-text anchor),references.jsonl citation_id=cit_0fd0577bec2a,2026-09-10 (scholarly metadata capture),"Discovery/context record; quantitative, mechanistic, or comparative claims require deeper source verification.",Teprotumumab for the Treatment of Active Thyroid Eye Disease (2020). New England Journal of Medicine. https://doi.org/10.1056/nejmoa1910434,2026-09-10,2.0.0
197,preserved_v1+scholarly,Teprotumumab for Thyroid-Associated Ophthalmopathy,NA (journal unavailable),2017,2017,https://doi.org/10.1056/nejmoa1614949,10.1056/nejmoa1614949,NA (no registry ID),NA (study type unavailable),B0 scholarly discovery metadata; claim-level appraisal required,Structured metadata and abstract,No (not an exact full-text anchor),references.jsonl citation_id=cit_80ebe7c0e45d,2026-09-10 (scholarly metadata capture),"Discovery/context record; quantitative, mechanistic, or comparative claims require deeper source verification.",Teprotumumab for Thyroid-Associated Ophthalmopathy (2017). . https://doi.org/10.1056/nejmoa1614949,2026-09-10,2.0.0
198,preserved_v1+scholarly,"SAT459 Teprotumumab Pooled Efficacy From The European Study Sites Participating In The Phase 2, OPTIC (Phase 3) And OPTIC-X Pivotal Trials",Journal of the Endocrine Society,2023,2023,https://doi.org/10.1210/jendso/bvad114.1933,10.1210/jendso/bvad114.1933,NA (no registry ID),NA (study type unavailable),B0 scholarly discovery metadata; claim-level appraisal required,Structured metadata and abstract,No (not an exact full-text anchor),references.jsonl citation_id=cit_7b8e891bdd08,2026-09-10 (scholarly metadata capture),"Discovery/context record; quantitative, mechanistic, or comparative claims require deeper source verification.","SAT459 Teprotumumab Pooled Efficacy From The European Study Sites Participating In The Phase 2, OPTIC (Phase 3) And OPTIC-X Pivotal Trials (2023). Journal of the Endocrine Society. https://doi.org/10.1210/jendso/bvad114.1933",2026-09-10,2.0.0
199,preserved_v1+scholarly,Redefining evidence for teprotumumab in thyroid eye disease: an updated meta-analysis of efficacy and safety,Frontiers in Endocrinology,2026,2026,https://doi.org/10.3389/fendo.2026.1735660,10.3389/fendo.2026.1735660,NA (no registry ID),NA (study type unavailable),B0 scholarly discovery metadata; claim-level appraisal required,Structured metadata and abstract,No (not an exact full-text anchor),references.jsonl citation_id=cit_f132bd46437b,2026-09-10 (scholarly metadata capture),"Discovery/context record; quantitative, mechanistic, or comparative claims require deeper source verification.",Redefining evidence for teprotumumab in thyroid eye disease: an updated meta-analysis of efficacy and safety (2026). Frontiers in Endocrinology. https://doi.org/10.3389/fendo.2026.1735660,2026-09-10,2.0.0
200,preserved_v1+scholarly,OPTIC-X Study: teprotumumab use as retreatment and in longer duration thyearoid eye disease (TED),Journal of American Association for Pediatric Ophthalmology and Strabismus,2021,2021,https://doi.org/10.1016/j.jaapos.2021.08.020,10.1016/j.jaapos.2021.08.020,NA (no registry ID),NA (study type unavailable),B0 scholarly discovery metadata; claim-level appraisal required,Structured metadata and abstract,No (not an exact full-text anchor),references.jsonl citation_id=cit_e313dcea04f2,2026-09-10 (scholarly metadata capture),"Discovery/context record; quantitative, mechanistic, or comparative claims require deeper source verification.",OPTIC-X Study: teprotumumab use as retreatment and in longer duration thyearoid eye disease (TED) (2021). Journal of American Association for Pediatric Ophthalmology and Strabismus. https://doi.org/10.1016/j.jaapos.2021.08.020,2026-09-10,2.0.0
201,preserved_v1+scholarly,The Adverse Effects Profile of Teprotumumab,The Journal of Clinical Endocrinology & Metabolism,2023,2023,https://doi.org/10.1210/clinem/dgad213,10.1210/clinem/dgad213,NA (no registry ID),NA (study type unavailable),B0 scholarly discovery metadata; claim-level appraisal required,Structured metadata and abstract,No (not an exact full-text anchor),references.jsonl citation_id=cit_3de58b4f0488,2026-09-10 (scholarly metadata capture),"Discovery/context record; quantitative, mechanistic, or comparative claims require deeper source verification.",The Adverse Effects Profile of Teprotumumab (2023). The Journal of Clinical Endocrinology & Metabolism. https://doi.org/10.1210/clinem/dgad213,2026-09-10,2.0.0
202,preserved_v1+scholarly,Teprotumumab in the management of thyroid eye disease mechanistic insights and adverse reactions: a comprehensive review,Frontiers in Endocrinology,2025,2025,https://doi.org/10.3389/fendo.2025.1480195,10.3389/fendo.2025.1480195,NA (no registry ID),NA (study type unavailable),B0 scholarly discovery metadata; claim-level appraisal required,Structured metadata and abstract,No (not an exact full-text anchor),references.jsonl citation_id=cit_4af5b8668e95,2026-09-10 (scholarly metadata capture),"Discovery/context record; quantitative, mechanistic, or comparative claims require deeper source verification.",Teprotumumab in the management of thyroid eye disease mechanistic insights and adverse reactions: a comprehensive review (2025). Frontiers in Endocrinology. https://doi.org/10.3389/fendo.2025.1480195,2026-09-10,2.0.0
203,preserved_v1+scholarly,Teprotumumab-Related Hyperglycemia,The Journal of Clinical Endocrinology & Metabolism,2022,2022,https://doi.org/10.1210/clinem/dgac627,10.1210/clinem/dgac627,NA (no registry ID),NA (study type unavailable),B0 scholarly discovery metadata; claim-level appraisal required,Structured metadata and abstract,No (not an exact full-text anchor),references.jsonl citation_id=cit_0705826e4653,2026-09-10 (scholarly metadata capture),"Discovery/context record; quantitative, mechanistic, or comparative claims require deeper source verification.",Teprotumumab-Related Hyperglycemia (2022). The Journal of Clinical Endocrinology & Metabolism. https://doi.org/10.1210/clinem/dgac627,2026-09-10,2.0.0
204,preserved_v1+scholarly,Teprotumumab-Associated Hyperglycemia: A Large-Scale Multinational Cohort Study,Thyroid®,2026,2026,https://doi.org/10.1177/10507256261442501,10.1177/10507256261442501,NA (no registry ID),NA (study type unavailable),B0 scholarly discovery metadata; claim-level appraisal required,Structured metadata and abstract,No (not an exact full-text anchor),references.jsonl citation_id=cit_ba5eebf25589,2026-09-10 (scholarly metadata capture),"Discovery/context record; quantitative, mechanistic, or comparative claims require deeper source verification.",Teprotumumab-Associated Hyperglycemia: A Large-Scale Multinational Cohort Study (2026). Thyroid®. https://doi.org/10.1177/10507256261442501,2026-09-10,2.0.0
205,preserved_v1+scholarly,"Comparative efficacy and safety of rituximab, tocilizumab, and teprotumumab in Graves’ orbitopathy: a systematic review and meta-analysis",Eye,2025,2025,https://doi.org/10.1038/s41433-025-03845-8,10.1038/s41433-025-03845-8,NA (no registry ID),meta-analysis,B0 scholarly discovery metadata; claim-level appraisal required,Structured metadata and abstract,No (not an exact full-text anchor),references.jsonl citation_id=cit_f424b9888ce3,2026-09-10 (scholarly metadata capture),"Discovery/context record; quantitative, mechanistic, or comparative claims require deeper source verification.","Comparative efficacy and safety of rituximab, tocilizumab, and teprotumumab in Graves’ orbitopathy: a systematic review and meta-analysis (2025). Eye. https://doi.org/10.1038/s41433-025-03845-8",2026-09-10,2.0.0
206,preserved_v1+scholarly,Comprehensive Comparisons of Different Treatments for Active Graves Orbitopathy: A Systematic Review and Bayesian Model–Based Network Meta-Analysis,The Journal of Clinical Endocrinology & Metabolism,2024,2024,https://doi.org/10.1210/clinem/dgae877,10.1210/clinem/dgae877,NA (no registry ID),meta-analysis,B0 scholarly discovery metadata; claim-level appraisal required,Structured metadata and abstract,No (not an exact full-text anchor),references.jsonl citation_id=cit_fdc1026700e0,2026-09-10 (scholarly metadata capture),"Discovery/context record; quantitative, mechanistic, or comparative claims require deeper source verification.",Comprehensive Comparisons of Different Treatments for Active Graves Orbitopathy: A Systematic Review and Bayesian Model–Based Network Meta-Analysis (2024). The Journal of Clinical Endocrinology & Metabolism. https://doi.org/10.1210/clinem/dgae877,2026-09-10,2.0.0
207,preserved_v1+scholarly,Targeted immunotherapies for Graves’ thyroidal & orbital diseases,Frontiers in Immunology,2025,2025,https://doi.org/10.3389/fimmu.2025.1571427,10.3389/fimmu.2025.1571427,NA (no registry ID),literature review,B0 scholarly discovery metadata; claim-level appraisal required,Structured metadata and abstract,No (not an exact full-text anchor),references.jsonl citation_id=cit_640f2ee43a72,2026-09-10 (scholarly metadata capture),"Discovery/context record; quantitative, mechanistic, or comparative claims require deeper source verification.",Targeted immunotherapies for Graves’ thyroidal & orbital diseases (2025). Frontiers in Immunology. https://doi.org/10.3389/fimmu.2025.1571427,2026-09-10,2.0.0
208,preserved_v1+scholarly,Efficacy and safety of tocilizumab in the treatment of Graves’ orbitopathy: a systematic review and meta-analysis,BMC Endocrine Disorders,2026,2026,https://doi.org/10.1186/s12902-026-02326-7,10.1186/s12902-026-02326-7,NA (no registry ID),meta-analysis,B0 scholarly discovery metadata; claim-level appraisal required,Structured metadata and abstract,No (not an exact full-text anchor),references.jsonl citation_id=cit_508a584675bd,2026-09-10 (scholarly metadata capture),"Discovery/context record; quantitative, mechanistic, or comparative claims require deeper source verification.",Efficacy and safety of tocilizumab in the treatment of Graves’ orbitopathy: a systematic review and meta-analysis (2026). BMC Endocrine Disorders. https://doi.org/10.1186/s12902-026-02326-7,2026-09-10,2.0.0
209,preserved_v1+scholarly,Efficacy and Safety of Rituximab for the Treatment of Graves' Orbitopathy: A Meta-analysis of Randomized Controlled Trials,Pharmacotherapy: The Journal of Human Pharmacology and Drug Therapy,2018,2018,https://doi.org/10.1002/phar.2111,10.1002/phar.2111,NA (no registry ID),meta-analysis,B0 scholarly discovery metadata; claim-level appraisal required,Structured metadata and abstract,No (not an exact full-text anchor),references.jsonl citation_id=cit_cc5de2d915a3,2026-09-10 (scholarly metadata capture),"Discovery/context record; quantitative, mechanistic, or comparative claims require deeper source verification.",Efficacy and Safety of Rituximab for the Treatment of Graves' Orbitopathy: A Meta-analysis of Randomized Controlled Trials (2018). Pharmacotherapy: The Journal of Human Pharmacology and Drug Therapy. https://doi.org/10.1002/phar.2111,2026-09-10,2.0.0
210,preserved_v1+scholarly,Understanding Pathogenesis Intersects With Effective Treatment for Thyroid Eye Disease,The Journal of Clinical Endocrinology and Metabolism,2022,2022,https://doi.org/10.1210/clinem/dgac328,10.1210/clinem/dgac328,NA (no registry ID),systematic review,B0 scholarly discovery metadata; claim-level appraisal required,Structured metadata and abstract,No (not an exact full-text anchor),references.jsonl citation_id=cit_231e3946ee6b,2026-09-10 (scholarly metadata capture),"Discovery/context record; quantitative, mechanistic, or comparative claims require deeper source verification.",Understanding Pathogenesis Intersects With Effective Treatment for Thyroid Eye Disease (2022). The Journal of Clinical Endocrinology and Metabolism. https://doi.org/10.1210/clinem/dgac328,2026-09-10,2.0.0
211,preserved_v1+scholarly,Rituximab in the treatment of Graves’ orbitopathy: latest updates and perspectives,Endocrine Connections,2022,2022,https://doi.org/10.1530/ec-22-0303,10.1530/ec-22-0303,NA (no registry ID),NA (study type unavailable),B0 scholarly discovery metadata; claim-level appraisal required,Structured metadata and abstract,No (not an exact full-text anchor),references.jsonl citation_id=cit_3428dfae03ac,2026-09-10 (scholarly metadata capture),"Discovery/context record; quantitative, mechanistic, or comparative claims require deeper source verification.",Rituximab in the treatment of Graves’ orbitopathy: latest updates and perspectives (2022). Endocrine Connections. https://doi.org/10.1530/ec-22-0303,2026-09-10,2.0.0
212,preserved_v1+scholarly,Efficacy and Safety of intravenous monoclonal antibodies in patients with moderate-to-severe active Graves’ophthalmopathy: a systematic review and meta-analysis,NA (journal unavailable),2023,2023,https://www.frontiersin.org/journals/endocrinology/articles/10.3389/fendo.2023.1160936/full,10.3389/fendo.2023.1160936/full,NA (no registry ID),NA (study type unavailable),B0 scholarly discovery metadata; claim-level appraisal required,Structured metadata and abstract,No (not an exact full-text anchor),references.jsonl citation_id=cit_d7b7b4f6084b,2026-09-10 (scholarly metadata capture),"Discovery/context record; quantitative, mechanistic, or comparative claims require deeper source verification.",Efficacy and Safety of intravenous monoclonal antibodies in patients with moderate-to-severe active Graves’ophthalmopathy: a systematic review and meta-analysis (2023). . https://www.frontiersin.org/journals/endocrinology/articles/10.3389/fendo.2023.1160936/full,2026-09-10,2.0.0
213,preserved_v1+scholarly,Randomized Controlled Trial of Rituximab in Patients With Graves' Orbitopathy,NA (journal unavailable),2014,2014,https://doi.org/10.1210/jc.2014-2572,10.1210/jc.2014-2572,NA (no registry ID),NA (study type unavailable),B0 scholarly discovery metadata; claim-level appraisal required,Structured metadata and abstract,No (not an exact full-text anchor),references.jsonl citation_id=cit_a3632298d1be,2026-09-10 (scholarly metadata capture),"Discovery/context record; quantitative, mechanistic, or comparative claims require deeper source verification.",Randomized Controlled Trial of Rituximab in Patients With Graves' Orbitopathy (2014). . https://doi.org/10.1210/jc.2014-2572,2026-09-10,2.0.0
214,preserved_v1+scholarly,Rituximab for thyroid-associated ophthalmopathy,NA (journal unavailable),2022,2022,https://doi.org/10.1002/14651858.cd009226.pub3,10.1002/14651858.cd009226.pub3,NA (no registry ID),NA (study type unavailable),B0 scholarly discovery metadata; claim-level appraisal required,Structured metadata and abstract,No (not an exact full-text anchor),references.jsonl citation_id=cit_f9933b9297f9,2026-09-10 (scholarly metadata capture),"Discovery/context record; quantitative, mechanistic, or comparative claims require deeper source verification.",Rituximab for thyroid-associated ophthalmopathy (2022). . https://doi.org/10.1002/14651858.cd009226.pub3,2026-09-10,2.0.0
215,preserved_v1+scholarly,Anti-IL-6 Receptor Tocilizumab in Refractory Graves’ Orbitopathy: National Multicenter Observational Study of 48 Patients,NA (journal unavailable),2020,2020,https://www.mdpi.com/2077-0383/9/9/2816,10.3390/jcm9092816,NA (no registry ID),NA (study type unavailable),B0 scholarly discovery metadata; claim-level appraisal required,Structured metadata and abstract,No (not an exact full-text anchor),references.jsonl citation_id=cit_d0b5989712c1,2026-09-10 (scholarly metadata capture),"Discovery/context record; quantitative, mechanistic, or comparative claims require deeper source verification.",Anti-IL-6 Receptor Tocilizumab in Refractory Graves’ Orbitopathy: National Multicenter Observational Study of 48 Patients (2020). . https://www.mdpi.com/2077-0383/9/9/2816,2026-09-10,2.0.0
216,preserved_v1+scholarly,Approach to the patient with thyroid storm,The Journal of Clinical Endocrinology and Metabolism,2026,2026,https://doi.org/10.1210/clinem/dgag054,10.1210/clinem/dgag054,NA (no registry ID),NA (study type unavailable),B0 scholarly discovery metadata; claim-level appraisal required,Structured metadata and abstract,No (not an exact full-text anchor),references.jsonl citation_id=cit_75d0db0063ba,2026-09-10 (scholarly metadata capture),"Discovery/context record; quantitative, mechanistic, or comparative claims require deeper source verification.",Approach to the patient with thyroid storm (2026). The Journal of Clinical Endocrinology and Metabolism. https://doi.org/10.1210/clinem/dgag054,2026-09-10,2.0.0
217,preserved_v1+scholarly,Graves’ disease: moving forwards,Archives of Disease in Childhood,2022,2022,https://doi.org/10.1136/archdischild-2022-323905,10.1136/archdischild-2022-323905,NA (no registry ID),literature review,B0 scholarly discovery metadata; claim-level appraisal required,Structured metadata and abstract,No (not an exact full-text anchor),references.jsonl citation_id=cit_89343680e7de,2026-09-10 (scholarly metadata capture),"Discovery/context record; quantitative, mechanistic, or comparative claims require deeper source verification.",Graves’ disease: moving forwards (2022). Archives of Disease in Childhood. https://doi.org/10.1136/archdischild-2022-323905,2026-09-10,2.0.0
218,preserved_v1+scholarly,Prospective Multicenter Registry–Based Study on Thyroid Storm: The Guidelines for Management From Japan Are Useful,The Journal of Clinical Endocrinology and Metabolism,2024,2024,https://doi.org/10.1210/clinem/dgae124,10.1210/clinem/dgae124,NA (no registry ID),cohort study,B0 scholarly discovery metadata; claim-level appraisal required,Structured metadata and abstract,No (not an exact full-text anchor),references.jsonl citation_id=cit_30d221207a78,2026-09-10 (scholarly metadata capture),"Discovery/context record; quantitative, mechanistic, or comparative claims require deeper source verification.",Prospective Multicenter Registry–Based Study on Thyroid Storm: The Guidelines for Management From Japan Are Useful (2024). The Journal of Clinical Endocrinology and Metabolism. https://doi.org/10.1210/clinem/dgae124,2026-09-10,2.0.0
219,preserved_v1+scholarly,Management of Graves Thyroidal and Extrathyroidal Disease: An Update,The Journal of Clinical Endocrinology and Metabolism,2020,2020,https://doi.org/10.1210/clinem/dgaa646,10.1210/clinem/dgaa646,NA (no registry ID),systematic review,B0 scholarly discovery metadata; claim-level appraisal required,Structured metadata and abstract,No (not an exact full-text anchor),references.jsonl citation_id=cit_22dc1238c21d,2026-09-10 (scholarly metadata capture),"Discovery/context record; quantitative, mechanistic, or comparative claims require deeper source verification.",Management of Graves Thyroidal and Extrathyroidal Disease: An Update (2020). The Journal of Clinical Endocrinology and Metabolism. https://doi.org/10.1210/clinem/dgaa646,2026-09-10,2.0.0
220,preserved_v1+scholarly,Influence of Preoperative Thyroid Status on Clinical Outcomes in Graves' Disease Undergoing Thyroidectomy.,World journal of surgery,2025,2025,https://doi.org/10.1002/wjs.70020,10.1002/wjs.70020,NA (no registry ID),other,B0 scholarly discovery metadata; claim-level appraisal required,Structured metadata and abstract,No (not an exact full-text anchor),references.jsonl citation_id=cit_69b7b7eff424,2026-09-10 (scholarly metadata capture),"Discovery/context record; quantitative, mechanistic, or comparative claims require deeper source verification.",Influence of Preoperative Thyroid Status on Clinical Outcomes in Graves' Disease Undergoing Thyroidectomy. (2025). World journal of surgery. https://doi.org/10.1002/wjs.70020,2026-09-10,2.0.0
221,preserved_v1+scholarly,Management of Hyperthyroidism during Pregnancy: A Systematic Literature Review,Journal of Clinical Medicine,2023,2023,https://doi.org/10.3390/jcm12051811,10.3390/jcm12051811,NA (no registry ID),systematic review,B0 scholarly discovery metadata; claim-level appraisal required,Structured metadata and abstract,No (not an exact full-text anchor),references.jsonl citation_id=cit_70411e0974b7,2026-09-10 (scholarly metadata capture),"Discovery/context record; quantitative, mechanistic, or comparative claims require deeper source verification.",Management of Hyperthyroidism during Pregnancy: A Systematic Literature Review (2023). Journal of Clinical Medicine. https://doi.org/10.3390/jcm12051811,2026-09-10,2.0.0
222,preserved_v1+scholarly,Management Aspects of Medical Therapy in Graves Disease,Endocrine Practice,2025,2025,https://doi.org/10.1016/j.eprac.2024.12.012,10.1016/j.eprac.2024.12.012,NA (no registry ID),systematic review,B0 scholarly discovery metadata; claim-level appraisal required,Structured metadata and abstract,No (not an exact full-text anchor),references.jsonl citation_id=cit_e867e0ac5ba9,2026-09-10 (scholarly metadata capture),"Discovery/context record; quantitative, mechanistic, or comparative claims require deeper source verification.",Management Aspects of Medical Therapy in Graves Disease (2025). Endocrine Practice. https://doi.org/10.1016/j.eprac.2024.12.012,2026-09-10,2.0.0
223,preserved_v1+scholarly,PICU treatment of 3 cases of pediatric thyroid storm: Case series and literature review,Medicine,2023,2023,https://doi.org/10.1097/md.0000000000033447,10.1097/md.0000000000033447,NA (no registry ID),NA (study type unavailable),B0 scholarly discovery metadata; claim-level appraisal required,Structured metadata and abstract,No (not an exact full-text anchor),references.jsonl citation_id=cit_d5dd75d08101,2026-09-10 (scholarly metadata capture),"Discovery/context record; quantitative, mechanistic, or comparative claims require deeper source verification.",PICU treatment of 3 cases of pediatric thyroid storm: Case series and literature review (2023). Medicine. https://doi.org/10.1097/md.0000000000033447,2026-09-10,2.0.0
224,preserved_v1+scholarly,2022 European Thyroid Association Guideline for the management of pediatric Graves’ disease,European Thyroid Journal,2022,2022,https://doi.org/10.1530/etj-21-0073,10.1530/etj-21-0073,NA (no registry ID),NA (study type unavailable),B0 scholarly discovery metadata; claim-level appraisal required,Structured metadata and abstract,No (not an exact full-text anchor),references.jsonl citation_id=cit_333b8ad5ba0d,2026-09-10 (scholarly metadata capture),"Discovery/context record; quantitative, mechanistic, or comparative claims require deeper source verification.",2022 European Thyroid Association Guideline for the management of pediatric Graves’ disease (2022). European Thyroid Journal. https://doi.org/10.1530/etj-21-0073,2026-09-10,2.0.0
225,preserved_v1+scholarly,Thyroid storm in pregnancy: a review,Thyroid Research,2024,2024,https://doi.org/10.1186/s13044-024-00190-y,10.1186/s13044-024-00190-y,NA (no registry ID),NA (study type unavailable),B0 scholarly discovery metadata; claim-level appraisal required,Structured metadata and abstract,No (not an exact full-text anchor),references.jsonl citation_id=cit_a8f19b4f4ebf,2026-09-10 (scholarly metadata capture),"Discovery/context record; quantitative, mechanistic, or comparative claims require deeper source verification.",Thyroid storm in pregnancy: a review (2024). Thyroid Research. https://doi.org/10.1186/s13044-024-00190-y,2026-09-10,2.0.0
226,preserved_v1+scholarly,How to manage Graves’ disease in women of childbearing potential,NA (journal unavailable),2022,2022,https://doi.org/10.1111/cen.14705,10.1111/cen.14705,NA (no registry ID),NA (study type unavailable),B0 scholarly discovery metadata; claim-level appraisal required,Structured metadata and abstract,No (not an exact full-text anchor),references.jsonl citation_id=cit_055362a05400,2026-09-10 (scholarly metadata capture),"Discovery/context record; quantitative, mechanistic, or comparative claims require deeper source verification.",How to manage Graves’ disease in women of childbearing potential (2022). . https://doi.org/10.1111/cen.14705,2026-09-10,2.0.0
227,preserved_v1+scholarly,"National Trends in Incidence, Mortality, and Clinical Outcomes of Patients Hospitalized for Thyrotoxicosis With and Without Thyroid Storm in the United States, 2004–2013",NA (journal unavailable),2018,2018,https://doi.org/10.1089/thy.2018.0275,10.1089/thy.2018.0275,NA (no registry ID),NA (study type unavailable),B0 scholarly discovery metadata; claim-level appraisal required,Structured metadata and abstract,No (not an exact full-text anchor),references.jsonl citation_id=cit_3f69059371dc,2026-09-10 (scholarly metadata capture),"Discovery/context record; quantitative, mechanistic, or comparative claims require deeper source verification.","National Trends in Incidence, Mortality, and Clinical Outcomes of Patients Hospitalized for Thyrotoxicosis With and Without Thyroid Storm in the United States, 2004–2013 (2018). . https://doi.org/10.1089/thy.2018.0275",2026-09-10,2.0.0
228,preserved_v1+scholarly,A clinical profile of pediatric patients admitted for thryotoxicosis in a tertiary hospital using the 1992 Burch and Wartofsky criteria,International Journal of Pediatric Endocrinology,2013,2013,https://doi.org/10.1186/1687-9856-2013-s1-p152,10.1186/1687-9856-2013-s1-p152,NA (no registry ID),NA (study type unavailable),B0 scholarly discovery metadata; claim-level appraisal required,Structured metadata and abstract,No (not an exact full-text anchor),references.jsonl citation_id=cit_0da1cb60e571,2026-09-10 (scholarly metadata capture),"Discovery/context record; quantitative, mechanistic, or comparative claims require deeper source verification.",A clinical profile of pediatric patients admitted for thryotoxicosis in a tertiary hospital using the 1992 Burch and Wartofsky criteria (2013). International Journal of Pediatric Endocrinology. https://doi.org/10.1186/1687-9856-2013-s1-p152,2026-09-10,2.0.0
229,preserved_v1+scholarly,"American Thyroid Association 2026 Guidelines for Thyroid Disease in Preconception, Pregnancy, and Postpartum",Thyroid®,2026,2026,https://doi.org/10.1177/10507256261445624,10.1177/10507256261445624,NA (no registry ID),NA (study type unavailable),B0 scholarly discovery metadata; claim-level appraisal required,Structured metadata and abstract,No (not an exact full-text anchor),references.jsonl citation_id=cit_d4f1ae6da71e,2026-09-10 (scholarly metadata capture),"Discovery/context record; quantitative, mechanistic, or comparative claims require deeper source verification.","American Thyroid Association 2026 Guidelines for Thyroid Disease in Preconception, Pregnancy, and Postpartum (2026). Thyroid®. https://doi.org/10.1177/10507256261445624",2026-09-10,2.0.0
230,preserved_v1+scholarly,THRIVE,Ophthalmology,2026,2026,https://doi.org/10.1016/j.ophtha.2026.04.022,10.1016/j.ophtha.2026.04.022,NA (no registry ID),rct,B0 scholarly discovery metadata; claim-level appraisal required,Structured metadata and abstract,No (not an exact full-text anchor),references.jsonl citation_id=cit_679c64b7d51b,2026-09-10 (scholarly metadata capture),"Discovery/context record; quantitative, mechanistic, or comparative claims require deeper source verification.",THRIVE (2026). Ophthalmology. https://doi.org/10.1016/j.ophtha.2026.04.022,2026-09-10,2.0.0
231,preserved_v1+scholarly,IGF-1R Inhibitor IBI311 for the Treatment of Active Thyroid Eye Disease in Chinese Patients: The RESTORE-1 Randomized Clinical Trial.,JAMA ophthalmology,2025,2025,https://doi.org/10.1001/jamaophthalmol.2025.3350,10.1001/jamaophthalmol.2025.3350,NA (no registry ID),rct,B0 scholarly discovery metadata; claim-level appraisal required,Structured metadata and abstract,No (not an exact full-text anchor),references.jsonl citation_id=cit_9c882f2ed752,2026-09-10 (scholarly metadata capture),"Discovery/context record; quantitative, mechanistic, or comparative claims require deeper source verification.",IGF-1R Inhibitor IBI311 for the Treatment of Active Thyroid Eye Disease in Chinese Patients: The RESTORE-1 Randomized Clinical Trial. (2025). JAMA ophthalmology. https://doi.org/10.1001/jamaophthalmol.2025.3350,2026-09-10,2.0.0
232,preserved_v1+scholarly,Head-to-Head Comparison of an IGF-1R Inhibitor Versus Intravenous Glucocorticoid for Active Thyroid Eye Disease: Design of a Randomized Clinical Trial.,Ophthalmology and Therapy,2026,2026,https://doi.org/10.1007/s40123-026-01451-9,10.1007/s40123-026-01451-9,NA (no registry ID),rct,B0 scholarly discovery metadata; claim-level appraisal required,Structured metadata and abstract,No (not an exact full-text anchor),references.jsonl citation_id=cit_2f431fe4b9bd,2026-09-10 (scholarly metadata capture),"Discovery/context record; quantitative, mechanistic, or comparative claims require deeper source verification.",Head-to-Head Comparison of an IGF-1R Inhibitor Versus Intravenous Glucocorticoid for Active Thyroid Eye Disease: Design of a Randomized Clinical Trial. (2026). Ophthalmology and Therapy. https://doi.org/10.1007/s40123-026-01451-9,2026-09-10,2.0.0
233,preserved_v1+scholarly,Teprotumumab: interpreting the clinical trials in the context of thyroid eye disease pathogenesis and current therapies.,Ophthalmology,2021,2021,https://doi.org/10.1016/j.ophtha.2021.04.024,10.1016/j.ophtha.2021.04.024,NA (no registry ID),rct,B0 scholarly discovery metadata; claim-level appraisal required,Structured metadata and abstract,No (not an exact full-text anchor),references.jsonl citation_id=cit_0e88b94dc795,2026-09-10 (scholarly metadata capture),"Discovery/context record; quantitative, mechanistic, or comparative claims require deeper source verification.",Teprotumumab: interpreting the clinical trials in the context of thyroid eye disease pathogenesis and current therapies. (2021). Ophthalmology. https://doi.org/10.1016/j.ophtha.2021.04.024,2026-09-10,2.0.0
234,preserved_v1+scholarly,A Review of Novel Medical Treatments for Thyroid Eye Disease,Korean Journal of Ophthalmology,2024,2024,https://doi.org/10.3341/kjo.2024.0031,10.3341/kjo.2024.0031,NA (no registry ID),literature review,B0 scholarly discovery metadata; claim-level appraisal required,Structured metadata and abstract,No (not an exact full-text anchor),references.jsonl citation_id=cit_ba78e3e99755,2026-09-10 (scholarly metadata capture),"Discovery/context record; quantitative, mechanistic, or comparative claims require deeper source verification.",A Review of Novel Medical Treatments for Thyroid Eye Disease (2024). Korean Journal of Ophthalmology. https://doi.org/10.3341/kjo.2024.0031,2026-09-10,2.0.0
235,preserved_v1+scholarly,"Teprotumumab for Thyroid Eye Disease: Mechanism, Clinical Efficacy, and Current Challenges",Antibodies,2025,2025,https://doi.org/10.3390/antib14030055,10.3390/antib14030055,NA (no registry ID),literature review,B0 scholarly discovery metadata; claim-level appraisal required,Structured metadata and abstract,No (not an exact full-text anchor),references.jsonl citation_id=cit_15dabcc33af5,2026-09-10 (scholarly metadata capture),"Discovery/context record; quantitative, mechanistic, or comparative claims require deeper source verification.","Teprotumumab for Thyroid Eye Disease: Mechanism, Clinical Efficacy, and Current Challenges (2025). Antibodies. https://doi.org/10.3390/antib14030055",2026-09-10,2.0.0
236,preserved_v1+scholarly,"Teprotumumab, an insulin-like growth factor-1 receptor antagonist antibody, in the treatment of active thyroid eye disease: a focus on proptosis",Eye,2018,2018,https://doi.org/10.1038/s41433-018-0321-y,10.1038/s41433-018-0321-y,NA (no registry ID),rct,B0 scholarly discovery metadata; claim-level appraisal required,Structured metadata and abstract,No (not an exact full-text anchor),references.jsonl citation_id=cit_0a06c2b28b77,2026-09-10 (scholarly metadata capture),"Discovery/context record; quantitative, mechanistic, or comparative claims require deeper source verification.","Teprotumumab, an insulin-like growth factor-1 receptor antagonist antibody, in the treatment of active thyroid eye disease: a focus on proptosis (2018). Eye. https://doi.org/10.1038/s41433-018-0321-y",2026-09-10,2.0.0
237,preserved_v1+scholarly,What has changed in thyroid eye disease in the last five years (2020–2025),European Thyroid Journal,2026,2026,https://doi.org/10.1530/etj-25-0363,10.1530/etj-25-0363,NA (no registry ID),literature review,B0 scholarly discovery metadata; claim-level appraisal required,Structured metadata and abstract,No (not an exact full-text anchor),references.jsonl citation_id=cit_bb77b4ae4ca3,2026-09-10 (scholarly metadata capture),"Discovery/context record; quantitative, mechanistic, or comparative claims require deeper source verification.",What has changed in thyroid eye disease in the last five years (2020–2025) (2026). European Thyroid Journal. https://doi.org/10.1530/etj-25-0363,2026-09-10,2.0.0
238,preserved_v1+scholarly,Emerging therapies in the medical management of thyroid eye disease,Frontiers in Ophthalmology,2023,2023,https://doi.org/10.3389/fopht.2023.1295902,10.3389/fopht.2023.1295902,NA (no registry ID),NA (study type unavailable),B0 scholarly discovery metadata; claim-level appraisal required,Structured metadata and abstract,No (not an exact full-text anchor),references.jsonl citation_id=cit_7f5cde9f39f6,2026-09-10 (scholarly metadata capture),"Discovery/context record; quantitative, mechanistic, or comparative claims require deeper source verification.",Emerging therapies in the medical management of thyroid eye disease (2023). Frontiers in Ophthalmology. https://doi.org/10.3389/fopht.2023.1295902,2026-09-10,2.0.0
239,preserved_v1+scholarly,THRIVE-2 Phase 3 Trial of Veligrotug (VRDN-001) in Chronic Thyroid Eye Disease (TED): Efficacy and Safety at 15 Weeks,Endocrine Practice,2025,2025,https://doi.org/10.1016/j.eprac.2025.05.006,10.1016/j.eprac.2025.05.006,NA (no registry ID),NA (study type unavailable),B0 scholarly discovery metadata; claim-level appraisal required,Structured metadata and abstract,No (not an exact full-text anchor),references.jsonl citation_id=cit_11b022f4fb2a,2026-09-10 (scholarly metadata capture),"Discovery/context record; quantitative, mechanistic, or comparative claims require deeper source verification.",THRIVE-2 Phase 3 Trial of Veligrotug (VRDN-001) in Chronic Thyroid Eye Disease (TED): Efficacy and Safety at 15 Weeks (2025). Endocrine Practice. https://doi.org/10.1016/j.eprac.2025.05.006,2026-09-10,2.0.0
240,preserved_v1+scholarly,"6461 VRDN-003, a Full Antagonist Antibody to the IGF-1 Receptor for Thyroid Eye Disease (TED): Safety and Pharmacokinetic Results of Subcutaneous Administration in Healthy Volunteers",Journal of the Endocrine Society,2024,2024,https://doi.org/10.1210/jendso/bvae163.2209,10.1210/jendso/bvae163.2209,NA (no registry ID),NA (study type unavailable),B0 scholarly discovery metadata; claim-level appraisal required,Structured metadata and abstract,No (not an exact full-text anchor),references.jsonl citation_id=cit_33d7bd5d52a6,2026-09-10 (scholarly metadata capture),"Discovery/context record; quantitative, mechanistic, or comparative claims require deeper source verification.","6461 VRDN-003, a Full Antagonist Antibody to the IGF-1 Receptor for Thyroid Eye Disease (TED): Safety and Pharmacokinetic Results of Subcutaneous Administration in Healthy Volunteers (2024). Journal of the Endocrine Society. https://doi.org/10.1210/jendso/bvae163.2209",2026-09-10,2.0.0
241,preserved_v1+scholarly,MON-360 Lonigutamab (Anti-IGF-1R Monoclonal Antibody) Reduces IGF-1-Mediated Hyaluronan Production in Thyroid Eye Disease Orbital Fibroblasts,Journal of the Endocrine Society,2025,2025,https://doi.org/10.1210/jendso/bvaf149.2136,10.1210/jendso/bvaf149.2136,NA (no registry ID),NA (study type unavailable),B0 scholarly discovery metadata; claim-level appraisal required,Structured metadata and abstract,No (not an exact full-text anchor),references.jsonl citation_id=cit_f2f4ae54e8cd,2026-09-10 (scholarly metadata capture),"Discovery/context record; quantitative, mechanistic, or comparative claims require deeper source verification.",MON-360 Lonigutamab (Anti-IGF-1R Monoclonal Antibody) Reduces IGF-1-Mediated Hyaluronan Production in Thyroid Eye Disease Orbital Fibroblasts (2025). Journal of the Endocrine Society. https://doi.org/10.1210/jendso/bvaf149.2136,2026-09-10,2.0.0
242,preserved_v1+scholarly,OR31-06 Lonigutamab (Anti-IGF-1R Monoclonal Antibody) Induces Efficient Degradation of IGF-1R in Thyroid Eye Disease Orbital Fibroblasts,Journal of the Endocrine Society,2025,2025,https://doi.org/10.1210/jendso/bvaf149.2239,10.1210/jendso/bvaf149.2239,NA (no registry ID),NA (study type unavailable),B0 scholarly discovery metadata; claim-level appraisal required,Structured metadata and abstract,No (not an exact full-text anchor),references.jsonl citation_id=cit_f239e6d70421,2026-09-10 (scholarly metadata capture),"Discovery/context record; quantitative, mechanistic, or comparative claims require deeper source verification.",OR31-06 Lonigutamab (Anti-IGF-1R Monoclonal Antibody) Induces Efficient Degradation of IGF-1R in Thyroid Eye Disease Orbital Fibroblasts (2025). Journal of the Endocrine Society. https://doi.org/10.1210/jendso/bvaf149.2239,2026-09-10,2.0.0
243,preserved_v1+scholarly,12318 Preliminary Safety and Efficacy of Subcutaneous Lonigutamab (anti-IGF-1R) from a Phase 1/2 Proof of Concept Study in Patients with Thyroid Eye Disease,Journal of the Endocrine Society,2024,2024,https://doi.org/10.1210/jendso/bvae163.2040,10.1210/jendso/bvae163.2040,NA (no registry ID),NA (study type unavailable),B0 scholarly discovery metadata; claim-level appraisal required,Structured metadata and abstract,No (not an exact full-text anchor),references.jsonl citation_id=cit_b979bba862e2,2026-09-10 (scholarly metadata capture),"Discovery/context record; quantitative, mechanistic, or comparative claims require deeper source verification.",12318 Preliminary Safety and Efficacy of Subcutaneous Lonigutamab (anti-IGF-1R) from a Phase 1/2 Proof of Concept Study in Patients with Thyroid Eye Disease (2024). Journal of the Endocrine Society. https://doi.org/10.1210/jendso/bvae163.2040,2026-09-10,2.0.0
244,preserved_v1+scholarly,"A Novel Anti-CD40 Monoclonal Antibody, Iscalimab, for Control of Graves Hyperthyroidism—A Proof-of-Concept Trial",The Journal of Clinical Endocrinology & Metabolism,2019,2019,https://doi.org/10.1210/clinem/dgz013,10.1210/clinem/dgz013,NA (no registry ID),non-randomized experimental study,B0 scholarly discovery metadata; claim-level appraisal required,Structured metadata and abstract,No (not an exact full-text anchor),references.jsonl citation_id=cit_f2b6cabb8e34,2026-09-10 (scholarly metadata capture),"Discovery/context record; quantitative, mechanistic, or comparative claims require deeper source verification.","A Novel Anti-CD40 Monoclonal Antibody, Iscalimab, for Control of Graves Hyperthyroidism—A Proof-of-Concept Trial (2019). The Journal of Clinical Endocrinology & Metabolism. https://doi.org/10.1210/clinem/dgz013",2026-09-10,2.0.0
245,preserved_v1+scholarly,Immunotherapy With Apitopes Blocks the Immune Response to TSH Receptor in HLA-DR Transgenic Mice,Endocrinology,2018,2018,https://doi.org/10.1210/en.2018-00306,10.1210/en.2018-00306,NA (no registry ID),non-randomized experimental study,B0 scholarly discovery metadata; claim-level appraisal required,Structured metadata and abstract,No (not an exact full-text anchor),references.jsonl citation_id=cit_5e3719e9bd46,2026-09-10 (scholarly metadata capture),"Discovery/context record; quantitative, mechanistic, or comparative claims require deeper source verification.",Immunotherapy With Apitopes Blocks the Immune Response to TSH Receptor in HLA-DR Transgenic Mice (2018). Endocrinology. https://doi.org/10.1210/en.2018-00306,2026-09-10,2.0.0
246,preserved_v1+scholarly,"OR19-6 A Novel Anti-CD40 Monoclonal Antibody, Iscalimab, Successfully Treats Graves’ Hyperthyroidism",Journal of the Endocrine Society,2019,2019,https://doi.org/10.1210/js.2019-or19-6,10.1210/js.2019-or19-6,NA (no registry ID),non-randomized experimental study,B0 scholarly discovery metadata; claim-level appraisal required,Structured metadata and abstract,No (not an exact full-text anchor),references.jsonl citation_id=cit_eaf0c4c29b4a,2026-09-10 (scholarly metadata capture),"Discovery/context record; quantitative, mechanistic, or comparative claims require deeper source verification.","OR19-6 A Novel Anti-CD40 Monoclonal Antibody, Iscalimab, Successfully Treats Graves’ Hyperthyroidism (2019). Journal of the Endocrine Society. https://doi.org/10.1210/js.2019-or19-6",2026-09-10,2.0.0
247,preserved_v1+scholarly,"Rituximab in relapsing Graves' disease, a phase II study.",European journal of endocrinology,2008,2008,https://doi.org/10.1530/eje-08-0084,10.1530/eje-08-0084,NA (no registry ID),non-randomized experimental study,B0 scholarly discovery metadata; claim-level appraisal required,Structured metadata and abstract,No (not an exact full-text anchor),references.jsonl citation_id=cit_699bccddb6c4,2026-09-10 (scholarly metadata capture),"Discovery/context record; quantitative, mechanistic, or comparative claims require deeper source verification.","Rituximab in relapsing Graves' disease, a phase II study. (2008). European journal of endocrinology. https://doi.org/10.1530/eje-08-0084",2026-09-10,2.0.0
248,preserved_v1+scholarly,"Preclinical studies on the toxicology, pharmacokinetics and safety of K1-70TM a human monoclonal autoantibody to the TSH receptor with TSH antagonist activity",Autoimmunity Highlights,2019,2019,https://doi.org/10.1186/s13317-019-0121-9,10.1186/s13317-019-0121-9,NA (no registry ID),non-randomized experimental study,B0 scholarly discovery metadata; claim-level appraisal required,Structured metadata and abstract,No (not an exact full-text anchor),references.jsonl citation_id=cit_48cf139a512f,2026-09-10 (scholarly metadata capture),"Discovery/context record; quantitative, mechanistic, or comparative claims require deeper source verification.","Preclinical studies on the toxicology, pharmacokinetics and safety of K1-70TM a human monoclonal autoantibody to the TSH receptor with TSH antagonist activity (2019). Autoimmunity Highlights. https://doi.org/10.1186/s13317-019-0121-9",2026-09-10,2.0.0
249,preserved_v1+scholarly,Advances and Prospects in Pharmacotherapy for Graves’ Disease,NA (journal unavailable),2026,2026,https://doi.org/10.4236/ijcm.2026.173007,10.4236/ijcm.2026.173007,NA (no registry ID),NA (study type unavailable),B0 scholarly discovery metadata; claim-level appraisal required,Structured metadata and abstract,No (not an exact full-text anchor),references.jsonl citation_id=cit_f5f2104e1789,2026-09-10 (scholarly metadata capture),"Discovery/context record; quantitative, mechanistic, or comparative claims require deeper source verification.",Advances and Prospects in Pharmacotherapy for Graves’ Disease (2026). . https://doi.org/10.4236/ijcm.2026.173007,2026-09-10,2.0.0
250,preserved_v1+scholarly,ISCALIMAB-KAHALY-SUPPLEMENTAL,NA (journal unavailable),2019,2019,https://doi.org/10.6084/m9.figshare.8313122.v3,10.6084/m9.figshare.8313122.v3,NA (no registry ID),NA (study type unavailable),B0 scholarly discovery metadata; claim-level appraisal required,Structured metadata and abstract,No (not an exact full-text anchor),references.jsonl citation_id=cit_762709b7f529,2026-09-10 (scholarly metadata capture),"Discovery/context record; quantitative, mechanistic, or comparative claims require deeper source verification.",ISCALIMAB-KAHALY-SUPPLEMENTAL (2019). . https://doi.org/10.6084/m9.figshare.8313122.v3,2026-09-10,2.0.0
251,preserved_v1+scholarly,Precision Medicine in Graves’ Disease: CD40 Gene Variants Predict Clinical Response to an Anti-CD40 Monoclonal Antibody,NA (journal unavailable),2021,2021,https://doi.org/10.3389/fendo.2021.691781,10.3389/fendo.2021.691781,NA (no registry ID),NA (study type unavailable),B0 scholarly discovery metadata; claim-level appraisal required,Structured metadata and abstract,No (not an exact full-text anchor),references.jsonl citation_id=cit_504d982f48e8,2026-09-10 (scholarly metadata capture),"Discovery/context record; quantitative, mechanistic, or comparative claims require deeper source verification.",Precision Medicine in Graves’ Disease: CD40 Gene Variants Predict Clinical Response to an Anti-CD40 Monoclonal Antibody (2021). . https://doi.org/10.3389/fendo.2021.691781,2026-09-10,2.0.0
252,preserved_v1+scholarly,Graves’ Disease: Is It Time for Targeted Therapy? A Narrative Review,NA (journal unavailable),2025,2025,https://doi.org/10.3390/medicina61030500,10.3390/medicina61030500,NA (no registry ID),NA (study type unavailable),B0 scholarly discovery metadata; claim-level appraisal required,Structured metadata and abstract,No (not an exact full-text anchor),references.jsonl citation_id=cit_4113e72f2ce8,2026-09-10 (scholarly metadata capture),"Discovery/context record; quantitative, mechanistic, or comparative claims require deeper source verification.",Graves’ Disease: Is It Time for Targeted Therapy? A Narrative Review (2025). . https://doi.org/10.3390/medicina61030500,2026-09-10,2.0.0
253,preserved_v1+scholarly,Antigen-Specific Immunotherapy with Thyrotropin Receptor Peptides in Graves' Hyperthyroidism: A Phase I Study,Thyroid®,2019,2019,https://doi.org/10.1089/thy.2019.0036,10.1089/thy.2019.0036,NA (no registry ID),NA (study type unavailable),B0 scholarly discovery metadata; claim-level appraisal required,Structured metadata and abstract,No (not an exact full-text anchor),references.jsonl citation_id=cit_1ab672824ea0,2026-09-10 (scholarly metadata capture),"Discovery/context record; quantitative, mechanistic, or comparative claims require deeper source verification.",Antigen-Specific Immunotherapy with Thyrotropin Receptor Peptides in Graves' Hyperthyroidism: A Phase I Study (2019). Thyroid®. https://doi.org/10.1089/thy.2019.0036,2026-09-10,2.0.0
274,recovered_legacy_web_index_collision_resolved,TEPEZZA (teprotumumab-trbw) Prescribing Information — original 2020 label,U.S. Food and Drug Administration,2020 original label,2020,https://www.accessdata.fda.gov/drugsatfda_docs/label/2020/761143s000lbl.pdf,NA (no DOI),NA (no registry ID),prescribing information,A1 regulator,Retrieved official label document block,Partial (retrieved document block; no canonical v2 quote anchor),Indications and Usage; Dosage and Administration,2026-09-11 (legacy source recovery against frozen cut),Legacy U.S. Tepezza label source; current status claims should preferentially use source 728.,U.S. Food and Drug Administration. TEPEZZA (teprotumumab-trbw) Prescribing Information — original 2020 label. 2020 original label. https://www.accessdata.fda.gov/drugsatfda_docs/label/2020/761143s000lbl.pdf,2026-09-10,2.0.0
373,preserved_v1_manual,LUMVOA (veligrotug-vvze) Prescribing Information,U.S. Food and Drug Administration,2026-06-01,2026,https://www.accessdata.fda.gov/drugsatfda_docs/label/2026/761530Orig1s000lbl.pdf,NA (no DOI),NA (no registry ID),prescribing_information,A1 regulator,Acquired and hash-verified source document (application/pdf),Yes (9 canonical exact quote anchors),"sections 1, 2.1, 2.3, 4, 5.1-5.4, 6.1, 8.1-8.5",2026-09-11T05:22:51+00:00,Current USPI at the data cut.,U.S. Food and Drug Administration. LUMVOA (veligrotug-vvze) Prescribing Information. 2026-06-01. https://www.accessdata.fda.gov/drugsatfda_docs/label/2026/761530Orig1s000lbl.pdf,2026-09-10,2.0.0
404,recovered_legacy_web_index,An Efficacy and Safety Study of NTB003 in Participants With Thyroid Eye Disease (TED),ClinicalTrials.gov,2026-09-10 registry cut,2026,https://clinicaltrials.gov/study/NCT07462130,NA (no DOI),NCT07462130,official trial registry,A1 official registry,Retrieved registry document block,Partial (retrieved document block; no canonical v2 quote anchor),"NCT07462130 identification, design and intervention modules",2026-09-11 (legacy source recovery against frozen cut),Confirms NTB003/BCG009 Phase Ib/II TED development; no posted efficacy result at the cut.,ClinicalTrials.gov. An Efficacy and Safety Study of NTB003 in Participants With Thyroid Eye Disease (TED). 2026-09-10 registry cut. https://clinicaltrials.gov/study/NCT07462130,2026-09-10,2.0.0
422,recovered_legacy_web_index,IL-11 receptor is a novel target for drug development with pharmacological activity in fibro-inflammatory disease | Scientific Reports,Scientific Reports,2026-05-02,2026,https://www.nature.com/articles/s41598-026-51600-0,NA (no DOI),NA (no registry ID),peer-reviewed article,B1 peer-reviewed primary,Retrieved full-article web text,Partial (retrieved document block; no canonical v2 quote anchor),"Article results, figures and clinical Part B section",2026-09-11 (legacy source recovery against frozen cut),Supports IL-11R biology and bounded LASN01 translational/early-clinical interpretation.,Scientific Reports. IL-11 receptor is a novel target for drug development with pharmacological activity in fibro-inflammatory disease | Scientific Reports. 2026-05-02. https://www.nature.com/articles/s41598-026-51600-0,2026-09-10,2.0.0
444,recovered_legacy_web_index,Expanded Access Policy,Yarrow Bioscience,2026-09-10 page check,2026,https://www.yarrowbioscience.com/,NA (no DOI),NA (no registry ID),company pipeline,C1 sponsor primary,Retrieved web-source document block,Partial (retrieved document block; no canonical v2 quote anchor),YB-101 program description,2026-09-11 (legacy source recovery against frozen cut),Sponsor source for direct TSHR-blockade positioning; efficacy remains investigational.,Yarrow Bioscience. Expanded Access Policy. 2026-09-10 page check. https://www.yarrowbioscience.com/,2026-09-10,2.0.0
445,recovered_legacy_web_index,"GenSci098 Receives FDA Fast Track Designation and Advances into Phase 2 Clinical Trials-Press Releases-Changchun GeneScience Pharmaceuticals Co., Ltd.",Changchun GeneScience Pharmaceuticals,2026-07-30,2026,https://www.genscigroup.com/en/news/media/204,NA (no DOI),NA (no registry ID),company press release,C1 sponsor primary,Retrieved web-source document block,Partial (retrieved document block; no canonical v2 quote anchor),GenSci098/YB-101 Phase 2 and Fast Track announcement,2026-09-11 (legacy source recovery against frozen cut),Confirms sponsor-reported GenSci098/YB-101 development milestone; not a substitute for registry outcomes.,"Changchun GeneScience Pharmaceuticals. GenSci098 Receives FDA Fast Track Designation and Advances into Phase 2 Clinical Trials-Press Releases-Changchun GeneScience Pharmaceuticals Co., Ltd.. 2026-07-30. https://www.genscigroup.com/en/news/media/204",2026-09-10,2.0.0
459,recovered_legacy_web_index,MHB018A Treatment in Patients With Active Thyroid Eye Disease,ClinicalTrials.gov,2026-09-10 registry cut,2026,https://clinicaltrials.gov/study/NCT06989918,NA (no DOI),NCT06989918,official trial registry,A1 official registry,Retrieved registry document block,Partial (retrieved document block; no canonical v2 quote anchor),"NCT06989918 identification, design and intervention modules",2026-09-11 (legacy source recovery against frozen cut),Confirms a Phase 3 MHB018A active-TED study in the frozen inventory.,ClinicalTrials.gov. MHB018A Treatment in Patients With Active Thyroid Eye Disease. 2026-09-10 registry cut. https://clinicaltrials.gov/study/NCT06989918,2026-09-10,2.0.0
460,recovered_legacy_web_index,"Treatment of Active Thyroid Eye Disease With MHB018A in a Randomized, Placebo-Controlled Study",ClinicalTrials.gov,2026-09-10 registry cut,2026,https://clinicaltrials.gov/study/NCT07622108,NA (no DOI),NCT07622108,official trial registry,A1 official registry,Retrieved registry document block,Partial (retrieved document block; no canonical v2 quote anchor),"NCT07622108 identification, design and intervention modules",2026-09-11 (legacy source recovery against frozen cut),Confirms a not-yet-recruiting Phase 3 subcutaneous MHB018A active-TED study at the cut.,"ClinicalTrials.gov. Treatment of Active Thyroid Eye Disease With MHB018A in a Randomized, Placebo-Controlled Study. 2026-09-10 registry cut. https://clinicaltrials.gov/study/NCT07622108",2026-09-10,2.0.0
461,recovered_legacy_web_index,MHB018A shows clinical activity in active and chronic thyroid eye disease - touchOPHTHALMOLOGY,touchOPHTHALMOLOGY / BioSpectrum Asia mirror,2026 source check,2026,https://biospectrumasia.com/article/pdf/27818,NA (no DOI),NA (no registry ID),secondary clinical-news report,C2 secondary,Retrieved secondary document block,Partial (retrieved document block; no canonical v2 quote anchor),MHB018A active/chronic TED summary,2026-09-11 (legacy source recovery against frozen cut),Secondary activity signal only; primary registry or publication is required for quantitative claims.,touchOPHTHALMOLOGY / BioSpectrum Asia mirror. MHB018A shows clinical activity in active and chronic thyroid eye disease - touchOPHTHALMOLOGY. 2026 source check. https://biospectrumasia.com/article/pdf/27818,2026-09-10,2.0.0
483,recovered_legacy_web_index,WP 1302 - AdisInsight,AdisInsight,2026-09-10 page check,2026,https://adisinsight.springer.com/drugs/800048191,NA (no DOI),NA (no registry ID),commercial pipeline database,C2 secondary,Retrieved secondary document block,Partial (retrieved document block; no canonical v2 quote anchor),WP1302 development-status chronology,2026-09-11 (legacy source recovery against frozen cut),Context for WP1302 suspension/withdrawal history; official registry status remains controlling.,AdisInsight. WP 1302 - AdisInsight. 2026-09-10 page check. https://adisinsight.springer.com/drugs/800048191,2026-09-10,2.0.0
495,recovered_legacy_web_index,Biocytogen and Nanjing Chia Tai Tianqing Announce IND Approval in China for Co-Developed Anti-IGF-1R Antibody NTB003 (BCG009),Biocytogen and Nanjing Chia Tai Tianqing,2025-06-04,2025,https://biocytogen.com/news/biocytogen-and-nanjing-chia-tai-tianqing-announce-ind-approval-in-china-for-co-developed-anti-igf-1r-antibody-ntb003-bcg009-us,NA (no DOI),NA (no registry ID),company press release,C1 sponsor primary,Retrieved web-source document block,Partial (retrieved document block; no canonical v2 quote anchor),NTB003/BCG009 NMPA IND announcement,2026-09-11 (legacy source recovery against frozen cut),Confirms alias and sponsor-reported China IND milestone; not efficacy evidence.,Biocytogen and Nanjing Chia Tai Tianqing. Biocytogen and Nanjing Chia Tai Tianqing Announce IND Approval in China for Co-Developed Anti-IGF-1R Antibody NTB003 (BCG009). 2025-06-04. https://biocytogen.com/news/biocytogen-and-nanjing-chia-tai-tianqing-announce-ind-approval-in-china-for-co-developed-anti-igf-1r-antibody-ntb003-bcg009-us,2026-09-10,2.0.0
521,recovered_legacy_web_index,IL-11 receptor is a novel target for drug development with pharmacological activity in fibro-inflammatory disease — article PDF,Scientific Reports,2026-05-02,2026,https://www.nature.com/articles/s41598-026-51600-0_reference.pdf,NA (no DOI),NA (no registry ID),peer-reviewed article PDF,B1 peer-reviewed primary,Retrieved full-text PDF evidence,Partial (retrieved document block; no canonical v2 quote anchor),LASN01 Phase 2 tables and figure supplements,2026-09-11 (legacy source recovery against frozen cut),Full-text companion for bounded LASN01 result verification; denominators and post-hoc analyses remain explicit.,Scientific Reports. IL-11 receptor is a novel target for drug development with pharmacological activity in fibro-inflammatory disease — article PDF. 2026-05-02. https://www.nature.com/articles/s41598-026-51600-0_reference.pdf,2026-09-10,2.0.0
541,recovered_legacy_web_index,GenSci098,Changchun High-Tech corporate disclosure (CNINFO),2026-01-16,2026,http://static.cninfo.com.cn/finalpage/2026-01-16/1224935532.PDF,NA (no DOI),NA (no registry ID),official corporate disclosure,C1 corporate primary,Retrieved filing document block,Partial (retrieved document block; no canonical v2 quote anchor),GenSci098 mechanism and development-status section,2026-09-11 (legacy source recovery against frozen cut),"Supports GenSci098/YB-101 alias, TSHR-antagonist mechanism and program status; no cross-trial ranking.",Changchun High-Tech corporate disclosure (CNINFO). GenSci098. 2026-01-16. http://static.cninfo.com.cn/finalpage/2026-01-16/1224935532.PDF,2026-09-10,2.0.0
564,recovered_legacy_web_index_collision_resolved,"UCB to acquire Candid Therapeutics, building upon its existing immunology pipeline with novel T-cell engagers | UCB",UCB,2026-05-03,2026,https://www.ucb.com/newsroom/press-releases/article/ucb-to-acquire-candid-therapeutics-building-upon-its-existing-immunology-pipeline-with-novel-t-cell-engagers,NA (no DOI),NA (no registry ID),company transaction announcement,C1 sponsor primary,Retrieved web-source document block,Partial (retrieved document block; no canonical v2 quote anchor),Cizutamig mechanism and acquisition terms,2026-09-11 (legacy source recovery against frozen cut),Confirms cizutamig BCMA×CD3 modality and acquisition agreement; not disease-specific efficacy evidence.,"UCB. UCB to acquire Candid Therapeutics, building upon its existing immunology pipeline with novel T-cell engagers | UCB. 2026-05-03. https://www.ucb.com/newsroom/press-releases/article/ucb-to-acquire-candid-therapeutics-building-upon-its-existing-immunology-pipeline-with-novel-t-cell-engagers",2026-09-10,2.0.0
619,recovered_legacy_web_index,NCT07622368,ClinicalTrials.gov,2026-09-10 registry cut,2026,https://clinicaltrials.gov/api/v2/studies/NCT07622368,NA (no DOI),NCT07622368,official registry API,A1 official registry,Retrieved official JSON API record,Partial (retrieved document block; no canonical v2 quote anchor),NCT07622368 protocolSection,2026-09-11 (legacy source recovery against frozen cut),Confirms IBI3031 Phase 1 TED study metadata; public record did not establish a molecular target.,ClinicalTrials.gov. NCT07622368. 2026-09-10 registry cut. https://clinicaltrials.gov/api/v2/studies/NCT07622368,2026-09-10,2.0.0
645,recovered_legacy_web_index,"UCB completes acquisition of Candid Therapeutics, strengthening next generation immunology pipeline | UCB",UCB,2026-06-17,2026,https://www.ucb.com/newsroom/press-releases/article/ucb-completes-acquisition-of-candid-therapeutics-strengthening-next-generation-immunology-pipeline,NA (no DOI),NA (no registry ID),company transaction announcement,C1 sponsor primary,Retrieved web-source document block,Partial (retrieved document block; no canonical v2 quote anchor),Cizutamig acquisition-completion announcement,2026-09-11 (legacy source recovery against frozen cut),Confirms ownership transition at the cut; R&D potential remains separate from evidence confidence.,"UCB. UCB completes acquisition of Candid Therapeutics, strengthening next generation immunology pipeline | UCB. 2026-06-17. https://www.ucb.com/newsroom/press-releases/article/ucb-completes-acquisition-of-candid-therapeutics-strengthening-next-generation-immunology-pipeline",2026-09-10,2.0.0
672,recovered_legacy_web_index,Tepezza: First Drug for Thyroid Eye Disease | BioPharma.News,BioPharma.News,2022-04-27,2022,https://biopharma.news/tepezza-first-drug-for-thyroid-eye-disease-1167/,NA (no DOI),NA (no registry ID),secondary news,C2 secondary,Retrieved secondary document block,Partial (retrieved document block; no canonical v2 quote anchor),Tepezza background article,2026-09-11 (legacy source recovery against frozen cut),Historical context only; not used for current authorization or access status.,BioPharma.News. Tepezza: First Drug for Thyroid Eye Disease | BioPharma.News. 2022-04-27. https://biopharma.news/tepezza-first-drug-for-thyroid-eye-disease-1167/,2026-09-10,2.0.0
675,expanded_scholarly,Targeting IL-6 Receptor Signaling with Satralizumab in Thyroid Eye Disease: Design of the Phase 3 SatraGO-1 and SatraGO-2 Trials,Ophthalmology and Therapy,2025,2025,https://doi.org/10.1007/s40123-025-01255-3,10.1007/s40123-025-01255-3,NA (no registry ID),rct,B0 scholarly discovery metadata; claim-level appraisal required,Structured metadata and abstract,No (not an exact full-text anchor),references.jsonl citation_id=cit_b4bb6b28cb88,2026-09-10 (scholarly metadata capture),"Discovery/context record; quantitative, mechanistic, or comparative claims require deeper source verification.",Targeting IL-6 Receptor Signaling with Satralizumab in Thyroid Eye Disease: Design of the Phase 3 SatraGO-1 and SatraGO-2 Trials (2025). Ophthalmology and Therapy. https://doi.org/10.1007/s40123-025-01255-3,2026-09-10,2.0.0
676,expanded_scholarly,Glycemic Trends in Patients with Thyroid Eye Disease Treated with Teprotumumab in 3 Clinical Trials,Ophthalmology,2024,2024,https://doi.org/10.1016/j.ophtha.2024.01.023,10.1016/j.ophtha.2024.01.023,NA (no registry ID),rct,B0 scholarly discovery metadata; claim-level appraisal required,Structured metadata and abstract,No (not an exact full-text anchor),references.jsonl citation_id=cit_d794c94cebb6,2026-09-10 (scholarly metadata capture),"Discovery/context record; quantitative, mechanistic, or comparative claims require deeper source verification.",Glycemic Trends in Patients with Thyroid Eye Disease Treated with Teprotumumab in 3 Clinical Trials (2024). Ophthalmology. https://doi.org/10.1016/j.ophtha.2024.01.023,2026-09-10,2.0.0
677,expanded_scholarly,The role of monoclonal antibodies against IL-6 or IL-6R in the treatment of thyroid eye disease,Reviews in Endocrine and Metabolic Disorders,2026,2026,https://doi.org/10.1007/s11154-025-10014-5,10.1007/s11154-025-10014-5,NA (no registry ID),NA (study type unavailable),B0 scholarly discovery metadata; claim-level appraisal required,Structured metadata and abstract,No (not an exact full-text anchor),references.jsonl citation_id=cit_0ffd9fa91f86,2026-09-10 (scholarly metadata capture),"Discovery/context record; quantitative, mechanistic, or comparative claims require deeper source verification.",The role of monoclonal antibodies against IL-6 or IL-6R in the treatment of thyroid eye disease (2026). Reviews in Endocrine and Metabolic Disorders. https://doi.org/10.1007/s11154-025-10014-5,2026-09-10,2.0.0
678,expanded_scholarly,THRIVE-2 phase 3 trial of Veligrotug (VRDN-001) in chronic thyroid eye disease (TED): efficacy and safety at 15 weeks,Endocrine Abstracts,2025,2025,https://doi.org/10.1530/endoabs.110.p29,10.1530/endoabs.110.p29,NA (no registry ID),NA (study type unavailable),B0 scholarly discovery metadata; claim-level appraisal required,Structured metadata and abstract,No (not an exact full-text anchor),references.jsonl citation_id=cit_26e4d379cdcd,2026-09-10 (scholarly metadata capture),"Discovery/context record; quantitative, mechanistic, or comparative claims require deeper source verification.",THRIVE-2 phase 3 trial of Veligrotug (VRDN-001) in chronic thyroid eye disease (TED): efficacy and safety at 15 weeks (2025). Endocrine Abstracts. https://doi.org/10.1530/endoabs.110.p29,2026-09-10,2.0.0
679,expanded_scholarly,OR31-07 THRIVE-2 Phase 3 Trial of Veligrotug (VRDN-001) in Chronic Thyroid Eye Disease (TED): Efficacy and Safety at 15 Weeks,Journal of the Endocrine Society,2025,2025,https://doi.org/10.1210/jendso/bvaf149.2240,10.1210/jendso/bvaf149.2240,NA (no registry ID),rct,B0 scholarly discovery metadata; claim-level appraisal required,Structured metadata and abstract,No (not an exact full-text anchor),references.jsonl citation_id=cit_b6c57c11ead6,2026-09-10 (scholarly metadata capture),"Discovery/context record; quantitative, mechanistic, or comparative claims require deeper source verification.",OR31-07 THRIVE-2 Phase 3 Trial of Veligrotug (VRDN-001) in Chronic Thyroid Eye Disease (TED): Efficacy and Safety at 15 Weeks (2025). Journal of the Endocrine Society. https://doi.org/10.1210/jendso/bvaf149.2240,2026-09-10,2.0.0
680,expanded_scholarly,"Efficacy and Safety of Veligrotug (VRDN-001), a Full Antagonist Monoclonal Antibody to IGF-1 Receptor, in Active Thyroid Eye Disease (TED): THRIVE Phase 3 Topline Results",Endocrine Practice,2025,2025,https://doi.org/10.1016/j.eprac.2025.05.512,10.1016/j.eprac.2025.05.512,NA (no registry ID),NA (study type unavailable),B0 scholarly discovery metadata; claim-level appraisal required,Structured metadata and abstract,No (not an exact full-text anchor),references.jsonl citation_id=cit_10d11ec56ea5,2026-09-10 (scholarly metadata capture),"Discovery/context record; quantitative, mechanistic, or comparative claims require deeper source verification.","Efficacy and Safety of Veligrotug (VRDN-001), a Full Antagonist Monoclonal Antibody to IGF-1 Receptor, in Active Thyroid Eye Disease (TED): THRIVE Phase 3 Topline Results (2025). Endocrine Practice. https://doi.org/10.1016/j.eprac.2025.05.512",2026-09-10,2.0.0
681,expanded_scholarly,"Preclinical pharmacology, pharmacokinetics, and pharmacodynamics of veligrotug, a full antagonist antibody to the IGF-1 receptor in development for thyroid eye disease",mAbs,2025,2025,https://doi.org/10.1080/19420862.2025.2585616,10.1080/19420862.2025.2585616,NA (no registry ID),NA (study type unavailable),B0 scholarly discovery metadata; claim-level appraisal required,Structured metadata and abstract,No (not an exact full-text anchor),references.jsonl citation_id=cit_8bd9dbb0e2e9,2026-09-10 (scholarly metadata capture),"Discovery/context record; quantitative, mechanistic, or comparative claims require deeper source verification.","Preclinical pharmacology, pharmacokinetics, and pharmacodynamics of veligrotug, a full antagonist antibody to the IGF-1 receptor in development for thyroid eye disease (2025). mAbs. https://doi.org/10.1080/19420862.2025.2585616",2026-09-10,2.0.0
682,expanded_scholarly,The characteristics of Grave’s disease in children and adolescent patients in Al-Madinah Al-Munawwarah,Saudi Medical Journal,2023,2023,https://doi.org/10.15537/smj.2023.44.3.20220501,10.15537/smj.2023.44.3.20220501,NA (no registry ID),NA (study type unavailable),B0 scholarly discovery metadata; claim-level appraisal required,Structured metadata and abstract,No (not an exact full-text anchor),references.jsonl citation_id=cit_170f29cfb8b8,2026-09-10 (scholarly metadata capture),"Discovery/context record; quantitative, mechanistic, or comparative claims require deeper source verification.",The characteristics of Grave’s disease in children and adolescent patients in Al-Madinah Al-Munawwarah (2023). Saudi Medical Journal. https://doi.org/10.15537/smj.2023.44.3.20220501,2026-09-10,2.0.0
683,expanded_scholarly,OR31-08 The FcRn Inhibitor Batoclimab Rapidly Normalizes Thyroid Function and Improves Clinical Outcomes in Graves’ Disease,Journal of the Endocrine Society,2025,2025,https://doi.org/10.1210/jendso/bvaf149.2241,10.1210/jendso/bvaf149.2241,NA (no registry ID),non-randomized experimental study,B0 scholarly discovery metadata; claim-level appraisal required,Structured metadata and abstract,No (not an exact full-text anchor),references.jsonl citation_id=cit_f875e806c745,2026-09-10 (scholarly metadata capture),"Discovery/context record; quantitative, mechanistic, or comparative claims require deeper source verification.",OR31-08 The FcRn Inhibitor Batoclimab Rapidly Normalizes Thyroid Function and Improves Clinical Outcomes in Graves’ Disease (2025). Journal of the Endocrine Society. https://doi.org/10.1210/jendso/bvaf149.2241,2026-09-10,2.0.0
684,expanded_scholarly,"Efficacy and safety of the FCRN inhibitor, batoclimab, in graves' thyroidal and extrathyroidal disease: a proof-of-concept study",Endocrine Abstracts,2025,2025,https://doi.org/10.1530/endoabs.110.p1111,10.1530/endoabs.110.p1111,NA (no registry ID),NA (study type unavailable),B0 scholarly discovery metadata; claim-level appraisal required,Structured metadata and abstract,No (not an exact full-text anchor),references.jsonl citation_id=cit_870490680dba,2026-09-10 (scholarly metadata capture),"Discovery/context record; quantitative, mechanistic, or comparative claims require deeper source verification.","Efficacy and safety of the FCRN inhibitor, batoclimab, in graves' thyroidal and extrathyroidal disease: a proof-of-concept study (2025). Endocrine Abstracts. https://doi.org/10.1530/endoabs.110.p1111",2026-09-10,2.0.0
685,expanded_scholarly,"Linsitinib, an IGF-1R inhibitor, attenuates disease development and progression in a model of thyroid eye disease",Frontiers in Endocrinology,2023,2023,https://doi.org/10.3389/fendo.2023.1211473,10.3389/fendo.2023.1211473,NA (no registry ID),non-randomized experimental study,B0 scholarly discovery metadata; claim-level appraisal required,Structured metadata and abstract,No (not an exact full-text anchor),references.jsonl citation_id=cit_c858ef120d19,2026-09-10 (scholarly metadata capture),"Discovery/context record; quantitative, mechanistic, or comparative claims require deeper source verification.","Linsitinib, an IGF-1R inhibitor, attenuates disease development and progression in a model of thyroid eye disease (2023). Frontiers in Endocrinology. https://doi.org/10.3389/fendo.2023.1211473",2026-09-10,2.0.0
686,expanded_scholarly,Linsitinib inhibits IGF-1-induced cell proliferation and hyaluronic acid secretion by suppressing PI3K/Akt and ERK pathway in orbital fibroblasts from patients with thyroid-associated ophthalmopathy,PLOS ONE,2024,2024,https://doi.org/10.1371/journal.pone.0311093,10.1371/journal.pone.0311093,NA (no registry ID),non-rct in vitro,B0 scholarly discovery metadata; claim-level appraisal required,Structured metadata and abstract,No (not an exact full-text anchor),references.jsonl citation_id=cit_03e9193bca24,2026-09-10 (scholarly metadata capture),"Discovery/context record; quantitative, mechanistic, or comparative claims require deeper source verification.",Linsitinib inhibits IGF-1-induced cell proliferation and hyaluronic acid secretion by suppressing PI3K/Akt and ERK pathway in orbital fibroblasts from patients with thyroid-associated ophthalmopathy (2024). PLOS ONE. https://doi.org/10.1371/journal.pone.0311093,2026-09-10,2.0.0
687,expanded_scholarly,"OR26-03 Treatment With Linsitinib, An IGF-1 Receptor Inhibitor, Prevents Disease Development And Progression In An Experimental Model Of Thyroid Eye Disease",Journal of the Endocrine Society,2023,2023,https://doi.org/10.1210/jendso/bvad114.2052,10.1210/jendso/bvad114.2052,NA (no registry ID),non-randomized experimental study,B0 scholarly discovery metadata; claim-level appraisal required,Structured metadata and abstract,No (not an exact full-text anchor),references.jsonl citation_id=cit_b1c023e734fa,2026-09-10 (scholarly metadata capture),"Discovery/context record; quantitative, mechanistic, or comparative claims require deeper source verification.","OR26-03 Treatment With Linsitinib, An IGF-1 Receptor Inhibitor, Prevents Disease Development And Progression In An Experimental Model Of Thyroid Eye Disease (2023). Journal of the Endocrine Society. https://doi.org/10.1210/jendso/bvad114.2052",2026-09-10,2.0.0
688,expanded_scholarly,Linsitinib inhibits proliferation and induces apoptosis of both IGF-1R and TSH-R expressing cells,Frontiers in Immunology,2024,2024,https://doi.org/10.3389/fimmu.2024.1488220,10.3389/fimmu.2024.1488220,NA (no registry ID),NA (study type unavailable),B0 scholarly discovery metadata; claim-level appraisal required,Structured metadata and abstract,No (not an exact full-text anchor),references.jsonl citation_id=cit_a07de8b2f661,2026-09-10 (scholarly metadata capture),"Discovery/context record; quantitative, mechanistic, or comparative claims require deeper source verification.",Linsitinib inhibits proliferation and induces apoptosis of both IGF-1R and TSH-R expressing cells (2024). Frontiers in Immunology. https://doi.org/10.3389/fimmu.2024.1488220,2026-09-10,2.0.0
689,expanded_scholarly,Medical Applications of Molecular Biotechnologies in the Context of Hashimoto’s Thyroiditis,Diagnostics,2023,2023,https://doi.org/10.3390/diagnostics13122114,10.3390/diagnostics13122114,NA (no registry ID),NA (study type unavailable),B0 scholarly discovery metadata; claim-level appraisal required,Structured metadata and abstract,No (not an exact full-text anchor),references.jsonl citation_id=cit_456aa66a15af,2026-09-10 (scholarly metadata capture),"Discovery/context record; quantitative, mechanistic, or comparative claims require deeper source verification.",Medical Applications of Molecular Biotechnologies in the Context of Hashimoto’s Thyroiditis (2023). Diagnostics. https://doi.org/10.3390/diagnostics13122114,2026-09-10,2.0.0
690,expanded_scholarly,Can chimeric antigen receptors – based therapy bring a gleam of hope for thyroid-associated ophthalmopathy and other autoimmune diseases?,Medical Review,2025,2025,https://doi.org/10.1515/mr-2024-0099,10.1515/mr-2024-0099,NA (no registry ID),NA (study type unavailable),B0 scholarly discovery metadata; claim-level appraisal required,Structured metadata and abstract,No (not an exact full-text anchor),references.jsonl citation_id=cit_db25f5ddb039,2026-09-10 (scholarly metadata capture),"Discovery/context record; quantitative, mechanistic, or comparative claims require deeper source verification.",Can chimeric antigen receptors – based therapy bring a gleam of hope for thyroid-associated ophthalmopathy and other autoimmune diseases? (2025). Medical Review. https://doi.org/10.1515/mr-2024-0099,2026-09-10,2.0.0
691,expanded_scholarly,Teprotumumab for the treatment of chronic thyroid eye disease,Eye,2021,2021,https://doi.org/10.1038/s41433-021-01593-z,10.1038/s41433-021-01593-z,NA (no registry ID),NA (study type unavailable),B0 scholarly discovery metadata; claim-level appraisal required,Structured metadata and abstract,No (not an exact full-text anchor),references.jsonl citation_id=cit_55cac26ee91b,2026-09-10 (scholarly metadata capture),"Discovery/context record; quantitative, mechanistic, or comparative claims require deeper source verification.",Teprotumumab for the treatment of chronic thyroid eye disease (2021). Eye. https://doi.org/10.1038/s41433-021-01593-z,2026-09-10,2.0.0
692,expanded_scholarly,"SAT455 A Randomized, Quadruple-masked, Placebo-controlled, Multicenter Trial To Evaluate The Efficacy And Safety Of Teprotumumab In Patients With Chronic (Inactive/Low CAS) Thyroid Eye Disease",Journal of the Endocrine Society,2023,2023,https://doi.org/10.1210/jendso/bvad114.1930,10.1210/jendso/bvad114.1930,NA (no registry ID),NA (study type unavailable),B0 scholarly discovery metadata; claim-level appraisal required,Structured metadata and abstract,No (not an exact full-text anchor),references.jsonl citation_id=cit_676970e2fcc6,2026-09-10 (scholarly metadata capture),"Discovery/context record; quantitative, mechanistic, or comparative claims require deeper source verification.","SAT455 A Randomized, Quadruple-masked, Placebo-controlled, Multicenter Trial To Evaluate The Efficacy And Safety Of Teprotumumab In Patients With Chronic (Inactive/Low CAS) Thyroid Eye Disease (2023). Journal of the Endocrine Society. https://doi.org/10.1210/jendso/bvad114.1930",2026-09-10,2.0.0
693,expanded_scholarly,Antigen-specific immunotherapy to restore antigen-specific tolerance in Type 1 diabetes and Graves’ disease,Clinical and Experimental Immunology,2022,2022,https://doi.org/10.1093/cei/uxac115,10.1093/cei/uxac115,NA (no registry ID),NA (study type unavailable),B0 scholarly discovery metadata; claim-level appraisal required,Structured metadata and abstract,No (not an exact full-text anchor),references.jsonl citation_id=cit_7a9250f69443,2026-09-10 (scholarly metadata capture),"Discovery/context record; quantitative, mechanistic, or comparative claims require deeper source verification.",Antigen-specific immunotherapy to restore antigen-specific tolerance in Type 1 diabetes and Graves’ disease (2022). Clinical and Experimental Immunology. https://doi.org/10.1093/cei/uxac115,2026-09-10,2.0.0
694,expanded_scholarly,Randomized phase I trial of antigen-specific tolerizing immunotherapy with peptide/calcitriol liposomes in ACPA+ rheumatoid arthritis,JCI Insight,2022,2022,https://doi.org/10.1172/jci.insight.160964,10.1172/jci.insight.160964,NA (no registry ID),rct,B0 scholarly discovery metadata; claim-level appraisal required,Structured metadata and abstract,No (not an exact full-text anchor),references.jsonl citation_id=cit_20f1e34f225a,2026-09-10 (scholarly metadata capture),"Discovery/context record; quantitative, mechanistic, or comparative claims require deeper source verification.",Randomized phase I trial of antigen-specific tolerizing immunotherapy with peptide/calcitriol liposomes in ACPA+ rheumatoid arthritis (2022). JCI Insight. https://doi.org/10.1172/jci.insight.160964,2026-09-10,2.0.0
695,expanded_scholarly,Phase I Clinical Trial of Islet Antigen–Specific Plasmid Coexpressing Tolerogenic Proteins Demonstrates Safety in Adults With Type 1 Diabetes,Diabetes,2026,2026,https://doi.org/10.2337/db25-0777,10.2337/db25-0777,NA (no registry ID),rct,B0 scholarly discovery metadata; claim-level appraisal required,Structured metadata and abstract,No (not an exact full-text anchor),references.jsonl citation_id=cit_8745eb3e2c04,2026-09-10 (scholarly metadata capture),"Discovery/context record; quantitative, mechanistic, or comparative claims require deeper source verification.",Phase I Clinical Trial of Islet Antigen–Specific Plasmid Coexpressing Tolerogenic Proteins Demonstrates Safety in Adults With Type 1 Diabetes (2026). Diabetes. https://doi.org/10.2337/db25-0777,2026-09-10,2.0.0
696,expanded_scholarly,"Study protocol: Minimum effective low dose: anti-human thymocyte globulin (MELD-ATG): phase II, dose ranging, efficacy study of antithymocyte globulin (ATG) within 6 weeks of diagnosis of type 1 diabetes",BMJ Open,2021,2021,https://doi.org/10.1136/bmjopen-2021-053669,10.1136/bmjopen-2021-053669,NA (no registry ID),rct,B0 scholarly discovery metadata; claim-level appraisal required,Structured metadata and abstract,No (not an exact full-text anchor),references.jsonl citation_id=cit_8f114f478eb1,2026-09-10 (scholarly metadata capture),"Discovery/context record; quantitative, mechanistic, or comparative claims require deeper source verification.","Study protocol: Minimum effective low dose: anti-human thymocyte globulin (MELD-ATG): phase II, dose ranging, efficacy study of antithymocyte globulin (ATG) within 6 weeks of diagnosis of type 1 diabetes (2021). BMJ Open. https://doi.org/10.1136/bmjopen-2021-053669",2026-09-10,2.0.0
697,expanded_scholarly,Modulating TSH Receptor Signaling for Therapeutic Benefit,European Thyroid Journal,2020,2020,https://doi.org/10.1159/000511871,10.1159/000511871,NA (no registry ID),NA (study type unavailable),B0 scholarly discovery metadata; claim-level appraisal required,Structured metadata and abstract,No (not an exact full-text anchor),references.jsonl citation_id=cit_3cfe5a560baa,2026-09-10 (scholarly metadata capture),"Discovery/context record; quantitative, mechanistic, or comparative claims require deeper source verification.",Modulating TSH Receptor Signaling for Therapeutic Benefit (2020). European Thyroid Journal. https://doi.org/10.1159/000511871,2026-09-10,2.0.0
698,expanded_scholarly,New Therapeutic Horizons for Graves’ Hyperthyroidism,Endocrine Reviews,2020,2020,https://doi.org/10.1210/endrev/bnaa022,10.1210/endrev/bnaa022,NA (no registry ID),NA (study type unavailable),B0 scholarly discovery metadata; claim-level appraisal required,Structured metadata and abstract,No (not an exact full-text anchor),references.jsonl citation_id=cit_19e5349599f5,2026-09-10 (scholarly metadata capture),"Discovery/context record; quantitative, mechanistic, or comparative claims require deeper source verification.",New Therapeutic Horizons for Graves’ Hyperthyroidism (2020). Endocrine Reviews. https://doi.org/10.1210/endrev/bnaa022,2026-09-10,2.0.0
699,recovered_legacy_web_index,Primary Results of the Phase-3 SatraGO-1 and SatraGO 2 Trials: Efficacy and Safety of Satralizumab▼ in Thyroid Eye Disease,Roche/Genentech Medical,2026 congress presentation,2026,https://medically.gene.com/content/dam/pdmahub/restricted/ophthalmology/apao-2026/APAO-2026-presentation-li-primary-results-of-the-phase-3-satrago-1-and-satrago-2-trials.pdf,NA (no DOI),NA (no registry ID),sponsor congress deck,B2/C1 sponsor congress evidence,Retrieved presentation document,Partial (retrieved document block; no canonical v2 quote anchor),SatraGO-1 and SatraGO-2 primary-results slides,2026-09-11 (legacy source recovery against frozen cut),Supports trial-specific SatraGO outcomes with nominal/multiplicity caveats; no pooling or class ranking.,Roche/Genentech Medical. Primary Results of the Phase-3 SatraGO-1 and SatraGO 2 Trials: Efficacy and Safety of Satralizumab▼ in Thyroid Eye Disease. 2026 congress presentation. https://medically.gene.com/content/dam/pdmahub/restricted/ophthalmology/apao-2026/APAO-2026-presentation-li-primary-results-of-the-phase-3-satrago-1-and-satrago-2-trials.pdf,2026-09-10,2.0.0
701,recovered_legacy_web_index,"FDA grants Priority Review to Roche’s Enspryng, the first and only at-home subcutaneous treatment option for thyroid eye disease (TED)",Roche,2026-06-30,2026,https://www.roche.com/investors/updates/inv-update-2026-06-30,NA (no DOI),NA (no registry ID),company regulatory update,C1 sponsor primary,Retrieved web-source document block,Partial (retrieved document block; no canonical v2 quote anchor),Priority Review and SatraGO status announcement,2026-09-11 (legacy source recovery against frozen cut),"Supports pending U.S. regulatory status at the cut, not authorization.","Roche. FDA grants Priority Review to Roche’s Enspryng, the first and only at-home subcutaneous treatment option for thyroid eye disease (TED). 2026-06-30. https://www.roche.com/investors/updates/inv-update-2026-06-30",2026-09-10,2.0.0
710,recovered_legacy_web_index,VRDN-001-302,ClinicalTrials.gov,2025 protocol amendment,2025,https://cdn.clinicaltrials.gov/large-docs/75/NCT06179875/Prot_000.pdf,NA (no DOI),NCT06179875,official registry protocol,A1 official registry,Retrieved protocol document block,Partial (retrieved document block; no canonical v2 quote anchor),NCT06179875 protocol,2026-09-11 (legacy source recovery against frozen cut),Defines the selected nonresponder feeder-trial population; prevents randomized-comparative overinterpretation.,ClinicalTrials.gov. VRDN-001-302. 2025 protocol amendment. https://cdn.clinicaltrials.gov/large-docs/75/NCT06179875/Prot_000.pdf,2026-09-10,2.0.0
711,recovered_legacy_web_index,Statistical Analysis Plan,ClinicalTrials.gov,2025-05-21,2025,https://cdn.clinicaltrials.gov/large-docs/75/NCT06179875/SAP_001.pdf,NA (no DOI),NCT06179875,official statistical analysis plan,A1 official registry,Retrieved SAP document block,Partial (retrieved document block; no canonical v2 quote anchor),NCT06179875 SAP,2026-09-11 (legacy source recovery against frozen cut),Supports endpoint/analysis interpretation for the open-label nonresponder study.,ClinicalTrials.gov. Statistical Analysis Plan. 2025-05-21. https://cdn.clinicaltrials.gov/large-docs/75/NCT06179875/SAP_001.pdf,2026-09-10,2.0.0
712,recovered_legacy_web_index,News Details,Viridian Therapeutics,2024-12-16,2024,https://investors.viridiantherapeutics.com/news/news-details/2024/Viridian-Therapeutics-Announces-Positive-Topline-Results-from-Veligrotug-Phase-3-THRIVE-2-Clinical-Trial-in-Patients-with-Chronic-Thyroid-Eye-Disease/default.aspx,NA (no DOI),NA (no registry ID),company topline release,C1 sponsor primary,Retrieved web-source document block,Partial (retrieved document block; no canonical v2 quote anchor),THRIVE-2 Week 15 topline results,2026-09-11 (legacy source recovery against frozen cut),Sponsor-reported chronic-TED Phase 3 result; no peer-reviewed full Phase 3 paper was identified at the cut.,Viridian Therapeutics. News Details. 2024-12-16. https://investors.viridiantherapeutics.com/news/news-details/2024/Viridian-Therapeutics-Announces-Positive-Topline-Results-from-Veligrotug-Phase-3-THRIVE-2-Clinical-Trial-in-Patients-with-Chronic-Thyroid-Eye-Disease/default.aspx,2026-09-10,2.0.0
713,recovered_legacy_web_index,"Viridian Therapeutics, Inc. - Viridian Therapeutics Announces Positive Long-Term Durability Data from the Veligrotug Phase 3 THRIVE Clinical Trial in Patients with Active Thyroid Eye Disease (TED)",Viridian Therapeutics,2025-05-20,2025,https://investors.viridiantherapeutics.com/news/news-details/2025/Viridian-Therapeutics-Announces-Positive-Long-Term-Durability-Data-from-the-Veligrotug-Phase-3-THRIVE-Clinical-Trial-in-Patients-with-Active-Thyroid-Eye-Disease-TED/default.aspx,NA (no DOI),NA (no registry ID),company durability release,C1 sponsor primary,Retrieved web-source document block,Partial (retrieved document block; no canonical v2 quote anchor),THRIVE Week 52 durability update,2026-09-11 (legacy source recovery against frozen cut),Responder-conditioned durability denominators must remain explicit.,"Viridian Therapeutics. Viridian Therapeutics, Inc. - Viridian Therapeutics Announces Positive Long-Term Durability Data from the Veligrotug Phase 3 THRIVE Clinical Trial in Patients with Active Thyroid Eye Disease (TED). 2025-05-20. https://investors.viridiantherapeutics.com/news/news-details/2025/Viridian-Therapeutics-Announces-Positive-Long-Term-Durability-Data-from-the-Veligrotug-Phase-3-THRIVE-Clinical-Trial-in-Patients-with-Active-Thyroid-Eye-Disease-TED/default.aspx",2026-09-10,2.0.0
714,recovered_legacy_web_index,"A Phase 2b, Study of Linsitinib in Subjects With Active, Moderate to Severe Thyroid Eye Disease (TED)",ClinicalTrials.gov,2026-09-10 registry cut,2026,https://clinicaltrials.gov/study/NCT05276063,NA (no DOI),NCT05276063,official trial registry,A1 official registry,Retrieved registry document block,Partial (retrieved document block; no canonical v2 quote anchor),NCT05276063 protocol and posted-results modules,2026-09-11 (legacy source recovery against frozen cut),Controls the trial-level linsitinib endpoint and denominator interpretation.,"ClinicalTrials.gov. A Phase 2b, Study of Linsitinib in Subjects With Active, Moderate to Severe Thyroid Eye Disease (TED). 2026-09-10 registry cut. https://clinicaltrials.gov/study/NCT05276063",2026-09-10,2.0.0
715,recovered_legacy_web_index,News - Sling Therapeutics,Sling Therapeutics,2025-01-14,2025,https://slingtx.com/news-updates/,NA (no DOI),NA (no registry ID),company topline release,C1 sponsor primary,Retrieved web-source document block,Partial (retrieved document block; no canonical v2 quote anchor),LIDS Phase 2b/3 topline announcement,2026-09-11 (legacy source recovery against frozen cut),Sponsor topline evidence; high- and low-dose primary comparisons remain separate.,Sling Therapeutics. News - Sling Therapeutics. 2025-01-14. https://slingtx.com/news-updates/,2026-09-10,2.0.0
726,preserved_v1_manual,BLA 761530 approval letter for LUMVOA,U.S. Food and Drug Administration,2026-06-26,2026,https://www.accessdata.fda.gov/drugsatfda_docs/appletter/2026/761530Orig1s000ltr.pdf,NA (no DOI),NA (no registry ID),approval_letter,A1 regulator,Acquired and hash-verified source document (application/pdf),Yes (2 canonical exact quote anchors),"page 1, Licensing",2026-09-11T05:22:51+00:00,BLA approval effective 2026-06-26.,U.S. Food and Drug Administration. BLA 761530 approval letter for LUMVOA. 2026-06-26. https://www.accessdata.fda.gov/drugsatfda_docs/appletter/2026/761530Orig1s000ltr.pdf,2026-09-10,2.0.0
727,preserved_v1_manual,Novel Drug Approvals for 2026,U.S. Food and Drug Administration,2026-06-26,2026,https://www.fda.gov/drugs/novel-drug-approvals-fda/novel-drug-approvals-2026,NA (no DOI),NA (no registry ID),approval_list,A1 regulator,Acquired and hash-verified source document (text/html; charset=UTF-8),Yes (1 canonical exact quote anchors),Lumvoa row (approval date 6/26/2026),2026-09-11T05:22:51+00:00,"Corroborates approval date; label controls indication and dosing. Acquisition route: 2026-09-04 Internet Archive snapshot of the FDA page, before the frozen cut; origin URL retained in url field.",U.S. Food and Drug Administration. Novel Drug Approvals for 2026. 2026-06-26. https://www.fda.gov/drugs/novel-drug-approvals-fda/novel-drug-approvals-2026,2026-09-10,2.0.0
728,new_v2_collision_safe,TEPEZZA (teprotumumab-trbw) current prescribing information,U.S. National Library of Medicine DailyMed,2025-11-01,2025,https://dailymed.nlm.nih.gov/dailymed/drugInfo.cfm?setid=3e6c54a1-cefd-4a5b-a855-ab9f268b6cce,NA (no DOI),NA (no registry ID),current_spl,A1 regulator/NLM label repository,Acquired and hash-verified source document (text/html; charset=utf-8),Yes (7 canonical exact quote anchors),"sections 1, 2.1, 5.1-5.4, 6.1, 8.1-8.5; Revised 11/2025",2026-09-11T05:22:51+00:00,Supersedes historical 2020 FDA labeling for current-label claims.,U.S. National Library of Medicine DailyMed. TEPEZZA (teprotumumab-trbw) current prescribing information. 2025-11-01. https://dailymed.nlm.nih.gov/dailymed/drugInfo.cfm?setid=3e6c54a1-cefd-4a5b-a855-ab9f268b6cce,2026-09-10,2.0.0
729,new_v2_collision_safe,Tepezza EPAR,European Medicines Agency,2025-06-19,2025,https://www.ema.europa.eu/en/medicines/human/EPAR/tepezza,NA (no DOI),NA (no registry ID),EPAR,A1 regulator,Acquired and hash-verified source document (text/html; charset=UTF-8),Yes (3 canonical exact quote anchors),overview; authorisation details; product-information links,2026-09-11T05:22:52+00:00,EU-wide marketing authorization does not establish Member State reimbursement.,European Medicines Agency. Tepezza EPAR. 2025-06-19. https://www.ema.europa.eu/en/medicines/human/EPAR/tepezza,2026-09-10,2.0.0
730,new_v2_collision_safe,TEPEZZA EU product information,European Medicines Agency,2025-06-19,2025,https://www.ema.europa.eu/en/documents/product-information/tepezza-epar-product-information_en.pdf,NA (no DOI),NA (no registry ID),product_information,A1 regulator,Acquired and hash-verified source document (application/pdf),Yes (3 canonical exact quote anchors),"SmPC sections 4.1-4.8, 5.3, 9",2026-09-11T05:22:52+00:00,Current EU label at the data cut.,European Medicines Agency. TEPEZZA EU product information. 2025-06-19. https://www.ema.europa.eu/en/documents/product-information/tepezza-epar-product-information_en.pdf,2026-09-10,2.0.0
731,new_v2_collision_safe,MHRA approves teprotumumab as the first UK treatment for adults with moderate-to-severe TED,Medicines and Healthcare products Regulatory Agency,2025-05-07,2025,https://www.gov.uk/government/news/mhra-approves-teprotumumab-as-the-first-uk-treatment-for-adults-with-moderate-to-severe-thyroid-eye-disease-ted,NA (no DOI),NA (no registry ID),approval_announcement,A1 regulator,Acquired and hash-verified source document (text/html; charset=utf-8),Yes (1 canonical exact quote anchors),title and approval statement,2026-09-11T05:22:52+00:00,Authorization source; does not establish NHS reimbursement.,Medicines and Healthcare products Regulatory Agency. MHRA approves teprotumumab as the first UK treatment for adults with moderate-to-severe TED. 2025-05-07. https://www.gov.uk/government/news/mhra-approves-teprotumumab-as-the-first-uk-treatment-for-adults-with-moderate-to-severe-thyroid-eye-disease-ted,2026-09-10,2.0.0
732,new_v2_collision_safe,Teprotumumab for treating thyroid eye disease (deferred appraisal of D1) [ID6756],National Institute for Health and Care Excellence,2026-08-11,2026,https://www.nice.org.uk/guidance/indevelopment/gid-ta11995,NA (no DOI),NA (no registry ID),appraisal_status,A1 public HTA body,Acquired and hash-verified source document (text/html; charset=utf-8),Yes (3 canonical exact quote anchors),status In progress; expected publication 08 October 2026,2026-09-11T05:22:52+00:00,"At the data cut, final NICE guidance was not published.",National Institute for Health and Care Excellence. Teprotumumab for treating thyroid eye disease (deferred appraisal of D1) [ID6756]. 2026-08-11. https://www.nice.org.uk/guidance/indevelopment/gid-ta11995,2026-09-10,2.0.0
733,new_v2_collision_safe,Teprotumumab for treating thyroid eye disease—draft guidance consultation,National Institute for Health and Care Excellence,2025-06-01,2025,https://www.nice.org.uk/guidance/gid-ta11531/documents/consultation-document-2,NA (no DOI),NA (no registry ID),draft_consultation,A1 public HTA body—draft,Acquired and hash-verified source document (application/pdf),Yes (1 canonical exact quote anchors),front matter and section 1,2026-09-11T05:22:53+00:00,Draft consultation only; explicitly not final NICE guidance and not proof of final NHS funding status.,National Institute for Health and Care Excellence. Teprotumumab for treating thyroid eye disease—draft guidance consultation. 2025-06-01. https://www.nice.org.uk/guidance/gid-ta11531/documents/consultation-document-2,2026-09-10,2.0.0
734,new_v2_collision_safe,TEPEZZA 500 mg powder for concentrate for solution for infusion—UK SmPC,Amgen Ltd via electronic Medicines Compendium,2026-05-18 snapshot (product approved 2025-05-07),2025,https://www.medicines.org.uk/emc/product/101201/smpc,NA (no DOI),NA (no registry ID),summary_of_product_characteristics,A2 regulator-approved product information,Acquired and hash-verified source document (text/html; charset=utf-8),Yes (4 canonical exact quote anchors),SmPC sections 4.1-4.8; section 4.2 dosing regimen,2026-09-11T05:22:53+00:00,Approved product-information context; MHRA source 731 controls authorization and NICE source 732 controls England HTA status. BNF search result 54 is retained only as provisional discovery provenance. Acquisition route: 2026-05-18 Internet Archive snapshot of the UK regulator-approved SmPC; origin URL retained in url field.,Amgen Ltd via electronic Medicines Compendium. TEPEZZA 500 mg powder for concentrate for solution for infusion—UK SmPC. 2026-05-18 snapshot (product approved 2025-05-07). https://www.medicines.org.uk/emc/product/101201/smpc,2026-09-10,2.0.0
735,new_v2_collision_safe,Tepezza deliberation and review report,Pharmaceuticals and Medical Devices Agency / MHLW,2024-09-03,2024,https://www.pmda.go.jp/drugs/2024/P20240919001/112292000_30600AMX00249_A100_1.pdf,NA (no DOI),NA (no registry ID),review_report,A1 regulator,Acquired and hash-verified source document (application/pdf),Yes (2 canonical exact quote anchors),deliberation result; indication and dosage section,2026-09-11T05:22:53+00:00,Supports active-TED indication and 8-infusion adult regimen.,Pharmaceuticals and Medical Devices Agency / MHLW. Tepezza deliberation and review report. 2024-09-03. https://www.pmda.go.jp/drugs/2024/P20240919001/112292000_30600AMX00249_A100_1.pdf,2026-09-10,2.0.0
736,new_v2_collision_safe,List of Approved Drugs (Tepezza row),Pharmaceuticals and Medical Devices Agency,2024-09-24,2024,https://www.pmda.go.jp/files/000281190.pdf,NA (no DOI),NA (no registry ID),approved_drug_list,A1 regulator,Acquired and hash-verified source document (application/pdf),Yes (1 canonical exact quote anchors),"row 6-2, 24 September 2024, item 19",2026-09-11T05:22:56+00:00,English approved-drug list.,Pharmaceuticals and Medical Devices Agency. List of Approved Drugs (Tepezza row). 2024-09-24. https://www.pmda.go.jp/files/000281190.pdf,2026-09-10,2.0.0
737,new_v2_collision_safe,承認品目一覧（新医薬品：2024年4月～2025年3月）,Pharmaceuticals and Medical Devices Agency,2024-09-24,2024,https://www.pmda.go.jp/files/000270227.pdf,NA (no DOI),NA (no registry ID),approved_drug_list,A1 regulator,Acquired and hash-verified source document (application/pdf),Yes (1 canonical exact quote anchors),第6の2; 2024.9.24; item 19,2026-09-11T05:22:57+00:00,Japanese approved-item list.,Pharmaceuticals and Medical Devices Agency. 承認品目一覧（新医薬品：2024年4月～2025年3月）. 2024-09-24. https://www.pmda.go.jp/files/000270227.pdf,2026-09-10,2.0.0
738,new_v2_collision_safe,Pharmaceuticals and Medical Devices Safety Information,Pharmaceuticals and Medical Devices Agency,2024-11-20,2024,https://www.pmda.go.jp/files/000274091.pdf,NA (no DOI),NA (no registry ID),safety_information,A1 regulator,Acquired and hash-verified source document (application/pdf),Document acquired; no canonical exact quote anchor used,Teprotumumab/Tepezza entry,2026-09-11T05:22:57+00:00,Contextual safety/implementation record; label/review report remains primary.,Pharmaceuticals and Medical Devices Agency. Pharmaceuticals and Medical Devices Safety Information. 2024-11-20. https://www.pmda.go.jp/files/000274091.pdf,2026-09-10,2.0.0
739,new_v2_collision_safe,Thyroid disease: assessment and management—recommendations (NG145),National Institute for Health and Care Excellence,2023-10-12,2023,https://www.nice.org.uk/guidance/ng145/chapter/recommendations,NA (no DOI),NA (no registry ID),guideline,A1 national guideline body,Acquired and hash-verified source document (text/html; charset=utf-8),Yes (13 canonical exact quote anchors),recommendations 1.6.10-1.6.26; monitoring subsections,2026-09-11T05:22:57+00:00,Scope excludes management of thyroid disease in pregnancy.,National Institute for Health and Care Excellence. Thyroid disease: assessment and management—recommendations (NG145). 2023-10-12. https://www.nice.org.uk/guidance/ng145/chapter/recommendations,2026-09-10,2.0.0
740,new_v2_collision_safe,Carbimazole: increased risk of congenital malformations; strengthened advice on contraception,Medicines and Healthcare products Regulatory Agency,2019-02-18,2019,https://assets.publishing.service.gov.uk/media/5c6a89ca40f0b61a177602fb/DSU-PDF-Feb-2019.pdf,NA (no DOI),NA (no registry ID),drug_safety_update,A1 regulator drug-safety communication,Acquired and hash-verified source document (application/pdf),Yes (1 canonical exact quote anchors),"Drug Safety Update February 2019, pages 2-3; Advice for healthcare professionals",2026-09-11T05:22:58+00:00,UK regulator safety context only. NG145 excludes pregnancy; broader GD pregnancy management remains anchored to dedicated pregnancy and thyroid-society guidance.,Medicines and Healthcare products Regulatory Agency. Carbimazole: increased risk of congenital malformations; strengthened advice on contraception. 2019-02-18. https://assets.publishing.service.gov.uk/media/5c6a89ca40f0b61a177602fb/DSU-PDF-Feb-2019.pdf,2026-09-10,2.0.0
741,new_v2_collision_safe,バセドウ病治療ガイドライン2019 CQ一覧,Japan Thyroid Association,2019-04-01,2019,https://www.japanthyroid.jp/doctor/img/basedou_2019cq.pdf,NA (no DOI),NA (no registry ID),guideline_cq_compendium,A2 national society guideline,Acquired and hash-verified source document (application/pdf),Yes (16 canonical exact quote anchors),CQ list; FCQ1; BCQ1-BCQ39,2026-09-11T05:22:58+00:00,Primary society-hosted CQ statements; resolves the earlier reliance on summaries. Acquisition route: 2026-04-25 Internet Archive snapshot of the society-hosted PDF; origin URL retained in url field.,Japan Thyroid Association. バセドウ病治療ガイドライン2019 CQ一覧. 2019-04-01. https://www.japanthyroid.jp/doctor/img/basedou_2019cq.pdf,2026-09-10,2.0.0
742,new_v2_collision_safe,バセドウ病悪性眼球突出症（甲状腺眼症）の診断基準と治療指針2023（第3次案）,Japan Thyroid Association and Japan Endocrine Society committee,2023-06,2023,https://www.japanthyroid.jp/doctor/img/basedou03_2023.pdf,NA (no DOI),NA (no registry ID),guidance_third_draft,A2 national society clinical guidance,Acquired and hash-verified source document (application/pdf),Yes (5 canonical exact quote anchors),sections 5-7; management algorithms and treatment guidance,2026-09-11T05:22:58+00:00,Society-hosted third draft; incorporates MRI-based activity assessment. Acquisition route: 2024-01-18 Internet Archive snapshot of the society-hosted PDF; origin URL retained in url field.,Japan Thyroid Association and Japan Endocrine Society committee. バセドウ病悪性眼球突出症（甲状腺眼症）の診断基準と治療指針2023（第3次案）. 2023-06. https://www.japanthyroid.jp/doctor/img/basedou03_2023.pdf,2026-09-10,2.0.0
743,new_v2_collision_safe,妊娠初期における薬物治療は第一選択薬として何が推奨されるか（GD guideline 2019 FCQ1 explanation）,Japan Thyroid Association,2020-01-01,2020,https://www.japanthyroid.jp/doctor/abstract/abstract20.html,NA (no DOI),NA (no registry ID),guideline_explanation,A2 society journal explanation,Acquired and hash-verified source document (text/html),Yes (1 canonical exact quote anchors),FCQ1 abstract and statement,2026-09-11T05:22:59+00:00,Use primary CQ source 741 for final wording; explanation retained for interpretation. Acquisition route: 2025-06-17 Internet Archive snapshot of the society page; origin URL retained in url field.,Japan Thyroid Association. 妊娠初期における薬物治療は第一選択薬として何が推奨されるか（GD guideline 2019 FCQ1 explanation）. 2020-01-01. https://www.japanthyroid.jp/doctor/abstract/abstract20.html,2026-09-10,2.0.0
744,new_v2_collision_safe,Correction to: Thyroid 2016;26:1343–1421. DOI: 10.1089/thy.2016.0229,Thyroid journal / American Thyroid Association,2017-11-01,2017,https://liebertpub.com/doi/10.1089/thy.2016.0229.correx,10.1089/thy.2016.0229.correx,NA (no registry ID),correction,A2 journal correction,Acquired and hash-verified source document (text/html;charset=UTF-8),Yes (3 canonical exact quote anchors),Thyroid 27(11):1462; Recommendation 58 correcting guideline page 1369,2026-09-11T05:22:59+00:00,Correction DOI 10.1089/thy.2016.0229.correx; PMID 29035639. Recommendation 58 supplies the corrected pediatric RAI wording. Acquisition route: 2025-08-06 Internet Archive snapshot of the free publisher correction; origin URL retained in url field.,Thyroid journal / American Thyroid Association. Correction to: Thyroid 2016;26:1343–1421. DOI: 10.1089/thy.2016.0229. 2017-11-01. https://liebertpub.com/doi/10.1089/thy.2016.0229.correx,2026-09-10,2.0.0
745,new_v2_collision_safe_search_record,Official search record: Tepezza authorization—South Korea,MFDS/NEDrug,NA (search event),NA (year unavailable),https://nedrug.mfds.go.kr/searchDrug,NA (no DOI),NA (no registry ID),negative_or_unresolved_search_record,R1 documented official-portal search,Query-level official-portal search record; no citable text block,No (query-level search record; no citable text block),query string and authority portal,2026-09-11T05:22:59+00:00,No relevant official record found does not establish non-authorization or non-reimbursement; status remains unresolved.,MFDS/NEDrug. Official search record: Tepezza authorization—South Korea. Query record at frozen data cut; result: no_relevant_official_product_record_found; status remains unresolved. https://nedrug.mfds.go.kr/searchDrug,2026-09-10,2.0.0
746,new_v2_collision_safe_search_record,Official search record: Tepezza reimbursement/access—South Korea,Health Insurance Review & Assessment Service,NA (search event),NA (year unavailable),https://www.hira.or.kr/,NA (no DOI),NA (no registry ID),negative_or_unresolved_search_record,R1 documented official-portal search,Query-level official-portal search record; no citable text block,No (query-level search record; no citable text block),query string and authority portal,2026-09-11T05:22:59+00:00,No relevant official record found does not establish non-authorization or non-reimbursement; status remains unresolved.,Health Insurance Review & Assessment Service. Official search record: Tepezza reimbursement/access—South Korea. Query record at frozen data cut; result: no_relevant_official_reimbursement_record_found; status remains unresolved. https://www.hira.or.kr/,2026-09-10,2.0.0
747,new_v2_collision_safe_search_record,Official search record: Lumvoa authorization—EU/EEA,European Medicines Agency,NA (search event),NA (year unavailable),https://www.ema.europa.eu/en/search,NA (no DOI),NA (no registry ID),negative_or_unresolved_search_record,R1 documented official-portal search,Query-level official-portal search record; no citable text block,No (query-level search record; no citable text block),query string and authority portal,2026-09-11T05:22:59+00:00,No relevant official record found does not establish non-authorization or non-reimbursement; status remains unresolved.,European Medicines Agency. Official search record: Lumvoa authorization—EU/EEA. Query record at frozen data cut; result: no_relevant_official_product_record_found; status remains unresolved. https://www.ema.europa.eu/en/search,2026-09-10,2.0.0
748,new_v2_collision_safe_search_record,Official search record: Lumvoa authorization—Japan,PMDA/MHLW,NA (search event),NA (year unavailable),https://www.pmda.go.jp/,NA (no DOI),NA (no registry ID),negative_or_unresolved_search_record,R1 documented official-portal search,Query-level official-portal search record; no citable text block,No (query-level search record; no citable text block),query string and authority portal,2026-09-11T05:22:59+00:00,No relevant official record found does not establish non-authorization or non-reimbursement; status remains unresolved.,PMDA/MHLW. Official search record: Lumvoa authorization—Japan. Query record at frozen data cut; result: no_relevant_official_product_record_found; status remains unresolved. https://www.pmda.go.jp/,2026-09-10,2.0.0
749,new_v2_collision_safe_search_record,Official search record: Lumvoa authorization/access—United Kingdom,MHRA/NICE,NA (search event),NA (year unavailable),https://www.gov.uk/search/all,NA (no DOI),NA (no registry ID),negative_or_unresolved_search_record,R1 documented official-portal search,Query-level official-portal search record; no citable text block,No (query-level search record; no citable text block),query string and authority portal,2026-09-11T05:22:59+00:00,No relevant official record found does not establish non-authorization or non-reimbursement; status remains unresolved.,MHRA/NICE. Official search record: Lumvoa authorization/access—United Kingdom. Query record at frozen data cut; result: no_relevant_official_product_or_appraisal_record_found; status remains unresolved. https://www.gov.uk/search/all,2026-09-10,2.0.0
750,new_v2_collision_safe_search_record,Official search record: Lumvoa authorization/reimbursement—South Korea,MFDS/NEDrug/HIRA,NA (search event),NA (year unavailable),https://nedrug.mfds.go.kr/searchDrug,NA (no DOI),NA (no registry ID),negative_or_unresolved_search_record,R1 documented official-portal search,Query-level official-portal search record; no citable text block,No (query-level search record; no citable text block),query string and authority portal,2026-09-11T05:22:59+00:00,No relevant official record found does not establish non-authorization or non-reimbursement; status remains unresolved.,MFDS/NEDrug/HIRA. Official search record: Lumvoa authorization/reimbursement—South Korea. Query record at frozen data cut; result: no_relevant_official_product_or_reimbursement_record_found; status remains unresolved. https://nedrug.mfds.go.kr/searchDrug,2026-09-10,2.0.0
751,new_v2_collision_safe_search_record,Official search record: Tepezza reimbursement/access—EU/EEA,EMA/European Commission context,NA (search event),NA (year unavailable),https://www.ema.europa.eu/en/medicines/human/EPAR/tepezza,NA (no DOI),NA (no registry ID),negative_or_unresolved_search_record,R1 documented official-portal search,Query-level official-portal search record; no citable text block,No (query-level search record; no citable text block),query string and authority portal,2026-09-11T05:22:59+00:00,No relevant official record found does not establish non-authorization or non-reimbursement; status remains unresolved.,EMA/European Commission context. Official search record: Tepezza reimbursement/access—EU/EEA. Query record at frozen data cut; result: no_eu_wide_reimbursement_status_applicable; status remains unresolved. https://www.ema.europa.eu/en/medicines/human/EPAR/tepezza,2026-09-10,2.0.0
752,new_v2_collision_safe_search_record,Official search record: Tepezza reimbursement/access—Japan,MHLW/NHI price-list context,NA (search event),NA (year unavailable),https://www.mhlw.go.jp/,NA (no DOI),NA (no registry ID),negative_or_unresolved_search_record,R1 documented official-portal search,Query-level official-portal search record; no citable text block,No (query-level search record; no citable text block),query string and authority portal,2026-09-11T05:22:59+00:00,No relevant official record found does not establish non-authorization or non-reimbursement; status remains unresolved.,MHLW/NHI price-list context. Official search record: Tepezza reimbursement/access—Japan. Query record at frozen data cut; result: official_reimbursement_record_not_verified_in_this_pass; status remains unresolved. https://www.mhlw.go.jp/,2026-09-10,2.0.0
753,v2_frozen_registry_record,Phase II Randomized Controlled Study of Sequential Orbital Radiotherapy for Graves' Ophthalmopathy,ClinicalTrials.gov,2026-09-10 registry cut,2026,https://clinicaltrials.gov/study/NCT00004660,NA (no DOI),NCT00004660,official trial registry,A1 official registry,Frozen full protocol record; no posted results at data cut,Yes (canonical frozen JSON record plus deterministic trial-table row locator),frozen_trial_registry_documents_v2.jsonl::trial_id=NCT00004660; document_id=CTGOV-NCT00004660-CUT-2026-09-10,2026-09-10 frozen registry cut,Controls trial protocol/status and posted registry results for this release; no cross-trial efficacy ranking.,ClinicalTrials.gov. Phase II Randomized Controlled Study of Sequential Orbital Radiotherapy for Graves' Ophthalmopathy. NCT00004660. Frozen record at 2026-09-10. https://clinicaltrials.gov/study/NCT00004660,2026-09-10,2.0.0
754,v2_frozen_registry_record,"Pretreatment With Recombinant Human Thyrotropin (rhTSH) for the Effect on Thyroid Size and Function, and for the Effect of Radioiodine Treatment in Patients With Nodular Goiter. Prospective, Randomized Double-blinded Trials.",ClinicalTrials.gov,2026-09-10 registry cut,2026,https://clinicaltrials.gov/study/NCT00145366,NA (no DOI),NCT00145366,official trial registry,A1 official registry,Frozen full protocol record; no posted results at data cut,Yes (canonical frozen JSON record plus deterministic trial-table row locator),frozen_trial_registry_documents_v2.jsonl::trial_id=NCT00145366; document_id=CTGOV-NCT00145366-CUT-2026-09-10,2026-09-10 frozen registry cut,Controls trial protocol/status and posted registry results for this release; no cross-trial efficacy ranking.,"ClinicalTrials.gov. Pretreatment With Recombinant Human Thyrotropin (rhTSH) for the Effect on Thyroid Size and Function, and for the Effect of Radioiodine Treatment in Patients With Nodular Goiter. Prospective, Randomized Double-blinded Trials.. NCT00145366. Frozen record at 2026-09-10. https://clinicaltrials.gov/study/NCT00145366",2026-09-10,2.0.0
755,v2_frozen_registry_record,B Cell Depletion With the Anti-CD20 Monoclonal Antibody Rituximab in the Treatment of Graves' Disease,ClinicalTrials.gov,2026-09-10 registry cut,2026,https://clinicaltrials.gov/study/NCT00150111,NA (no DOI),NCT00150111,official trial registry,A1 official registry,Frozen full protocol record; no posted results at data cut,Yes (canonical frozen JSON record plus deterministic trial-table row locator),frozen_trial_registry_documents_v2.jsonl::trial_id=NCT00150111; document_id=CTGOV-NCT00150111-CUT-2026-09-10,2026-09-10 frozen registry cut,Controls trial protocol/status and posted registry results for this release; no cross-trial efficacy ranking.,ClinicalTrials.gov. B Cell Depletion With the Anti-CD20 Monoclonal Antibody Rituximab in the Treatment of Graves' Disease. NCT00150111. Frozen record at 2026-09-10. https://clinicaltrials.gov/study/NCT00150111,2026-09-10,2.0.0
756,v2_frozen_registry_record,The Influence of Continuous Block-replacement Therapy on the Effect of Radioiodine in Patients With Hyperthyroidism,ClinicalTrials.gov,2026-09-10 registry cut,2026,https://clinicaltrials.gov/study/NCT00150124,NA (no DOI),NCT00150124,official trial registry,A1 official registry,Frozen full protocol record; no posted results at data cut,Yes (canonical frozen JSON record plus deterministic trial-table row locator),frozen_trial_registry_documents_v2.jsonl::trial_id=NCT00150124; document_id=CTGOV-NCT00150124-CUT-2026-09-10,2026-09-10 frozen registry cut,Controls trial protocol/status and posted registry results for this release; no cross-trial efficacy ranking.,ClinicalTrials.gov. The Influence of Continuous Block-replacement Therapy on the Effect of Radioiodine in Patients With Hyperthyroidism. NCT00150124. Frozen record at 2026-09-10. https://clinicaltrials.gov/study/NCT00150124,2026-09-10,2.0.0
757,v2_frozen_registry_record,The Influence of Continuous Treatment With Antithyroid Drugs on the Effect of Radioiodine in Patients With Hyperthyroidism,ClinicalTrials.gov,2026-09-10 registry cut,2026,https://clinicaltrials.gov/study/NCT00150137,NA (no DOI),NCT00150137,official trial registry,A1 official registry,Frozen full protocol record; no posted results at data cut,Yes (canonical frozen JSON record plus deterministic trial-table row locator),frozen_trial_registry_documents_v2.jsonl::trial_id=NCT00150137; document_id=CTGOV-NCT00150137-CUT-2026-09-10,2026-09-10 frozen registry cut,Controls trial protocol/status and posted registry results for this release; no cross-trial efficacy ranking.,ClinicalTrials.gov. The Influence of Continuous Treatment With Antithyroid Drugs on the Effect of Radioiodine in Patients With Hyperthyroidism. NCT00150137. Frozen record at 2026-09-10. https://clinicaltrials.gov/study/NCT00150137,2026-09-10,2.0.0
758,v2_frozen_registry_record,"A Phase II, Single Centre, Randomized, Double-blind, Parallel and Placebo Controlled, Pilot Study to Evaluate the Efficacy and Safety of Somatuline Autogel 60mg in Patients With Active Thyroid-associated Ophthalmopathy of Moderate Intensity.",ClinicalTrials.gov,2026-09-10 registry cut,2026,https://clinicaltrials.gov/study/NCT00288522,NA (no DOI),NCT00288522,official trial registry,A1 official registry,Frozen full protocol record; no posted results at data cut,Yes (canonical frozen JSON record plus deterministic trial-table row locator),frozen_trial_registry_documents_v2.jsonl::trial_id=NCT00288522; document_id=CTGOV-NCT00288522-CUT-2026-09-10,2026-09-10 frozen registry cut,Controls trial protocol/status and posted registry results for this release; no cross-trial efficacy ranking.,"ClinicalTrials.gov. A Phase II, Single Centre, Randomized, Double-blind, Parallel and Placebo Controlled, Pilot Study to Evaluate the Efficacy and Safety of Somatuline Autogel 60mg in Patients With Active Thyroid-associated Ophthalmopathy of Moderate Intensity.. NCT00288522. Frozen record at 2026-09-10. https://clinicaltrials.gov/study/NCT00288522",2026-09-10,2.0.0
759,v2_frozen_registry_record,"Comparison of Efficacy and Safety of Intravenous Pulsed Methylprednisolone and Oral Methotrexate Versus Intravenous Pulsed Methylprednisolone and Oral Placebo in the Treatment of Active Moderate and Severe Thyroid Eye Disease - a Prospective, Randomized, Double-blind, Parallel, Controlled Multidisciplinary Clinical Trial and Imaging Study.",ClinicalTrials.gov,2026-09-10 registry cut,2026,https://clinicaltrials.gov/study/NCT00348413,NA (no DOI),NCT00348413,official trial registry,A1 official registry,Frozen full protocol record; no posted results at data cut,Yes (canonical frozen JSON record plus deterministic trial-table row locator),frozen_trial_registry_documents_v2.jsonl::trial_id=NCT00348413; document_id=CTGOV-NCT00348413-CUT-2026-09-10,2026-09-10 frozen registry cut,Controls trial protocol/status and posted registry results for this release; no cross-trial efficacy ranking.,"ClinicalTrials.gov. Comparison of Efficacy and Safety of Intravenous Pulsed Methylprednisolone and Oral Methotrexate Versus Intravenous Pulsed Methylprednisolone and Oral Placebo in the Treatment of Active Moderate and Severe Thyroid Eye Disease - a Prospective, Randomized, Double-blind, Parallel, Controlled Multidisciplinary Clinical Trial and Imaging Study.. NCT00348413. Frozen record at 2026-09-10. https://clinicaltrials.gov/study/NCT00348413",2026-09-10,2.0.0
760,v2_frozen_registry_record,Rituximab Treatment of Graves' Dysthyroid Ophthalmopathy Phase I/II,ClinicalTrials.gov,2026-09-10 registry cut,2026,https://clinicaltrials.gov/study/NCT00424151,NA (no DOI),NCT00424151,official trial registry,A1 official registry,Frozen full protocol record; no posted results at data cut,Yes (canonical frozen JSON record plus deterministic trial-table row locator),frozen_trial_registry_documents_v2.jsonl::trial_id=NCT00424151; document_id=CTGOV-NCT00424151-CUT-2026-09-10,2026-09-10 frozen registry cut,Controls trial protocol/status and posted registry results for this release; no cross-trial efficacy ranking.,ClinicalTrials.gov. Rituximab Treatment of Graves' Dysthyroid Ophthalmopathy Phase I/II. NCT00424151. Frozen record at 2026-09-10. https://clinicaltrials.gov/study/NCT00424151,2026-09-10,2.0.0
761,v2_frozen_registry_record,Thyroid-Associated Ophthalmopathy Subtypes and Orbital Antibodies,ClinicalTrials.gov,2026-09-10 registry cut,2026,https://clinicaltrials.gov/study/NCT00430547,NA (no DOI),NCT00430547,official trial registry,A1 official registry,Frozen full protocol record; no posted results at data cut,Yes (canonical frozen JSON record plus deterministic trial-table row locator),frozen_trial_registry_documents_v2.jsonl::trial_id=NCT00430547; document_id=CTGOV-NCT00430547-CUT-2026-09-10,2026-09-10 frozen registry cut,Controls trial protocol/status and posted registry results for this release; no cross-trial efficacy ranking.,ClinicalTrials.gov. Thyroid-Associated Ophthalmopathy Subtypes and Orbital Antibodies. NCT00430547. Frozen record at 2026-09-10. https://clinicaltrials.gov/study/NCT00430547,2026-09-10,2.0.0
762,v2_frozen_registry_record,Phase 2/3 Study of Rituximab for Graves' Ophthalmopathy,ClinicalTrials.gov,2026-09-10 registry cut,2026,https://clinicaltrials.gov/study/NCT00595335,NA (no DOI),NCT00595335,official trial registry,A1 official registry,Frozen full protocol and posted-results record,Yes (canonical frozen JSON record plus deterministic trial-table row locator),frozen_trial_registry_documents_v2.jsonl::trial_id=NCT00595335; document_id=CTGOV-NCT00595335-CUT-2026-09-10,2026-09-10 frozen registry cut,Controls trial protocol/status and posted registry results for this release; no cross-trial efficacy ranking.,ClinicalTrials.gov. Phase 2/3 Study of Rituximab for Graves' Ophthalmopathy. NCT00595335. Frozen record at 2026-09-10. https://clinicaltrials.gov/study/NCT00595335,2026-09-10,2.0.0
763,v2_frozen_registry_record,Low Doses of Cholestyramine in the Treatment of Hyperthyroidism,ClinicalTrials.gov,2026-09-10 registry cut,2026,https://clinicaltrials.gov/study/NCT00677469,NA (no DOI),NCT00677469,official trial registry,A1 official registry,Frozen full protocol record; no posted results at data cut,Yes (canonical frozen JSON record plus deterministic trial-table row locator),frozen_trial_registry_documents_v2.jsonl::trial_id=NCT00677469; document_id=CTGOV-NCT00677469-CUT-2026-09-10,2026-09-10 frozen registry cut,Controls trial protocol/status and posted registry results for this release; no cross-trial efficacy ranking.,ClinicalTrials.gov. Low Doses of Cholestyramine in the Treatment of Hyperthyroidism. NCT00677469. Frozen record at 2026-09-10. https://clinicaltrials.gov/study/NCT00677469,2026-09-10,2.0.0
764,v2_frozen_registry_record,Prevention Relapse of Graves' Disease by Treatment With Intrathyroid Injection of Dexamethasone,ClinicalTrials.gov,2026-09-10 registry cut,2026,https://clinicaltrials.gov/study/NCT00917241,NA (no DOI),NCT00917241,official trial registry,A1 official registry,Frozen full protocol record; no posted results at data cut,Yes (canonical frozen JSON record plus deterministic trial-table row locator),frozen_trial_registry_documents_v2.jsonl::trial_id=NCT00917241; document_id=CTGOV-NCT00917241-CUT-2026-09-10,2026-09-10 frozen registry cut,Controls trial protocol/status and posted registry results for this release; no cross-trial efficacy ranking.,ClinicalTrials.gov. Prevention Relapse of Graves' Disease by Treatment With Intrathyroid Injection of Dexamethasone. NCT00917241. Frozen record at 2026-09-10. https://clinicaltrials.gov/study/NCT00917241,2026-09-10,2.0.0
765,v2_frozen_registry_record,Comparison of Different Doses of 131I in Severe Graves' Hyperthyroidism: A Clinical Trial With Historical Control,ClinicalTrials.gov,2026-09-10 registry cut,2026,https://clinicaltrials.gov/study/NCT01039818,NA (no DOI),NCT01039818,official trial registry,A1 official registry,Frozen full protocol record; no posted results at data cut,Yes (canonical frozen JSON record plus deterministic trial-table row locator),frozen_trial_registry_documents_v2.jsonl::trial_id=NCT01039818; document_id=CTGOV-NCT01039818-CUT-2026-09-10,2026-09-10 frozen registry cut,Controls trial protocol/status and posted registry results for this release; no cross-trial efficacy ranking.,ClinicalTrials.gov. Comparison of Different Doses of 131I in Severe Graves' Hyperthyroidism: A Clinical Trial With Historical Control. NCT01039818. Frozen record at 2026-09-10. https://clinicaltrials.gov/study/NCT01039818,2026-09-10,2.0.0
766,v2_frozen_registry_record,The Effect of Early Total Thyroidectomy in the Course of Graves' Orbitopathy,ClinicalTrials.gov,2026-09-10 registry cut,2026,https://clinicaltrials.gov/study/NCT01056419,NA (no DOI),NCT01056419,official trial registry,A1 official registry,Frozen full protocol record; no posted results at data cut,Yes (canonical frozen JSON record plus deterministic trial-table row locator),frozen_trial_registry_documents_v2.jsonl::trial_id=NCT01056419; document_id=CTGOV-NCT01056419-CUT-2026-09-10,2026-09-10 frozen registry cut,Controls trial protocol/status and posted registry results for this release; no cross-trial efficacy ranking.,ClinicalTrials.gov. The Effect of Early Total Thyroidectomy in the Course of Graves' Orbitopathy. NCT01056419. Frozen record at 2026-09-10. https://clinicaltrials.gov/study/NCT01056419,2026-09-10,2.0.0
767,v2_frozen_registry_record,"A Randomised, Comparator Controlled, Two Part, Open-label Study to Evaluate the Safety, Tolerability and Pharmacodynamics of Multiple Doses of Otelixizumab in Patients With Thyroid Orbitopathy",ClinicalTrials.gov,2026-09-10 registry cut,2026,https://clinicaltrials.gov/study/NCT01114503,NA (no DOI),NCT01114503,official trial registry,A1 official registry,Frozen full protocol and posted-results record,Yes (canonical frozen JSON record plus deterministic trial-table row locator),frozen_trial_registry_documents_v2.jsonl::trial_id=NCT01114503; document_id=CTGOV-NCT01114503-CUT-2026-09-10,2026-09-10 frozen registry cut,Controls trial protocol/status and posted registry results for this release; no cross-trial efficacy ranking.,"ClinicalTrials.gov. A Randomised, Comparator Controlled, Two Part, Open-label Study to Evaluate the Safety, Tolerability and Pharmacodynamics of Multiple Doses of Otelixizumab in Patients With Thyroid Orbitopathy. NCT01114503. Frozen record at 2026-09-10. https://clinicaltrials.gov/study/NCT01114503",2026-09-10,2.0.0
768,v2_frozen_registry_record,"""5010 Clinical Research Programme""of Sun Yat-sen University",ClinicalTrials.gov,2026-09-10 registry cut,2026,https://clinicaltrials.gov/study/NCT01204359,NA (no DOI),NCT01204359,official trial registry,A1 official registry,Frozen full protocol record; no posted results at data cut,Yes (canonical frozen JSON record plus deterministic trial-table row locator),frozen_trial_registry_documents_v2.jsonl::trial_id=NCT01204359; document_id=CTGOV-NCT01204359-CUT-2026-09-10,2026-09-10 frozen registry cut,Controls trial protocol/status and posted registry results for this release; no cross-trial efficacy ranking.,"ClinicalTrials.gov. ""5010 Clinical Research Programme""of Sun Yat-sen University. NCT01204359. Frozen record at 2026-09-10. https://clinicaltrials.gov/study/NCT01204359",2026-09-10,2.0.0
769,v2_frozen_registry_record,Radioactive Iodide Therapy for Pediatric Graves' Disease,ClinicalTrials.gov,2026-09-10 registry cut,2026,https://clinicaltrials.gov/study/NCT01269749,NA (no DOI),NCT01269749,official trial registry,A1 official registry,Frozen full protocol and posted-results record,Yes (canonical frozen JSON record plus deterministic trial-table row locator),frozen_trial_registry_documents_v2.jsonl::trial_id=NCT01269749; document_id=CTGOV-NCT01269749-CUT-2026-09-10,2026-09-10 frozen registry cut,Controls trial protocol/status and posted registry results for this release; no cross-trial efficacy ranking.,ClinicalTrials.gov. Radioactive Iodide Therapy for Pediatric Graves' Disease. NCT01269749. Frozen record at 2026-09-10. https://clinicaltrials.gov/study/NCT01269749,2026-09-10,2.0.0
770,v2_frozen_registry_record,Peribulbar and Subconjunctival Kenalog Injection for Thyroid Orbitopathy,ClinicalTrials.gov,2026-09-10 registry cut,2026,https://clinicaltrials.gov/study/NCT01280214,NA (no DOI),NCT01280214,official trial registry,A1 official registry,Frozen full protocol record; no posted results at data cut,Yes (canonical frozen JSON record plus deterministic trial-table row locator),frozen_trial_registry_documents_v2.jsonl::trial_id=NCT01280214; document_id=CTGOV-NCT01280214-CUT-2026-09-10,2026-09-10 frozen registry cut,Controls trial protocol/status and posted registry results for this release; no cross-trial efficacy ranking.,ClinicalTrials.gov. Peribulbar and Subconjunctival Kenalog Injection for Thyroid Orbitopathy. NCT01280214. Frozen record at 2026-09-10. https://clinicaltrials.gov/study/NCT01280214,2026-09-10,2.0.0
771,v2_frozen_registry_record,"Assessing the Impact of the Early and Systematic Hormonal Replacement After Radio-isotopic Ablation of Graves'hyperthyroïdism on Quality of Life, Efficiency and Tolerance",ClinicalTrials.gov,2026-09-10 registry cut,2026,https://clinicaltrials.gov/study/NCT01295333,NA (no DOI),NCT01295333,official trial registry,A1 official registry,Frozen full protocol record; no posted results at data cut,Yes (canonical frozen JSON record plus deterministic trial-table row locator),frozen_trial_registry_documents_v2.jsonl::trial_id=NCT01295333; document_id=CTGOV-NCT01295333-CUT-2026-09-10,2026-09-10 frozen registry cut,Controls trial protocol/status and posted registry results for this release; no cross-trial efficacy ranking.,"ClinicalTrials.gov. Assessing the Impact of the Early and Systematic Hormonal Replacement After Radio-isotopic Ablation of Graves'hyperthyroïdism on Quality of Life, Efficiency and Tolerance. NCT01295333. Frozen record at 2026-09-10. https://clinicaltrials.gov/study/NCT01295333",2026-09-10,2.0.0
772,v2_frozen_registry_record,"Clinical Trial Phase III, Parallel Group, Randomized, Placebo-controlled, Double-blind, Multicenter Study to Evaluate the Efficacy and Safety of Tocilizumab Administration in Patients With Moderate-to-severe or Sight-threatening Graves' Ophthalmopathy (GO), That Had Not Responded Adequately to Treatment With Intravenous Corticoid Pulses.",ClinicalTrials.gov,2026-09-10 registry cut,2026,https://clinicaltrials.gov/study/NCT01297699,NA (no DOI),NCT01297699,official trial registry,A1 official registry,Frozen full protocol record; no posted results at data cut,Yes (canonical frozen JSON record plus deterministic trial-table row locator),frozen_trial_registry_documents_v2.jsonl::trial_id=NCT01297699; document_id=CTGOV-NCT01297699-CUT-2026-09-10,2026-09-10 frozen registry cut,Controls trial protocol/status and posted registry results for this release; no cross-trial efficacy ranking.,"ClinicalTrials.gov. Clinical Trial Phase III, Parallel Group, Randomized, Placebo-controlled, Double-blind, Multicenter Study to Evaluate the Efficacy and Safety of Tocilizumab Administration in Patients With Moderate-to-severe or Sight-threatening Graves' Ophthalmopathy (GO), That Had Not Responded Adequately to Treatment With Intravenous Corticoid Pulses.. NCT01297699. Frozen record at 2026-09-10. https://clinicaltrials.gov/study/NCT01297699",2026-09-10,2.0.0
773,v2_frozen_registry_record,Use of Azithromycin as Immunomodulatory Therapy in Grave&Apos;s Orbitopathy,ClinicalTrials.gov,2026-09-10 registry cut,2026,https://clinicaltrials.gov/study/NCT01379196,NA (no DOI),NCT01379196,official trial registry,A1 official registry,Frozen full protocol record; no posted results at data cut,Yes (canonical frozen JSON record plus deterministic trial-table row locator),frozen_trial_registry_documents_v2.jsonl::trial_id=NCT01379196; document_id=CTGOV-NCT01379196-CUT-2026-09-10,2026-09-10 frozen registry cut,Controls trial protocol/status and posted registry results for this release; no cross-trial efficacy ranking.,ClinicalTrials.gov. Use of Azithromycin as Immunomodulatory Therapy in Grave&Apos;s Orbitopathy. NCT01379196. Frozen record at 2026-09-10. https://clinicaltrials.gov/study/NCT01379196,2026-09-10,2.0.0
774,v2_frozen_registry_record,Adjuvant Treatment of Graves´ Ophthalmopathy With NSAID (aGO Study),ClinicalTrials.gov,2026-09-10 registry cut,2026,https://clinicaltrials.gov/study/NCT01458600,NA (no DOI),NCT01458600,official trial registry,A1 official registry,Frozen full protocol record; no posted results at data cut,Yes (canonical frozen JSON record plus deterministic trial-table row locator),frozen_trial_registry_documents_v2.jsonl::trial_id=NCT01458600; document_id=CTGOV-NCT01458600-CUT-2026-09-10,2026-09-10 frozen registry cut,Controls trial protocol/status and posted registry results for this release; no cross-trial efficacy ranking.,ClinicalTrials.gov. Adjuvant Treatment of Graves´ Ophthalmopathy With NSAID (aGO Study). NCT01458600. Frozen record at 2026-09-10. https://clinicaltrials.gov/study/NCT01458600,2026-09-10,2.0.0
775,v2_frozen_registry_record,Function of Regulatory T Cells Improved by Treatment With an Intrathyroid Injection of Dexamethasone in Graves' Patients,ClinicalTrials.gov,2026-09-10 registry cut,2026,https://clinicaltrials.gov/study/NCT01534169,NA (no DOI),NCT01534169,official trial registry,A1 official registry,Frozen full protocol record; no posted results at data cut,Yes (canonical frozen JSON record plus deterministic trial-table row locator),frozen_trial_registry_documents_v2.jsonl::trial_id=NCT01534169; document_id=CTGOV-NCT01534169-CUT-2026-09-10,2026-09-10 frozen registry cut,Controls trial protocol/status and posted registry results for this release; no cross-trial efficacy ranking.,ClinicalTrials.gov. Function of Regulatory T Cells Improved by Treatment With an Intrathyroid Injection of Dexamethasone in Graves' Patients. NCT01534169. Frozen record at 2026-09-10. https://clinicaltrials.gov/study/NCT01534169,2026-09-10,2.0.0
776,v2_frozen_registry_record,Evaluation of Optimal Time of Methimazole Discontinuation Before Radio-iodine Therapy in Hyperthyroid Grave's Patients,ClinicalTrials.gov,2026-09-10 registry cut,2026,https://clinicaltrials.gov/study/NCT01560299,NA (no DOI),NCT01560299,official trial registry,A1 official registry,Frozen full protocol record; no posted results at data cut,Yes (canonical frozen JSON record plus deterministic trial-table row locator),frozen_trial_registry_documents_v2.jsonl::trial_id=NCT01560299; document_id=CTGOV-NCT01560299-CUT-2026-09-10,2026-09-10 frozen registry cut,Controls trial protocol/status and posted registry results for this release; no cross-trial efficacy ranking.,ClinicalTrials.gov. Evaluation of Optimal Time of Methimazole Discontinuation Before Radio-iodine Therapy in Hyperthyroid Grave's Patients. NCT01560299. Frozen record at 2026-09-10. https://clinicaltrials.gov/study/NCT01560299,2026-09-10,2.0.0
777,v2_frozen_registry_record,"GRAves Selenium Supplementation Trial (GRASS) - an Investigator-initiated Randomised, Blinded, Multicentre Clinical Trial of Selenium Supplementation Versus Placebo in Patients With Graves' Hyperthyroidism",ClinicalTrials.gov,2026-09-10 registry cut,2026,https://clinicaltrials.gov/study/NCT01611896,NA (no DOI),NCT01611896,official trial registry,A1 official registry,Frozen full protocol record; no posted results at data cut,Yes (canonical frozen JSON record plus deterministic trial-table row locator),frozen_trial_registry_documents_v2.jsonl::trial_id=NCT01611896; document_id=CTGOV-NCT01611896-CUT-2026-09-10,2026-09-10 frozen registry cut,Controls trial protocol/status and posted registry results for this release; no cross-trial efficacy ranking.,"ClinicalTrials.gov. GRAves Selenium Supplementation Trial (GRASS) - an Investigator-initiated Randomised, Blinded, Multicentre Clinical Trial of Selenium Supplementation Versus Placebo in Patients With Graves' Hyperthyroidism. NCT01611896. Frozen record at 2026-09-10. https://clinicaltrials.gov/study/NCT01611896",2026-09-10,2.0.0
778,v2_frozen_registry_record,"Efficacy of Subantimicrobial Dose Doxycycline for Moderate to Severe and Active Graves' Orbitopathy: a Prospective, Uncontrolled Pilot Study",ClinicalTrials.gov,2026-09-10 registry cut,2026,https://clinicaltrials.gov/study/NCT01727973,NA (no DOI),NCT01727973,official trial registry,A1 official registry,Frozen full protocol record; no posted results at data cut,Yes (canonical frozen JSON record plus deterministic trial-table row locator),frozen_trial_registry_documents_v2.jsonl::trial_id=NCT01727973; document_id=CTGOV-NCT01727973-CUT-2026-09-10,2026-09-10 frozen registry cut,Controls trial protocol/status and posted registry results for this release; no cross-trial efficacy ranking.,"ClinicalTrials.gov. Efficacy of Subantimicrobial Dose Doxycycline for Moderate to Severe and Active Graves' Orbitopathy: a Prospective, Uncontrolled Pilot Study. NCT01727973. Frozen record at 2026-09-10. https://clinicaltrials.gov/study/NCT01727973",2026-09-10,2.0.0
779,v2_frozen_registry_record,"The Effect of Prednisone Versus Doxycycline in Active, Moderately Severe Graves' Orbitopathy: A Randomized, Multi-center, Double-blind, Parallel-controlled Trial",ClinicalTrials.gov,2026-09-10 registry cut,2026,https://clinicaltrials.gov/study/NCT01809444,NA (no DOI),NCT01809444,official trial registry,A1 official registry,Frozen full protocol record; no posted results at data cut,Yes (canonical frozen JSON record plus deterministic trial-table row locator),frozen_trial_registry_documents_v2.jsonl::trial_id=NCT01809444; document_id=CTGOV-NCT01809444-CUT-2026-09-10,2026-09-10 frozen registry cut,Controls trial protocol/status and posted registry results for this release; no cross-trial efficacy ranking.,"ClinicalTrials.gov. The Effect of Prednisone Versus Doxycycline in Active, Moderately Severe Graves' Orbitopathy: A Randomized, Multi-center, Double-blind, Parallel-controlled Trial. NCT01809444. Frozen record at 2026-09-10. https://clinicaltrials.gov/study/NCT01809444",2026-09-10,2.0.0
780,v2_frozen_registry_record,"A Multicenter, Double-Masked, Placebo-Controlled, Efficacy And Safety Study Of RV 001, An Insulin-Like Growth Factor-1 Receptor (IGF-1R) Antagonist Antibody (Fully Human), Administered Every 3 Weeks (q3W) By Intravenous (IV) Infusion In Patients Suffering From Active Thyroid Eye Disease (TED)",ClinicalTrials.gov,2026-09-10 registry cut,2026,https://clinicaltrials.gov/study/NCT01868997,NA (no DOI),NCT01868997,official trial registry,A1 official registry,Frozen full protocol and posted-results record,Yes (canonical frozen JSON record plus deterministic trial-table row locator),frozen_trial_registry_documents_v2.jsonl::trial_id=NCT01868997; document_id=CTGOV-NCT01868997-CUT-2026-09-10,2026-09-10 frozen registry cut,Controls trial protocol/status and posted registry results for this release; no cross-trial efficacy ranking.,"ClinicalTrials.gov. A Multicenter, Double-Masked, Placebo-Controlled, Efficacy And Safety Study Of RV 001, An Insulin-Like Growth Factor-1 Receptor (IGF-1R) Antagonist Antibody (Fully Human), Administered Every 3 Weeks (q3W) By Intravenous (IV) Infusion In Patients Suffering From Active Thyroid Eye Disease (TED). NCT01868997. Frozen record at 2026-09-10. https://clinicaltrials.gov/study/NCT01868997",2026-09-10,2.0.0
781,v2_frozen_registry_record,"Comparison of the Effect of Bromocriptine and Pentoxifylline in Mild to Moderate Autoimmune Ophthalmopathy. A Randomized, Controlled, Single Blind, Clinical Trial.",ClinicalTrials.gov,2026-09-10 registry cut,2026,https://clinicaltrials.gov/study/NCT01893450,NA (no DOI),NCT01893450,official trial registry,A1 official registry,Frozen full protocol record; no posted results at data cut,Yes (canonical frozen JSON record plus deterministic trial-table row locator),frozen_trial_registry_documents_v2.jsonl::trial_id=NCT01893450; document_id=CTGOV-NCT01893450-CUT-2026-09-10,2026-09-10 frozen registry cut,Controls trial protocol/status and posted registry results for this release; no cross-trial efficacy ranking.,"ClinicalTrials.gov. Comparison of the Effect of Bromocriptine and Pentoxifylline in Mild to Moderate Autoimmune Ophthalmopathy. A Randomized, Controlled, Single Blind, Clinical Trial.. NCT01893450. Frozen record at 2026-09-10. https://clinicaltrials.gov/study/NCT01893450",2026-09-10,2.0.0
782,v2_frozen_registry_record,Prevention of Overt Hypothyroidism Following Radioactive Iodine Therapy for Graves' Disease,ClinicalTrials.gov,2026-09-10 registry cut,2026,https://clinicaltrials.gov/study/NCT01950260,NA (no DOI),NCT01950260,official trial registry,A1 official registry,Frozen full protocol and posted-results record,Yes (canonical frozen JSON record plus deterministic trial-table row locator),frozen_trial_registry_documents_v2.jsonl::trial_id=NCT01950260; document_id=CTGOV-NCT01950260-CUT-2026-09-10,2026-09-10 frozen registry cut,Controls trial protocol/status and posted registry results for this release; no cross-trial efficacy ranking.,ClinicalTrials.gov. Prevention of Overt Hypothyroidism Following Radioactive Iodine Therapy for Graves' Disease. NCT01950260. Frozen record at 2026-09-10. https://clinicaltrials.gov/study/NCT01950260,2026-09-10,2.0.0
783,v2_frozen_registry_record,A Randomized Trial of Intravenous Pulse Versus Sequential Steroid Therapy for Patients With Graves' Orbitopathy,ClinicalTrials.gov,2026-09-10 registry cut,2026,https://clinicaltrials.gov/study/NCT01969019,NA (no DOI),NCT01969019,official trial registry,A1 official registry,Frozen full protocol record; no posted results at data cut,Yes (canonical frozen JSON record plus deterministic trial-table row locator),frozen_trial_registry_documents_v2.jsonl::trial_id=NCT01969019; document_id=CTGOV-NCT01969019-CUT-2026-09-10,2026-09-10 frozen registry cut,Controls trial protocol/status and posted registry results for this release; no cross-trial efficacy ranking.,ClinicalTrials.gov. A Randomized Trial of Intravenous Pulse Versus Sequential Steroid Therapy for Patients With Graves' Orbitopathy. NCT01969019. Frozen record at 2026-09-10. https://clinicaltrials.gov/study/NCT01969019,2026-09-10,2.0.0
784,v2_frozen_registry_record,Prostaglandin F2-alpha Eye Drops (Bimatoprost) in Thyroid Eye Disease: a Randomised Controlled Double Blind Crossover Trial,ClinicalTrials.gov,2026-09-10 registry cut,2026,https://clinicaltrials.gov/study/NCT02059655,NA (no DOI),NCT02059655,official trial registry,A1 official registry,Frozen full protocol record; no posted results at data cut,Yes (canonical frozen JSON record plus deterministic trial-table row locator),frozen_trial_registry_documents_v2.jsonl::trial_id=NCT02059655; document_id=CTGOV-NCT02059655-CUT-2026-09-10,2026-09-10 frozen registry cut,Controls trial protocol/status and posted registry results for this release; no cross-trial efficacy ranking.,ClinicalTrials.gov. Prostaglandin F2-alpha Eye Drops (Bimatoprost) in Thyroid Eye Disease: a Randomised Controlled Double Blind Crossover Trial. NCT02059655. Frozen record at 2026-09-10. https://clinicaltrials.gov/study/NCT02059655,2026-09-10,2.0.0
785,v2_frozen_registry_record,Selenium - ITEDS: A North American Study,ClinicalTrials.gov,2026-09-10 registry cut,2026,https://clinicaltrials.gov/study/NCT02112643,NA (no DOI),NCT02112643,official trial registry,A1 official registry,Frozen full protocol record; no posted results at data cut,Yes (canonical frozen JSON record plus deterministic trial-table row locator),frozen_trial_registry_documents_v2.jsonl::trial_id=NCT02112643; document_id=CTGOV-NCT02112643-CUT-2026-09-10,2026-09-10 frozen registry cut,Controls trial protocol/status and posted registry results for this release; no cross-trial efficacy ranking.,ClinicalTrials.gov. Selenium - ITEDS: A North American Study. NCT02112643. Frozen record at 2026-09-10. https://clinicaltrials.gov/study/NCT02112643,2026-09-10,2.0.0
786,v2_frozen_registry_record,The Effect of Different Calculated Doses of I-131 in Treatment of Patients With Grave's Disease,ClinicalTrials.gov,2026-09-10 registry cut,2026,https://clinicaltrials.gov/study/NCT02114619,NA (no DOI),NCT02114619,official trial registry,A1 official registry,Frozen full protocol record; no posted results at data cut,Yes (canonical frozen JSON record plus deterministic trial-table row locator),frozen_trial_registry_documents_v2.jsonl::trial_id=NCT02114619; document_id=CTGOV-NCT02114619-CUT-2026-09-10,2026-09-10 frozen registry cut,Controls trial protocol/status and posted registry results for this release; no cross-trial efficacy ranking.,ClinicalTrials.gov. The Effect of Different Calculated Doses of I-131 in Treatment of Patients With Grave's Disease. NCT02114619. Frozen record at 2026-09-10. https://clinicaltrials.gov/study/NCT02114619,2026-09-10,2.0.0
787,v2_frozen_registry_record,Phase 3 Study of Treatment of Soft Tissue Expansion and Exophthalmos in Inactive Thyroid Eye Disease Patients Using Drops of Prostaglandin Analogues.,ClinicalTrials.gov,2026-09-10 registry cut,2026,https://clinicaltrials.gov/study/NCT02155049,NA (no DOI),NCT02155049,official trial registry,A1 official registry,Frozen full protocol record; no posted results at data cut,Yes (canonical frozen JSON record plus deterministic trial-table row locator),frozen_trial_registry_documents_v2.jsonl::trial_id=NCT02155049; document_id=CTGOV-NCT02155049-CUT-2026-09-10,2026-09-10 frozen registry cut,Controls trial protocol/status and posted registry results for this release; no cross-trial efficacy ranking.,ClinicalTrials.gov. Phase 3 Study of Treatment of Soft Tissue Expansion and Exophthalmos in Inactive Thyroid Eye Disease Patients Using Drops of Prostaglandin Analogues.. NCT02155049. Frozen record at 2026-09-10. https://clinicaltrials.gov/study/NCT02155049,2026-09-10,2.0.0
788,v2_frozen_registry_record,The Effect of Subantimicrobial Dose Doxycycline in Mild Thyroid-Associated Ophthalmopathy,ClinicalTrials.gov,2026-09-10 registry cut,2026,https://clinicaltrials.gov/study/NCT02203682,NA (no DOI),NCT02203682,official trial registry,A1 official registry,Frozen full protocol record; no posted results at data cut,Yes (canonical frozen JSON record plus deterministic trial-table row locator),frozen_trial_registry_documents_v2.jsonl::trial_id=NCT02203682; document_id=CTGOV-NCT02203682-CUT-2026-09-10,2026-09-10 frozen registry cut,Controls trial protocol/status and posted registry results for this release; no cross-trial efficacy ranking.,ClinicalTrials.gov. The Effect of Subantimicrobial Dose Doxycycline in Mild Thyroid-Associated Ophthalmopathy. NCT02203682. Frozen record at 2026-09-10. https://clinicaltrials.gov/study/NCT02203682,2026-09-10,2.0.0
789,v2_frozen_registry_record,Combined Radiotherapy and Intravenous Steroids for Early Progressive Thyroid Eye Disease,ClinicalTrials.gov,2026-09-10 registry cut,2026,https://clinicaltrials.gov/study/NCT02339142,NA (no DOI),NCT02339142,official trial registry,A1 official registry,Frozen full protocol record; no posted results at data cut,Yes (canonical frozen JSON record plus deterministic trial-table row locator),frozen_trial_registry_documents_v2.jsonl::trial_id=NCT02339142; document_id=CTGOV-NCT02339142-CUT-2026-09-10,2026-09-10 frozen registry cut,Controls trial protocol/status and posted registry results for this release; no cross-trial efficacy ranking.,ClinicalTrials.gov. Combined Radiotherapy and Intravenous Steroids for Early Progressive Thyroid Eye Disease. NCT02339142. Frozen record at 2026-09-10. https://clinicaltrials.gov/study/NCT02339142,2026-09-10,2.0.0
790,v2_frozen_registry_record,Investigation of Novel Biomarkers and Definition of the Role of the Microbiome In Graves' Orbitopathy,ClinicalTrials.gov,2026-09-10 registry cut,2026,https://clinicaltrials.gov/study/NCT02373995,NA (no DOI),NCT02373995,official trial registry,A1 official registry,Frozen full protocol record; no posted results at data cut,Yes (canonical frozen JSON record plus deterministic trial-table row locator),frozen_trial_registry_documents_v2.jsonl::trial_id=NCT02373995; document_id=CTGOV-NCT02373995-CUT-2026-09-10,2026-09-10 frozen registry cut,Controls trial protocol/status and posted registry results for this release; no cross-trial efficacy ranking.,ClinicalTrials.gov. Investigation of Novel Biomarkers and Definition of the Role of the Microbiome In Graves' Orbitopathy. NCT02373995. Frozen record at 2026-09-10. https://clinicaltrials.gov/study/NCT02373995,2026-09-10,2.0.0
791,v2_frozen_registry_record,Rituximab (RTX) Therapy in Steroid Resistant Patients or Patients Relapsing After Intravenous Steroids With Active TAO,ClinicalTrials.gov,2026-09-10 registry cut,2026,https://clinicaltrials.gov/study/NCT02378298,NA (no DOI),NCT02378298,official trial registry,A1 official registry,Frozen full protocol and posted-results record,Yes (canonical frozen JSON record plus deterministic trial-table row locator),frozen_trial_registry_documents_v2.jsonl::trial_id=NCT02378298; document_id=CTGOV-NCT02378298-CUT-2026-09-10,2026-09-10 frozen registry cut,Controls trial protocol/status and posted registry results for this release; no cross-trial efficacy ranking.,ClinicalTrials.gov. Rituximab (RTX) Therapy in Steroid Resistant Patients or Patients Relapsing After Intravenous Steroids With Active TAO. NCT02378298. Frozen record at 2026-09-10. https://clinicaltrials.gov/study/NCT02378298,2026-09-10,2.0.0
792,v2_frozen_registry_record,"The DAGMAR Study. D-vitamin And Graves' Disease; Morbidity And Relapse Reduction: A Randomised, Clinical Trial.",ClinicalTrials.gov,2026-09-10 registry cut,2026,https://clinicaltrials.gov/study/NCT02384668,NA (no DOI),NCT02384668,official trial registry,A1 official registry,Frozen full protocol record; no posted results at data cut,Yes (canonical frozen JSON record plus deterministic trial-table row locator),frozen_trial_registry_documents_v2.jsonl::trial_id=NCT02384668; document_id=CTGOV-NCT02384668-CUT-2026-09-10,2026-09-10 frozen registry cut,Controls trial protocol/status and posted registry results for this release; no cross-trial efficacy ranking.,"ClinicalTrials.gov. The DAGMAR Study. D-vitamin And Graves' Disease; Morbidity And Relapse Reduction: A Randomised, Clinical Trial.. NCT02384668. Frozen record at 2026-09-10. https://clinicaltrials.gov/study/NCT02384668",2026-09-10,2.0.0
793,v2_frozen_registry_record,"The Effect of a New Antioxidant Combination (ASTED) on Mild Thyroid Eye Disease, a Placebo Controlled Randomized Clinical Trial",ClinicalTrials.gov,2026-09-10 registry cut,2026,https://clinicaltrials.gov/study/NCT02393183,NA (no DOI),NCT02393183,official trial registry,A1 official registry,Frozen full protocol record; no posted results at data cut,Yes (canonical frozen JSON record plus deterministic trial-table row locator),frozen_trial_registry_documents_v2.jsonl::trial_id=NCT02393183; document_id=CTGOV-NCT02393183-CUT-2026-09-10,2026-09-10 frozen registry cut,Controls trial protocol/status and posted registry results for this release; no cross-trial efficacy ranking.,"ClinicalTrials.gov. The Effect of a New Antioxidant Combination (ASTED) on Mild Thyroid Eye Disease, a Placebo Controlled Randomized Clinical Trial. NCT02393183. Frozen record at 2026-09-10. https://clinicaltrials.gov/study/NCT02393183",2026-09-10,2.0.0
794,v2_frozen_registry_record,"The Effect of a New Antioxidant Combination (ASTED) on Moderate to Severe Thyroid Eye Disease, a Double Blind Placebo Controlled Randomized Clinical Trial",ClinicalTrials.gov,2026-09-10 registry cut,2026,https://clinicaltrials.gov/study/NCT02422368,NA (no DOI),NCT02422368,official trial registry,A1 official registry,Frozen full protocol record; no posted results at data cut,Yes (canonical frozen JSON record plus deterministic trial-table row locator),frozen_trial_registry_documents_v2.jsonl::trial_id=NCT02422368; document_id=CTGOV-NCT02422368-CUT-2026-09-10,2026-09-10 frozen registry cut,Controls trial protocol/status and posted registry results for this release; no cross-trial efficacy ranking.,"ClinicalTrials.gov. The Effect of a New Antioxidant Combination (ASTED) on Moderate to Severe Thyroid Eye Disease, a Double Blind Placebo Controlled Randomized Clinical Trial. NCT02422368. Frozen record at 2026-09-10. https://clinicaltrials.gov/study/NCT02422368",2026-09-10,2.0.0
795,v2_frozen_registry_record,The Effects of Metformin in Patients With Mild Graves' Ophthalmopathy,ClinicalTrials.gov,2026-09-10 registry cut,2026,https://clinicaltrials.gov/study/NCT02535975,NA (no DOI),NCT02535975,official trial registry,A1 official registry,Frozen full protocol record; no posted results at data cut,Yes (canonical frozen JSON record plus deterministic trial-table row locator),frozen_trial_registry_documents_v2.jsonl::trial_id=NCT02535975; document_id=CTGOV-NCT02535975-CUT-2026-09-10,2026-09-10 frozen registry cut,Controls trial protocol/status and posted registry results for this release; no cross-trial efficacy ranking.,ClinicalTrials.gov. The Effects of Metformin in Patients With Mild Graves' Ophthalmopathy. NCT02535975. Frozen record at 2026-09-10. https://clinicaltrials.gov/study/NCT02535975,2026-09-10,2.0.0
796,v2_frozen_registry_record,An Open Label Study to Evaluate the Safety and Efficacy of 12 Week Treatment With CFZ533 in Patients With Graves' Disease,ClinicalTrials.gov,2026-09-10 registry cut,2026,https://clinicaltrials.gov/study/NCT02713256,NA (no DOI),NCT02713256,official trial registry,A1 official registry,Frozen full protocol and posted-results record,Yes (canonical frozen JSON record plus deterministic trial-table row locator),frozen_trial_registry_documents_v2.jsonl::trial_id=NCT02713256; document_id=CTGOV-NCT02713256-CUT-2026-09-10,2026-09-10 frozen registry cut,Controls trial protocol/status and posted registry results for this release; no cross-trial efficacy ranking.,ClinicalTrials.gov. An Open Label Study to Evaluate the Safety and Efficacy of 12 Week Treatment With CFZ533 in Patients With Graves' Disease. NCT02713256. Frozen record at 2026-09-10. https://clinicaltrials.gov/study/NCT02713256,2026-09-10,2.0.0
797,v2_frozen_registry_record,Randomized Open Clinical Study to Evaluate the Efficacy of Selenium Plus Methimazole for Treatment of Graves' Hyperthyroidism,ClinicalTrials.gov,2026-09-10 registry cut,2026,https://clinicaltrials.gov/study/NCT02727738,NA (no DOI),NCT02727738,official trial registry,A1 official registry,Frozen full protocol record; no posted results at data cut,Yes (canonical frozen JSON record plus deterministic trial-table row locator),frozen_trial_registry_documents_v2.jsonl::trial_id=NCT02727738; document_id=CTGOV-NCT02727738-CUT-2026-09-10,2026-09-10 frozen registry cut,Controls trial protocol/status and posted registry results for this release; no cross-trial efficacy ranking.,ClinicalTrials.gov. Randomized Open Clinical Study to Evaluate the Efficacy of Selenium Plus Methimazole for Treatment of Graves' Hyperthyroidism. NCT02727738. Frozen record at 2026-09-10. https://clinicaltrials.gov/study/NCT02727738,2026-09-10,2.0.0
798,v2_frozen_registry_record,An Open Label Trial of Celecoxib in the Treatment of Mild Thyroid Eye Disease,ClinicalTrials.gov,2026-09-10 registry cut,2026,https://clinicaltrials.gov/study/NCT02845336,NA (no DOI),NCT02845336,official trial registry,A1 official registry,Frozen full protocol and posted-results record,Yes (canonical frozen JSON record plus deterministic trial-table row locator),frozen_trial_registry_documents_v2.jsonl::trial_id=NCT02845336; document_id=CTGOV-NCT02845336-CUT-2026-09-10,2026-09-10 frozen registry cut,Controls trial protocol/status and posted registry results for this release; no cross-trial efficacy ranking.,ClinicalTrials.gov. An Open Label Trial of Celecoxib in the Treatment of Mild Thyroid Eye Disease. NCT02845336. Frozen record at 2026-09-10. https://clinicaltrials.gov/study/NCT02845336,2026-09-10,2.0.0
799,v2_frozen_registry_record,"K1-70 - A Phase I, Single Ascending Intramuscular Dose or Single Ascending Intravenous Dose, Safety, Tolerability, Pharmacokinetic and Pharmacodynamic Study in Subjects With Graves' Disease",ClinicalTrials.gov,2026-09-10 registry cut,2026,https://clinicaltrials.gov/study/NCT02904330,NA (no DOI),NCT02904330,official trial registry,A1 official registry,Frozen full protocol record; no posted results at data cut,Yes (canonical frozen JSON record plus deterministic trial-table row locator),frozen_trial_registry_documents_v2.jsonl::trial_id=NCT02904330; document_id=CTGOV-NCT02904330-CUT-2026-09-10,2026-09-10 frozen registry cut,Controls trial protocol/status and posted registry results for this release; no cross-trial efficacy ranking.,"ClinicalTrials.gov. K1-70 - A Phase I, Single Ascending Intramuscular Dose or Single Ascending Intravenous Dose, Safety, Tolerability, Pharmacokinetic and Pharmacodynamic Study in Subjects With Graves' Disease. NCT02904330. Frozen record at 2026-09-10. https://clinicaltrials.gov/study/NCT02904330",2026-09-10,2.0.0
800,v2_frozen_registry_record,"Safety and Proof of Principle Study of ATX-GD-59 in Male and Female Subjects With Graves' Disease Not Currently Treated With Anti-thyroid Therapy: An Open Label Study, With an Upward Titration Over Five Dose Levels Administered by Intradermal Injection",ClinicalTrials.gov,2026-09-10 registry cut,2026,https://clinicaltrials.gov/study/NCT02973802,NA (no DOI),NCT02973802,official trial registry,A1 official registry,Frozen full protocol and posted-results record,Yes (canonical frozen JSON record plus deterministic trial-table row locator),frozen_trial_registry_documents_v2.jsonl::trial_id=NCT02973802; document_id=CTGOV-NCT02973802-CUT-2026-09-10,2026-09-10 frozen registry cut,Controls trial protocol/status and posted registry results for this release; no cross-trial efficacy ranking.,"ClinicalTrials.gov. Safety and Proof of Principle Study of ATX-GD-59 in Male and Female Subjects With Graves' Disease Not Currently Treated With Anti-thyroid Therapy: An Open Label Study, With an Upward Titration Over Five Dose Levels Administered by Intradermal Injection. NCT02973802. Frozen record at 2026-09-10. https://clinicaltrials.gov/study/NCT02973802",2026-09-10,2.0.0
801,v2_frozen_registry_record,Effects Of Oral Alfacalcidol On Maturation Of Dendritic Cells In Graves' Disease Patients,ClinicalTrials.gov,2026-09-10 registry cut,2026,https://clinicaltrials.gov/study/NCT02993302,NA (no DOI),NCT02993302,official trial registry,A1 official registry,Frozen full protocol and posted-results record,Yes (canonical frozen JSON record plus deterministic trial-table row locator),frozen_trial_registry_documents_v2.jsonl::trial_id=NCT02993302; document_id=CTGOV-NCT02993302-CUT-2026-09-10,2026-09-10 frozen registry cut,Controls trial protocol/status and posted registry results for this release; no cross-trial efficacy ranking.,ClinicalTrials.gov. Effects Of Oral Alfacalcidol On Maturation Of Dendritic Cells In Graves' Disease Patients. NCT02993302. Frozen record at 2026-09-10. https://clinicaltrials.gov/study/NCT02993302,2026-09-10,2.0.0
802,v2_frozen_registry_record,Prospective Randomized Clinical Trial of Total Thyroidectomy (Tx) Versus Thionamides (Anti-Thyroid Drugs) in Patients With Moderate-to-Severe Graves' Ophthalmopathy - a 1-year Follow-up,ClinicalTrials.gov,2026-09-10 registry cut,2026,https://clinicaltrials.gov/study/NCT03066076,NA (no DOI),NCT03066076,official trial registry,A1 official registry,Frozen full protocol record; no posted results at data cut,Yes (canonical frozen JSON record plus deterministic trial-table row locator),frozen_trial_registry_documents_v2.jsonl::trial_id=NCT03066076; document_id=CTGOV-NCT03066076-CUT-2026-09-10,2026-09-10 frozen registry cut,Controls trial protocol/status and posted registry results for this release; no cross-trial efficacy ranking.,ClinicalTrials.gov. Prospective Randomized Clinical Trial of Total Thyroidectomy (Tx) Versus Thionamides (Anti-Thyroid Drugs) in Patients With Moderate-to-Severe Graves' Ophthalmopathy - a 1-year Follow-up. NCT03066076. Frozen record at 2026-09-10. https://clinicaltrials.gov/study/NCT03066076,2026-09-10,2.0.0
803,v2_frozen_registry_record,"A Phase IV, Randomized, Multi-center Clinical Trial to Compare the Efficacy of Orbital Radiotherapy in Association With Intravenous Glucocorticoids vs Intravenous Glucocorticoids Alone for Moderately Severe and Active Graves' Orbitopathy",ClinicalTrials.gov,2026-09-10 registry cut,2026,https://clinicaltrials.gov/study/NCT03098225,NA (no DOI),NCT03098225,official trial registry,A1 official registry,Frozen full protocol record; no posted results at data cut,Yes (canonical frozen JSON record plus deterministic trial-table row locator),frozen_trial_registry_documents_v2.jsonl::trial_id=NCT03098225; document_id=CTGOV-NCT03098225-CUT-2026-09-10,2026-09-10 frozen registry cut,Controls trial protocol/status and posted registry results for this release; no cross-trial efficacy ranking.,"ClinicalTrials.gov. A Phase IV, Randomized, Multi-center Clinical Trial to Compare the Efficacy of Orbital Radiotherapy in Association With Intravenous Glucocorticoids vs Intravenous Glucocorticoids Alone for Moderately Severe and Active Graves' Orbitopathy. NCT03098225. Frozen record at 2026-09-10. https://clinicaltrials.gov/study/NCT03098225",2026-09-10,2.0.0
804,v2_frozen_registry_record,"Using A Novel Classification System in Intravenous Glucocorticoids Therapy of TAO: A Multi-central, Randomized, Open, Superior Trial",ClinicalTrials.gov,2026-09-10 registry cut,2026,https://clinicaltrials.gov/study/NCT03107078,NA (no DOI),NCT03107078,official trial registry,A1 official registry,Frozen full protocol record; no posted results at data cut,Yes (canonical frozen JSON record plus deterministic trial-table row locator),frozen_trial_registry_documents_v2.jsonl::trial_id=NCT03107078; document_id=CTGOV-NCT03107078-CUT-2026-09-10,2026-09-10 frozen registry cut,Controls trial protocol/status and posted registry results for this release; no cross-trial efficacy ranking.,"ClinicalTrials.gov. Using A Novel Classification System in Intravenous Glucocorticoids Therapy of TAO: A Multi-central, Randomized, Open, Superior Trial. NCT03107078. Frozen record at 2026-09-10. https://clinicaltrials.gov/study/NCT03107078",2026-09-10,2.0.0
805,v2_frozen_registry_record,"A Phase II, Open-labeled, Ophthalmological External Investigator-blinded, Single-center, Randomized, Superiority, Non Profit, Pilot Clinical Trial to Evaluate the Effects of Atorvastatin on Graves' Orbitopathy (GO) in Hypercholesterolemic Patients With Moderate-to-severe and Active GO Subjected to Intravenous Glucocorticoid Therapy: the STAGO Study",ClinicalTrials.gov,2026-09-10 registry cut,2026,https://clinicaltrials.gov/study/NCT03110848,NA (no DOI),NCT03110848,official trial registry,A1 official registry,Frozen full protocol record; no posted results at data cut,Yes (canonical frozen JSON record plus deterministic trial-table row locator),frozen_trial_registry_documents_v2.jsonl::trial_id=NCT03110848; document_id=CTGOV-NCT03110848-CUT-2026-09-10,2026-09-10 frozen registry cut,Controls trial protocol/status and posted registry results for this release; no cross-trial efficacy ranking.,"ClinicalTrials.gov. A Phase II, Open-labeled, Ophthalmological External Investigator-blinded, Single-center, Randomized, Superiority, Non Profit, Pilot Clinical Trial to Evaluate the Effects of Atorvastatin on Graves' Orbitopathy (GO) in Hypercholesterolemic Patients With Moderate-to-severe and Active GO Subjected to Intravenous Glucocorticoid Therapy: the STAGO Study. NCT03110848. Frozen record at 2026-09-10. https://clinicaltrials.gov/study/NCT03110848",2026-09-10,2.0.0
806,v2_frozen_registry_record,Treatment of Graves´ophthalmopathy with Simvastatin (GO-S),ClinicalTrials.gov,2026-09-10 registry cut,2026,https://clinicaltrials.gov/study/NCT03131726,NA (no DOI),NCT03131726,official trial registry,A1 official registry,Frozen full protocol record; no posted results at data cut,Yes (canonical frozen JSON record plus deterministic trial-table row locator),frozen_trial_registry_documents_v2.jsonl::trial_id=NCT03131726; document_id=CTGOV-NCT03131726-CUT-2026-09-10,2026-09-10 frozen registry cut,Controls trial protocol/status and posted registry results for this release; no cross-trial efficacy ranking.,ClinicalTrials.gov. Treatment of Graves´ophthalmopathy with Simvastatin (GO-S). NCT03131726. Frozen record at 2026-09-10. https://clinicaltrials.gov/study/NCT03131726,2026-09-10,2.0.0
807,v2_frozen_registry_record,"A Phase 3, Randomized, Double-Masked, Placebo-Controlled, Parallel-Group, Multicenter Study Evaluating Teprotumumab (HZN-001) Treatment in Subjects With Active Thyroid Eye Disease",ClinicalTrials.gov,2026-09-10 registry cut,2026,https://clinicaltrials.gov/study/NCT03298867,NA (no DOI),NCT03298867,official trial registry,A1 official registry,Frozen full protocol and posted-results record,Yes (canonical frozen JSON record plus deterministic trial-table row locator),frozen_trial_registry_documents_v2.jsonl::trial_id=NCT03298867; document_id=CTGOV-NCT03298867-CUT-2026-09-10,2026-09-10 frozen registry cut,Controls trial protocol/status and posted registry results for this release; no cross-trial efficacy ranking.,"ClinicalTrials.gov. A Phase 3, Randomized, Double-Masked, Placebo-Controlled, Parallel-Group, Multicenter Study Evaluating Teprotumumab (HZN-001) Treatment in Subjects With Active Thyroid Eye Disease. NCT03298867. Frozen record at 2026-09-10. https://clinicaltrials.gov/study/NCT03298867",2026-09-10,2.0.0
808,v2_frozen_registry_record,"A Multi-center, Open Label, Randomised Parallel- Group Study to Compare the Efficacy of Cholestyramine Plus Standard Treatment Versus Prednisolone Plus Standard Treatment Versus Standard Treatment Alone in Treatment of Overt Hyperthyroidism",ClinicalTrials.gov,2026-09-10 registry cut,2026,https://clinicaltrials.gov/study/NCT03303053,NA (no DOI),NCT03303053,official trial registry,A1 official registry,Frozen full protocol record; no posted results at data cut,Yes (canonical frozen JSON record plus deterministic trial-table row locator),frozen_trial_registry_documents_v2.jsonl::trial_id=NCT03303053; document_id=CTGOV-NCT03303053-CUT-2026-09-10,2026-09-10 frozen registry cut,Controls trial protocol/status and posted registry results for this release; no cross-trial efficacy ranking.,"ClinicalTrials.gov. A Multi-center, Open Label, Randomised Parallel- Group Study to Compare the Efficacy of Cholestyramine Plus Standard Treatment Versus Prednisolone Plus Standard Treatment Versus Standard Treatment Alone in Treatment of Overt Hyperthyroidism. NCT03303053. Frozen record at 2026-09-10. https://clinicaltrials.gov/study/NCT03303053",2026-09-10,2.0.0
809,v2_frozen_registry_record,"Multicenter, Safety and Efficacy, Open-Label Extension Study Evaluating Teprotumumab (HZN-001) Treatment in Subjects With Thyroid Eye Disease",ClinicalTrials.gov,2026-09-10 registry cut,2026,https://clinicaltrials.gov/study/NCT03461211,NA (no DOI),NCT03461211,official trial registry,A1 official registry,Frozen full protocol and posted-results record,Yes (canonical frozen JSON record plus deterministic trial-table row locator),frozen_trial_registry_documents_v2.jsonl::trial_id=NCT03461211; document_id=CTGOV-NCT03461211-CUT-2026-09-10,2026-09-10 frozen registry cut,Controls trial protocol/status and posted registry results for this release; no cross-trial efficacy ranking.,"ClinicalTrials.gov. Multicenter, Safety and Efficacy, Open-Label Extension Study Evaluating Teprotumumab (HZN-001) Treatment in Subjects With Thyroid Eye Disease. NCT03461211. Frozen record at 2026-09-10. https://clinicaltrials.gov/study/NCT03461211",2026-09-10,2.0.0
810,v2_frozen_registry_record,The Role of Bimatoprost in Graves' Periorbitopathy,ClinicalTrials.gov,2026-09-10 registry cut,2026,https://clinicaltrials.gov/study/NCT03708627,NA (no DOI),NCT03708627,official trial registry,A1 official registry,Frozen full protocol record; no posted results at data cut,Yes (canonical frozen JSON record plus deterministic trial-table row locator),frozen_trial_registry_documents_v2.jsonl::trial_id=NCT03708627; document_id=CTGOV-NCT03708627-CUT-2026-09-10,2026-09-10 frozen registry cut,Controls trial protocol/status and posted registry results for this release; no cross-trial efficacy ranking.,ClinicalTrials.gov. The Role of Bimatoprost in Graves' Periorbitopathy. NCT03708627. Frozen record at 2026-09-10. https://clinicaltrials.gov/study/NCT03708627,2026-09-10,2.0.0
811,v2_frozen_registry_record,Oral Supplementation With Selenium in Patients With Mild Thyroid Orbitopathy to Reduce Its,ClinicalTrials.gov,2026-09-10 registry cut,2026,https://clinicaltrials.gov/study/NCT03891043,NA (no DOI),NCT03891043,official trial registry,A1 official registry,Frozen full protocol record; no posted results at data cut,Yes (canonical frozen JSON record plus deterministic trial-table row locator),frozen_trial_registry_documents_v2.jsonl::trial_id=NCT03891043; document_id=CTGOV-NCT03891043-CUT-2026-09-10,2026-09-10 frozen registry cut,Controls trial protocol/status and posted registry results for this release; no cross-trial efficacy ranking.,ClinicalTrials.gov. Oral Supplementation With Selenium in Patients With Mild Thyroid Orbitopathy to Reduce Its. NCT03891043. Frozen record at 2026-09-10. https://clinicaltrials.gov/study/NCT03891043,2026-09-10,2.0.0
812,v2_frozen_registry_record,"A Phase 2a, Multicenter, Open-Label Study of RVT-1401 for the Treatment of Patients With Moderate to Severe Active Graves' Ophthalmopathy",ClinicalTrials.gov,2026-09-10 registry cut,2026,https://clinicaltrials.gov/study/NCT03922321,NA (no DOI),NCT03922321,official trial registry,A1 official registry,Frozen full protocol and posted-results record,Yes (canonical frozen JSON record plus deterministic trial-table row locator),frozen_trial_registry_documents_v2.jsonl::trial_id=NCT03922321; document_id=CTGOV-NCT03922321-CUT-2026-09-10,2026-09-10 frozen registry cut,Controls trial protocol/status and posted registry results for this release; no cross-trial efficacy ranking.,"ClinicalTrials.gov. A Phase 2a, Multicenter, Open-Label Study of RVT-1401 for the Treatment of Patients With Moderate to Severe Active Graves' Ophthalmopathy. NCT03922321. Frozen record at 2026-09-10. https://clinicaltrials.gov/study/NCT03922321",2026-09-10,2.0.0
813,v2_frozen_registry_record,"ASCEND GO-2: A Phase 2b, Multicenter, Randomized, Double-blind, Placebo-controlled Study of RVT-1401 for the Treatment of Patients With Active, Moderate to Severe Graves' Ophthalmopathy",ClinicalTrials.gov,2026-09-10 registry cut,2026,https://clinicaltrials.gov/study/NCT03938545,NA (no DOI),NCT03938545,official trial registry,A1 official registry,Frozen full protocol and posted-results record,Yes (canonical frozen JSON record plus deterministic trial-table row locator),frozen_trial_registry_documents_v2.jsonl::trial_id=NCT03938545; document_id=CTGOV-NCT03938545-CUT-2026-09-10,2026-09-10 frozen registry cut,Controls trial protocol/status and posted registry results for this release; no cross-trial efficacy ranking.,"ClinicalTrials.gov. ASCEND GO-2: A Phase 2b, Multicenter, Randomized, Double-blind, Placebo-controlled Study of RVT-1401 for the Treatment of Patients With Active, Moderate to Severe Graves' Ophthalmopathy. NCT03938545. Frozen record at 2026-09-10. https://clinicaltrials.gov/study/NCT03938545",2026-09-10,2.0.0
814,v2_frozen_registry_record,"A Double-masked, Methylprednisolone-control, Efficacy and Safety Study of 99Tc-MDP for Thyroid Associated Ophthalmopathy.",ClinicalTrials.gov,2026-09-10 registry cut,2026,https://clinicaltrials.gov/study/NCT03948191,NA (no DOI),NCT03948191,official trial registry,A1 official registry,Frozen full protocol record; no posted results at data cut,Yes (canonical frozen JSON record plus deterministic trial-table row locator),frozen_trial_registry_documents_v2.jsonl::trial_id=NCT03948191; document_id=CTGOV-NCT03948191-CUT-2026-09-10,2026-09-10 frozen registry cut,Controls trial protocol/status and posted registry results for this release; no cross-trial efficacy ranking.,"ClinicalTrials.gov. A Double-masked, Methylprednisolone-control, Efficacy and Safety Study of 99Tc-MDP for Thyroid Associated Ophthalmopathy.. NCT03948191. Frozen record at 2026-09-10. https://clinicaltrials.gov/study/NCT03948191",2026-09-10,2.0.0
815,v2_frozen_registry_record,Anti-VEGF Therapy for Acute Thyroid Eye Disease (AcTED Study),ClinicalTrials.gov,2026-09-10 registry cut,2026,https://clinicaltrials.gov/study/NCT04311606,NA (no DOI),NCT04311606,official trial registry,A1 official registry,Frozen full protocol record; no posted results at data cut,Yes (canonical frozen JSON record plus deterministic trial-table row locator),frozen_trial_registry_documents_v2.jsonl::trial_id=NCT04311606; document_id=CTGOV-NCT04311606-CUT-2026-09-10,2026-09-10 frozen registry cut,Controls trial protocol/status and posted registry results for this release; no cross-trial efficacy ranking.,ClinicalTrials.gov. Anti-VEGF Therapy for Acute Thyroid Eye Disease (AcTED Study). NCT04311606. Frozen record at 2026-09-10. https://clinicaltrials.gov/study/NCT04311606,2026-09-10,2.0.0
816,v2_frozen_registry_record,Periorbitally Injected Glucocorticoids for Mild TAO: A Randomized Controlled Study,ClinicalTrials.gov,2026-09-10 registry cut,2026,https://clinicaltrials.gov/study/NCT04548284,NA (no DOI),NCT04548284,official trial registry,A1 official registry,Frozen full protocol record; no posted results at data cut,Yes (canonical frozen JSON record plus deterministic trial-table row locator),frozen_trial_registry_documents_v2.jsonl::trial_id=NCT04548284; document_id=CTGOV-NCT04548284-CUT-2026-09-10,2026-09-10 frozen registry cut,Controls trial protocol/status and posted registry results for this release; no cross-trial efficacy ranking.,ClinicalTrials.gov. Periorbitally Injected Glucocorticoids for Mild TAO: A Randomized Controlled Study. NCT04548284. Frozen record at 2026-09-10. https://clinicaltrials.gov/study/NCT04548284,2026-09-10,2.0.0
817,v2_frozen_registry_record,"A Phase 4, Randomized, Double-masked, Placebo-controlled, Multicenter Trial to Evaluate the Efficacy and Safety of TEPEZZA® in Treating Patients With Chronic (Inactive) Thyroid Eye Disease",ClinicalTrials.gov,2026-09-10 registry cut,2026,https://clinicaltrials.gov/study/NCT04583735,NA (no DOI),NCT04583735,official trial registry,A1 official registry,Frozen full protocol and posted-results record,Yes (canonical frozen JSON record plus deterministic trial-table row locator),frozen_trial_registry_documents_v2.jsonl::trial_id=NCT04583735; document_id=CTGOV-NCT04583735-CUT-2026-09-10,2026-09-10 frozen registry cut,Controls trial protocol/status and posted registry results for this release; no cross-trial efficacy ranking.,"ClinicalTrials.gov. A Phase 4, Randomized, Double-masked, Placebo-controlled, Multicenter Trial to Evaluate the Efficacy and Safety of TEPEZZA® in Treating Patients With Chronic (Inactive) Thyroid Eye Disease. NCT04583735. Frozen record at 2026-09-10. https://clinicaltrials.gov/study/NCT04583735",2026-09-10,2.0.0
818,v2_frozen_registry_record,"A Phase II, Randomized, Superiority, Adaptive, Open-label, Single-center, Clinical Trial to Evaluate the Efficacy of Sirolimus (Rapamycin) in Patients With Graves' Disease and Moderate-to-severe and Active Graves' Orbitopathy (GO)",ClinicalTrials.gov,2026-09-10 registry cut,2026,https://clinicaltrials.gov/study/NCT04598815,NA (no DOI),NCT04598815,official trial registry,A1 official registry,Frozen full protocol record; no posted results at data cut,Yes (canonical frozen JSON record plus deterministic trial-table row locator),frozen_trial_registry_documents_v2.jsonl::trial_id=NCT04598815; document_id=CTGOV-NCT04598815-CUT-2026-09-10,2026-09-10 frozen registry cut,Controls trial protocol/status and posted registry results for this release; no cross-trial efficacy ranking.,"ClinicalTrials.gov. A Phase II, Randomized, Superiority, Adaptive, Open-label, Single-center, Clinical Trial to Evaluate the Efficacy of Sirolimus (Rapamycin) in Patients With Graves' Disease and Moderate-to-severe and Active Graves' Orbitopathy (GO). NCT04598815. Frozen record at 2026-09-10. https://clinicaltrials.gov/study/NCT04598815",2026-09-10,2.0.0
819,v2_frozen_registry_record,"A Two-year Multi-center Phase 3 Study to Investigate the Efficacy and Safety of Secukinumab in Adult Patients With Active, Moderate to Severe Thyroid Eye Disease (ORBIT), With a Randomized, Parallel-group, Double-blind, Placebo-controlled, 16-week Treatment Period, and a Follow-up/Retreatment Period",ClinicalTrials.gov,2026-09-10 registry cut,2026,https://clinicaltrials.gov/study/NCT04737330,NA (no DOI),NCT04737330,official trial registry,A1 official registry,Frozen full protocol and posted-results record,Yes (canonical frozen JSON record plus deterministic trial-table row locator),frozen_trial_registry_documents_v2.jsonl::trial_id=NCT04737330; document_id=CTGOV-NCT04737330-CUT-2026-09-10,2026-09-10 frozen registry cut,Controls trial protocol/status and posted registry results for this release; no cross-trial efficacy ranking.,"ClinicalTrials.gov. A Two-year Multi-center Phase 3 Study to Investigate the Efficacy and Safety of Secukinumab in Adult Patients With Active, Moderate to Severe Thyroid Eye Disease (ORBIT), With a Randomized, Parallel-group, Double-blind, Placebo-controlled, 16-week Treatment Period, and a Follow-up/Retreatment Period. NCT04737330. Frozen record at 2026-09-10. https://clinicaltrials.gov/study/NCT04737330",2026-09-10,2.0.0
820,v2_frozen_registry_record,"A Phase III, Randomized, Controlled, Open Label, no Profit, Single-center Intervention Study to Compare the Effect of a Conservative (Antithyroid Drugs) and an Ablative Approach (Radioiodine or Total Thyroidectomy) for the Treatment of Hyperthyroidism in Patients With Graves' Disease and Moderate-to-severe and Active Graves' Orbitopathy (GO) Treated With Intravenous Glucocorticoids (ABLAGO Study)",ClinicalTrials.gov,2026-09-10 registry cut,2026,https://clinicaltrials.gov/study/NCT04776993,NA (no DOI),NCT04776993,official trial registry,A1 official registry,Frozen full protocol record; no posted results at data cut,Yes (canonical frozen JSON record plus deterministic trial-table row locator),frozen_trial_registry_documents_v2.jsonl::trial_id=NCT04776993; document_id=CTGOV-NCT04776993-CUT-2026-09-10,2026-09-10 frozen registry cut,Controls trial protocol/status and posted registry results for this release; no cross-trial efficacy ranking.,"ClinicalTrials.gov. A Phase III, Randomized, Controlled, Open Label, no Profit, Single-center Intervention Study to Compare the Effect of a Conservative (Antithyroid Drugs) and an Ablative Approach (Radioiodine or Total Thyroidectomy) for the Treatment of Hyperthyroidism in Patients With Graves' Disease and Moderate-to-severe and Active Graves' Orbitopathy (GO) Treated With Intravenous Glucocorticoids (ABLAGO Study). NCT04776993. Frozen record at 2026-09-10. https://clinicaltrials.gov/study/NCT04776993",2026-09-10,2.0.0
821,v2_frozen_registry_record,"Multicenter, Randomized, Observer-blind, Controlled Study of the Anti-IL-6 Receptor Antibody Tocilizumab (TCZ) or Methylprednisolone (MP) Treatment in Patients With Active Moderate-severe Graves' Orbitopathy",ClinicalTrials.gov,2026-09-10 registry cut,2026,https://clinicaltrials.gov/study/NCT04876534,NA (no DOI),NCT04876534,official trial registry,A1 official registry,Frozen full protocol record; no posted results at data cut,Yes (canonical frozen JSON record plus deterministic trial-table row locator),frozen_trial_registry_documents_v2.jsonl::trial_id=NCT04876534; document_id=CTGOV-NCT04876534-CUT-2026-09-10,2026-09-10 frozen registry cut,Controls trial protocol/status and posted registry results for this release; no cross-trial efficacy ranking.,"ClinicalTrials.gov. Multicenter, Randomized, Observer-blind, Controlled Study of the Anti-IL-6 Receptor Antibody Tocilizumab (TCZ) or Methylprednisolone (MP) Treatment in Patients With Active Moderate-severe Graves' Orbitopathy. NCT04876534. Frozen record at 2026-09-10. https://clinicaltrials.gov/study/NCT04876534",2026-09-10,2.0.0
822,v2_frozen_registry_record,Prospective Comparison of Sirolimus Against Corticosteroids in Treatment of Patients With Active Thyroid Eye Disease,ClinicalTrials.gov,2026-09-10 registry cut,2026,https://clinicaltrials.gov/study/NCT04936854,NA (no DOI),NCT04936854,official trial registry,A1 official registry,Frozen full protocol record; no posted results at data cut,Yes (canonical frozen JSON record plus deterministic trial-table row locator),frozen_trial_registry_documents_v2.jsonl::trial_id=NCT04936854; document_id=CTGOV-NCT04936854-CUT-2026-09-10,2026-09-10 frozen registry cut,Controls trial protocol/status and posted registry results for this release; no cross-trial efficacy ranking.,ClinicalTrials.gov. Prospective Comparison of Sirolimus Against Corticosteroids in Treatment of Patients With Active Thyroid Eye Disease. NCT04936854. Frozen record at 2026-09-10. https://clinicaltrials.gov/study/NCT04936854,2026-09-10,2.0.0
823,v2_frozen_registry_record,"A Phase 3b/4, Double-masked, Randomized, International, Parallel-assignment, Multicenter Trial in Patients With Thyroid Eye Disease to Evaluate the Safety and Tolerability of Different Dosing Durations of Teprotumumab",ClinicalTrials.gov,2026-09-10 registry cut,2026,https://clinicaltrials.gov/study/NCT05002998,NA (no DOI),NCT05002998,official trial registry,A1 official registry,Frozen full protocol record; no posted results at data cut,Yes (canonical frozen JSON record plus deterministic trial-table row locator),frozen_trial_registry_documents_v2.jsonl::trial_id=NCT05002998; document_id=CTGOV-NCT05002998-CUT-2026-09-10,2026-09-10 frozen registry cut,Controls trial protocol/status and posted registry results for this release; no cross-trial efficacy ranking.,"ClinicalTrials.gov. A Phase 3b/4, Double-masked, Randomized, International, Parallel-assignment, Multicenter Trial in Patients With Thyroid Eye Disease to Evaluate the Safety and Tolerability of Different Dosing Durations of Teprotumumab. NCT05002998. Frozen record at 2026-09-10. https://clinicaltrials.gov/study/NCT05002998",2026-09-10,2.0.0
824,v2_frozen_registry_record,"A Randomized, Double-blind, Placebo-controlled, Phase 2/3 Operational Seamless Design Clinical Study to Evaluate the Efficacy and Safety of HBM9161 Subcutaneous Injection in Chinese Patients With Active, Moderate to Severe Thyroid Eye Disease (TED)",ClinicalTrials.gov,2026-09-10 registry cut,2026,https://clinicaltrials.gov/study/NCT05015127,NA (no DOI),NCT05015127,official trial registry,A1 official registry,Frozen full protocol record; no posted results at data cut,Yes (canonical frozen JSON record plus deterministic trial-table row locator),frozen_trial_registry_documents_v2.jsonl::trial_id=NCT05015127; document_id=CTGOV-NCT05015127-CUT-2026-09-10,2026-09-10 frozen registry cut,Controls trial protocol/status and posted registry results for this release; no cross-trial efficacy ranking.,"ClinicalTrials.gov. A Randomized, Double-blind, Placebo-controlled, Phase 2/3 Operational Seamless Design Clinical Study to Evaluate the Efficacy and Safety of HBM9161 Subcutaneous Injection in Chinese Patients With Active, Moderate to Severe Thyroid Eye Disease (TED). NCT05015127. Frozen record at 2026-09-10. https://clinicaltrials.gov/study/NCT05015127",2026-09-10,2.0.0
825,v2_frozen_registry_record,"Phase III, Double-blinded, Multicenter, Randomized Clinical Trial to Evaluate the Effects of Atorvastatin on Moderate-to-severe and Active Graves' Orbitopathy (GO) Treated With Intravenous Glucocorticoids: the STAGO-2 Study",ClinicalTrials.gov,2026-09-10 registry cut,2026,https://clinicaltrials.gov/study/NCT05049603,NA (no DOI),NCT05049603,official trial registry,A1 official registry,Frozen full protocol record; no posted results at data cut,Yes (canonical frozen JSON record plus deterministic trial-table row locator),frozen_trial_registry_documents_v2.jsonl::trial_id=NCT05049603; document_id=CTGOV-NCT05049603-CUT-2026-09-10,2026-09-10 frozen registry cut,Controls trial protocol/status and posted registry results for this release; no cross-trial efficacy ranking.,"ClinicalTrials.gov. Phase III, Double-blinded, Multicenter, Randomized Clinical Trial to Evaluate the Effects of Atorvastatin on Moderate-to-severe and Active Graves' Orbitopathy (GO) Treated With Intravenous Glucocorticoids: the STAGO-2 Study. NCT05049603. Frozen record at 2026-09-10. https://clinicaltrials.gov/study/NCT05049603",2026-09-10,2.0.0
826,v2_frozen_registry_record,A Multi-model Image of Immunosuppressive Agents in Thyroid Associated Ophthalmopathy.,ClinicalTrials.gov,2026-09-10 registry cut,2026,https://clinicaltrials.gov/study/NCT05110040,NA (no DOI),NCT05110040,official trial registry,A1 official registry,Frozen full protocol record; no posted results at data cut,Yes (canonical frozen JSON record plus deterministic trial-table row locator),frozen_trial_registry_documents_v2.jsonl::trial_id=NCT05110040; document_id=CTGOV-NCT05110040-CUT-2026-09-10,2026-09-10 frozen registry cut,Controls trial protocol/status and posted registry results for this release; no cross-trial efficacy ranking.,ClinicalTrials.gov. A Multi-model Image of Immunosuppressive Agents in Thyroid Associated Ophthalmopathy.. NCT05110040. Frozen record at 2026-09-10. https://clinicaltrials.gov/study/NCT05110040,2026-09-10,2.0.0
827,v2_frozen_registry_record,"Effect of Hyperthyroidism and Its Treatment in Graves' Disease to Early Marker of Atherosclerosis: Review on the Pathway of Insulin Resistance, Lipid, Inflammation, and Endothelial Dysfunction to Pulse Wave Velocity and Carotid Intima-Media Thickness",ClinicalTrials.gov,2026-09-10 registry cut,2026,https://clinicaltrials.gov/study/NCT05118542,NA (no DOI),NCT05118542,official trial registry,A1 official registry,Frozen full protocol record; no posted results at data cut,Yes (canonical frozen JSON record plus deterministic trial-table row locator),frozen_trial_registry_documents_v2.jsonl::trial_id=NCT05118542; document_id=CTGOV-NCT05118542-CUT-2026-09-10,2026-09-10 frozen registry cut,Controls trial protocol/status and posted registry results for this release; no cross-trial efficacy ranking.,"ClinicalTrials.gov. Effect of Hyperthyroidism and Its Treatment in Graves' Disease to Early Marker of Atherosclerosis: Review on the Pathway of Insulin Resistance, Lipid, Inflammation, and Endothelial Dysfunction to Pulse Wave Velocity and Carotid Intima-Media Thickness. NCT05118542. Frozen record at 2026-09-10. https://clinicaltrials.gov/study/NCT05118542",2026-09-10,2.0.0
828,v2_frozen_registry_record,A Randomized Controlled Trial on the Effect of Hydroxychloroquine in Mild Graves' Orbitopathy,ClinicalTrials.gov,2026-09-10 registry cut,2026,https://clinicaltrials.gov/study/NCT05126147,NA (no DOI),NCT05126147,official trial registry,A1 official registry,Frozen full protocol record; no posted results at data cut,Yes (canonical frozen JSON record plus deterministic trial-table row locator),frozen_trial_registry_documents_v2.jsonl::trial_id=NCT05126147; document_id=CTGOV-NCT05126147-CUT-2026-09-10,2026-09-10 frozen registry cut,Controls trial protocol/status and posted registry results for this release; no cross-trial efficacy ranking.,ClinicalTrials.gov. A Randomized Controlled Trial on the Effect of Hydroxychloroquine in Mild Graves' Orbitopathy. NCT05126147. Frozen record at 2026-09-10. https://clinicaltrials.gov/study/NCT05126147,2026-09-10,2.0.0
829,v2_frozen_registry_record,"A Safety, Tolerability, and Efficacy Study of Veligrotug, a Humanized Monoclonal Antibody Directed Against the IGF-1 Receptor in Subjects With Thyroid Eye Disease",ClinicalTrials.gov,2026-09-10 registry cut,2026,https://clinicaltrials.gov/study/NCT05176639,NA (no DOI),NCT05176639,official trial registry,A1 official registry,Frozen full protocol and posted-results record,Yes (canonical frozen JSON record plus deterministic trial-table row locator),frozen_trial_registry_documents_v2.jsonl::trial_id=NCT05176639; document_id=CTGOV-NCT05176639-CUT-2026-09-10,2026-09-10 frozen registry cut,Controls trial protocol/status and posted registry results for this release; no cross-trial efficacy ranking.,"ClinicalTrials.gov. A Safety, Tolerability, and Efficacy Study of Veligrotug, a Humanized Monoclonal Antibody Directed Against the IGF-1 Receptor in Subjects With Thyroid Eye Disease. NCT05176639. Frozen record at 2026-09-10. https://clinicaltrials.gov/study/NCT05176639",2026-09-10,2.0.0
830,v2_frozen_registry_record,"Single-centre, Safety and Efficacy, Open-label Study Evaluating Antithymocyte Globulin Treatment in Subjects With Graves Orbitopathy",ClinicalTrials.gov,2026-09-10 registry cut,2026,https://clinicaltrials.gov/study/NCT05199103,NA (no DOI),NCT05199103,official trial registry,A1 official registry,Frozen full protocol record; no posted results at data cut,Yes (canonical frozen JSON record plus deterministic trial-table row locator),frozen_trial_registry_documents_v2.jsonl::trial_id=NCT05199103; document_id=CTGOV-NCT05199103-CUT-2026-09-10,2026-09-10 frozen registry cut,Controls trial protocol/status and posted registry results for this release; no cross-trial efficacy ranking.,"ClinicalTrials.gov. Single-centre, Safety and Efficacy, Open-label Study Evaluating Antithymocyte Globulin Treatment in Subjects With Graves Orbitopathy. NCT05199103. Frozen record at 2026-09-10. https://clinicaltrials.gov/study/NCT05199103",2026-09-10,2.0.0
831,v2_frozen_registry_record,"A Phase 2b, Randomized, Double-Mask, Placebo-Controlled, Study to Evaluate the Safety, Pharmacokinetics and Efficacy of Linsitinib in Subjects With Active, Moderate to Severe Thyroid Eye Disease (TED)",ClinicalTrials.gov,2026-09-10 registry cut,2026,https://clinicaltrials.gov/study/NCT05276063,NA (no DOI),NCT05276063,official trial registry,A1 official registry,Frozen full protocol and posted-results record,Yes (canonical frozen JSON record plus deterministic trial-table row locator),frozen_trial_registry_documents_v2.jsonl::trial_id=NCT05276063; document_id=CTGOV-NCT05276063-CUT-2026-09-10,2026-09-10 frozen registry cut,Controls trial protocol/status and posted registry results for this release; no cross-trial efficacy ranking.,"ClinicalTrials.gov. A Phase 2b, Randomized, Double-Mask, Placebo-Controlled, Study to Evaluate the Safety, Pharmacokinetics and Efficacy of Linsitinib in Subjects With Active, Moderate to Severe Thyroid Eye Disease (TED). NCT05276063. Frozen record at 2026-09-10. https://clinicaltrials.gov/study/NCT05276063",2026-09-10,2.0.0
832,v2_frozen_registry_record,"A Phase 1/2a, Randomized, Double-blind, Placebo-controlled, Single and Multiple Ascending Dose Study to Determine the Safety, Tolerability, Preliminary Efficacy, Immunogenicity and Pharmacokinetic Properties of LASN01 in Healthy Subjects and in Patients With Pulmonary Fibrosis or Thyroid Eye Disease",ClinicalTrials.gov,2026-09-10 registry cut,2026,https://clinicaltrials.gov/study/NCT05331300,NA (no DOI),NCT05331300,official trial registry,A1 official registry,Frozen full protocol record; no posted results at data cut,Yes (canonical frozen JSON record plus deterministic trial-table row locator),frozen_trial_registry_documents_v2.jsonl::trial_id=NCT05331300; document_id=CTGOV-NCT05331300-CUT-2026-09-10,2026-09-10 frozen registry cut,Controls trial protocol/status and posted registry results for this release; no cross-trial efficacy ranking.,"ClinicalTrials.gov. A Phase 1/2a, Randomized, Double-blind, Placebo-controlled, Single and Multiple Ascending Dose Study to Determine the Safety, Tolerability, Preliminary Efficacy, Immunogenicity and Pharmacokinetic Properties of LASN01 in Healthy Subjects and in Patients With Pulmonary Fibrosis or Thyroid Eye Disease. NCT05331300. Frozen record at 2026-09-10. https://clinicaltrials.gov/study/NCT05331300",2026-09-10,2.0.0
833,v2_frozen_registry_record,"A Single-arm, Open-label, Prospective Phase II Study to Evaluate the Efficacy and Safety of SHR-1314 by Subcutaneous Injection in Active Moderate to Severe Graves' Orbitopathy Patients",ClinicalTrials.gov,2026-09-10 registry cut,2026,https://clinicaltrials.gov/study/NCT05394857,NA (no DOI),NCT05394857,official trial registry,A1 official registry,Frozen full protocol record; no posted results at data cut,Yes (canonical frozen JSON record plus deterministic trial-table row locator),frozen_trial_registry_documents_v2.jsonl::trial_id=NCT05394857; document_id=CTGOV-NCT05394857-CUT-2026-09-10,2026-09-10 frozen registry cut,Controls trial protocol/status and posted registry results for this release; no cross-trial efficacy ranking.,"ClinicalTrials.gov. A Single-arm, Open-label, Prospective Phase II Study to Evaluate the Efficacy and Safety of SHR-1314 by Subcutaneous Injection in Active Moderate to Severe Graves' Orbitopathy Patients. NCT05394857. Frozen record at 2026-09-10. https://clinicaltrials.gov/study/NCT05394857",2026-09-10,2.0.0
834,v2_frozen_registry_record,Comparative Study on the Efficacy of Periocular Methotrexate Versus Periocular Triamcinolone Injections in Management of Thyroid Associated Orbitopathy,ClinicalTrials.gov,2026-09-10 registry cut,2026,https://clinicaltrials.gov/study/NCT05429450,NA (no DOI),NCT05429450,official trial registry,A1 official registry,Frozen full protocol record; no posted results at data cut,Yes (canonical frozen JSON record plus deterministic trial-table row locator),frozen_trial_registry_documents_v2.jsonl::trial_id=NCT05429450; document_id=CTGOV-NCT05429450-CUT-2026-09-10,2026-09-10 frozen registry cut,Controls trial protocol/status and posted registry results for this release; no cross-trial efficacy ranking.,ClinicalTrials.gov. Comparative Study on the Efficacy of Periocular Methotrexate Versus Periocular Triamcinolone Injections in Management of Thyroid Associated Orbitopathy. NCT05429450. Frozen record at 2026-09-10. https://clinicaltrials.gov/study/NCT05429450,2026-09-10,2.0.0
835,v2_frozen_registry_record,Clinical Study on the Effect of Routine Treatment and Intensive Treatment on the Regulation of Graves' Disease and the Cumulative Recurrence Two Years After Drug Withdrawal,ClinicalTrials.gov,2026-09-10 registry cut,2026,https://clinicaltrials.gov/study/NCT05461820,NA (no DOI),NCT05461820,official trial registry,A1 official registry,Frozen full protocol record; no posted results at data cut,Yes (canonical frozen JSON record plus deterministic trial-table row locator),frozen_trial_registry_documents_v2.jsonl::trial_id=NCT05461820; document_id=CTGOV-NCT05461820-CUT-2026-09-10,2026-09-10 frozen registry cut,Controls trial protocol/status and posted registry results for this release; no cross-trial efficacy ranking.,ClinicalTrials.gov. Clinical Study on the Effect of Routine Treatment and Intensive Treatment on the Regulation of Graves' Disease and the Cumulative Recurrence Two Years After Drug Withdrawal. NCT05461820. Frozen record at 2026-09-10. https://clinicaltrials.gov/study/NCT05461820,2026-09-10,2.0.0
836,v2_frozen_registry_record,"A Phase 3, Multi-center, Randomized, Quadruple-masked, Placebo-controlled Study of Batoclimab for the Treatment of Participants With Active Thyroid Eye Disease (TED)",ClinicalTrials.gov,2026-09-10 registry cut,2026,https://clinicaltrials.gov/study/NCT05517421,NA (no DOI),NCT05517421,official trial registry,A1 official registry,Frozen full protocol record; no posted results at data cut,Yes (canonical frozen JSON record plus deterministic trial-table row locator),frozen_trial_registry_documents_v2.jsonl::trial_id=NCT05517421; document_id=CTGOV-NCT05517421-CUT-2026-09-10,2026-09-10 frozen registry cut,Controls trial protocol/status and posted registry results for this release; no cross-trial efficacy ranking.,"ClinicalTrials.gov. A Phase 3, Multi-center, Randomized, Quadruple-masked, Placebo-controlled Study of Batoclimab for the Treatment of Participants With Active Thyroid Eye Disease (TED). NCT05517421. Frozen record at 2026-09-10. https://clinicaltrials.gov/study/NCT05517421",2026-09-10,2.0.0
837,v2_frozen_registry_record,An Open-label Extension Study for Participants Who Completed Study IMVT-1401-3201 or Study IMVT-1401-3202 to Assess the Efficacy and Safety of Batoclimab for the Treatment of Thyroid Eye Disease (TED),ClinicalTrials.gov,2026-09-10 registry cut,2026,https://clinicaltrials.gov/study/NCT05517447,NA (no DOI),NCT05517447,official trial registry,A1 official registry,Frozen full protocol record; no posted results at data cut,Yes (canonical frozen JSON record plus deterministic trial-table row locator),frozen_trial_registry_documents_v2.jsonl::trial_id=NCT05517447; document_id=CTGOV-NCT05517447-CUT-2026-09-10,2026-09-10 frozen registry cut,Controls trial protocol/status and posted registry results for this release; no cross-trial efficacy ranking.,ClinicalTrials.gov. An Open-label Extension Study for Participants Who Completed Study IMVT-1401-3201 or Study IMVT-1401-3202 to Assess the Efficacy and Safety of Batoclimab for the Treatment of Thyroid Eye Disease (TED). NCT05517447. Frozen record at 2026-09-10. https://clinicaltrials.gov/study/NCT05517447,2026-09-10,2.0.0
838,v2_frozen_registry_record,"A Phase 3, Multi-center, Randomized, Quadruple-masked, Placebo-controlled Study of Batoclimab for the Treatment of Participants With Active Thyroid Eye Disease (TED)",ClinicalTrials.gov,2026-09-10 registry cut,2026,https://clinicaltrials.gov/study/NCT05524571,NA (no DOI),NCT05524571,official trial registry,A1 official registry,Frozen full protocol record; no posted results at data cut,Yes (canonical frozen JSON record plus deterministic trial-table row locator),frozen_trial_registry_documents_v2.jsonl::trial_id=NCT05524571; document_id=CTGOV-NCT05524571-CUT-2026-09-10,2026-09-10 frozen registry cut,Controls trial protocol/status and posted registry results for this release; no cross-trial efficacy ranking.,"ClinicalTrials.gov. A Phase 3, Multi-center, Randomized, Quadruple-masked, Placebo-controlled Study of Batoclimab for the Treatment of Participants With Active Thyroid Eye Disease (TED). NCT05524571. Frozen record at 2026-09-10. https://clinicaltrials.gov/study/NCT05524571",2026-09-10,2.0.0
839,v2_frozen_registry_record,"Efficacy and Safety Evaluation of Rapamycin Combined With Methylprednisolone in the Treatment of Hyperthyroidism Exophthalmos: A Randomized, Controlled, Multicenter Clinical Trial.",ClinicalTrials.gov,2026-09-10 registry cut,2026,https://clinicaltrials.gov/study/NCT05532072,NA (no DOI),NCT05532072,official trial registry,A1 official registry,Frozen full protocol record; no posted results at data cut,Yes (canonical frozen JSON record plus deterministic trial-table row locator),frozen_trial_registry_documents_v2.jsonl::trial_id=NCT05532072; document_id=CTGOV-NCT05532072-CUT-2026-09-10,2026-09-10 frozen registry cut,Controls trial protocol/status and posted registry results for this release; no cross-trial efficacy ranking.,"ClinicalTrials.gov. Efficacy and Safety Evaluation of Rapamycin Combined With Methylprednisolone in the Treatment of Hyperthyroidism Exophthalmos: A Randomized, Controlled, Multicenter Clinical Trial.. NCT05532072. Frozen record at 2026-09-10. https://clinicaltrials.gov/study/NCT05532072",2026-09-10,2.0.0
840,v2_frozen_registry_record,"A Phase 1/2, Adaptive, Multiple Dose Ranging Study Evaluating the Safety, Tolerability, Pharmacokinetics, and Clinical Efficacy of Lonigutamab in Subjects With Thyroid Eye Disease (TED)",ClinicalTrials.gov,2026-09-10 registry cut,2026,https://clinicaltrials.gov/study/NCT05683496,NA (no DOI),NCT05683496,official trial registry,A1 official registry,Frozen full protocol record; no posted results at data cut,Yes (canonical frozen JSON record plus deterministic trial-table row locator),frozen_trial_registry_documents_v2.jsonl::trial_id=NCT05683496; document_id=CTGOV-NCT05683496-CUT-2026-09-10,2026-09-10 frozen registry cut,Controls trial protocol/status and posted registry results for this release; no cross-trial efficacy ranking.,"ClinicalTrials.gov. A Phase 1/2, Adaptive, Multiple Dose Ranging Study Evaluating the Safety, Tolerability, Pharmacokinetics, and Clinical Efficacy of Lonigutamab in Subjects With Thyroid Eye Disease (TED). NCT05683496. Frozen record at 2026-09-10. https://clinicaltrials.gov/study/NCT05683496",2026-09-10,2.0.0
841,v2_frozen_registry_record,A Multiple Ascending Doses Study of ZB001 in Chinese Patients With Thyroid-Associated Ophthalmopathy,ClinicalTrials.gov,2026-09-10 registry cut,2026,https://clinicaltrials.gov/study/NCT05776121,NA (no DOI),NCT05776121,official trial registry,A1 official registry,Frozen full protocol record; no posted results at data cut,Yes (canonical frozen JSON record plus deterministic trial-table row locator),frozen_trial_registry_documents_v2.jsonl::trial_id=NCT05776121; document_id=CTGOV-NCT05776121-CUT-2026-09-10,2026-09-10 frozen registry cut,Controls trial protocol/status and posted registry results for this release; no cross-trial efficacy ranking.,ClinicalTrials.gov. A Multiple Ascending Doses Study of ZB001 in Chinese Patients With Thyroid-Associated Ophthalmopathy. NCT05776121. Frozen record at 2026-09-10. https://clinicaltrials.gov/study/NCT05776121,2026-09-10,2.0.0
842,v2_frozen_registry_record,"A Multicenter, Randomized, Double-masked, Placebo-controlled Phase II/III Study Evaluating the Efficacy and Safety of IBI311 in Subjects With Active Thyroid Eye Disease",ClinicalTrials.gov,2026-09-10 registry cut,2026,https://clinicaltrials.gov/study/NCT05795621,NA (no DOI),NCT05795621,official trial registry,A1 official registry,Frozen full protocol record; no posted results at data cut,Yes (canonical frozen JSON record plus deterministic trial-table row locator),frozen_trial_registry_documents_v2.jsonl::trial_id=NCT05795621; document_id=CTGOV-NCT05795621-CUT-2026-09-10,2026-09-10 frozen registry cut,Controls trial protocol/status and posted registry results for this release; no cross-trial efficacy ranking.,"ClinicalTrials.gov. A Multicenter, Randomized, Double-masked, Placebo-controlled Phase II/III Study Evaluating the Efficacy and Safety of IBI311 in Subjects With Active Thyroid Eye Disease. NCT05795621. Frozen record at 2026-09-10. https://clinicaltrials.gov/study/NCT05795621",2026-09-10,2.0.0
843,v2_frozen_registry_record,"IMVT-1401-2501: A Proof-of-Concept, Open-label Study to Assess the Safety and Efficacy of Batoclimab in Participants With Graves' Disease (GD)",ClinicalTrials.gov,2026-09-10 registry cut,2026,https://clinicaltrials.gov/study/NCT05907668,NA (no DOI),NCT05907668,official trial registry,A1 official registry,Frozen full protocol and posted-results record,Yes (canonical frozen JSON record plus deterministic trial-table row locator),frozen_trial_registry_documents_v2.jsonl::trial_id=NCT05907668; document_id=CTGOV-NCT05907668-CUT-2026-09-10,2026-09-10 frozen registry cut,Controls trial protocol/status and posted registry results for this release; no cross-trial efficacy ranking.,"ClinicalTrials.gov. IMVT-1401-2501: A Proof-of-Concept, Open-label Study to Assess the Safety and Efficacy of Batoclimab in Participants With Graves' Disease (GD). NCT05907668. Frozen record at 2026-09-10. https://clinicaltrials.gov/study/NCT05907668",2026-09-10,2.0.0
844,v2_frozen_registry_record,"A Phase III, Randomized, Double-Masked, Placebo-Controlled, Multicenter Study to Evaluate the Efficacy, Safety, Pharmacokinetics, and Pharmacodynamics of Satralizumab in Participants With Moderate-to-Severe Thyroid Eye Disease",ClinicalTrials.gov,2026-09-10 registry cut,2026,https://clinicaltrials.gov/study/NCT05987423,NA (no DOI),NCT05987423,official trial registry,A1 official registry,Frozen full protocol and posted-results record,Yes (canonical frozen JSON record plus deterministic trial-table row locator),frozen_trial_registry_documents_v2.jsonl::trial_id=NCT05987423; document_id=CTGOV-NCT05987423-CUT-2026-09-10,2026-09-10 frozen registry cut,Controls trial protocol/status and posted registry results for this release; no cross-trial efficacy ranking.,"ClinicalTrials.gov. A Phase III, Randomized, Double-Masked, Placebo-Controlled, Multicenter Study to Evaluate the Efficacy, Safety, Pharmacokinetics, and Pharmacodynamics of Satralizumab in Participants With Moderate-to-Severe Thyroid Eye Disease. NCT05987423. Frozen record at 2026-09-10. https://clinicaltrials.gov/study/NCT05987423",2026-09-10,2.0.0
845,v2_frozen_registry_record,"A Randomized, Double-masked, Placebo-controlled Safety, Tolerability, and Efficacy Study of VRDN-001, a Humanized Monoclonal Antibody Directed Against the IGF-1 Receptor, in Participants With Chronic Thyroid Eye Disease (TED)",ClinicalTrials.gov,2026-09-10 registry cut,2026,https://clinicaltrials.gov/study/NCT06021054,NA (no DOI),NCT06021054,official trial registry,A1 official registry,Frozen full protocol and posted-results record,Yes (canonical frozen JSON record plus deterministic trial-table row locator),frozen_trial_registry_documents_v2.jsonl::trial_id=NCT06021054; document_id=CTGOV-NCT06021054-CUT-2026-09-10,2026-09-10 frozen registry cut,Controls trial protocol/status and posted registry results for this release; no cross-trial efficacy ranking.,"ClinicalTrials.gov. A Randomized, Double-masked, Placebo-controlled Safety, Tolerability, and Efficacy Study of VRDN-001, a Humanized Monoclonal Antibody Directed Against the IGF-1 Receptor, in Participants With Chronic Thyroid Eye Disease (TED). NCT06021054. Frozen record at 2026-09-10. https://clinicaltrials.gov/study/NCT06021054",2026-09-10,2.0.0
846,v2_frozen_registry_record,"The Efficacy and Safety of Combining Mycophenolate Mofetil With Methimazole on Remission of Newly Diagnosis Graves' Disease (3M-RGD Trial): an Open-label, Randomized Trial",ClinicalTrials.gov,2026-09-10 registry cut,2026,https://clinicaltrials.gov/study/NCT06068179,NA (no DOI),NCT06068179,official trial registry,A1 official registry,Frozen full protocol record; no posted results at data cut,Yes (canonical frozen JSON record plus deterministic trial-table row locator),frozen_trial_registry_documents_v2.jsonl::trial_id=NCT06068179; document_id=CTGOV-NCT06068179-CUT-2026-09-10,2026-09-10 frozen registry cut,Controls trial protocol/status and posted registry results for this release; no cross-trial efficacy ranking.,"ClinicalTrials.gov. The Efficacy and Safety of Combining Mycophenolate Mofetil With Methimazole on Remission of Newly Diagnosis Graves' Disease (3M-RGD Trial): an Open-label, Randomized Trial. NCT06068179. Frozen record at 2026-09-10. https://clinicaltrials.gov/study/NCT06068179",2026-09-10,2.0.0
847,v2_frozen_registry_record,Efficacy and Safety of Tocilizumab for Patients With Thyroid-associated Ophthalmopathy,ClinicalTrials.gov,2026-09-10 registry cut,2026,https://clinicaltrials.gov/study/NCT06087731,NA (no DOI),NCT06087731,official trial registry,A1 official registry,Frozen full protocol record; no posted results at data cut,Yes (canonical frozen JSON record plus deterministic trial-table row locator),frozen_trial_registry_documents_v2.jsonl::trial_id=NCT06087731; document_id=CTGOV-NCT06087731-CUT-2026-09-10,2026-09-10 frozen registry cut,Controls trial protocol/status and posted registry results for this release; no cross-trial efficacy ranking.,ClinicalTrials.gov. Efficacy and Safety of Tocilizumab for Patients With Thyroid-associated Ophthalmopathy. NCT06087731. Frozen record at 2026-09-10. https://clinicaltrials.gov/study/NCT06087731,2026-09-10,2.0.0
848,v2_frozen_registry_record,"A Multicenter Phase 2b Randomized, Double-Masked, Placebo-Controlled Dose-Ranging Study of TOUR006 in Participants With Thyroid Eye Disease",ClinicalTrials.gov,2026-09-10 registry cut,2026,https://clinicaltrials.gov/study/NCT06088979,NA (no DOI),NCT06088979,official trial registry,A1 official registry,Frozen full protocol record; no posted results at data cut,Yes (canonical frozen JSON record plus deterministic trial-table row locator),frozen_trial_registry_documents_v2.jsonl::trial_id=NCT06088979; document_id=CTGOV-NCT06088979-CUT-2026-09-10,2026-09-10 frozen registry cut,Controls trial protocol/status and posted registry results for this release; no cross-trial efficacy ranking.,"ClinicalTrials.gov. A Multicenter Phase 2b Randomized, Double-Masked, Placebo-Controlled Dose-Ranging Study of TOUR006 in Participants With Thyroid Eye Disease. NCT06088979. Frozen record at 2026-09-10. https://clinicaltrials.gov/study/NCT06088979",2026-09-10,2.0.0
849,v2_frozen_registry_record,"A Phase III, Randomized, Double-Masked, Placebo-Controlled, Multicenter Study to Evaluate the Efficacy, Safety, Pharmacokinetics, and Pharmacodynamics of Satralizumab in Participants With Moderate-to-Severe Thyroid Eye Disease",ClinicalTrials.gov,2026-09-10 registry cut,2026,https://clinicaltrials.gov/study/NCT06106828,NA (no DOI),NCT06106828,official trial registry,A1 official registry,Frozen full protocol and posted-results record,Yes (canonical frozen JSON record plus deterministic trial-table row locator),frozen_trial_registry_documents_v2.jsonl::trial_id=NCT06106828; document_id=CTGOV-NCT06106828-CUT-2026-09-10,2026-09-10 frozen registry cut,Controls trial protocol/status and posted registry results for this release; no cross-trial efficacy ranking.,"ClinicalTrials.gov. A Phase III, Randomized, Double-Masked, Placebo-Controlled, Multicenter Study to Evaluate the Efficacy, Safety, Pharmacokinetics, and Pharmacodynamics of Satralizumab in Participants With Moderate-to-Severe Thyroid Eye Disease. NCT06106828. Frozen record at 2026-09-10. https://clinicaltrials.gov/study/NCT06106828",2026-09-10,2.0.0
850,v2_frozen_registry_record,"A Multicenter, Extension Study to Evaluate the Efficacy, Safety, Pharmacokinetics, and Pharmacodynamics of Two Doses of Linsitinib in Subjects With Active, Moderate to Severe Thyroid Eye Disease (TED)",ClinicalTrials.gov,2026-09-10 registry cut,2026,https://clinicaltrials.gov/study/NCT06112340,NA (no DOI),NCT06112340,official trial registry,A1 official registry,Frozen full protocol record; no posted results at data cut,Yes (canonical frozen JSON record plus deterministic trial-table row locator),frozen_trial_registry_documents_v2.jsonl::trial_id=NCT06112340; document_id=CTGOV-NCT06112340-CUT-2026-09-10,2026-09-10 frozen registry cut,Controls trial protocol/status and posted registry results for this release; no cross-trial efficacy ranking.,"ClinicalTrials.gov. A Multicenter, Extension Study to Evaluate the Efficacy, Safety, Pharmacokinetics, and Pharmacodynamics of Two Doses of Linsitinib in Subjects With Active, Moderate to Severe Thyroid Eye Disease (TED). NCT06112340. Frozen record at 2026-09-10. https://clinicaltrials.gov/study/NCT06112340",2026-09-10,2.0.0
851,v2_frozen_registry_record,"A Multicenter, Open-label Extension Study Evaluating the Efficacy and Safety of IBI311 in Subjects With Thyroid Eye Disease",ClinicalTrials.gov,2026-09-10 registry cut,2026,https://clinicaltrials.gov/study/NCT06126783,NA (no DOI),NCT06126783,official trial registry,A1 official registry,Frozen full protocol record; no posted results at data cut,Yes (canonical frozen JSON record plus deterministic trial-table row locator),frozen_trial_registry_documents_v2.jsonl::trial_id=NCT06126783; document_id=CTGOV-NCT06126783-CUT-2026-09-10,2026-09-10 frozen registry cut,Controls trial protocol/status and posted registry results for this release; no cross-trial efficacy ranking.,"ClinicalTrials.gov. A Multicenter, Open-label Extension Study Evaluating the Efficacy and Safety of IBI311 in Subjects With Thyroid Eye Disease. NCT06126783. Frozen record at 2026-09-10. https://clinicaltrials.gov/study/NCT06126783",2026-09-10,2.0.0
852,v2_frozen_registry_record,An Open-label Study for Participants Who Are Non-responders at the End of Treatment Assessment on the VRDN-001-101 and VRDN-001-301 Pivotal Studies,ClinicalTrials.gov,2026-09-10 registry cut,2026,https://clinicaltrials.gov/study/NCT06179875,NA (no DOI),NCT06179875,official trial registry,A1 official registry,Frozen full protocol and posted-results record,Yes (canonical frozen JSON record plus deterministic trial-table row locator),frozen_trial_registry_documents_v2.jsonl::trial_id=NCT06179875; document_id=CTGOV-NCT06179875-CUT-2026-09-10,2026-09-10 frozen registry cut,Controls trial protocol/status and posted registry results for this release; no cross-trial efficacy ranking.,ClinicalTrials.gov. An Open-label Study for Participants Who Are Non-responders at the End of Treatment Assessment on the VRDN-001-101 and VRDN-001-301 Pivotal Studies. NCT06179875. Frozen record at 2026-09-10. https://clinicaltrials.gov/study/NCT06179875,2026-09-10,2.0.0
853,v2_frozen_registry_record,"A Phase 2, Proof-of-Concept, Randomized, Double-Masked, Placebo-Controlled Study to Determine the Efficacy and Safety of LASN01 in Patients With Thyroid Eye Disease",ClinicalTrials.gov,2026-09-10 registry cut,2026,https://clinicaltrials.gov/study/NCT06226545,NA (no DOI),NCT06226545,official trial registry,A1 official registry,Frozen full protocol and posted-results record,Yes (canonical frozen JSON record plus deterministic trial-table row locator),frozen_trial_registry_documents_v2.jsonl::trial_id=NCT06226545; document_id=CTGOV-NCT06226545-CUT-2026-09-10,2026-09-10 frozen registry cut,Controls trial protocol/status and posted registry results for this release; no cross-trial efficacy ranking.,"ClinicalTrials.gov. A Phase 2, Proof-of-Concept, Randomized, Double-Masked, Placebo-Controlled Study to Determine the Efficacy and Safety of LASN01 in Patients With Thyroid Eye Disease. NCT06226545. Frozen record at 2026-09-10. https://clinicaltrials.gov/study/NCT06226545",2026-09-10,2.0.0
854,v2_frozen_registry_record,"A Double-blind, Placebo-controlled, Phase 2 Dose-range Study to Assess the Efficacy and Safety of WP1302 in Preventing Disease Relapse Following Methimazole Withdrawal in Subjects With Graves' Disease",ClinicalTrials.gov,2026-09-10 registry cut,2026,https://clinicaltrials.gov/study/NCT06240455,NA (no DOI),NCT06240455,official trial registry,A1 official registry,Frozen full protocol record; no posted results at data cut,Yes (canonical frozen JSON record plus deterministic trial-table row locator),frozen_trial_registry_documents_v2.jsonl::trial_id=NCT06240455; document_id=CTGOV-NCT06240455-CUT-2026-09-10,2026-09-10 frozen registry cut,Controls trial protocol/status and posted registry results for this release; no cross-trial efficacy ranking.,"ClinicalTrials.gov. A Double-blind, Placebo-controlled, Phase 2 Dose-range Study to Assess the Efficacy and Safety of WP1302 in Preventing Disease Relapse Following Methimazole Withdrawal in Subjects With Graves' Disease. NCT06240455. Frozen record at 2026-09-10. https://clinicaltrials.gov/study/NCT06240455",2026-09-10,2.0.0
855,v2_frozen_registry_record,"A Phase 3, Randomized, Double-masked, Placebo-controlled, Parallel-group, Multicenter Trial to Evaluate the Efficacy, Safety and Tolerability of Subcutaneous Teprotumumab in Participants With Moderate-to-Severe Active Thyroid Eye Disease",ClinicalTrials.gov,2026-09-10 registry cut,2026,https://clinicaltrials.gov/study/NCT06248619,NA (no DOI),NCT06248619,official trial registry,A1 official registry,Frozen full protocol record; no posted results at data cut,Yes (canonical frozen JSON record plus deterministic trial-table row locator),frozen_trial_registry_documents_v2.jsonl::trial_id=NCT06248619; document_id=CTGOV-NCT06248619-CUT-2026-09-10,2026-09-10 frozen registry cut,Controls trial protocol/status and posted registry results for this release; no cross-trial efficacy ranking.,"ClinicalTrials.gov. A Phase 3, Randomized, Double-masked, Placebo-controlled, Parallel-group, Multicenter Trial to Evaluate the Efficacy, Safety and Tolerability of Subcutaneous Teprotumumab in Participants With Moderate-to-Severe Active Thyroid Eye Disease. NCT06248619. Frozen record at 2026-09-10. https://clinicaltrials.gov/study/NCT06248619",2026-09-10,2.0.0
856,v2_frozen_registry_record,"An Exploratory Study of the Efficacy and Safety of IBI311, a Modified Anti-IGF-1R Antibody, in Patients With Steroid-resistant, Thyroid Associated Ophthalmopathy",ClinicalTrials.gov,2026-09-10 registry cut,2026,https://clinicaltrials.gov/study/NCT06269393,NA (no DOI),NCT06269393,official trial registry,A1 official registry,Frozen full protocol record; no posted results at data cut,Yes (canonical frozen JSON record plus deterministic trial-table row locator),frozen_trial_registry_documents_v2.jsonl::trial_id=NCT06269393; document_id=CTGOV-NCT06269393-CUT-2026-09-10,2026-09-10 frozen registry cut,Controls trial protocol/status and posted registry results for this release; no cross-trial efficacy ranking.,"ClinicalTrials.gov. An Exploratory Study of the Efficacy and Safety of IBI311, a Modified Anti-IGF-1R Antibody, in Patients With Steroid-resistant, Thyroid Associated Ophthalmopathy. NCT06269393. Frozen record at 2026-09-10. https://clinicaltrials.gov/study/NCT06269393",2026-09-10,2.0.0
857,v2_frozen_registry_record,"A Phase 3, Randomized, Double-Masked, Placebo-Controlled, Multicenter Study to Evaluate the Efficacy, Safety, Tolerability, Pharmacokinetics, Pharmacodynamics, and Immunogenicity of Efgartigimod PH20 SC Administered by Prefilled Syringe in Adult Participants With Thyroid Eye Disease",ClinicalTrials.gov,2026-09-10 registry cut,2026,https://clinicaltrials.gov/study/NCT06307613,NA (no DOI),NCT06307613,official trial registry,A1 official registry,Frozen full protocol record; no posted results at data cut,Yes (canonical frozen JSON record plus deterministic trial-table row locator),frozen_trial_registry_documents_v2.jsonl::trial_id=NCT06307613; document_id=CTGOV-NCT06307613-CUT-2026-09-10,2026-09-10 frozen registry cut,Controls trial protocol/status and posted registry results for this release; no cross-trial efficacy ranking.,"ClinicalTrials.gov. A Phase 3, Randomized, Double-Masked, Placebo-Controlled, Multicenter Study to Evaluate the Efficacy, Safety, Tolerability, Pharmacokinetics, Pharmacodynamics, and Immunogenicity of Efgartigimod PH20 SC Administered by Prefilled Syringe in Adult Participants With Thyroid Eye Disease. NCT06307613. Frozen record at 2026-09-10. https://clinicaltrials.gov/study/NCT06307613",2026-09-10,2.0.0
858,v2_frozen_registry_record,"A Phase 3, Randomized, Double-Masked, Placebo-Controlled, Multicenter Study to Evaluate the Efficacy, Safety, Tolerability, Pharmacokinetics, Pharmacodynamics, and Immunogenicity of Efgartigimod PH20 SC Administered by Prefilled Syringe in Adult Participants With Thyroid Eye Disease",ClinicalTrials.gov,2026-09-10 registry cut,2026,https://clinicaltrials.gov/study/NCT06307626,NA (no DOI),NCT06307626,official trial registry,A1 official registry,Frozen full protocol record; no posted results at data cut,Yes (canonical frozen JSON record plus deterministic trial-table row locator),frozen_trial_registry_documents_v2.jsonl::trial_id=NCT06307626; document_id=CTGOV-NCT06307626-CUT-2026-09-10,2026-09-10 frozen registry cut,Controls trial protocol/status and posted registry results for this release; no cross-trial efficacy ranking.,"ClinicalTrials.gov. A Phase 3, Randomized, Double-Masked, Placebo-Controlled, Multicenter Study to Evaluate the Efficacy, Safety, Tolerability, Pharmacokinetics, Pharmacodynamics, and Immunogenicity of Efgartigimod PH20 SC Administered by Prefilled Syringe in Adult Participants With Thyroid Eye Disease. NCT06307626. Frozen record at 2026-09-10. https://clinicaltrials.gov/study/NCT06307626",2026-09-10,2.0.0
859,v2_frozen_registry_record,"A Randomized, Controlled, Safety and Tolerability Study of VRDN-001, a Humanized Monoclonal Antibody Directed Against the IGF-1 Receptor, in Participants With Thyroid Eye Disease (TED)",ClinicalTrials.gov,2026-09-10 registry cut,2026,https://clinicaltrials.gov/study/NCT06384547,NA (no DOI),NCT06384547,official trial registry,A1 official registry,Frozen full protocol and posted-results record,Yes (canonical frozen JSON record plus deterministic trial-table row locator),frozen_trial_registry_documents_v2.jsonl::trial_id=NCT06384547; document_id=CTGOV-NCT06384547-CUT-2026-09-10,2026-09-10 frozen registry cut,Controls trial protocol/status and posted registry results for this release; no cross-trial efficacy ranking.,"ClinicalTrials.gov. A Randomized, Controlled, Safety and Tolerability Study of VRDN-001, a Humanized Monoclonal Antibody Directed Against the IGF-1 Receptor, in Participants With Thyroid Eye Disease (TED). NCT06384547. Frozen record at 2026-09-10. https://clinicaltrials.gov/study/NCT06384547",2026-09-10,2.0.0
860,v2_frozen_registry_record,"A Phase 1b, Open-label, Multicenter Trial to Evaluate the Pharmacokinetics, Safety, and Tolerability of Two Formulations of a Single Subcutaneous Dose of Teprotumumab Followed by Multiple Intravenous Doses of TEPEZZA in Participants With Thyroid Eye Disease",ClinicalTrials.gov,2026-09-10 registry cut,2026,https://clinicaltrials.gov/study/NCT06389578,NA (no DOI),NCT06389578,official trial registry,A1 official registry,Frozen full protocol record; no posted results at data cut,Yes (canonical frozen JSON record plus deterministic trial-table row locator),frozen_trial_registry_documents_v2.jsonl::trial_id=NCT06389578; document_id=CTGOV-NCT06389578-CUT-2026-09-10,2026-09-10 frozen registry cut,Controls trial protocol/status and posted registry results for this release; no cross-trial efficacy ranking.,"ClinicalTrials.gov. A Phase 1b, Open-label, Multicenter Trial to Evaluate the Pharmacokinetics, Safety, and Tolerability of Two Formulations of a Single Subcutaneous Dose of Teprotumumab Followed by Multiple Intravenous Doses of TEPEZZA in Participants With Thyroid Eye Disease. NCT06389578. Frozen record at 2026-09-10. https://clinicaltrials.gov/study/NCT06389578",2026-09-10,2.0.0
861,v2_frozen_registry_record,Orbital Radiotherapy in Grave's Ophthalmopathy 1 Week vs 2 Weeks: A Phase II Randomized Controlled Trial (OraGO-1 Trial),ClinicalTrials.gov,2026-09-10 registry cut,2026,https://clinicaltrials.gov/study/NCT06392906,NA (no DOI),NCT06392906,official trial registry,A1 official registry,Frozen full protocol record; no posted results at data cut,Yes (canonical frozen JSON record plus deterministic trial-table row locator),frozen_trial_registry_documents_v2.jsonl::trial_id=NCT06392906; document_id=CTGOV-NCT06392906-CUT-2026-09-10,2026-09-10 frozen registry cut,Controls trial protocol/status and posted registry results for this release; no cross-trial efficacy ranking.,ClinicalTrials.gov. Orbital Radiotherapy in Grave's Ophthalmopathy 1 Week vs 2 Weeks: A Phase II Randomized Controlled Trial (OraGO-1 Trial). NCT06392906. Frozen record at 2026-09-10. https://clinicaltrials.gov/study/NCT06392906,2026-09-10,2.0.0
862,v2_frozen_registry_record,"A Phase 1/2, Randomized, Double-Masked, Placebo-Controlled, Multicenter Study to Assess the Safety, Pharmacokinetics, and Efficacy of AMG 732 in Healthy Subjects and Subjects With Moderate-to-Severe Active Thyroid Eye Disease",ClinicalTrials.gov,2026-09-10 registry cut,2026,https://clinicaltrials.gov/study/NCT06401044,NA (no DOI),NCT06401044,official trial registry,A1 official registry,Frozen full protocol record; no posted results at data cut,Yes (canonical frozen JSON record plus deterministic trial-table row locator),frozen_trial_registry_documents_v2.jsonl::trial_id=NCT06401044; document_id=CTGOV-NCT06401044-CUT-2026-09-10,2026-09-10 frozen registry cut,Controls trial protocol/status and posted registry results for this release; no cross-trial efficacy ranking.,"ClinicalTrials.gov. A Phase 1/2, Randomized, Double-Masked, Placebo-Controlled, Multicenter Study to Assess the Safety, Pharmacokinetics, and Efficacy of AMG 732 in Healthy Subjects and Subjects With Moderate-to-Severe Active Thyroid Eye Disease. NCT06401044. Frozen record at 2026-09-10. https://clinicaltrials.gov/study/NCT06401044",2026-09-10,2.0.0
863,v2_frozen_registry_record,Study on Efficacy of Add on Selenium in Mild-to-moderate Graves Ophthalmopathy: A Randomized Control Trial,ClinicalTrials.gov,2026-09-10 registry cut,2026,https://clinicaltrials.gov/study/NCT06413043,NA (no DOI),NCT06413043,official trial registry,A1 official registry,Frozen full protocol record; no posted results at data cut,Yes (canonical frozen JSON record plus deterministic trial-table row locator),frozen_trial_registry_documents_v2.jsonl::trial_id=NCT06413043; document_id=CTGOV-NCT06413043-CUT-2026-09-10,2026-09-10 frozen registry cut,Controls trial protocol/status and posted registry results for this release; no cross-trial efficacy ranking.,ClinicalTrials.gov. Study on Efficacy of Add on Selenium in Mild-to-moderate Graves Ophthalmopathy: A Randomized Control Trial. NCT06413043. Frozen record at 2026-09-10. https://clinicaltrials.gov/study/NCT06413043,2026-09-10,2.0.0
864,v2_frozen_registry_record,Evaluation of K9 in Subjects With Thyroid Eye Disease (TED),ClinicalTrials.gov,2026-09-10 registry cut,2026,https://clinicaltrials.gov/study/NCT06467435,NA (no DOI),NCT06467435,official trial registry,A1 official registry,Frozen full protocol record; no posted results at data cut,Yes (canonical frozen JSON record plus deterministic trial-table row locator),frozen_trial_registry_documents_v2.jsonl::trial_id=NCT06467435; document_id=CTGOV-NCT06467435-CUT-2026-09-10,2026-09-10 frozen registry cut,Controls trial protocol/status and posted registry results for this release; no cross-trial efficacy ranking.,ClinicalTrials.gov. Evaluation of K9 in Subjects With Thyroid Eye Disease (TED). NCT06467435. Frozen record at 2026-09-10. https://clinicaltrials.gov/study/NCT06467435,2026-09-10,2.0.0
865,v2_frozen_registry_record,Comparison of Two Intravenous Methylprednisolone Protocols in Patients With Graves Orbitopathy: a Randomized Clinical Trial,ClinicalTrials.gov,2026-09-10 registry cut,2026,https://clinicaltrials.gov/study/NCT06510114,NA (no DOI),NCT06510114,official trial registry,A1 official registry,Frozen full protocol record; no posted results at data cut,Yes (canonical frozen JSON record plus deterministic trial-table row locator),frozen_trial_registry_documents_v2.jsonl::trial_id=NCT06510114; document_id=CTGOV-NCT06510114-CUT-2026-09-10,2026-09-10 frozen registry cut,Controls trial protocol/status and posted registry results for this release; no cross-trial efficacy ranking.,ClinicalTrials.gov. Comparison of Two Intravenous Methylprednisolone Protocols in Patients With Graves Orbitopathy: a Randomized Clinical Trial. NCT06510114. Frozen record at 2026-09-10. https://clinicaltrials.gov/study/NCT06510114,2026-09-10,2.0.0
866,v2_frozen_registry_record,"A Multicenter, Randomized, Double-Masked Phase II Study Evaluating the Efficacy and Safety of IBI311 in Subjects With Inactive or Active Thyroid Eye Disease",ClinicalTrials.gov,2026-09-10 registry cut,2026,https://clinicaltrials.gov/study/NCT06525506,NA (no DOI),NCT06525506,official trial registry,A1 official registry,Frozen full protocol record; no posted results at data cut,Yes (canonical frozen JSON record plus deterministic trial-table row locator),frozen_trial_registry_documents_v2.jsonl::trial_id=NCT06525506; document_id=CTGOV-NCT06525506-CUT-2026-09-10,2026-09-10 frozen registry cut,Controls trial protocol/status and posted registry results for this release; no cross-trial efficacy ranking.,"ClinicalTrials.gov. A Multicenter, Randomized, Double-Masked Phase II Study Evaluating the Efficacy and Safety of IBI311 in Subjects With Inactive or Active Thyroid Eye Disease. NCT06525506. Frozen record at 2026-09-10. https://clinicaltrials.gov/study/NCT06525506",2026-09-10,2.0.0
867,v2_frozen_registry_record,Effects of Optimal Iodine Supplementation in Anti-thyroid Drug Therapy for Graves' Hyperthyroidism: a Prospective Randomized Controlled Trial,ClinicalTrials.gov,2026-09-10 registry cut,2026,https://clinicaltrials.gov/study/NCT06540469,NA (no DOI),NCT06540469,official trial registry,A1 official registry,Frozen full protocol record; no posted results at data cut,Yes (canonical frozen JSON record plus deterministic trial-table row locator),frozen_trial_registry_documents_v2.jsonl::trial_id=NCT06540469; document_id=CTGOV-NCT06540469-CUT-2026-09-10,2026-09-10 frozen registry cut,Controls trial protocol/status and posted registry results for this release; no cross-trial efficacy ranking.,ClinicalTrials.gov. Effects of Optimal Iodine Supplementation in Anti-thyroid Drug Therapy for Graves' Hyperthyroidism: a Prospective Randomized Controlled Trial. NCT06540469. Frozen record at 2026-09-10. https://clinicaltrials.gov/study/NCT06540469,2026-09-10,2.0.0
868,v2_frozen_registry_record,"Interventional, Open-label, Single-group, Long-term Follow-up Trial of Lu AG22515 in Patients With Moderate-to-severe Thyroid Eye Disease",ClinicalTrials.gov,2026-09-10 registry cut,2026,https://clinicaltrials.gov/study/NCT06557850,NA (no DOI),NCT06557850,official trial registry,A1 official registry,Frozen full protocol record; no posted results at data cut,Yes (canonical frozen JSON record plus deterministic trial-table row locator),frozen_trial_registry_documents_v2.jsonl::trial_id=NCT06557850; document_id=CTGOV-NCT06557850-CUT-2026-09-10,2026-09-10 frozen registry cut,Controls trial protocol/status and posted registry results for this release; no cross-trial efficacy ranking.,"ClinicalTrials.gov. Interventional, Open-label, Single-group, Long-term Follow-up Trial of Lu AG22515 in Patients With Moderate-to-severe Thyroid Eye Disease. NCT06557850. Frozen record at 2026-09-10. https://clinicaltrials.gov/study/NCT06557850",2026-09-10,2.0.0
869,v2_frozen_registry_record,"A Phase 1, Open-Label, Single Ascending Dose Study to Evaluate the Safety, Tolerability, and Pharmacokinetics of TEPEZZA Subcutaneous Administration in Healthy Adult Subjects",ClinicalTrials.gov,2026-09-10 registry cut,2026,https://clinicaltrials.gov/study/NCT06563856,NA (no DOI),NCT06563856,official trial registry,A1 official registry,Frozen full protocol record; no posted results at data cut,Yes (canonical frozen JSON record plus deterministic trial-table row locator),frozen_trial_registry_documents_v2.jsonl::trial_id=NCT06563856; document_id=CTGOV-NCT06563856-CUT-2026-09-10,2026-09-10 frozen registry cut,Controls trial protocol/status and posted registry results for this release; no cross-trial efficacy ranking.,"ClinicalTrials.gov. A Phase 1, Open-Label, Single Ascending Dose Study to Evaluate the Safety, Tolerability, and Pharmacokinetics of TEPEZZA Subcutaneous Administration in Healthy Adult Subjects. NCT06563856. Frozen record at 2026-09-10. https://clinicaltrials.gov/study/NCT06563856",2026-09-10,2.0.0
870,v2_frozen_registry_record,"A Phase 1 Clinical Study to Evaluate the Safety, Tolerability, Pharmacokinetics, and Pharmacodynamics of Single and Multiple Ascending Subcutaneous Doses of GenSci098 in TED Patients",ClinicalTrials.gov,2026-09-10 registry cut,2026,https://clinicaltrials.gov/study/NCT06569758,NA (no DOI),NCT06569758,official trial registry,A1 official registry,Frozen full protocol record; no posted results at data cut,Yes (canonical frozen JSON record plus deterministic trial-table row locator),frozen_trial_registry_documents_v2.jsonl::trial_id=NCT06569758; document_id=CTGOV-NCT06569758-CUT-2026-09-10,2026-09-10 frozen registry cut,Controls trial protocol/status and posted registry results for this release; no cross-trial efficacy ranking.,"ClinicalTrials.gov. A Phase 1 Clinical Study to Evaluate the Safety, Tolerability, Pharmacokinetics, and Pharmacodynamics of Single and Multiple Ascending Subcutaneous Doses of GenSci098 in TED Patients. NCT06569758. Frozen record at 2026-09-10. https://clinicaltrials.gov/study/NCT06569758",2026-09-10,2.0.0
871,v2_frozen_registry_record,"REVEAL-2 - A Phase 3, Randomized, Double-masked, Placebo-controlled, Efficacy, Safety, and Tolerability Study of VRDN-003 in Participants With Chronic Thyroid Eye Disease (TED)",ClinicalTrials.gov,2026-09-10 registry cut,2026,https://clinicaltrials.gov/study/NCT06625398,NA (no DOI),NCT06625398,official trial registry,A1 official registry,Frozen full protocol record; no posted results at data cut,Yes (canonical frozen JSON record plus deterministic trial-table row locator),frozen_trial_registry_documents_v2.jsonl::trial_id=NCT06625398; document_id=CTGOV-NCT06625398-CUT-2026-09-10,2026-09-10 frozen registry cut,Controls trial protocol/status and posted registry results for this release; no cross-trial efficacy ranking.,"ClinicalTrials.gov. REVEAL-2 - A Phase 3, Randomized, Double-masked, Placebo-controlled, Efficacy, Safety, and Tolerability Study of VRDN-003 in Participants With Chronic Thyroid Eye Disease (TED). NCT06625398. Frozen record at 2026-09-10. https://clinicaltrials.gov/study/NCT06625398",2026-09-10,2.0.0
872,v2_frozen_registry_record,"REVEAL-1 - A Phase 3, Randomized, Double-masked, Placebo-controlled, Efficacy, Safety, and Tolerability Study of VRDN-003 in Participants With Active Thyroid Eye Disease (TED)",ClinicalTrials.gov,2026-09-10 registry cut,2026,https://clinicaltrials.gov/study/NCT06625411,NA (no DOI),NCT06625411,official trial registry,A1 official registry,Frozen full protocol record; no posted results at data cut,Yes (canonical frozen JSON record plus deterministic trial-table row locator),frozen_trial_registry_documents_v2.jsonl::trial_id=NCT06625411; document_id=CTGOV-NCT06625411-CUT-2026-09-10,2026-09-10 frozen registry cut,Controls trial protocol/status and posted registry results for this release; no cross-trial efficacy ranking.,"ClinicalTrials.gov. REVEAL-1 - A Phase 3, Randomized, Double-masked, Placebo-controlled, Efficacy, Safety, and Tolerability Study of VRDN-003 in Participants With Active Thyroid Eye Disease (TED). NCT06625411. Frozen record at 2026-09-10. https://clinicaltrials.gov/study/NCT06625411",2026-09-10,2.0.0
873,v2_frozen_registry_record,"A Phase 1, Open-label, Single-dose Trial to Evaluate the Pharmacokinetics, Safety and Tolerability of Teprotumumab (High-concentration Formulation) Subcutaneous Administration in Healthy Adult Non-Japanese and Japanese Volunteers",ClinicalTrials.gov,2026-09-10 registry cut,2026,https://clinicaltrials.gov/study/NCT06674941,NA (no DOI),NCT06674941,official trial registry,A1 official registry,Frozen full protocol record; no posted results at data cut,Yes (canonical frozen JSON record plus deterministic trial-table row locator),frozen_trial_registry_documents_v2.jsonl::trial_id=NCT06674941; document_id=CTGOV-NCT06674941-CUT-2026-09-10,2026-09-10 frozen registry cut,Controls trial protocol/status and posted registry results for this release; no cross-trial efficacy ranking.,"ClinicalTrials.gov. A Phase 1, Open-label, Single-dose Trial to Evaluate the Pharmacokinetics, Safety and Tolerability of Teprotumumab (High-concentration Formulation) Subcutaneous Administration in Healthy Adult Non-Japanese and Japanese Volunteers. NCT06674941. Frozen record at 2026-09-10. https://clinicaltrials.gov/study/NCT06674941",2026-09-10,2.0.0
874,v2_frozen_registry_record,"A Prospective, Multicenter, Randomized Controlled Clinical Study on the Efficacy and Safety of Different Methylprednisolone Pulse Therapy Regimens for the Treatment of Graves' Ophthalmopathy",ClinicalTrials.gov,2026-09-10 registry cut,2026,https://clinicaltrials.gov/study/NCT06693856,NA (no DOI),NCT06693856,official trial registry,A1 official registry,Frozen full protocol record; no posted results at data cut,Yes (canonical frozen JSON record plus deterministic trial-table row locator),frozen_trial_registry_documents_v2.jsonl::trial_id=NCT06693856; document_id=CTGOV-NCT06693856-CUT-2026-09-10,2026-09-10 frozen registry cut,Controls trial protocol/status and posted registry results for this release; no cross-trial efficacy ranking.,"ClinicalTrials.gov. A Prospective, Multicenter, Randomized Controlled Clinical Study on the Efficacy and Safety of Different Methylprednisolone Pulse Therapy Regimens for the Treatment of Graves' Ophthalmopathy. NCT06693856. Frozen record at 2026-09-10. https://clinicaltrials.gov/study/NCT06693856",2026-09-10,2.0.0
875,v2_frozen_registry_record,"A Randomized, Double-Blind, Placebo-Controlled, Phase 2b Study to Assess the Efficacy, Safety, and Tolerability of IMVT-1402 as Treatment for Adult Patients With Graves' Disease",ClinicalTrials.gov,2026-09-10 registry cut,2026,https://clinicaltrials.gov/study/NCT06727604,NA (no DOI),NCT06727604,official trial registry,A1 official registry,Frozen full protocol record; no posted results at data cut,Yes (canonical frozen JSON record plus deterministic trial-table row locator),frozen_trial_registry_documents_v2.jsonl::trial_id=NCT06727604; document_id=CTGOV-NCT06727604-CUT-2026-09-10,2026-09-10 frozen registry cut,Controls trial protocol/status and posted registry results for this release; no cross-trial efficacy ranking.,"ClinicalTrials.gov. A Randomized, Double-Blind, Placebo-Controlled, Phase 2b Study to Assess the Efficacy, Safety, and Tolerability of IMVT-1402 as Treatment for Adult Patients With Graves' Disease. NCT06727604. Frozen record at 2026-09-10. https://clinicaltrials.gov/study/NCT06727604",2026-09-10,2.0.0
876,v2_frozen_registry_record,"A Multicentre, Randomized, Double-blinded, Placebo-controlled Phase I/II Clinical Study to Evaluate the Safety, Tolerability, Pharmacokinetics, Pharmacodynamics, and Efficacy of SCTT11 in Healthy Participants and Participants with Moderate-to-severe Thyroid Eye Disease",ClinicalTrials.gov,2026-09-10 registry cut,2026,https://clinicaltrials.gov/study/NCT06769984,NA (no DOI),NCT06769984,official trial registry,A1 official registry,Frozen full protocol record; no posted results at data cut,Yes (canonical frozen JSON record plus deterministic trial-table row locator),frozen_trial_registry_documents_v2.jsonl::trial_id=NCT06769984; document_id=CTGOV-NCT06769984-CUT-2026-09-10,2026-09-10 frozen registry cut,Controls trial protocol/status and posted registry results for this release; no cross-trial efficacy ranking.,"ClinicalTrials.gov. A Multicentre, Randomized, Double-blinded, Placebo-controlled Phase I/II Clinical Study to Evaluate the Safety, Tolerability, Pharmacokinetics, Pharmacodynamics, and Efficacy of SCTT11 in Healthy Participants and Participants with Moderate-to-severe Thyroid Eye Disease. NCT06769984. Frozen record at 2026-09-10. https://clinicaltrials.gov/study/NCT06769984",2026-09-10,2.0.0
877,v2_frozen_registry_record,"A Randomized, Double-masked, Controlled, Safety and Tolerability Study of VRDN-003 in Participants With Thyroid Eye Disease (TED)",ClinicalTrials.gov,2026-09-10 registry cut,2026,https://clinicaltrials.gov/study/NCT06812325,NA (no DOI),NCT06812325,official trial registry,A1 official registry,Frozen full protocol record; no posted results at data cut,Yes (canonical frozen JSON record plus deterministic trial-table row locator),frozen_trial_registry_documents_v2.jsonl::trial_id=NCT06812325; document_id=CTGOV-NCT06812325-CUT-2026-09-10,2026-09-10 frozen registry cut,Controls trial protocol/status and posted registry results for this release; no cross-trial efficacy ranking.,"ClinicalTrials.gov. A Randomized, Double-masked, Controlled, Safety and Tolerability Study of VRDN-003 in Participants With Thyroid Eye Disease (TED). NCT06812325. Frozen record at 2026-09-10. https://clinicaltrials.gov/study/NCT06812325",2026-09-10,2.0.0
878,v2_frozen_registry_record,Clinical Study on the Combined Use of Tocilizumab and Flupentixol-Melitracen in the Treatment of Thyroid-Associated Ophthalmopathy: A Prospective Exploratory Study,ClinicalTrials.gov,2026-09-10 registry cut,2026,https://clinicaltrials.gov/study/NCT06927375,NA (no DOI),NCT06927375,official trial registry,A1 official registry,Frozen full protocol record; no posted results at data cut,Yes (canonical frozen JSON record plus deterministic trial-table row locator),frozen_trial_registry_documents_v2.jsonl::trial_id=NCT06927375; document_id=CTGOV-NCT06927375-CUT-2026-09-10,2026-09-10 frozen registry cut,Controls trial protocol/status and posted registry results for this release; no cross-trial efficacy ranking.,ClinicalTrials.gov. Clinical Study on the Combined Use of Tocilizumab and Flupentixol-Melitracen in the Treatment of Thyroid-Associated Ophthalmopathy: A Prospective Exploratory Study. NCT06927375. Frozen record at 2026-09-10. https://clinicaltrials.gov/study/NCT06927375,2026-09-10,2.0.0
879,v2_frozen_registry_record,An Open-Label Biomarker Study of BHV-1300 in Graves' Disease,ClinicalTrials.gov,2026-09-10 registry cut,2026,https://clinicaltrials.gov/study/NCT06980649,NA (no DOI),NCT06980649,official trial registry,A1 official registry,Frozen full protocol record; no posted results at data cut,Yes (canonical frozen JSON record plus deterministic trial-table row locator),frozen_trial_registry_documents_v2.jsonl::trial_id=NCT06980649; document_id=CTGOV-NCT06980649-CUT-2026-09-10,2026-09-10 frozen registry cut,Controls trial protocol/status and posted registry results for this release; no cross-trial efficacy ranking.,ClinicalTrials.gov. An Open-Label Biomarker Study of BHV-1300 in Graves' Disease. NCT06980649. Frozen record at 2026-09-10. https://clinicaltrials.gov/study/NCT06980649,2026-09-10,2.0.0
880,v2_frozen_registry_record,An Open-label Phase 2 Study to Investigate the Efficacy and Safety of Rilzabrutinib in Adult Participants With Graves' Disease,ClinicalTrials.gov,2026-09-10 registry cut,2026,https://clinicaltrials.gov/study/NCT06984627,NA (no DOI),NCT06984627,official trial registry,A1 official registry,Frozen full protocol record; no posted results at data cut,Yes (canonical frozen JSON record plus deterministic trial-table row locator),frozen_trial_registry_documents_v2.jsonl::trial_id=NCT06984627; document_id=CTGOV-NCT06984627-CUT-2026-09-10,2026-09-10 frozen registry cut,Controls trial protocol/status and posted registry results for this release; no cross-trial efficacy ranking.,ClinicalTrials.gov. An Open-label Phase 2 Study to Investigate the Efficacy and Safety of Rilzabrutinib in Adult Participants With Graves' Disease. NCT06984627. Frozen record at 2026-09-10. https://clinicaltrials.gov/study/NCT06984627,2026-09-10,2.0.0
881,v2_frozen_registry_record,"A Phase III, Randomized, Double-Blind, Placebo-Controlled Study to Evaluate the Efficacy of MHB018A Injection in Subjects With Active Moderate-to-Severe Thyroid Eye Disease.",ClinicalTrials.gov,2026-09-10 registry cut,2026,https://clinicaltrials.gov/study/NCT06989918,NA (no DOI),NCT06989918,official trial registry,A1 official registry,Frozen full protocol record; no posted results at data cut,Yes (canonical frozen JSON record plus deterministic trial-table row locator),frozen_trial_registry_documents_v2.jsonl::trial_id=NCT06989918; document_id=CTGOV-NCT06989918-CUT-2026-09-10,2026-09-10 frozen registry cut,Controls trial protocol/status and posted registry results for this release; no cross-trial efficacy ranking.,"ClinicalTrials.gov. A Phase III, Randomized, Double-Blind, Placebo-Controlled Study to Evaluate the Efficacy of MHB018A Injection in Subjects With Active Moderate-to-Severe Thyroid Eye Disease.. NCT06989918. Frozen record at 2026-09-10. https://clinicaltrials.gov/study/NCT06989918",2026-09-10,2.0.0
882,v2_frozen_registry_record,"A Randomized, Double-Blind, Placebo-Controlled, Phase 2b Study to Assess the Efficacy, Safety, and Tolerability of IMVT-1402 as Treatment for Adult Patients With Graves' Disease",ClinicalTrials.gov,2026-09-10 registry cut,2026,https://clinicaltrials.gov/study/NCT07018323,NA (no DOI),NCT07018323,official trial registry,A1 official registry,Frozen full protocol record; no posted results at data cut,Yes (canonical frozen JSON record plus deterministic trial-table row locator),frozen_trial_registry_documents_v2.jsonl::trial_id=NCT07018323; document_id=CTGOV-NCT07018323-CUT-2026-09-10,2026-09-10 frozen registry cut,Controls trial protocol/status and posted registry results for this release; no cross-trial efficacy ranking.,"ClinicalTrials.gov. A Randomized, Double-Blind, Placebo-Controlled, Phase 2b Study to Assess the Efficacy, Safety, and Tolerability of IMVT-1402 as Treatment for Adult Patients With Graves' Disease. NCT07018323. Frozen record at 2026-09-10. https://clinicaltrials.gov/study/NCT07018323",2026-09-10,2.0.0
883,v2_frozen_registry_record,"A Multicenter, Randomized, Double-masked, Placebo-controlled Phase III Clinical Study to Evaluate the Efficacy and Safety of IBI311 in Subjects With Inactive Thyroid Eye Disease",ClinicalTrials.gov,2026-09-10 registry cut,2026,https://clinicaltrials.gov/study/NCT07113262,NA (no DOI),NCT07113262,official trial registry,A1 official registry,Frozen full protocol record; no posted results at data cut,Yes (canonical frozen JSON record plus deterministic trial-table row locator),frozen_trial_registry_documents_v2.jsonl::trial_id=NCT07113262; document_id=CTGOV-NCT07113262-CUT-2026-09-10,2026-09-10 frozen registry cut,Controls trial protocol/status and posted registry results for this release; no cross-trial efficacy ranking.,"ClinicalTrials.gov. A Multicenter, Randomized, Double-masked, Placebo-controlled Phase III Clinical Study to Evaluate the Efficacy and Safety of IBI311 in Subjects With Inactive Thyroid Eye Disease. NCT07113262. Frozen record at 2026-09-10. https://clinicaltrials.gov/study/NCT07113262",2026-09-10,2.0.0
884,v2_frozen_registry_record,The Efficacy and Safety of Allogenic Anti-CD19 CAR-T Cell Therapy for Refractory Graves' Disease,ClinicalTrials.gov,2026-09-10 registry cut,2026,https://clinicaltrials.gov/study/NCT07129642,NA (no DOI),NCT07129642,official trial registry,A1 official registry,Frozen full protocol record; no posted results at data cut,Yes (canonical frozen JSON record plus deterministic trial-table row locator),frozen_trial_registry_documents_v2.jsonl::trial_id=NCT07129642; document_id=CTGOV-NCT07129642-CUT-2026-09-10,2026-09-10 frozen registry cut,Controls trial protocol/status and posted registry results for this release; no cross-trial efficacy ranking.,ClinicalTrials.gov. The Efficacy and Safety of Allogenic Anti-CD19 CAR-T Cell Therapy for Refractory Graves' Disease. NCT07129642. Frozen record at 2026-09-10. https://clinicaltrials.gov/study/NCT07129642,2026-09-10,2.0.0
885,v2_frozen_registry_record,"A Phase 1, Randomized, Placebo-controlled, Double-blind, Single-dose Study to Evaluate Pharmacokinetics, Safety, and Tolerability of Teprotumumab (AMG 632) Administered Intravenously in Healthy Chinese Participants",ClinicalTrials.gov,2026-09-10 registry cut,2026,https://clinicaltrials.gov/study/NCT07142642,NA (no DOI),NCT07142642,official trial registry,A1 official registry,Frozen full protocol record; no posted results at data cut,Yes (canonical frozen JSON record plus deterministic trial-table row locator),frozen_trial_registry_documents_v2.jsonl::trial_id=NCT07142642; document_id=CTGOV-NCT07142642-CUT-2026-09-10,2026-09-10 frozen registry cut,Controls trial protocol/status and posted registry results for this release; no cross-trial efficacy ranking.,"ClinicalTrials.gov. A Phase 1, Randomized, Placebo-controlled, Double-blind, Single-dose Study to Evaluate Pharmacokinetics, Safety, and Tolerability of Teprotumumab (AMG 632) Administered Intravenously in Healthy Chinese Participants. NCT07142642. Frozen record at 2026-09-10. https://clinicaltrials.gov/study/NCT07142642",2026-09-10,2.0.0
886,v2_frozen_registry_record,The Safety and Efficacy of Sequential Hormone Therapy and IBI311 Therapy in Patients With Active Moderate to Severe TAO in the Initial Treatment.,ClinicalTrials.gov,2026-09-10 registry cut,2026,https://clinicaltrials.gov/study/NCT07152340,NA (no DOI),NCT07152340,official trial registry,A1 official registry,Frozen full protocol record; no posted results at data cut,Yes (canonical frozen JSON record plus deterministic trial-table row locator),frozen_trial_registry_documents_v2.jsonl::trial_id=NCT07152340; document_id=CTGOV-NCT07152340-CUT-2026-09-10,2026-09-10 frozen registry cut,Controls trial protocol/status and posted registry results for this release; no cross-trial efficacy ranking.,ClinicalTrials.gov. The Safety and Efficacy of Sequential Hormone Therapy and IBI311 Therapy in Patients With Active Moderate to Severe TAO in the Initial Treatment.. NCT07152340. Frozen record at 2026-09-10. https://clinicaltrials.gov/study/NCT07152340,2026-09-10,2.0.0
887,v2_frozen_registry_record,Efficacy and Safety of Sequential Hormone Therapy and Tetuzumab Therapy in Patients With Moderate to Severe TAO in the Active Stage After Glucocorticoid Treatment,ClinicalTrials.gov,2026-09-10 registry cut,2026,https://clinicaltrials.gov/study/NCT07152366,NA (no DOI),NCT07152366,official trial registry,A1 official registry,Frozen full protocol record; no posted results at data cut,Yes (canonical frozen JSON record plus deterministic trial-table row locator),frozen_trial_registry_documents_v2.jsonl::trial_id=NCT07152366; document_id=CTGOV-NCT07152366-CUT-2026-09-10,2026-09-10 frozen registry cut,Controls trial protocol/status and posted registry results for this release; no cross-trial efficacy ranking.,ClinicalTrials.gov. Efficacy and Safety of Sequential Hormone Therapy and Tetuzumab Therapy in Patients With Moderate to Severe TAO in the Active Stage After Glucocorticoid Treatment. NCT07152366. Frozen record at 2026-09-10. https://clinicaltrials.gov/study/NCT07152366,2026-09-10,2.0.0
888,v2_frozen_registry_record,Evaluation of the Efficacy and Safety Observation of IBI311 Treatment in Patients With Inactive TAO,ClinicalTrials.gov,2026-09-10 registry cut,2026,https://clinicaltrials.gov/study/NCT07152392,NA (no DOI),NCT07152392,official trial registry,A1 official registry,Frozen full protocol record; no posted results at data cut,Yes (canonical frozen JSON record plus deterministic trial-table row locator),frozen_trial_registry_documents_v2.jsonl::trial_id=NCT07152392; document_id=CTGOV-NCT07152392-CUT-2026-09-10,2026-09-10 frozen registry cut,Controls trial protocol/status and posted registry results for this release; no cross-trial efficacy ranking.,ClinicalTrials.gov. Evaluation of the Efficacy and Safety Observation of IBI311 Treatment in Patients With Inactive TAO. NCT07152392. Frozen record at 2026-09-10. https://clinicaltrials.gov/study/NCT07152392,2026-09-10,2.0.0
889,v2_frozen_registry_record,"A Randomized, Open-label Study Evaluating the Safety, Tolerability and Pharmacokinetics of VRDN-003 Administered Subcutaneously in Participants With Thyroid Eye Disease (TED)",ClinicalTrials.gov,2026-09-10 registry cut,2026,https://clinicaltrials.gov/study/NCT07155668,NA (no DOI),NCT07155668,official trial registry,A1 official registry,Frozen full protocol record; no posted results at data cut,Yes (canonical frozen JSON record plus deterministic trial-table row locator),frozen_trial_registry_documents_v2.jsonl::trial_id=NCT07155668; document_id=CTGOV-NCT07155668-CUT-2026-09-10,2026-09-10 frozen registry cut,Controls trial protocol/status and posted registry results for this release; no cross-trial efficacy ranking.,"ClinicalTrials.gov. A Randomized, Open-label Study Evaluating the Safety, Tolerability and Pharmacokinetics of VRDN-003 Administered Subcutaneously in Participants With Thyroid Eye Disease (TED). NCT07155668. Frozen record at 2026-09-10. https://clinicaltrials.gov/study/NCT07155668",2026-09-10,2.0.0
890,v2_frozen_registry_record,Effect of Dietary Supplementation of Rubus Sanctus (Wild Blackberry) Root Extract on Disease Prognosis in Graves' Disease: A Randomized Controlled Clinical Trial,ClinicalTrials.gov,2026-09-10 registry cut,2026,https://clinicaltrials.gov/study/NCT07164079,NA (no DOI),NCT07164079,official trial registry,A1 official registry,Frozen full protocol record; no posted results at data cut,Yes (canonical frozen JSON record plus deterministic trial-table row locator),frozen_trial_registry_documents_v2.jsonl::trial_id=NCT07164079; document_id=CTGOV-NCT07164079-CUT-2026-09-10,2026-09-10 frozen registry cut,Controls trial protocol/status and posted registry results for this release; no cross-trial efficacy ranking.,ClinicalTrials.gov. Effect of Dietary Supplementation of Rubus Sanctus (Wild Blackberry) Root Extract on Disease Prognosis in Graves' Disease: A Randomized Controlled Clinical Trial. NCT07164079. Frozen record at 2026-09-10. https://clinicaltrials.gov/study/NCT07164079,2026-09-10,2.0.0
891,v2_frozen_registry_record,"A Multicenter, Double-blinded, Randomized, Placebo Controlled Phase 3 Trial to Evaluate the Efficacy and Safety of ZL-1109 in Chinese Participants With Thyroid Eye Disease (TED)",ClinicalTrials.gov,2026-09-10 registry cut,2026,https://clinicaltrials.gov/study/NCT07211776,NA (no DOI),NCT07211776,official trial registry,A1 official registry,Frozen full protocol record; no posted results at data cut,Yes (canonical frozen JSON record plus deterministic trial-table row locator),frozen_trial_registry_documents_v2.jsonl::trial_id=NCT07211776; document_id=CTGOV-NCT07211776-CUT-2026-09-10,2026-09-10 frozen registry cut,Controls trial protocol/status and posted registry results for this release; no cross-trial efficacy ranking.,"ClinicalTrials.gov. A Multicenter, Double-blinded, Randomized, Placebo Controlled Phase 3 Trial to Evaluate the Efficacy and Safety of ZL-1109 in Chinese Participants With Thyroid Eye Disease (TED). NCT07211776. Frozen record at 2026-09-10. https://clinicaltrials.gov/study/NCT07211776",2026-09-10,2.0.0
892,v2_frozen_registry_record,"A Phase III, Randomized, Double-Blind, Placebo-Controlled Study to Evaluate the Efficacy of MHB018A Injection in Subjects With Chronic Moderate-to-Severe Thyroid Eye Disease.",ClinicalTrials.gov,2026-09-10 registry cut,2026,https://clinicaltrials.gov/study/NCT07257185,NA (no DOI),NCT07257185,official trial registry,A1 official registry,Frozen full protocol record; no posted results at data cut,Yes (canonical frozen JSON record plus deterministic trial-table row locator),frozen_trial_registry_documents_v2.jsonl::trial_id=NCT07257185; document_id=CTGOV-NCT07257185-CUT-2026-09-10,2026-09-10 frozen registry cut,Controls trial protocol/status and posted registry results for this release; no cross-trial efficacy ranking.,"ClinicalTrials.gov. A Phase III, Randomized, Double-Blind, Placebo-Controlled Study to Evaluate the Efficacy of MHB018A Injection in Subjects With Chronic Moderate-to-Severe Thyroid Eye Disease.. NCT07257185. Frozen record at 2026-09-10. https://clinicaltrials.gov/study/NCT07257185",2026-09-10,2.0.0
893,v2_frozen_registry_record,The Safety and Efficacy of Allogenic Anti-CD19/BCMA CAR-T Cell Therapy for Refractory Graves' Disease,ClinicalTrials.gov,2026-09-10 registry cut,2026,https://clinicaltrials.gov/study/NCT07261345,NA (no DOI),NCT07261345,official trial registry,A1 official registry,Frozen full protocol record; no posted results at data cut,Yes (canonical frozen JSON record plus deterministic trial-table row locator),frozen_trial_registry_documents_v2.jsonl::trial_id=NCT07261345; document_id=CTGOV-NCT07261345-CUT-2026-09-10,2026-09-10 frozen registry cut,Controls trial protocol/status and posted registry results for this release; no cross-trial efficacy ranking.,ClinicalTrials.gov. The Safety and Efficacy of Allogenic Anti-CD19/BCMA CAR-T Cell Therapy for Refractory Graves' Disease. NCT07261345. Frozen record at 2026-09-10. https://clinicaltrials.gov/study/NCT07261345,2026-09-10,2.0.0
894,v2_frozen_registry_record,"A Phase III, Multicenter, Open-Label Extension Study to Evaluate the Efficacy and Safety of MHB018A Injection in Subjects With Thyroid Eye Disease",ClinicalTrials.gov,2026-09-10 registry cut,2026,https://clinicaltrials.gov/study/NCT07262476,NA (no DOI),NCT07262476,official trial registry,A1 official registry,Frozen full protocol record; no posted results at data cut,Yes (canonical frozen JSON record plus deterministic trial-table row locator),frozen_trial_registry_documents_v2.jsonl::trial_id=NCT07262476; document_id=CTGOV-NCT07262476-CUT-2026-09-10,2026-09-10 frozen registry cut,Controls trial protocol/status and posted registry results for this release; no cross-trial efficacy ranking.,"ClinicalTrials.gov. A Phase III, Multicenter, Open-Label Extension Study to Evaluate the Efficacy and Safety of MHB018A Injection in Subjects With Thyroid Eye Disease. NCT07262476. Frozen record at 2026-09-10. https://clinicaltrials.gov/study/NCT07262476",2026-09-10,2.0.0
895,v2_frozen_registry_record,"A Multicenter, Randomized, Open-Label, Active-Controlled Phase IV Clinical Study to Evaluate the Efficacy and Safety of Teprotumumab N01 in the Treatment of Active Thyroid Eye Disease",ClinicalTrials.gov,2026-09-10 registry cut,2026,https://clinicaltrials.gov/study/NCT07265258,NA (no DOI),NCT07265258,official trial registry,A1 official registry,Frozen full protocol record; no posted results at data cut,Yes (canonical frozen JSON record plus deterministic trial-table row locator),frozen_trial_registry_documents_v2.jsonl::trial_id=NCT07265258; document_id=CTGOV-NCT07265258-CUT-2026-09-10,2026-09-10 frozen registry cut,Controls trial protocol/status and posted registry results for this release; no cross-trial efficacy ranking.,"ClinicalTrials.gov. A Multicenter, Randomized, Open-Label, Active-Controlled Phase IV Clinical Study to Evaluate the Efficacy and Safety of Teprotumumab N01 in the Treatment of Active Thyroid Eye Disease. NCT07265258. Frozen record at 2026-09-10. https://clinicaltrials.gov/study/NCT07265258",2026-09-10,2.0.0
896,v2_frozen_registry_record,"A Long-Term Extension Study to Assess the Efficacy, Safety, and Tolerability of IMVT-1402 in Adult Patients With Graves' Disease",ClinicalTrials.gov,2026-09-10 registry cut,2026,https://clinicaltrials.gov/study/NCT07286006,NA (no DOI),NCT07286006,official trial registry,A1 official registry,Frozen full protocol record; no posted results at data cut,Yes (canonical frozen JSON record plus deterministic trial-table row locator),frozen_trial_registry_documents_v2.jsonl::trial_id=NCT07286006; document_id=CTGOV-NCT07286006-CUT-2026-09-10,2026-09-10 frozen registry cut,Controls trial protocol/status and posted registry results for this release; no cross-trial efficacy ranking.,"ClinicalTrials.gov. A Long-Term Extension Study to Assess the Efficacy, Safety, and Tolerability of IMVT-1402 in Adult Patients With Graves' Disease. NCT07286006. Frozen record at 2026-09-10. https://clinicaltrials.gov/study/NCT07286006",2026-09-10,2.0.0
897,v2_frozen_registry_record,"A Phase I Clinical Study to Evaluate the Safety, Tolerability, Pharmacokinetics, and Pharmacodynamics of Single Ascending Subcutaneous Dose of GenSci098 in Patients With Graves' Disease",ClinicalTrials.gov,2026-09-10 registry cut,2026,https://clinicaltrials.gov/study/NCT07286656,NA (no DOI),NCT07286656,official trial registry,A1 official registry,Frozen full protocol record; no posted results at data cut,Yes (canonical frozen JSON record plus deterministic trial-table row locator),frozen_trial_registry_documents_v2.jsonl::trial_id=NCT07286656; document_id=CTGOV-NCT07286656-CUT-2026-09-10,2026-09-10 frozen registry cut,Controls trial protocol/status and posted registry results for this release; no cross-trial efficacy ranking.,"ClinicalTrials.gov. A Phase I Clinical Study to Evaluate the Safety, Tolerability, Pharmacokinetics, and Pharmacodynamics of Single Ascending Subcutaneous Dose of GenSci098 in Patients With Graves' Disease. NCT07286656. Frozen record at 2026-09-10. https://clinicaltrials.gov/study/NCT07286656",2026-09-10,2.0.0
898,v2_frozen_registry_record,"A Phase 1, First-in-Human, Placebo-Controlled, Single and Multiple Ascending Dose Study to Evaluate Safety, Tolerability, Pharmacokinetics, Pharmacodynamics, and Immunogenicity of Intravenous and Subcutaneous Administration of MER511 in Adults With Graves' Disease",ClinicalTrials.gov,2026-09-10 registry cut,2026,https://clinicaltrials.gov/study/NCT07305818,NA (no DOI),NCT07305818,official trial registry,A1 official registry,Frozen full protocol record; no posted results at data cut,Yes (canonical frozen JSON record plus deterministic trial-table row locator),frozen_trial_registry_documents_v2.jsonl::trial_id=NCT07305818; document_id=CTGOV-NCT07305818-CUT-2026-09-10,2026-09-10 frozen registry cut,Controls trial protocol/status and posted registry results for this release; no cross-trial efficacy ranking.,"ClinicalTrials.gov. A Phase 1, First-in-Human, Placebo-Controlled, Single and Multiple Ascending Dose Study to Evaluate Safety, Tolerability, Pharmacokinetics, Pharmacodynamics, and Immunogenicity of Intravenous and Subcutaneous Administration of MER511 in Adults With Graves' Disease. NCT07305818. Frozen record at 2026-09-10. https://clinicaltrials.gov/study/NCT07305818",2026-09-10,2.0.0
899,v2_frozen_registry_record,A Comparative Study of Shortened (4-Infusion) Versus Standard (8-Infusion) Teprotumumab Regimens in Patients With Thyroid Eye Disease (TED) Exhibiting an Early Optimal Clinical Response,ClinicalTrials.gov,2026-09-10 registry cut,2026,https://clinicaltrials.gov/study/NCT07308964,NA (no DOI),NCT07308964,official trial registry,A1 official registry,Frozen full protocol record; no posted results at data cut,Yes (canonical frozen JSON record plus deterministic trial-table row locator),frozen_trial_registry_documents_v2.jsonl::trial_id=NCT07308964; document_id=CTGOV-NCT07308964-CUT-2026-09-10,2026-09-10 frozen registry cut,Controls trial protocol/status and posted registry results for this release; no cross-trial efficacy ranking.,ClinicalTrials.gov. A Comparative Study of Shortened (4-Infusion) Versus Standard (8-Infusion) Teprotumumab Regimens in Patients With Thyroid Eye Disease (TED) Exhibiting an Early Optimal Clinical Response. NCT07308964. Frozen record at 2026-09-10. https://clinicaltrials.gov/study/NCT07308964,2026-09-10,2.0.0
900,v2_frozen_registry_record,A Safety and Efficacy Study of in Vivo CAR-T (HN2301) for Refractory Graves' Disease,ClinicalTrials.gov,2026-09-10 registry cut,2026,https://clinicaltrials.gov/study/NCT07333677,NA (no DOI),NCT07333677,official trial registry,A1 official registry,Frozen full protocol record; no posted results at data cut,Yes (canonical frozen JSON record plus deterministic trial-table row locator),frozen_trial_registry_documents_v2.jsonl::trial_id=NCT07333677; document_id=CTGOV-NCT07333677-CUT-2026-09-10,2026-09-10 frozen registry cut,Controls trial protocol/status and posted registry results for this release; no cross-trial efficacy ranking.,ClinicalTrials.gov. A Safety and Efficacy Study of in Vivo CAR-T (HN2301) for Refractory Graves' Disease. NCT07333677. Frozen record at 2026-09-10. https://clinicaltrials.gov/study/NCT07333677,2026-09-10,2.0.0
901,v2_frozen_registry_record,Impact of Vitamin D Therapy on Thyroid Function and Antibody Levels in Pediatric Graves' Disease: A Pilot Feasibility Trial,ClinicalTrials.gov,2026-09-10 registry cut,2026,https://clinicaltrials.gov/study/NCT07369063,NA (no DOI),NCT07369063,official trial registry,A1 official registry,Frozen full protocol record; no posted results at data cut,Yes (canonical frozen JSON record plus deterministic trial-table row locator),frozen_trial_registry_documents_v2.jsonl::trial_id=NCT07369063; document_id=CTGOV-NCT07369063-CUT-2026-09-10,2026-09-10 frozen registry cut,Controls trial protocol/status and posted registry results for this release; no cross-trial efficacy ranking.,ClinicalTrials.gov. Impact of Vitamin D Therapy on Thyroid Function and Antibody Levels in Pediatric Graves' Disease: A Pilot Feasibility Trial. NCT07369063. Frozen record at 2026-09-10. https://clinicaltrials.gov/study/NCT07369063,2026-09-10,2.0.0
902,v2_frozen_registry_record,The Role of Statin and Vitamin D for the Treatment of Thyroid Eye Disease,ClinicalTrials.gov,2026-09-10 registry cut,2026,https://clinicaltrials.gov/study/NCT07400757,NA (no DOI),NCT07400757,official trial registry,A1 official registry,Frozen full protocol record; no posted results at data cut,Yes (canonical frozen JSON record plus deterministic trial-table row locator),frozen_trial_registry_documents_v2.jsonl::trial_id=NCT07400757; document_id=CTGOV-NCT07400757-CUT-2026-09-10,2026-09-10 frozen registry cut,Controls trial protocol/status and posted registry results for this release; no cross-trial efficacy ranking.,ClinicalTrials.gov. The Role of Statin and Vitamin D for the Treatment of Thyroid Eye Disease. NCT07400757. Frozen record at 2026-09-10. https://clinicaltrials.gov/study/NCT07400757,2026-09-10,2.0.0
903,v2_frozen_registry_record,"An Open-label, Rollover Study for Participants With Thyroid Eye Disease Previously Enrolled in Amgen-sponsored AMG 732 Studies and Are Primary Proptosis Non-responders or Who Relapsed During the Safety Follow-up",ClinicalTrials.gov,2026-09-10 registry cut,2026,https://clinicaltrials.gov/study/NCT07438405,NA (no DOI),NCT07438405,official trial registry,A1 official registry,Frozen full protocol record; no posted results at data cut,Yes (canonical frozen JSON record plus deterministic trial-table row locator),frozen_trial_registry_documents_v2.jsonl::trial_id=NCT07438405; document_id=CTGOV-NCT07438405-CUT-2026-09-10,2026-09-10 frozen registry cut,Controls trial protocol/status and posted registry results for this release; no cross-trial efficacy ranking.,"ClinicalTrials.gov. An Open-label, Rollover Study for Participants With Thyroid Eye Disease Previously Enrolled in Amgen-sponsored AMG 732 Studies and Are Primary Proptosis Non-responders or Who Relapsed During the Safety Follow-up. NCT07438405. Frozen record at 2026-09-10. https://clinicaltrials.gov/study/NCT07438405",2026-09-10,2.0.0
904,v2_frozen_registry_record,"A Phase Ib/II, Efficacy and Safety Study of NTB003 in Participants With Thyroid Eye Disease (TED)",ClinicalTrials.gov,2026-09-10 registry cut,2026,https://clinicaltrials.gov/study/NCT07462130,NA (no DOI),NCT07462130,official trial registry,A1 official registry,Frozen full protocol record; no posted results at data cut,Yes (canonical frozen JSON record plus deterministic trial-table row locator),frozen_trial_registry_documents_v2.jsonl::trial_id=NCT07462130; document_id=CTGOV-NCT07462130-CUT-2026-09-10,2026-09-10 frozen registry cut,Controls trial protocol/status and posted registry results for this release; no cross-trial efficacy ranking.,"ClinicalTrials.gov. A Phase Ib/II, Efficacy and Safety Study of NTB003 in Participants With Thyroid Eye Disease (TED). NCT07462130. Frozen record at 2026-09-10. https://clinicaltrials.gov/study/NCT07462130",2026-09-10,2.0.0
905,v2_frozen_registry_record,"A Single-Arm, Open-Label, Exploratory Study of Tofacitinib in Patients With Glucocorticoid-Resistant or Intolerant Moderate-to-Severe Active Thyroid Eye Disease",ClinicalTrials.gov,2026-09-10 registry cut,2026,https://clinicaltrials.gov/study/NCT07547930,NA (no DOI),NCT07547930,official trial registry,A1 official registry,Frozen full protocol record; no posted results at data cut,Yes (canonical frozen JSON record plus deterministic trial-table row locator),frozen_trial_registry_documents_v2.jsonl::trial_id=NCT07547930; document_id=CTGOV-NCT07547930-CUT-2026-09-10,2026-09-10 frozen registry cut,Controls trial protocol/status and posted registry results for this release; no cross-trial efficacy ranking.,"ClinicalTrials.gov. A Single-Arm, Open-Label, Exploratory Study of Tofacitinib in Patients With Glucocorticoid-Resistant or Intolerant Moderate-to-Severe Active Thyroid Eye Disease. NCT07547930. Frozen record at 2026-09-10. https://clinicaltrials.gov/study/NCT07547930",2026-09-10,2.0.0
906,v2_frozen_registry_record,"A Phase 3, Randomized, Double-Masked, Placebo-Controlled, Multicenter Study Evaluating the Efficacy and Safety of Efgartigimod PH20 SC PFS in Adult Participants With Graves' Disease Inadequately Controlled With Antithyroid Drugs",ClinicalTrials.gov,2026-09-10 registry cut,2026,https://clinicaltrials.gov/study/NCT07570316,NA (no DOI),NCT07570316,official trial registry,A1 official registry,Frozen full protocol record; no posted results at data cut,Yes (canonical frozen JSON record plus deterministic trial-table row locator),frozen_trial_registry_documents_v2.jsonl::trial_id=NCT07570316; document_id=CTGOV-NCT07570316-CUT-2026-09-10,2026-09-10 frozen registry cut,Controls trial protocol/status and posted registry results for this release; no cross-trial efficacy ranking.,"ClinicalTrials.gov. A Phase 3, Randomized, Double-Masked, Placebo-Controlled, Multicenter Study Evaluating the Efficacy and Safety of Efgartigimod PH20 SC PFS in Adult Participants With Graves' Disease Inadequately Controlled With Antithyroid Drugs. NCT07570316. Frozen record at 2026-09-10. https://clinicaltrials.gov/study/NCT07570316",2026-09-10,2.0.0
907,v2_frozen_registry_record,"A Single-Center, Prospective, Randomized, Open-Label, Parallel-Group Study Comparing Sequential Teprotumumab N01 With Intravenous Methylprednisolone After Urgent Orbital Decompression in Patients With Dysthyroid Optic Neuropathy",ClinicalTrials.gov,2026-09-10 registry cut,2026,https://clinicaltrials.gov/study/NCT07594912,NA (no DOI),NCT07594912,official trial registry,A1 official registry,Frozen full protocol record; no posted results at data cut,Yes (canonical frozen JSON record plus deterministic trial-table row locator),frozen_trial_registry_documents_v2.jsonl::trial_id=NCT07594912; document_id=CTGOV-NCT07594912-CUT-2026-09-10,2026-09-10 frozen registry cut,Controls trial protocol/status and posted registry results for this release; no cross-trial efficacy ranking.,"ClinicalTrials.gov. A Single-Center, Prospective, Randomized, Open-Label, Parallel-Group Study Comparing Sequential Teprotumumab N01 With Intravenous Methylprednisolone After Urgent Orbital Decompression in Patients With Dysthyroid Optic Neuropathy. NCT07594912. Frozen record at 2026-09-10. https://clinicaltrials.gov/study/NCT07594912",2026-09-10,2.0.0
908,v2_frozen_registry_record,"A Phase 3, Randomized, Double-Masked, Placebo-Controlled, Multicenter Study Evaluating the Efficacy and Safety of Efgartigimod PH20 SC PFS in Adult Participants With Graves' Disease Inadequately Controlled With Antithyroid Drugs",ClinicalTrials.gov,2026-09-10 registry cut,2026,https://clinicaltrials.gov/study/NCT07596849,NA (no DOI),NCT07596849,official trial registry,A1 official registry,Frozen full protocol record; no posted results at data cut,Yes (canonical frozen JSON record plus deterministic trial-table row locator),frozen_trial_registry_documents_v2.jsonl::trial_id=NCT07596849; document_id=CTGOV-NCT07596849-CUT-2026-09-10,2026-09-10 frozen registry cut,Controls trial protocol/status and posted registry results for this release; no cross-trial efficacy ranking.,"ClinicalTrials.gov. A Phase 3, Randomized, Double-Masked, Placebo-Controlled, Multicenter Study Evaluating the Efficacy and Safety of Efgartigimod PH20 SC PFS in Adult Participants With Graves' Disease Inadequately Controlled With Antithyroid Drugs. NCT07596849. Frozen record at 2026-09-10. https://clinicaltrials.gov/study/NCT07596849",2026-09-10,2.0.0
909,v2_frozen_registry_record,"A Phase 1b, Open-Label, Multicenter Study Evaluating the Safety, Tolerability, Pharmacokinetics, Pharmacodynamics, Immunogenicity, and Preliminary Clinical Activity of Cizutamig in Patients With Thyroid Eye Disease",ClinicalTrials.gov,2026-09-10 registry cut,2026,https://clinicaltrials.gov/study/NCT07597200,NA (no DOI),NCT07597200,official trial registry,A1 official registry,Frozen full protocol record; no posted results at data cut,Yes (canonical frozen JSON record plus deterministic trial-table row locator),frozen_trial_registry_documents_v2.jsonl::trial_id=NCT07597200; document_id=CTGOV-NCT07597200-CUT-2026-09-10,2026-09-10 frozen registry cut,Controls trial protocol/status and posted registry results for this release; no cross-trial efficacy ranking.,"ClinicalTrials.gov. A Phase 1b, Open-Label, Multicenter Study Evaluating the Safety, Tolerability, Pharmacokinetics, Pharmacodynamics, Immunogenicity, and Preliminary Clinical Activity of Cizutamig in Patients With Thyroid Eye Disease. NCT07597200. Frozen record at 2026-09-10. https://clinicaltrials.gov/study/NCT07597200",2026-09-10,2.0.0
910,v2_frozen_registry_record,"A Phase III, Multicenter, Open-Label Extension Study to Evaluate the Efficacy and Safety of MHB018A Injection in Subjects With Thyroid Eye Disease",ClinicalTrials.gov,2026-09-10 registry cut,2026,https://clinicaltrials.gov/study/NCT07620405,NA (no DOI),NCT07620405,official trial registry,A1 official registry,Frozen full protocol record; no posted results at data cut,Yes (canonical frozen JSON record plus deterministic trial-table row locator),frozen_trial_registry_documents_v2.jsonl::trial_id=NCT07620405; document_id=CTGOV-NCT07620405-CUT-2026-09-10,2026-09-10 frozen registry cut,Controls trial protocol/status and posted registry results for this release; no cross-trial efficacy ranking.,"ClinicalTrials.gov. A Phase III, Multicenter, Open-Label Extension Study to Evaluate the Efficacy and Safety of MHB018A Injection in Subjects With Thyroid Eye Disease. NCT07620405. Frozen record at 2026-09-10. https://clinicaltrials.gov/study/NCT07620405",2026-09-10,2.0.0
911,v2_frozen_registry_record,"A Phase III, Randomized, Double-Masked, Placebo-Controlled Study to Evaluate the Efficacy of MHB018A Injection Treatment in Subjects With Active Moderate to Severe Thyroid Eye Disease.",ClinicalTrials.gov,2026-09-10 registry cut,2026,https://clinicaltrials.gov/study/NCT07622108,NA (no DOI),NCT07622108,official trial registry,A1 official registry,Frozen full protocol record; no posted results at data cut,Yes (canonical frozen JSON record plus deterministic trial-table row locator),frozen_trial_registry_documents_v2.jsonl::trial_id=NCT07622108; document_id=CTGOV-NCT07622108-CUT-2026-09-10,2026-09-10 frozen registry cut,Controls trial protocol/status and posted registry results for this release; no cross-trial efficacy ranking.,"ClinicalTrials.gov. A Phase III, Randomized, Double-Masked, Placebo-Controlled Study to Evaluate the Efficacy of MHB018A Injection Treatment in Subjects With Active Moderate to Severe Thyroid Eye Disease.. NCT07622108. Frozen record at 2026-09-10. https://clinicaltrials.gov/study/NCT07622108",2026-09-10,2.0.0
912,v2_frozen_registry_record,"A Phase III, Randomized, Double-Masked, Placebo-Controlled Study to Evaluate the Efficacy of MHB018A Injection Treatment in Subjects With Chronic Moderate-to-Severe Thyroid Eye Disease",ClinicalTrials.gov,2026-09-10 registry cut,2026,https://clinicaltrials.gov/study/NCT07622121,NA (no DOI),NCT07622121,official trial registry,A1 official registry,Frozen full protocol record; no posted results at data cut,Yes (canonical frozen JSON record plus deterministic trial-table row locator),frozen_trial_registry_documents_v2.jsonl::trial_id=NCT07622121; document_id=CTGOV-NCT07622121-CUT-2026-09-10,2026-09-10 frozen registry cut,Controls trial protocol/status and posted registry results for this release; no cross-trial efficacy ranking.,"ClinicalTrials.gov. A Phase III, Randomized, Double-Masked, Placebo-Controlled Study to Evaluate the Efficacy of MHB018A Injection Treatment in Subjects With Chronic Moderate-to-Severe Thyroid Eye Disease. NCT07622121. Frozen record at 2026-09-10. https://clinicaltrials.gov/study/NCT07622121",2026-09-10,2.0.0
913,v2_frozen_registry_record,"A Phase I Clinical Study to Evaluate the Safety, Tolerability, and Pharmacokinetics of Single and Multiple Ascending Doses of IBI3031 in Participants With Thyroid Eye Disease",ClinicalTrials.gov,2026-09-10 registry cut,2026,https://clinicaltrials.gov/study/NCT07622368,NA (no DOI),NCT07622368,official trial registry,A1 official registry,Frozen full protocol record; no posted results at data cut,Yes (canonical frozen JSON record plus deterministic trial-table row locator),frozen_trial_registry_documents_v2.jsonl::trial_id=NCT07622368; document_id=CTGOV-NCT07622368-CUT-2026-09-10,2026-09-10 frozen registry cut,Controls trial protocol/status and posted registry results for this release; no cross-trial efficacy ranking.,"ClinicalTrials.gov. A Phase I Clinical Study to Evaluate the Safety, Tolerability, and Pharmacokinetics of Single and Multiple Ascending Doses of IBI3031 in Participants With Thyroid Eye Disease. NCT07622368. Frozen record at 2026-09-10. https://clinicaltrials.gov/study/NCT07622368",2026-09-10,2.0.0
914,v2_frozen_registry_record,"A Phase 3, Double-blind, Multicenter, Randomized, Placebo-Controlled Study to Evaluate the Efficacy, Safety and Tolerability of BHV-1300 in the Treatment of Adults With Graves' Disease",ClinicalTrials.gov,2026-09-10 registry cut,2026,https://clinicaltrials.gov/study/NCT07661056,NA (no DOI),NCT07661056,official trial registry,A1 official registry,Frozen full protocol record; no posted results at data cut,Yes (canonical frozen JSON record plus deterministic trial-table row locator),frozen_trial_registry_documents_v2.jsonl::trial_id=NCT07661056; document_id=CTGOV-NCT07661056-CUT-2026-09-10,2026-09-10 frozen registry cut,Controls trial protocol/status and posted registry results for this release; no cross-trial efficacy ranking.,"ClinicalTrials.gov. A Phase 3, Double-blind, Multicenter, Randomized, Placebo-Controlled Study to Evaluate the Efficacy, Safety and Tolerability of BHV-1300 in the Treatment of Adults With Graves' Disease. NCT07661056. Frozen record at 2026-09-10. https://clinicaltrials.gov/study/NCT07661056",2026-09-10,2.0.0
915,v2_frozen_registry_record,"A Randomized, Blinded, Placebo-Controlled, Two-Part, Phase 2 Study to Assess Safety, Tolerability, Pharmacokinetics, and Efficacy of YB-101 in Participants With Graves' Disease",ClinicalTrials.gov,2026-09-10 registry cut,2026,https://clinicaltrials.gov/study/NCT07682896,NA (no DOI),NCT07682896,official trial registry,A1 official registry,Frozen full protocol record; no posted results at data cut,Yes (canonical frozen JSON record plus deterministic trial-table row locator),frozen_trial_registry_documents_v2.jsonl::trial_id=NCT07682896; document_id=CTGOV-NCT07682896-CUT-2026-09-10,2026-09-10 frozen registry cut,Controls trial protocol/status and posted registry results for this release; no cross-trial efficacy ranking.,"ClinicalTrials.gov. A Randomized, Blinded, Placebo-Controlled, Two-Part, Phase 2 Study to Assess Safety, Tolerability, Pharmacokinetics, and Efficacy of YB-101 in Participants With Graves' Disease. NCT07682896. Frozen record at 2026-09-10. https://clinicaltrials.gov/study/NCT07682896",2026-09-10,2.0.0
916,v2_frozen_registry_record,"A Multicenter, Randomized, Double-Blind, Placebo-Controlled Phase III Clinical Study to Evaluate the Efficacy and Safety of KHN939 in the Treatment of Moderate-to-Severe Active Thyroid Eye Disease (TED) in China",ClinicalTrials.gov,2026-09-10 registry cut,2026,https://clinicaltrials.gov/study/NCT07720635,NA (no DOI),NCT07720635,official trial registry,A1 official registry,Frozen full protocol record; no posted results at data cut,Yes (canonical frozen JSON record plus deterministic trial-table row locator),frozen_trial_registry_documents_v2.jsonl::trial_id=NCT07720635; document_id=CTGOV-NCT07720635-CUT-2026-09-10,2026-09-10 frozen registry cut,Controls trial protocol/status and posted registry results for this release; no cross-trial efficacy ranking.,"ClinicalTrials.gov. A Multicenter, Randomized, Double-Blind, Placebo-Controlled Phase III Clinical Study to Evaluate the Efficacy and Safety of KHN939 in the Treatment of Moderate-to-Severe Active Thyroid Eye Disease (TED) in China. NCT07720635. Frozen record at 2026-09-10. https://clinicaltrials.gov/study/NCT07720635",2026-09-10,2.0.0
917,v2_frozen_registry_record,"A Multicenter, Randomized, Double-masked, Placebo-Controlled Phase III Clinical Study to Evaluate the Efficacy and Safety of KHN939 in the Treatment of Moderate-to-Severe Inactive Thyroid Eye Disease (TED) in China.",ClinicalTrials.gov,2026-09-10 registry cut,2026,https://clinicaltrials.gov/study/NCT07720648,NA (no DOI),NCT07720648,official trial registry,A1 official registry,Frozen full protocol record; no posted results at data cut,Yes (canonical frozen JSON record plus deterministic trial-table row locator),frozen_trial_registry_documents_v2.jsonl::trial_id=NCT07720648; document_id=CTGOV-NCT07720648-CUT-2026-09-10,2026-09-10 frozen registry cut,Controls trial protocol/status and posted registry results for this release; no cross-trial efficacy ranking.,"ClinicalTrials.gov. A Multicenter, Randomized, Double-masked, Placebo-Controlled Phase III Clinical Study to Evaluate the Efficacy and Safety of KHN939 in the Treatment of Moderate-to-Severe Inactive Thyroid Eye Disease (TED) in China.. NCT07720648. Frozen record at 2026-09-10. https://clinicaltrials.gov/study/NCT07720648",2026-09-10,2.0.0
918,v2_frozen_registry_record,"A Placebo-Controlled, Multicenter, Randomized Phase 2 Trial Evaluating the Efficacy and Safety of Felzartamab Compared to Placebo in Adult Participants With Graves' Disease",ClinicalTrials.gov,2026-09-10 registry cut,2026,https://clinicaltrials.gov/study/NCT07722546,NA (no DOI),NCT07722546,official trial registry,A1 official registry,Frozen full protocol record; no posted results at data cut,Yes (canonical frozen JSON record plus deterministic trial-table row locator),frozen_trial_registry_documents_v2.jsonl::trial_id=NCT07722546; document_id=CTGOV-NCT07722546-CUT-2026-09-10,2026-09-10 frozen registry cut,Controls trial protocol/status and posted registry results for this release; no cross-trial efficacy ranking.,"ClinicalTrials.gov. A Placebo-Controlled, Multicenter, Randomized Phase 2 Trial Evaluating the Efficacy and Safety of Felzartamab Compared to Placebo in Adult Participants With Graves' Disease. NCT07722546. Frozen record at 2026-09-10. https://clinicaltrials.gov/study/NCT07722546",2026-09-10,2.0.0
919,v2_frozen_registry_record,"A Phase 3, Randomized, Double-mask, Placebo-controlled Study With Open-label Extension to Evaluate the Efficacy and Safety of Linsitinib in Participants With Moderate to Severe Active Thyroid Eye Disease (TED)",ClinicalTrials.gov,2026-09-10 registry cut,2026,https://clinicaltrials.gov/study/NCT07753603,NA (no DOI),NCT07753603,official trial registry,A1 official registry,Frozen full protocol record; no posted results at data cut,Yes (canonical frozen JSON record plus deterministic trial-table row locator),frozen_trial_registry_documents_v2.jsonl::trial_id=NCT07753603; document_id=CTGOV-NCT07753603-CUT-2026-09-10,2026-09-10 frozen registry cut,Controls trial protocol/status and posted registry results for this release; no cross-trial efficacy ranking.,"ClinicalTrials.gov. A Phase 3, Randomized, Double-mask, Placebo-controlled Study With Open-label Extension to Evaluate the Efficacy and Safety of Linsitinib in Participants With Moderate to Severe Active Thyroid Eye Disease (TED). NCT07753603. Frozen record at 2026-09-10. https://clinicaltrials.gov/study/NCT07753603",2026-09-10,2.0.0
920,v2_frozen_registry_record,"Adjunctive Atorvastatin in Moderate-to-severe Thyroid Eye Disease (SEMAR-TED: Structural, Biomarker Expression and Muscle Endpoints of Atorvastatin): Study Protocol for a Randomised, Open-label, Assessor-masked Controlled Trial",ClinicalTrials.gov,2026-09-10 registry cut,2026,https://clinicaltrials.gov/study/NCT07762105,NA (no DOI),NCT07762105,official trial registry,A1 official registry,Frozen full protocol record; no posted results at data cut,Yes (canonical frozen JSON record plus deterministic trial-table row locator),frozen_trial_registry_documents_v2.jsonl::trial_id=NCT07762105; document_id=CTGOV-NCT07762105-CUT-2026-09-10,2026-09-10 frozen registry cut,Controls trial protocol/status and posted registry results for this release; no cross-trial efficacy ranking.,"ClinicalTrials.gov. Adjunctive Atorvastatin in Moderate-to-severe Thyroid Eye Disease (SEMAR-TED: Structural, Biomarker Expression and Muscle Endpoints of Atorvastatin): Study Protocol for a Randomised, Open-label, Assessor-masked Controlled Trial. NCT07762105. Frozen record at 2026-09-10. https://clinicaltrials.gov/study/NCT07762105",2026-09-10,2.0.0
