anchor_id,source_id,block_id,locator,raw_quote,quote_start,quote_end,source_sha256,block_text_sha256,quote_sha256,jurisdiction,authority_scope,population,disease_stage,intervention,endpoint_claim_scope,evidence_role,uncertainty,data_cut,schema_version,notes
EU-EMA-TEPEZZA-AUTH-DATE,729,S729-B00099,section:Other information about Tepezza,Tepezza received a marketing authorisation valid throughout the EU on 19 June 2025.,0,83,b39b1afeb2b54fb47f0507379a2bebd113f2e82d69d4264d7af194cb045203c0,ad182e5706d5898559b33b11875c0dd4fca7ab20a9a60bbe5b466d03447c6faf,ad182e5706d5898559b33b11875c0dd4fca7ab20a9a60bbe5b466d03447c6faf,EU/EEA,A1 regulator; European Medicines Agency,NA (authorization record),Moderate-to-severe TED authorization,Teprotumumab (Tepezza),EU marketing-authorization date,Regulator authorization or prescribing information,Retrieved source supports bounded claims only; failed search never proves absence.,2026-09-10,2.0.0,NA (no additional notes)
EU-EMA-TEPEZZA-DOSE,729,S729-B00065,section:How is Tepezza used?,"Tepezza is given as an infusion (drip) into a vein, once every three weeks for a total of eight infusions.",0,106,b39b1afeb2b54fb47f0507379a2bebd113f2e82d69d4264d7af194cb045203c0,0e96fbd0638116a96955e30d9fabc74a31380cfe2d717320f7c76a04f949bfdd,0e96fbd0638116a96955e30d9fabc74a31380cfe2d717320f7c76a04f949bfdd,EU/EEA,A1 regulator; European Medicines Agency,Adults receiving Tepezza,Moderate-to-severe TED,Teprotumumab (Tepezza),EU dosing frequency and total infusions,Regulator authorization or prescribing information,Retrieved source supports bounded claims only; failed search never proves absence.,2026-09-10,2.0.0,NA (no additional notes)
EU-EMA-TEPEZZA-INDICATION,729,S729-B00057,section:Overview,"Tepezza is a medicine used to treat adults with moderate to severe thyroid eye disease (TED, also known as Graves’ eye disease), an autoimmune disease that triggers inflammation of muscles, fat, and other tissues around and behind the eyes. This can push the eyes forward causing them to bulge. An autoimmune disease is caused by the body’s own defence system attacking normal tissue.",0,384,b39b1afeb2b54fb47f0507379a2bebd113f2e82d69d4264d7af194cb045203c0,dca831017af85ee5b3d98c1264ce104ee74ca22d0ed899aa9f54a076ba3391ad,dca831017af85ee5b3d98c1264ce104ee74ca22d0ed899aa9f54a076ba3391ad,EU/EEA,A1 regulator; European Medicines Agency,Adults,Moderate-to-severe TED,Teprotumumab (Tepezza),EU authorized population and disease severity,Regulator authorization or prescribing information,Retrieved source supports bounded claims only; failed search never proves absence.,2026-09-10,2.0.0,NA (no additional notes)
EU-ETA2018-R13,39,S039-B00146,section:Recommendation,"13 If a patient with GD becomes hyperthyroid after completing a first course of ATD, definitive treatment with RAI or thyroidectomy is recommended. Continued long-term low-dose MMI can be considered in patients not in remission who prefer this approach. 1, ∅∅∅○",0,261,f6f2dde5c3736d144db75e4f9f61f179ef8346cfba48b69eeb1642d9d2d471fc,60ce2ccdd96621d233dff7aae494d14aaf32f738517e5f6c3def8255aa8b3931,60ce2ccdd96621d233dff7aae494d14aaf32f738517e5f6c3def8255aa8b3931,EU/EEA; international context,A2 society guideline; European Thyroid Association,"Adults unless the recommendation explicitly identifies pregnancy, lactation, older adults, or children",Graves’ hyperthyroidism; source-defined treatment context,"ATD, RAI, thyroidectomy, or source-defined management","Only the recommendation, regimen, status, or limitation stated in the exact quote",Evidence-graded society recommendation,Retrieved source supports bounded claims only; failed search never proves absence.,2026-09-10,2.0.0,NA (no additional notes)
EU-ETA2018-R19,39,S039-B00164,section:Recommendations,"19 If ATD are used before RAI therapy they should be paused around 1 week before and after therapy in order not to decrease the efficacy of RAI therapy. 1, ∅∅∅∅",0,160,f6f2dde5c3736d144db75e4f9f61f179ef8346cfba48b69eeb1642d9d2d471fc,db03c5f945661e012a70580c56ed54406f9667757cd355971c0524f362895c9a,db03c5f945661e012a70580c56ed54406f9667757cd355971c0524f362895c9a,EU/EEA; international context,A2 society guideline; European Thyroid Association,"Adults unless the recommendation explicitly identifies pregnancy, lactation, older adults, or children",Graves’ hyperthyroidism; source-defined treatment context,"ATD, RAI, thyroidectomy, or source-defined management","Only the recommendation, regimen, status, or limitation stated in the exact quote",Evidence-graded society recommendation,Retrieved source supports bounded claims only; failed search never proves absence.,2026-09-10,2.0.0,NA (no additional notes)
EU-ETA2018-R21,39,S039-B00166,section:Recommendations,"21 Pregnancy and breast feeding constitute absolute contraindications to RAI therapy. 1, ∅∅∅○",0,93,f6f2dde5c3736d144db75e4f9f61f179ef8346cfba48b69eeb1642d9d2d471fc,950f03df9e06fe2e6c10ead107b46204d61c23b97721ff3e9b78cdfabb426ee2,950f03df9e06fe2e6c10ead107b46204d61c23b97721ff3e9b78cdfabb426ee2,EU/EEA; international context,A2 society guideline; European Thyroid Association,"Adults unless the recommendation explicitly identifies pregnancy, lactation, older adults, or children",Graves’ hyperthyroidism; source-defined treatment context,"ATD, RAI, thyroidectomy, or source-defined management","Only the recommendation, regimen, status, or limitation stated in the exact quote",Evidence-graded society recommendation,Retrieved source supports bounded claims only; failed search never proves absence.,2026-09-10,2.0.0,NA (no additional notes)
EU-ETA2018-R22,39,S039-B00167,section:Recommendations,"22 Conception should be postponed until at least 6 months after RAI in both males and females. 1, ∅∅∅○",0,102,f6f2dde5c3736d144db75e4f9f61f179ef8346cfba48b69eeb1642d9d2d471fc,1380ac6a8b74c1d662a622d93406e0d8625348365f1c7ccc1a789792a36faa85,1380ac6a8b74c1d662a622d93406e0d8625348365f1c7ccc1a789792a36faa85,EU/EEA; international context,A2 society guideline; European Thyroid Association,"Adults unless the recommendation explicitly identifies pregnancy, lactation, older adults, or children",Graves’ hyperthyroidism; source-defined treatment context,"ATD, RAI, thyroidectomy, or source-defined management","Only the recommendation, regimen, status, or limitation stated in the exact quote",Evidence-graded society recommendation,Retrieved source supports bounded claims only; failed search never proves absence.,2026-09-10,2.0.0,NA (no additional notes)
EU-ETA2018-R24,39,S039-B00178,section:Recommendations,"24 If surgery is selected, total thyroidectomy is the procedure of choice, and should be performed by a skilled surgeon with high annual volumes of thyroidectomies. 1, ∅∅∅∅",0,172,f6f2dde5c3736d144db75e4f9f61f179ef8346cfba48b69eeb1642d9d2d471fc,43e898405021053615840bd61046a5dd5e0754ee190574944968e62939ba1888,43e898405021053615840bd61046a5dd5e0754ee190574944968e62939ba1888,EU/EEA; international context,A2 society guideline; European Thyroid Association,"Adults unless the recommendation explicitly identifies pregnancy, lactation, older adults, or children",Graves’ hyperthyroidism; source-defined treatment context,"ATD, RAI, thyroidectomy, or source-defined management","Only the recommendation, regimen, status, or limitation stated in the exact quote",Evidence-graded society recommendation,Retrieved source supports bounded claims only; failed search never proves absence.,2026-09-10,2.0.0,NA (no additional notes)
EU-ETA2018-R29,39,S039-B00212,section:Recommendations,"29 Patients treated with RAI should receive steroid prophylaxis if mild and active GO preexists or there are risk factors for RAI-associated GO occurrence or progression. 1, ∅∅∅∅",0,178,f6f2dde5c3736d144db75e4f9f61f179ef8346cfba48b69eeb1642d9d2d471fc,d5ed8b269ee40a9f14eae38c069cba32ad1eae83be0c5cd5862c4391dab56ebc,d5ed8b269ee40a9f14eae38c069cba32ad1eae83be0c5cd5862c4391dab56ebc,EU/EEA; international context,A2 society guideline; European Thyroid Association,"Adults unless the recommendation explicitly identifies pregnancy, lactation, older adults, or children",Graves’ hyperthyroidism; source-defined treatment context,"ATD, RAI, thyroidectomy, or source-defined management","Only the recommendation, regimen, status, or limitation stated in the exact quote",Evidence-graded society recommendation,Retrieved source supports bounded claims only; failed search never proves absence.,2026-09-10,2.0.0,NA (no additional notes)
EU-ETA2018-R35,39,S039-B00221,section:Recommendations,"35 Women treated with MMI should be switched to PTU when planning pregnancy and/or during the first trimester of pregnancy. 1, ∅∅∅∅",0,131,f6f2dde5c3736d144db75e4f9f61f179ef8346cfba48b69eeb1642d9d2d471fc,72a0df9a7c4b77be14749d5268df984500672c5426fd185ed2b2645bf9dcb3cb,72a0df9a7c4b77be14749d5268df984500672c5426fd185ed2b2645bf9dcb3cb,EU/EEA; international context,A2 society guideline; European Thyroid Association,"Adults unless the recommendation explicitly identifies pregnancy, lactation, older adults, or children",Graves’ hyperthyroidism; source-defined treatment context,"ATD, RAI, thyroidectomy, or source-defined management","Only the recommendation, regimen, status, or limitation stated in the exact quote",Evidence-graded society recommendation,Retrieved source supports bounded claims only; failed search never proves absence.,2026-09-10,2.0.0,NA (no additional notes)
EU-ETA2018-R42,39,S039-B00233,section:Recommendations,"42 Lactating women with GD should be offered the same treatments as non-lactating women. 1, ∅∅○○",0,96,f6f2dde5c3736d144db75e4f9f61f179ef8346cfba48b69eeb1642d9d2d471fc,f4e8c969f767cf901b21aca51af44105e70f3803aaff5a5df29798864a413410,f4e8c969f767cf901b21aca51af44105e70f3803aaff5a5df29798864a413410,EU/EEA; international context,A2 society guideline; European Thyroid Association,"Adults unless the recommendation explicitly identifies pregnancy, lactation, older adults, or children",Graves’ hyperthyroidism; source-defined treatment context,"ATD, RAI, thyroidectomy, or source-defined management","Only the recommendation, regimen, status, or limitation stated in the exact quote",Evidence-graded society recommendation,Retrieved source supports bounded claims only; failed search never proves absence.,2026-09-10,2.0.0,NA (no additional notes)
EU-ETA2018-R43,39,S039-B00234,section:Recommendations,"43 MMI is recommended during lactation, given the concerns about PTU-mediated hepatotoxicity. 1, ∅∅○○",0,101,f6f2dde5c3736d144db75e4f9f61f179ef8346cfba48b69eeb1642d9d2d471fc,6d097015a78aba203bcfe10d9fd38a03a9e69c7753d8355efdf8ebcc3489061c,6d097015a78aba203bcfe10d9fd38a03a9e69c7753d8355efdf8ebcc3489061c,EU/EEA; international context,A2 society guideline; European Thyroid Association,"Adults unless the recommendation explicitly identifies pregnancy, lactation, older adults, or children",Graves’ hyperthyroidism; source-defined treatment context,"ATD, RAI, thyroidectomy, or source-defined management","Only the recommendation, regimen, status, or limitation stated in the exact quote",Evidence-graded society recommendation,Retrieved source supports bounded claims only; failed search never proves absence.,2026-09-10,2.0.0,NA (no additional notes)
EU-ETA2018-R44,39,S039-B00238,section:Recommendations,"44 Older patients who have had atrial fibrillation, cardiac failure, or cardiac ischemic symptoms precipitated by hyperthyroidism should undergo definitive therapy, usually RAI. 1, ∅∅∅○",0,185,f6f2dde5c3736d144db75e4f9f61f179ef8346cfba48b69eeb1642d9d2d471fc,c9824c7d33dd29783a4c9dd7a900df9aa169c77553a301d00135e0bd6328a6b6,c9824c7d33dd29783a4c9dd7a900df9aa169c77553a301d00135e0bd6328a6b6,EU/EEA; international context,A2 society guideline; European Thyroid Association,"Adults unless the recommendation explicitly identifies pregnancy, lactation, older adults, or children",Graves’ hyperthyroidism; source-defined treatment context,"ATD, RAI, thyroidectomy, or source-defined management","Only the recommendation, regimen, status, or limitation stated in the exact quote",Evidence-graded society recommendation,Retrieved source supports bounded claims only; failed search never proves absence.,2026-09-10,2.0.0,NA (no additional notes)
EU-ETA2018-R45,39,S039-B00239,section:Recommendations,"45 Long-term MMI (CBZ) should be considered as a satisfactory treatment for older individuals with mild GD. 2, ∅○○○",0,115,f6f2dde5c3736d144db75e4f9f61f179ef8346cfba48b69eeb1642d9d2d471fc,021b46dff03e3dc02409c2c1aec26b8ba98dd0314ac40ef2ca159209a6e5a659,021b46dff03e3dc02409c2c1aec26b8ba98dd0314ac40ef2ca159209a6e5a659,EU/EEA; international context,A2 society guideline; European Thyroid Association,"Adults unless the recommendation explicitly identifies pregnancy, lactation, older adults, or children",Graves’ hyperthyroidism; source-defined treatment context,"ATD, RAI, thyroidectomy, or source-defined management","Only the recommendation, regimen, status, or limitation stated in the exact quote",Evidence-graded society recommendation,Retrieved source supports bounded claims only; failed search never proves absence.,2026-09-10,2.0.0,NA (no additional notes)
EU-ETA2018-R47,39,S039-B00243,section:Recommendations,"47 Long-term MMI (CBZ) should be the mainstay of treatment in children with GD. 1, ∅∅∅○",0,87,f6f2dde5c3736d144db75e4f9f61f179ef8346cfba48b69eeb1642d9d2d471fc,7f1238ec1cd234c1c18b5f1dc7b2ef133101979579430d7abf848ccbbe250db0,7f1238ec1cd234c1c18b5f1dc7b2ef133101979579430d7abf848ccbbe250db0,EU/EEA; international context,A2 society guideline; European Thyroid Association,"Adults unless the recommendation explicitly identifies pregnancy, lactation, older adults, or children",Graves’ hyperthyroidism; source-defined treatment context,"ATD, RAI, thyroidectomy, or source-defined management","Only the recommendation, regimen, status, or limitation stated in the exact quote",Evidence-graded society recommendation,Retrieved source supports bounded claims only; failed search never proves absence.,2026-09-10,2.0.0,NA (no additional notes)
EU-ETA2018-R48,39,S039-B00244,section:Recommendations,"48 Thyroidectomy is the primary definitive therapy in childhood, but in postpubertal children RAI can be considered. 2, ∅∅○○",0,124,f6f2dde5c3736d144db75e4f9f61f179ef8346cfba48b69eeb1642d9d2d471fc,975abb55e8d28ac6ed943acdefb0c60d7d3715e88301cdf4d9fb9458dd6c8183,975abb55e8d28ac6ed943acdefb0c60d7d3715e88301cdf4d9fb9458dd6c8183,EU/EEA; international context,A2 society guideline; European Thyroid Association,"Adults unless the recommendation explicitly identifies pregnancy, lactation, older adults, or children",Graves’ hyperthyroidism; source-defined treatment context,"ATD, RAI, thyroidectomy, or source-defined management","Only the recommendation, regimen, status, or limitation stated in the exact quote",Evidence-graded society recommendation,Retrieved source supports bounded claims only; failed search never proves absence.,2026-09-10,2.0.0,NA (no additional notes)
EU-ETA2018-R5,39,S039-B00117,section:Recommendations,"5 Patients with newly diagnosed Graves' hyperthyroidism should be treated with ATD. RAI therapy or thyroidectomy may be considered in patients who prefer this approach. 1, ∅∅∅∅",0,176,f6f2dde5c3736d144db75e4f9f61f179ef8346cfba48b69eeb1642d9d2d471fc,cb7acf3bffff9a9dff66649a8cdd0a38ad6168d358bc9a2990415e2a4d26b686,cb7acf3bffff9a9dff66649a8cdd0a38ad6168d358bc9a2990415e2a4d26b686,EU/EEA; international context,A2 society guideline; European Thyroid Association,"Adults unless the recommendation explicitly identifies pregnancy, lactation, older adults, or children",Graves’ hyperthyroidism; source-defined treatment context,"ATD, RAI, thyroidectomy, or source-defined management","Only the recommendation, regimen, status, or limitation stated in the exact quote",Evidence-graded society recommendation,Retrieved source supports bounded claims only; failed search never proves absence.,2026-09-10,2.0.0,NA (no additional notes)
EU-ETA2018-R7,39,S039-B00119,section:Recommendations,"7 MMI is administered for 12–18 months then discontinued if the TSH and TSH-R-Ab levels are normal. 1, ∅∅∅∅",0,107,f6f2dde5c3736d144db75e4f9f61f179ef8346cfba48b69eeb1642d9d2d471fc,a8b38c210ba2f982b0bcddddb738cc318a8bf149068fb39eef6f2345a0706776,a8b38c210ba2f982b0bcddddb738cc318a8bf149068fb39eef6f2345a0706776,EU/EEA; international context,A2 society guideline; European Thyroid Association,"Adults unless the recommendation explicitly identifies pregnancy, lactation, older adults, or children",Graves’ hyperthyroidism; source-defined treatment context,"ATD, RAI, thyroidectomy, or source-defined management","Only the recommendation, regimen, status, or limitation stated in the exact quote",Evidence-graded society recommendation,Retrieved source supports bounded claims only; failed search never proves absence.,2026-09-10,2.0.0,NA (no additional notes)
EU-ETA2018-R8,39,S039-B00120,section:Recommendations,"8 Measurement of TSH-R-Ab levels prior to stopping ATD therapy is recommended, as it aids in predicting which patients can be weaned from the medication, with normal levels indicating a greater chance of remission. 1, ∅∅∅∅",0,222,f6f2dde5c3736d144db75e4f9f61f179ef8346cfba48b69eeb1642d9d2d471fc,209198eae1258894778ae032c8fac37281f4d9e2cc22e674a5ca2b3e179bfc34,209198eae1258894778ae032c8fac37281f4d9e2cc22e674a5ca2b3e179bfc34,EU/EEA; international context,A2 society guideline; European Thyroid Association,"Adults unless the recommendation explicitly identifies pregnancy, lactation, older adults, or children",Graves’ hyperthyroidism; source-defined treatment context,"ATD, RAI, thyroidectomy, or source-defined management","Only the recommendation, regimen, status, or limitation stated in the exact quote",Evidence-graded society recommendation,Retrieved source supports bounded claims only; failed search never proves absence.,2026-09-10,2.0.0,NA (no additional notes)
EU-ETA2018-R9,39,S039-B00121,section:Recommendations,"9 Patients with persistently high TSH-R-Ab at 12–18 months can continue MMI therapy, repeating the TSH-R-Ab measurement after an additional 12 months, or opt for RAI or thyroidectomy. 1, ∅∅∅○",0,191,f6f2dde5c3736d144db75e4f9f61f179ef8346cfba48b69eeb1642d9d2d471fc,757f1644646985bd65b68ca017402305c3a5ac62f7c46c58c8bbcb91ea0ccaa6,757f1644646985bd65b68ca017402305c3a5ac62f7c46c58c8bbcb91ea0ccaa6,EU/EEA; international context,A2 society guideline; European Thyroid Association,"Adults unless the recommendation explicitly identifies pregnancy, lactation, older adults, or children",Graves’ hyperthyroidism; source-defined treatment context,"ATD, RAI, thyroidectomy, or source-defined management","Only the recommendation, regimen, status, or limitation stated in the exact quote",Evidence-graded society recommendation,Retrieved source supports bounded claims only; failed search never proves absence.,2026-09-10,2.0.0,NA (no additional notes)
EU-EUGOGO2021-FIRSTLINE-IVMP-MMF-REGIMEN,135,S135-B00200,section:First-line treatments,"As demonstrated by two large RCTs ( 107 , 108 ) including more than 300 patients with moderate-to-severe and active GO and involving mycophenolate and glucocorticoids, this combination therapy shows a beneficial efficacy/safety profile ( 110 ) with a statistically significant and clinically relevant higher benefit than i.v. glucocorticoid monotherapy. Hence, and as shown in Fig. 2 , the combination of i.v. methylprednisolone (moderate cumulative dose of 4.5 g over 12 weeks) + mycophenolate sodium 0.72 g per day for 24 weeks is recommended as first-line treatment for most patients with moderate-to-severe and active GO. If the enteric-coated mycophenolate sodium is not available, mycophenolate mofetil is administered (1 g of mofetil is equivalent to 0.72 g of the sodium formulation).",0,792,9683e7fddf89aa41c597c5dc822ffe2be18e3e126cc3d4df409ed0f6a3a8eb28,76317291520cae2d20646dfac5fd34958373574b4da1d06e902defe2bf2f6897,76317291520cae2d20646dfac5fd34958373574b4da1d06e902defe2bf2f6897,EU/EEA; international context,A2 society guideline; European Group on Graves' Orbitopathy,Patients with moderate-to-severe active GO,Active moderate-to-severe TED/GO,IV methylprednisolone plus mycophenolate,First-line regimen and dose/duration as stated,Society guideline explanatory text,Retrieved source supports bounded claims only; failed search never proves absence.,2026-09-10,2.0.0,NA (no additional notes)
EU-EUGOGO2021-INACTIVE-SURGERY,135,S135-B00051,section:The 2021 European Group on Graves’ orbitopathy (EUGOGO) clinical practice guidelines for the medical management of Graves’ orbitopathy,"Rehabilitative surgery (orbital decompression, squint, and eyelid surgery) is indicated for inactive residual GO manifestations.",2010,2138,9683e7fddf89aa41c597c5dc822ffe2be18e3e126cc3d4df409ed0f6a3a8eb28,4e0a8bd9c29f5d74651a07c05acae0ce17c1140b66247906ba1c23f380e10394,2a6cdc2b1e8a9c55f693fa0b5b60a1e40877c0fefcba89b5994e978f3fd82a26,EU/EEA; international context,A2 society guideline; European Group on Graves' Orbitopathy,Patients with inactive residual GO,Inactive/chronic TED/GO,Staged rehabilitative orbital surgery,"Only the recommendation, regimen, status, or limitation stated in the exact quote",Society guideline summary statement,Retrieved source supports bounded claims only; failed search never proves absence.,2026-09-10,2.0.0,NA (no additional notes)
EU-EUGOGO2021-R10,135,S135-B00069,section:Introduction,"10 Cumulative dose of i.v. glucocorticoids The cumulative dose of i.v. glucocorticoids should not exceed 8.0 g for each cycle; GO patients with evidence of recent viral hepatitis, significant hepatic dysfunction, severe cardiovascular morbidity, uncontrolled hypertension, should not be administered i.v. glucocorticoids; diabetes should be well controlled before starting treatment. We strongly recommend that such treatment should only be applied in experienced centers that manage potentially serious adverse events 1, ØØØO",0,526,9683e7fddf89aa41c597c5dc822ffe2be18e3e126cc3d4df409ed0f6a3a8eb28,f76d6a55cb281bb4052cb96d91207c2062e741135d42e7d6e4c9170d116a0259,f76d6a55cb281bb4052cb96d91207c2062e741135d42e7d6e4c9170d116a0259,EU/EEA; international context,A2 society guideline; European Group on Graves' Orbitopathy,Patients with TED/GO in the source-defined activity and severity stratum,TED/GO; source-defined activity and severity,Source-defined TED treatment,"Only the recommendation, regimen, status, or limitation stated in the exact quote",Evidence-graded society recommendation,Retrieved source supports bounded claims only; failed search never proves absence.,2026-09-10,2.0.0,NA (no additional notes)
EU-EUGOGO2021-R11,135,S135-B00070,section:Introduction,"11 Cumulative and single dose of i.v. glucocorticoids An intermediate dose of i.v. glucocorticoids, that is, a starting dose of 0.5 g i.v. methylprednisolone once weekly for 6 weeks, followed by 0.25 g once weekly for 6 weeks, cumulative dose 4.5 g, should be used in most cases of moderate-to-severe and active GO. 1, ØØØØ",0,323,9683e7fddf89aa41c597c5dc822ffe2be18e3e126cc3d4df409ed0f6a3a8eb28,00c02ebf5fad0cc7119961e5f5c6069c7590566961e6a45fdb60104b8816b4fa,00c02ebf5fad0cc7119961e5f5c6069c7590566961e6a45fdb60104b8816b4fa,EU/EEA; international context,A2 society guideline; European Group on Graves' Orbitopathy,Patients with TED/GO in the source-defined activity and severity stratum,TED/GO; source-defined activity and severity,Source-defined TED treatment,"Only the recommendation, regimen, status, or limitation stated in the exact quote",Evidence-graded society recommendation,Retrieved source supports bounded claims only; failed search never proves absence.,2026-09-10,2.0.0,NA (no additional notes)
EU-EUGOGO2021-R12,135,S135-B00071,section:Introduction,"12 Cumulative and single dose of i.v. glucocorticoids High-dose regimen, that is, a starting dose of 0.75 g i.v. methylprednisolone once weekly for 6 weeks, followed by 0.5 g once weekly for 6 weeks, cumulative dose 7.5 g, should be reserved for the more severe cases (constant/inconstant diplopia, severe proptosis, severe soft-tissue pathology or involvement) within the moderate-to-severe and active GO spectrum 1, ØØØO",0,422,9683e7fddf89aa41c597c5dc822ffe2be18e3e126cc3d4df409ed0f6a3a8eb28,81c603a7695400c69536a21ffcbbfa04f964299af2ae2b344f205b074c518392,81c603a7695400c69536a21ffcbbfa04f964299af2ae2b344f205b074c518392,EU/EEA; international context,A2 society guideline; European Group on Graves' Orbitopathy,Patients with TED/GO in the source-defined activity and severity stratum,TED/GO; source-defined activity and severity,Source-defined TED treatment,"Only the recommendation, regimen, status, or limitation stated in the exact quote",Evidence-graded society recommendation,Retrieved source supports bounded claims only; failed search never proves absence.,2026-09-10,2.0.0,NA (no additional notes)
EU-EUGOGO2021-R15,135,S135-B00074,section:Introduction,"15 Mycophenolate Mycophenolate has a positive efficacy/safety profile in patients with moderate-to-severe and active GO, both as monotherapy and in combination with i.v. glucocorticoids 1, ØØØØ",0,193,9683e7fddf89aa41c597c5dc822ffe2be18e3e126cc3d4df409ed0f6a3a8eb28,4fd8fc7ec8c7b15f1a58d2f0498014c36b8c1c369db9573d635785588ad9c15a,4fd8fc7ec8c7b15f1a58d2f0498014c36b8c1c369db9573d635785588ad9c15a,EU/EEA; international context,A2 society guideline; European Group on Graves' Orbitopathy,Patients with TED/GO in the source-defined activity and severity stratum,TED/GO; source-defined activity and severity,Source-defined TED treatment,"Only the recommendation, regimen, status, or limitation stated in the exact quote",Evidence-graded society recommendation,Retrieved source supports bounded claims only; failed search never proves absence.,2026-09-10,2.0.0,NA (no additional notes)
EU-EUGOGO2021-R19,135,S135-B00078,section:Introduction,"19 Teprotumumab Very promising drug with a strong reduction of exophthalmos, diplopia, and improvement of QoL. Currently, second-line option as longer-term data, availability, affordability, costs, and need for subsequent rehabilitative surgery are pending 1, ØØØ0",0,264,9683e7fddf89aa41c597c5dc822ffe2be18e3e126cc3d4df409ed0f6a3a8eb28,038d9199eac59a7b7b4e1ff83b380033f1d8a42d8b3e4e56c0791ea8a1a1b884,038d9199eac59a7b7b4e1ff83b380033f1d8a42d8b3e4e56c0791ea8a1a1b884,EU/EEA; international context,A2 society guideline; European Group on Graves' Orbitopathy,Patients with TED/GO in the source-defined activity and severity stratum,TED/GO; source-defined activity and severity,Source-defined TED treatment,"Only the recommendation, regimen, status, or limitation stated in the exact quote",Evidence-graded society recommendation,Retrieved source supports bounded claims only; failed search never proves absence.,2026-09-10,2.0.0,Historical 2021 positioning only; do not use as evidence of 2026 authorization or access.
EU-EUGOGO2021-R22,135,S135-B00081,section:Introduction,"22 First-line treatment for moderate-to-severe and active GO Intravenous methylprednisolone in combination with oral mycophenolate sodium (or mofetil) represents the first-line treatment for moderate-to-severe and active GO 1, ØØØO",0,231,9683e7fddf89aa41c597c5dc822ffe2be18e3e126cc3d4df409ed0f6a3a8eb28,a9f27be59ed9b9c4ce38d242d681ba880d296650271b5d3ccf7500f153e734b3,a9f27be59ed9b9c4ce38d242d681ba880d296650271b5d3ccf7500f153e734b3,EU/EEA; international context,A2 society guideline; European Group on Graves' Orbitopathy,Patients with TED/GO in the source-defined activity and severity stratum,TED/GO; source-defined activity and severity,Source-defined TED treatment,"Only the recommendation, regimen, status, or limitation stated in the exact quote",Evidence-graded society recommendation,Retrieved source supports bounded claims only; failed search never proves absence.,2026-09-10,2.0.0,NA (no additional notes)
EU-EUGOGO2021-R24,135,S135-B00083,section:Introduction,"24 Second-line treatments for moderate-to-severe and active GO If response to primary treatment is poor and GO is still moderate-to-severe and active, subsequent to careful ophthalmic and biochemical (liver enzymes) evaluation, the following second-line treatments should be considered: • Second course of i.v. methylprednisolone monotherapy, starting with high single doses (0.75 g) and a maximal cumulative dose of 8 g per cycle • Oral prednisone/prednisolone combined with either cyclosporine or azathioprine • Orbital radiotherapy combined with oral or i.v. glucocorticoids • Teprotumumab • Rituximab • Tocilizumab 1, ØØØO",0,626,9683e7fddf89aa41c597c5dc822ffe2be18e3e126cc3d4df409ed0f6a3a8eb28,d267fcf5357ce6234e452f9550728ddbd1cc2b3b9f51fdacb56d3597cb1b221b,d267fcf5357ce6234e452f9550728ddbd1cc2b3b9f51fdacb56d3597cb1b221b,EU/EEA; international context,A2 society guideline; European Group on Graves' Orbitopathy,Patients with TED/GO in the source-defined activity and severity stratum,TED/GO; source-defined activity and severity,Source-defined TED treatment,"Only the recommendation, regimen, status, or limitation stated in the exact quote",Evidence-graded society recommendation,Retrieved source supports bounded claims only; failed search never proves absence.,2026-09-10,2.0.0,NA (no additional notes)
EU-EUGOGO2021-R26,135,S135-B00085,section:Introduction,"26 Treatment of sight-threatening GO Optic neuropathy should be treated immediately with high single doses of i.v. methylprednisolone (0.5–1 g of methylprednisolone daily for either three consecutive days or more preferably on every second day), and urgent orbital decompression should be performed if response is absent or poor within 1–2 weeks. Recent eyeball subluxation should undergo orbital decompression as soon as possible 1, ØØØO",0,438,9683e7fddf89aa41c597c5dc822ffe2be18e3e126cc3d4df409ed0f6a3a8eb28,1c8e950bbcc16fbab621fe9cf7fd2fa65637763c814e4fb03dbf70e3032d49c9,1c8e950bbcc16fbab621fe9cf7fd2fa65637763c814e4fb03dbf70e3032d49c9,EU/EEA; international context,A2 society guideline; European Group on Graves' Orbitopathy,Patients with TED/GO in the source-defined activity and severity stratum,TED/GO; source-defined activity and severity,Source-defined TED treatment,"Only the recommendation, regimen, status, or limitation stated in the exact quote",Evidence-graded society recommendation,Retrieved source supports bounded claims only; failed search never proves absence.,2026-09-10,2.0.0,NA (no additional notes)
EU-EUGOGO2021-R5,135,S135-B00064,section:Introduction,"5 Glucocorticoid prophylaxis Oral prednisone/prednisolone prophylaxis should be given to radioactive iodine (RAI)-treated patients at risk of progression or de novo development of GO (smokers, severe/unstable hyperthyroidism, high serum TSHR-Ab). Regimen: high risk: 0.3–0.5 mg/kg/bodyweight as starting dose, tapered, and withdrawn after 3 months; low risk: 0.1–0.2 mg/kg/bodyweight, tapered, and withdrawn after 6 weeks. Patients with longstanding and stably inactive GO can receive RAI without prednisone/prednisolone cover if risk factors for GO progression, particularly smoking and high serum TSHR-Ab titers are absent. Uncontrolled post-RAI hypothyroidism should be avoided. 1, ØØØØ",0,689,9683e7fddf89aa41c597c5dc822ffe2be18e3e126cc3d4df409ed0f6a3a8eb28,a7d7c0a25de0c7137c6d1289b0c001f10d9ec2242398cf55545b509f4409d6c4,a7d7c0a25de0c7137c6d1289b0c001f10d9ec2242398cf55545b509f4409d6c4,EU/EEA; international context,A2 society guideline; European Group on Graves' Orbitopathy,Patients with TED/GO in the source-defined activity and severity stratum,TED/GO; source-defined activity and severity,Source-defined TED treatment,"Only the recommendation, regimen, status, or limitation stated in the exact quote",Evidence-graded society recommendation,Retrieved source supports bounded claims only; failed search never proves absence.,2026-09-10,2.0.0,NA (no additional notes)
EU-EUGOGO2021-R7,135,S135-B00066,section:Introduction,"7 Mild GO Mild GO should be treated with local treatments and general measures to control risk factors; a 6-month selenium supplementation should be given to patients with mild and active GO of recent onset, because it improves eye manifestations and QoL and usually prevents GO progression to more severe forms 1, ØØØO",0,319,9683e7fddf89aa41c597c5dc822ffe2be18e3e126cc3d4df409ed0f6a3a8eb28,900a30863f8c727ec459eb6f978322a2c8df6037e86fabb3a0f7ec257eca135e,900a30863f8c727ec459eb6f978322a2c8df6037e86fabb3a0f7ec257eca135e,EU/EEA; international context,A2 society guideline; European Group on Graves' Orbitopathy,Patients with TED/GO in the source-defined activity and severity stratum,TED/GO; source-defined activity and severity,Source-defined TED treatment,"Only the recommendation, regimen, status, or limitation stated in the exact quote",Evidence-graded society recommendation,Retrieved source supports bounded claims only; failed search never proves absence.,2026-09-10,2.0.0,NA (no additional notes)
EU-SMPC-TEPEZZA-INDICATION-DOSE,730,S730-B00002,pdf_page:2,"4.1 Therapeutic indications 
 
TEPEZZA is indicated in adults for the treatment of moderate to severe thyroid eye disease (TED). 
 
4.2 Posology and method of administration 
 
Treatment with this medicinal product must be initiated and supervised by a physician experienced in 
the diagnosis and treatment of thyroid eye disease. It should be administered by a healthcare 
professional and under the supervision of a physician with access to appropriate medical support to 
manage infusion-related reactions. 
 
Posology 
 
Dosing is based on the patient’s actual body weight. The recommended dose is 10 mg/kg of body 
weight for the initial dose followed by 20 mg/kg of body weight for 7 additional doses given once 
every three weeks as an intravenous infusion.",1035,1799,6f85426dffbbf87b15db1785834dbe719313997a7407865602fa98f6ed7348e2,952a7cee4e7fb16dd9d05bf7fac793b78cc4a54361bef9f6cb93fc4b16459da9,b421f87ec363715a6feee990717914b4fa36b7294738112584f04fa010b878b4,EU/EEA,A1 regulator; European Medicines Agency,Adults,Moderate-to-severe TED,Teprotumumab (Tepezza),EU SmPC indication and dosing regimen,EU product information,Retrieved source supports bounded claims only; failed search never proves absence.,2026-09-10,2.0.0,NA (no additional notes)
EU-SMPC-TEPEZZA-PEDIATRIC,730,S730-B00003,pdf_page:3,"Paediatric population 
Teprotumumab should not be used in children from birth to adolescence before growth is complete 
because of safety concerns related to potential decrease in bone mass and decrease in body weight 
gains (see section 5.3). 
 
The safety and efficacy of teprotumumab in adolescents whose growth is complete to less than 
18 years has not been established. No data are available.",1004,1402,6f85426dffbbf87b15db1785834dbe719313997a7407865602fa98f6ed7348e2,ee7975f336923e9e19b2b31f6086eead0043c4c9b23d2ed13042aa83b2edd3bf,b162db0bf49867c43620e8d636ebc97981d3cd193fe828c322c080f52a109400,EU/EEA,A1 regulator; European Medicines Agency,Children and adolescents younger than 18 years,TED,Teprotumumab (Tepezza),EU pediatric restriction and evidence limitation,EU product information,Retrieved source supports bounded claims only; failed search never proves absence.,2026-09-10,2.0.0,NA (no additional notes)
EU-SMPC-TEPEZZA-PREGNANCY,730,S730-B00006,pdf_page:6,"Pregnancy 
 
There are no adequate data from the use of teprotumumab in pregnant women. 
 
Studies in animals have shown developmental toxicity (see section 5.3). 
 
Based on the mechanism of action inhibiting insulin like growth factor-1 receptor (IGF-1R) and the 
teratogenic effects observed in animal developmental studies, teprotumumab may cause congenital 
malformations such as foetal growth retardation and developmental anomalies when administered 
during pregnancy (see section 5.3). Therefore, TEPEZZA is contraindicated during pregnancy (see 
section 4.3).",601,1169,6f85426dffbbf87b15db1785834dbe719313997a7407865602fa98f6ed7348e2,161b21f3bf396c7129a6eec01b3fae5603d4237cc4aa6c4dd59736e1681c8c8b,238ea7a6750cb5a2ae1a886eb187b70fe2f0368780b275cc186f3ec55e816f31,EU/EEA,A1 regulator; European Medicines Agency,Pregnant patients,TED treatment and reproductive safety,Teprotumumab (Tepezza),EU pregnancy contraindication,EU product information,Retrieved source supports bounded claims only; failed search never proves absence.,2026-09-10,2.0.0,NA (no additional notes)
INT-ATA-ETA2022-KP6.1.1,139,S139-B00372,section:6.1. Medical therapy for mild TED,"Key Point 6.1.1: A single course of selenium selenite 100 μg twice daily for 6 months may be considered for patients with mild active TED, particularly in regions of selenium insufficiency.",0,189,01ee0aecf4fdf1956fbdc05d1bae52811d463febb107be134bf9408ea42d70da,bd83c5f8677d1899da8996d5e637a38de571583bf1add75ad070c128fc98cc8f,bd83c5f8677d1899da8996d5e637a38de571583bf1add75ad070c128fc98cc8f,United States; EU/EEA; international context,A2 society consensus statement; American Thyroid Association and European Thyroid Association,Patients with TED in the source-defined phenotype/activity stratum,TED; source-defined phenotype/activity/severity,Source-defined TED treatment,"Only the recommendation, regimen, status, or limitation stated in the exact quote",Joint society consensus key point,Retrieved source supports bounded claims only; failed search never proves absence.,2026-09-10,2.0.0,NA (no additional notes)
INT-ATA-ETA2022-KP7.1.1.1,139,S139-B00485,section:Summary of evidence,Key Point 7.1.1.1: IVGC therapy is a preferred treatment for active moderate-to-severe TED when disease activity is the prominent feature in the absence of either significant proptosis (see Section 2.1. for definition) or diplopia.,0,231,01ee0aecf4fdf1956fbdc05d1bae52811d463febb107be134bf9408ea42d70da,2d36db0fdddf16a27fb92f91b48d9163a14760cb091611f06d0d163345d2983a,2d36db0fdddf16a27fb92f91b48d9163a14760cb091611f06d0d163345d2983a,United States; EU/EEA; international context,A2 society consensus statement; American Thyroid Association and European Thyroid Association,Patients with TED in the source-defined phenotype/activity stratum,TED; source-defined phenotype/activity/severity,Source-defined TED treatment,"Only the recommendation, regimen, status, or limitation stated in the exact quote",Joint society consensus key point,Retrieved source supports bounded claims only; failed search never proves absence.,2026-09-10,2.0.0,NA (no additional notes)
INT-ATA-ETA2022-KP7.1.1.2,139,S139-B00486,section:Summary of evidence,Key Point 7.1.1.2: Standard dosing with IVGC consists of IVMP at cumulative doses of 4.5 g over ∼3 months (0.5 g weekly × 6 weeks followed by 0.25 g weekly for an additional 6 weeks).,0,183,01ee0aecf4fdf1956fbdc05d1bae52811d463febb107be134bf9408ea42d70da,208c36c50c3faa468df5e7f93ec2c3a6c04081cf00fa6dc82e1e94de1be89dc4,208c36c50c3faa468df5e7f93ec2c3a6c04081cf00fa6dc82e1e94de1be89dc4,United States; EU/EEA; international context,A2 society consensus statement; American Thyroid Association and European Thyroid Association,Patients with TED in the source-defined phenotype/activity stratum,TED; source-defined phenotype/activity/severity,Source-defined TED treatment,"Only the recommendation, regimen, status, or limitation stated in the exact quote",Joint society consensus key point,Retrieved source supports bounded claims only; failed search never proves absence.,2026-09-10,2.0.0,NA (no additional notes)
INT-ATA-ETA2022-KP7.1.1.3,139,S139-B00487,section:Summary of evidence,Key Point 7.1.1.3: Poor response to IVMP at 6 weeks should prompt consideration for treatment withdrawal and evaluation of other therapies. Clinicians should be alert for worsening diplopia or onset of DON that have occurred even while on IVMP therapy.,0,252,01ee0aecf4fdf1956fbdc05d1bae52811d463febb107be134bf9408ea42d70da,79197988eb5752bac77e03a066597c9d1d83ef011c03c27cfe4a7e2ae15381cf,79197988eb5752bac77e03a066597c9d1d83ef011c03c27cfe4a7e2ae15381cf,United States; EU/EEA; international context,A2 society consensus statement; American Thyroid Association and European Thyroid Association,Patients with TED in the source-defined phenotype/activity stratum,TED; source-defined phenotype/activity/severity,Source-defined TED treatment,"Only the recommendation, regimen, status, or limitation stated in the exact quote",Joint society consensus key point,Retrieved source supports bounded claims only; failed search never proves absence.,2026-09-10,2.0.0,NA (no additional notes)
INT-ATA-ETA2022-KP7.1.2.1,139,S139-B00491,section:7.1.2. Therapies for patients with moderate-to-severe TED unresponsive or intolerant to IVGCs,Key Point 7.1.2.1: RTX and TCZ may be considered for TED inactivation in GC-resistant patients with active moderate-to-severe TED. TEP has not been evaluated in this setting.,0,174,01ee0aecf4fdf1956fbdc05d1bae52811d463febb107be134bf9408ea42d70da,65ef27fd608e54a3ebf7e0b4dbb215d9c9a0520f3bd0c5c557ddecda95d3947a,65ef27fd608e54a3ebf7e0b4dbb215d9c9a0520f3bd0c5c557ddecda95d3947a,United States; EU/EEA; international context,A2 society consensus statement; American Thyroid Association and European Thyroid Association,Patients with TED in the source-defined phenotype/activity stratum,TED; source-defined phenotype/activity/severity,Source-defined TED treatment,"Only the recommendation, regimen, status, or limitation stated in the exact quote",Joint society consensus key point,Retrieved source supports bounded claims only; failed search never proves absence.,2026-09-10,2.0.0,NA (no additional notes)
INT-ATA-ETA2022-KP7.1.3.1,139,S139-B00515,section:Summary of evidence,"Key Point 7.1.3.1: TEP is a preferred therapy, if available, in patients with active moderate-to-severe TED with significant proptosis (see Section 2.1. for definition) and/or diplopia.",0,185,01ee0aecf4fdf1956fbdc05d1bae52811d463febb107be134bf9408ea42d70da,15c6ec9f9cac60345f3abc64a5de120cab8bb52b497ae6e8314ab88ca6b11dd8,15c6ec9f9cac60345f3abc64a5de120cab8bb52b497ae6e8314ab88ca6b11dd8,United States; EU/EEA; international context,A2 society consensus statement; American Thyroid Association and European Thyroid Association,Patients with TED in the source-defined phenotype/activity stratum,TED; source-defined phenotype/activity/severity,Source-defined TED treatment,"Only the recommendation, regimen, status, or limitation stated in the exact quote",Joint society consensus key point,Retrieved source supports bounded claims only; failed search never proves absence.,2026-09-10,2.0.0,NA (no additional notes)
INT-ATA-ETA2022-KP7.2.1,139,S139-B00578,section:7.2. Radiotherapy for moderate-to-severe TED,Key Point 7.2.1: RT is a preferred treatment in patients with active moderate-to-severe TED whose principal feature is progressive diplopia.,0,140,01ee0aecf4fdf1956fbdc05d1bae52811d463febb107be134bf9408ea42d70da,fe4013a5cee07a719092665f19f9ef949069eecb9ddcbf5fac4caceb58796a35,fe4013a5cee07a719092665f19f9ef949069eecb9ddcbf5fac4caceb58796a35,United States; EU/EEA; international context,A2 society consensus statement; American Thyroid Association and European Thyroid Association,Patients with TED in the source-defined phenotype/activity stratum,TED; source-defined phenotype/activity/severity,Source-defined TED treatment,"Only the recommendation, regimen, status, or limitation stated in the exact quote",Joint society consensus key point,Retrieved source supports bounded claims only; failed search never proves absence.,2026-09-10,2.0.0,NA (no additional notes)
INT-ATA-ETA2022-KP7.3.1.2,139,S139-B00583,section:7.3.1. Surgical intervention overview,Key Point 7.3.1.2 : Rehabilitative surgery for moderate-to-severe TED should only be performed when the disease is inactive and euthyroidism has been achieved and maintained.,0,174,01ee0aecf4fdf1956fbdc05d1bae52811d463febb107be134bf9408ea42d70da,6775f67623d8ecf8d184a41fcf8f880cc4951b19e6f5cf34aaccb2daa320b456,6775f67623d8ecf8d184a41fcf8f880cc4951b19e6f5cf34aaccb2daa320b456,United States; EU/EEA; international context,A2 society consensus statement; American Thyroid Association and European Thyroid Association,Patients with TED in the source-defined phenotype/activity stratum,TED; source-defined phenotype/activity/severity,Source-defined TED treatment,"Only the recommendation, regimen, status, or limitation stated in the exact quote",Joint society consensus key point,Retrieved source supports bounded claims only; failed search never proves absence.,2026-09-10,2.0.0,NA (no additional notes)
INT-ATA-ETA2022-KP7.3.4.1,139,S139-B00598,section:7.3.4. Eyelid procedures,"Key Point 7.3.4.1 : Eyelid retraction and fat prolapse are surgically corrected when TED is inactive and euthyroidism is achieved, and after decompression and strabismus surgery as indicated.",0,191,01ee0aecf4fdf1956fbdc05d1bae52811d463febb107be134bf9408ea42d70da,24a3783101fb459160b08ef02c71e44554a7c554212489e4c836f0a33e2973b2,24a3783101fb459160b08ef02c71e44554a7c554212489e4c836f0a33e2973b2,United States; EU/EEA; international context,A2 society consensus statement; American Thyroid Association and European Thyroid Association,Patients with TED in the source-defined phenotype/activity stratum,TED; source-defined phenotype/activity/severity,Source-defined TED treatment,"Only the recommendation, regimen, status, or limitation stated in the exact quote",Joint society consensus key point,Retrieved source supports bounded claims only; failed search never proves absence.,2026-09-10,2.0.0,NA (no additional notes)
INT-ATA-ETA2022-KP8.1.1,139,S139-B00605,section:8.1. Intravenous glucocorticoids,"Key Point 8.1.1: Patients with DON require urgent treatment with IVGC therapy, with close monitoring of response and early (after 2 weeks) consideration for decompression surgery if baseline visual function is not restored and maintained with medical therapy.",0,259,01ee0aecf4fdf1956fbdc05d1bae52811d463febb107be134bf9408ea42d70da,c81a610a31d597bfbbfebc8e7230cbab7cec3e6693d47053a4b5869ef302f9be,c81a610a31d597bfbbfebc8e7230cbab7cec3e6693d47053a4b5869ef302f9be,United States; EU/EEA; international context,A2 society consensus statement; American Thyroid Association and European Thyroid Association,Patients with TED in the source-defined phenotype/activity stratum,TED; source-defined phenotype/activity/severity,Source-defined TED treatment,"Only the recommendation, regimen, status, or limitation stated in the exact quote",Joint society consensus key point,Retrieved source supports bounded claims only; failed search never proves absence.,2026-09-10,2.0.0,NA (no additional notes)
INT-ATA-ETA2022-KP8.3.1,139,S139-B00176,section:1.4. Therapy of sight-threatening TED,"Key Point 8.3.1: In patients with compressive DON, orbital decompression of the deep medial wall and orbital floor should be considered to restore vision by reducing apical compression on the optic nerve.",0,204,01ee0aecf4fdf1956fbdc05d1bae52811d463febb107be134bf9408ea42d70da,61eea785ba0334319ac637cba348cea5d3b2a8f6620dfc6a87d4850ae90b528b,61eea785ba0334319ac637cba348cea5d3b2a8f6620dfc6a87d4850ae90b528b,United States; EU/EEA; international context,A2 society consensus statement; American Thyroid Association and European Thyroid Association,Patients with TED in the source-defined phenotype/activity stratum,TED; source-defined phenotype/activity/severity,Source-defined TED treatment,"Only the recommendation, regimen, status, or limitation stated in the exact quote",Joint society consensus key point,Retrieved source supports bounded claims only; failed search never proves absence.,2026-09-10,2.0.0,NA (no additional notes)
JP-JTA2019-BCQ1,741,S741-B00002,pdf_page:2,"BCQ1 薬物療法 の適応 は？ 
●薬物療法 は未治療 の患者 では 原則 としてすべての 患者 が適応 となる． 
",232,292,2bc5b4bed979419ede8c60b50fdc17a160b722df9fd5e586288f8ba8b158bfe0,31f413c3223ae1635aca193556a20d58574146dc5569d27989eb60f04181a628,aae98d0b3b279bcf08c29d21d8cdc8e3969cbf0c74bb09fceca834759f7f9a8e,Japan,A2 national society guideline; Japan Thyroid Association,Previously untreated patients with Graves’ disease,Graves’ disease; source-defined clinical question,"ATD, RAI, surgery, or monitoring as defined in the CQ",Eligibility for drug therapy,Primary national society guideline CQ,Retrieved source supports bounded claims only; failed search never proves absence.,2026-09-10,2.0.0,NA (no additional notes)
JP-JTA2019-BCQ2,741,S741-B00002,pdf_page:2,"BCQ2 抗甲状腺薬治療 の第一選択 は何か？ 
●抗甲状腺薬 の第一選択 は， 妊娠初 期（器官形成期 の妊娠 4 週 0 日 から 15 週 6 日 ）を除き， M M I 
とする． 
",292,388,2bc5b4bed979419ede8c60b50fdc17a160b722df9fd5e586288f8ba8b158bfe0,31f413c3223ae1635aca193556a20d58574146dc5569d27989eb60f04181a628,26222657791d0d58c06193cf4c35fb07f17ea237b23f7927cf533395aeca2dc5,Japan,A2 national society guideline; Japan Thyroid Association,"Patients starting ATD, with a pregnancy exception",Graves’ disease; source-defined clinical question,"ATD, RAI, surgery, or monitoring as defined in the CQ",First-choice ATD and broader pregnancy-period exception,Primary national society guideline CQ,Retrieved source supports bounded claims only; failed search never proves absence.,2026-09-10,2.0.0,Do not merge the FCQ1 exact 5w0d–9w6d MMI-avoidance interval with the broader BCQ2 first-choice exception.
JP-JTA2019-BCQ26,741,S741-B00005,pdf_page:5,"BCQ26 131 I 内用療法 の適応 と禁忌，注意 は？ 
●131 I内用療法 の適応 は， 患者 の年齢，妊娠 の可能性，甲状腺 の大きさ， 合併症 などを 考慮 した 
うえで， 患者 と相談 して 決める． 
●妊婦 や妊娠 している 可能性 が高い女性，断乳 できない 授乳婦，甲状腺癌 を合併 してい る（もし 
くは 疑われる ）場合 は禁忌 である． 
●必ずしも 甲状腺機能亢進症 が早期 に是正 されるとは 限らないこと， 永続性 の甲状腺機能低下 
症に陥り終生 にわたる 甲状腺 ホルモン 薬の服用 が必要 になるかもしれないこと， 治療後 に甲
状腺眼症 が悪化 するおそれがあることについて 考慮 と説明 が必要 である． 
",611,940,2bc5b4bed979419ede8c60b50fdc17a160b722df9fd5e586288f8ba8b158bfe0,93e7f65c5e5de1d4351efe570b79a1171ce116425789294e0897d4b8e3bb2693,d82e138fd4824ca80ff607326a91f9a9b584787332deb90fec8d0067d492c046,Japan,A2 national society guideline; Japan Thyroid Association,Patients considering RAI,Graves’ disease; source-defined clinical question,"ATD, RAI, surgery, or monitoring as defined in the CQ","RAI indications, contraindications, and counseling",Primary national society guideline CQ,Retrieved source supports bounded claims only; failed search never proves absence.,2026-09-10,2.0.0,NA (no additional notes)
JP-JTA2019-BCQ28,741,S741-B00005,pdf_page:5,"BCQ28 131 I 内用療法 の前処置 はどのようにするか？ 
●治療 1 週間以上前 からの ヨウ 素制限，治療 3 日以上前 からの 抗甲状腺薬中止 が望ましいが， 
まずは 甲状腺機能 のコントロール を十分 に行い， 甲状腺機能 のコントロール に見合 った 抗甲 
状腺薬 の中止期間 を決めていくことが 重要 である． 
",1076,1245,2bc5b4bed979419ede8c60b50fdc17a160b722df9fd5e586288f8ba8b158bfe0,93e7f65c5e5de1d4351efe570b79a1171ce116425789294e0897d4b8e3bb2693,82d753dd680f61181bbe98aea515382e28200704aae301e0bbe271e2dd14a774,Japan,A2 national society guideline; Japan Thyroid Association,Patients preparing for RAI,Graves’ disease; source-defined clinical question,"ATD, RAI, surgery, or monitoring as defined in the CQ",Iodine and ATD preparation for RAI,Primary national society guideline CQ,Retrieved source supports bounded claims only; failed search never proves absence.,2026-09-10,2.0.0,NA (no additional notes)
JP-JTA2019-BCQ30,741,S741-B00006,pdf_page:6,"BCQ30 131 I 内用療法後 の経過観察 はどのように 行うか？ 
●131 I内用療法後 の 6 ヵ月間 は甲状腺機能 の悪化 や変動 に注意 し，1 ヵ月ごとに 甲状腺機能検査 を
行うことが 望ましい ．その 後は甲状腺機能低下症 に注意 しながら 経過 をみていく 必要 がある． 
",0,149,2bc5b4bed979419ede8c60b50fdc17a160b722df9fd5e586288f8ba8b158bfe0,2fb690322b5972c962ba85e22f7f24e190632350e47edb9c75c18212040a7744,36906a7cc1ad38cf56078908ffeff5d116c8894393ffe9b628b9e49f7e19fd9a,Japan,A2 national society guideline; Japan Thyroid Association,Patients after RAI,Graves’ disease; source-defined clinical question,"ATD, RAI, surgery, or monitoring as defined in the CQ",Post-RAI monitoring,Primary national society guideline CQ,Retrieved source supports bounded claims only; failed search never proves absence.,2026-09-10,2.0.0,NA (no additional notes)
JP-JTA2019-BCQ32,741,S741-B00006,pdf_page:6,"BCQ32 131 I 内用療法後，挙児計画 はいつから 許可 するか？（ 女性 の場合） 
●131 I内用療法後 6 ヵ月過 ぎてから 挙児計画 を許可 するのが 合理的 である． 
",380,474,2bc5b4bed979419ede8c60b50fdc17a160b722df9fd5e586288f8ba8b158bfe0,2fb690322b5972c962ba85e22f7f24e190632350e47edb9c75c18212040a7744,cbdee2806f42d6f4c3c024bbeb59fd997de337cb40c8ca449282922c08e869fa,Japan,A2 national society guideline; Japan Thyroid Association,Women after RAI planning pregnancy,Graves’ disease; source-defined clinical question,"ATD, RAI, surgery, or monitoring as defined in the CQ",Post-RAI conception timing for women,Primary national society guideline CQ,Retrieved source supports bounded claims only; failed search never proves absence.,2026-09-10,2.0.0,NA (no additional notes)
JP-JTA2019-BCQ33,741,S741-B00006,pdf_page:6,"BCQ33 甲状腺眼症 を有する 場合 の 131 I 内用療法 の注意点 は？ 
●131 I内用療法 によって 眼症 の新規発症 や悪化 が認められる． 
●活動性 や重症度 の高い眼症患者 では 避ける． 
●喫煙 や 131 I内用療法後 の甲状腺機能低下症 がリスク となるため， 禁煙 を指導 し甲状腺 ホルモン 
薬補充 などにより 甲状腺機能低下症 を可能 な限り避ける． 
●軽症 の活動性眼症患者 でやむを 得ず 131 I内用療法 を行う場合 は， グルココルチコイド の予防的 
投与 を行う． 
",474,735,2bc5b4bed979419ede8c60b50fdc17a160b722df9fd5e586288f8ba8b158bfe0,2fb690322b5972c962ba85e22f7f24e190632350e47edb9c75c18212040a7744,8cb14454bf2b4b4022e2d8daba9661d43e328e49fae5c85770129b0f2ce17b0c,Japan,A2 national society guideline; Japan Thyroid Association,Patients with TED considering RAI,Graves’ disease; source-defined clinical question,"ATD, RAI, surgery, or monitoring as defined in the CQ",TED risk mitigation with RAI,Primary national society guideline CQ,Retrieved source supports bounded claims only; failed search never proves absence.,2026-09-10,2.0.0,NA (no additional notes)
JP-JTA2019-BCQ34,741,S741-B00006,pdf_page:6,"BCQ34 外科治療 として 甲状腺全摘術 は推奨 されるか？ 
●手術適応 と考えられる バセドウ 病に対して 甲状腺全摘術 が推奨 される． 
",735,809,2bc5b4bed979419ede8c60b50fdc17a160b722df9fd5e586288f8ba8b158bfe0,2fb690322b5972c962ba85e22f7f24e190632350e47edb9c75c18212040a7744,1ee14234080332851ae1d8cf31ef6765c2ce5b32cb3ab5edfbb66496dd1e79f2,Japan,A2 national society guideline; Japan Thyroid Association,Patients with a surgical indication,Graves’ disease; source-defined clinical question,"ATD, RAI, surgery, or monitoring as defined in the CQ",Total thyroidectomy,Primary national society guideline CQ,Retrieved source supports bounded claims only; failed search never proves absence.,2026-09-10,2.0.0,NA (no additional notes)
JP-JTA2019-BCQ35,741,S741-B00006,pdf_page:6,"BCQ35 術前 の準備 は？ 
●甲状腺 クリーゼ の発生予防 に， 可能 な限り術前 に甲状腺機能 を正常 にコントロール する． 
●手術 7〜10 日前 から 無機 ヨウ 素薬 を投与 すると， 甲状腺腫 の血流 が減少 し術中 の出血量 の減
少が期待 できる． 
●巨大甲状腺腫 などで 出血 のリスク の高い症例 では， 術前 の自己貯血 を検討 する． 
",809,995,2bc5b4bed979419ede8c60b50fdc17a160b722df9fd5e586288f8ba8b158bfe0,2fb690322b5972c962ba85e22f7f24e190632350e47edb9c75c18212040a7744,f2d96ec715226f8b4feeffee412ee6f3e5c7200bf6602d097ff667796b54786e,Japan,A2 national society guideline; Japan Thyroid Association,Patients preparing for thyroidectomy,Graves’ disease; source-defined clinical question,"ATD, RAI, surgery, or monitoring as defined in the CQ",Preoperative biochemical control and inorganic iodine,Primary national society guideline CQ,Retrieved source supports bounded claims only; failed search never proves absence.,2026-09-10,2.0.0,NA (no additional notes)
JP-JTA2019-BCQ36,741,S741-B00006,pdf_page:6,"BCQ36 妊娠 を避けるべき 状態 とは？ 
●甲状腺 ホルモン 過剰状態 および 甲状腺 ホルモン 欠乏状態 では 妊娠 を避けることが 望ましい． 
●131 I内用療法後 6 ヵ月間 は妊娠 を避けるべきである． 
",995,1107,2bc5b4bed979419ede8c60b50fdc17a160b722df9fd5e586288f8ba8b158bfe0,2fb690322b5972c962ba85e22f7f24e190632350e47edb9c75c18212040a7744,3c60e7f7ec1dbb4d135ef8a1c08c2579b910d18fb9e61363cc6d275467749577,Japan,A2 national society guideline; Japan Thyroid Association,Patients considering pregnancy,Graves’ disease; source-defined clinical question,"ATD, RAI, surgery, or monitoring as defined in the CQ",Thyroid-state and post-RAI pregnancy avoidance,Primary national society guideline CQ,Retrieved source supports bounded claims only; failed search never proves absence.,2026-09-10,2.0.0,NA (no additional notes)
JP-JTA2019-BCQ6,741,S741-B00002,pdf_page:2,"BCQ6 抗甲状腺薬中止 の目安 は？ 
●抗甲状腺薬 1 錠隔日投与 で，6 ヵ月以上甲状腺機能 が正常 な場合 には ，休薬 を検討 してもよい． 
",854,931,2bc5b4bed979419ede8c60b50fdc17a160b722df9fd5e586288f8ba8b158bfe0,31f413c3223ae1635aca193556a20d58574146dc5569d27989eb60f04181a628,d84da9cbdb15accec5724eabee1ef3087ffb42b8fde31f9fcf28d1c3c66509ef,Japan,A2 national society guideline; Japan Thyroid Association,Patients considering stopping ATD,Graves’ disease; source-defined clinical question,"ATD, RAI, surgery, or monitoring as defined in the CQ",Criterion for considering ATD withdrawal,Primary national society guideline CQ,Retrieved source supports bounded claims only; failed search never proves absence.,2026-09-10,2.0.0,NA (no additional notes)
JP-JTA2019-BCQ7,741,S741-B00002,pdf_page:2,"BCQ7 抗甲状腺薬中止後 の経過観察 の方法 は？ 
●抗甲状腺薬中止後 はじめの 6 ヵ月間 は甲状腺機能 を 2〜3 ヵ月おきに 検査 し，その 後は徐々 に
間隔 を延ばし，1 年以降 は 6〜12 ヵ月おきに 検査 する． 
",931,1049,2bc5b4bed979419ede8c60b50fdc17a160b722df9fd5e586288f8ba8b158bfe0,31f413c3223ae1635aca193556a20d58574146dc5569d27989eb60f04181a628,e33f81591b6511a1c334059fdb58788f3134507b2ca388bb2f7e08f42f2e54ee,Japan,A2 national society guideline; Japan Thyroid Association,Patients after stopping ATD,Graves’ disease; source-defined clinical question,"ATD, RAI, surgery, or monitoring as defined in the CQ",Post-ATD biochemical monitoring,Primary national society guideline CQ,Retrieved source supports bounded claims only; failed search never proves absence.,2026-09-10,2.0.0,NA (no additional notes)
JP-JTA2019-FCQ1,741,S741-B00001,pdf_page:1,"FCQ 1 妊娠初期 における 薬物治療 は， 第一選択薬 として 何が推奨 されるか？ 
●妊娠初期 は催奇形性 の観点 から 妊娠 5 週 0 日 から 9 週 6 日 までは チアマゾー ル（M M I ）を避け
るべきである． 【強く推奨 する】 ［ エビデンスレベル B］ （合意率 100％） 
●M M I 内服中 に妊娠 が判明 した 場合，妊娠 9 週 6 日 までであれば M M I を速やかに 中止 し， 患
者の状態 に応じて 休薬 または プロピルチオウラシ ル（P T U ）や無機 ヨウ 素薬 に変更 する． 
 【強く推奨 する】 ［ エビデンスレベル B］ （合意率 100％） 
●妊娠初期 に抗甲状腺薬 が必要 な場合 には P T U を使用 する． 
 【弱く推奨 する】 ［ エビデンスレベル C］ （合意率 100％） 
●妊娠初期 の無機 ヨウ 素薬 は， M M I（や P T U ）の代替薬 として 使用 が可能 である． 
 【弱く推奨 する】 ［ エビデンスレベル C］ （合意率 100％） 
●妊娠初期 の無機 ヨウ 素薬 は， P T U の補助薬 として 使用 が可能 である． 
 【弱く推奨 する】 ［ エビデンスレベル D］ （合意率 100％） 
",7,569,2bc5b4bed979419ede8c60b50fdc17a160b722df9fd5e586288f8ba8b158bfe0,a169f20ae422263266eb6d84d25ed3261e04c5452e0ef03ff1280cdcaad1af59,360b84ef8d11a367720d74d596eaaa9adc2987ed0c45a40e221526ec8646e5fd,Japan,A2 national society guideline; Japan Thyroid Association,Pregnant patients in early gestation,Graves’ disease; source-defined clinical question,"ATD, RAI, surgery, or monitoring as defined in the CQ",MMI avoidance interval and alternatives in early pregnancy,Primary national society guideline CQ,Retrieved source supports bounded claims only; failed search never proves absence.,2026-09-10,2.0.0,Do not merge the FCQ1 exact 5w0d–9w6d MMI-avoidance interval with the broader BCQ2 first-choice exception.
JP-JTA2019-FCQ4,741,S741-B00001,pdf_page:1,"FCQ4 18 歳以下 のバセドウ 病患者 に 131 I 内用療法 は推奨 されるか？ 
●6歳 から 18 歳以下 のバセドウ 病患者 において， 薬物療法 で重篤 な副作用 が発症 した 症例 や治
療抵抗 の症例 で， 外科治療 も困難 である 場合 にのみ， 131 I内用療法 は容認 される． 
 【弱く推奨 する】 ［ エビデンスレベル C］ （合意率 92％） 
●5 歳未満 は禁忌 である． 【強く推奨 する】 ［ エビデンスレベル C］ （合意率 92％） 
",989,1231,2bc5b4bed979419ede8c60b50fdc17a160b722df9fd5e586288f8ba8b158bfe0,a169f20ae422263266eb6d84d25ed3261e04c5452e0ef03ff1280cdcaad1af59,5df388806a2e6cc2204079d0de425483d60647eeb5367b8363e2ef7ec512c8a5,Japan,A2 national society guideline; Japan Thyroid Association,Children and adolescents aged 18 years or younger,Graves’ disease; source-defined clinical question,"ATD, RAI, surgery, or monitoring as defined in the CQ",Pediatric RAI conditions and age restriction,Primary national society guideline CQ,Retrieved source supports bounded claims only; failed search never proves absence.,2026-09-10,2.0.0,NA (no additional notes)
JP-JTA2019-FCQ5,741,S741-B00001,pdf_page:1,"FCQ5 授乳中 のバセドウ 病患者 に MMI ，PTU ，無機 ヨウ 素薬 は推奨 されるか？ 
●M M I 10 m g/ 日または P T U 30 0 m g/ 日までは 児の甲状腺機能 をチェック することなく 投与 が可
能である． 【弱く推奨 する】 ［ エビデンスレベル B］ （合意率 100％） 
●無機 ヨウ 素薬 は乳児 の甲状腺機能維持 に必須 であるが， 授乳中 のバセドウ 病治療量 の無機 ヨ
ウ素薬 の投与 は児に甲状腺機能低下症 を生じる 可能性 があり， 可能 な限り避けることが 推奨 
される． 【強く推奨 する】 ［ エビデンスレベル C］ （合意率 100％） 
",1231,1538,2bc5b4bed979419ede8c60b50fdc17a160b722df9fd5e586288f8ba8b158bfe0,a169f20ae422263266eb6d84d25ed3261e04c5452e0ef03ff1280cdcaad1af59,7ffdb9ee6ca323a4677f78cea5f2a051f9168f9c59acf566f9e2b8eb36d9fcd6,Japan,A2 national society guideline; Japan Thyroid Association,Lactating patients,Graves’ disease; source-defined clinical question,"ATD, RAI, surgery, or monitoring as defined in the CQ",MMI/PTU and inorganic iodine during lactation,Primary national society guideline CQ,Retrieved source supports bounded claims only; failed search never proves absence.,2026-09-10,2.0.0,NA (no additional notes)
JP-JTA2019-FCQ6,741,S741-B00002,pdf_page:2,"FCQ6 131 I 内用療法後，挙児計画 はいつから 許可 するか？（ 男性 の場合） 
●精子 への 被曝 の点から， 131 I内用療法後 4 ヵ月過 ぎてからの 挙児計画 が推奨 される． 
 【強く推奨 する】 ［ エビデンスレベル C］ （合意率 100％） 
●甲状腺機能 の安定化 の点も踏まえ， 131 I内用療法後 6ヵ 月過 ぎてからの 挙児計画 が推奨 される． 
 【弱く推奨 する】 ［ エビデンスレベル C］ （合意率 100％） 
",0,232,2bc5b4bed979419ede8c60b50fdc17a160b722df9fd5e586288f8ba8b158bfe0,31f413c3223ae1635aca193556a20d58574146dc5569d27989eb60f04181a628,a929b706aab180fb73c87503d05005243cbe22f92b844e3ece4db0942d4b8066,Japan,A2 national society guideline; Japan Thyroid Association,Men after RAI planning conception,Graves’ disease; source-defined clinical question,"ATD, RAI, surgery, or monitoring as defined in the CQ",Post-RAI conception timing for men,Primary national society guideline CQ,Retrieved source supports bounded claims only; failed search never proves absence.,2026-09-10,2.0.0,NA (no additional notes)
JP-JTA2020-FCQ1-EXPLANATION,743,S743-B00035,section:妊娠初期における薬物治療は，第一選択薬として何が推奨されるか？ （バセドウ病治療ガイドライン2019：FCQ1の解説）,要旨 『バセドウ病治療ガイドライン2019』のFCQ（Foreground Clinical Question）1には，「妊娠初期における薬物治療は，第一選択薬として何が推奨されるか？」という質問が選択された。『バセドウ病治療ガイドライン2011』が作成された時点では曖昧であったチアマゾール（MMI）の催奇形性が明らかになり，プロピルチオウラシル（PTU）にも催奇形性が疑われる報告が提出されるというなかで，今回のガイドラインは作成された。ステートメントでは，MMIを避けるべき期間を妊娠5週0日から9週6日までと明確にし，MMIを内服中であれば妊娠9週6日までに休薬するか，PTUや無機ヨウ素薬に変更することを強く推奨するとした。PTUにはMMIよりも副作用の頻度が高く，重篤な副作用があるため，妊娠初期のPTUの使用は弱く推奨することになった。妊娠初期の無機ヨウ素薬の使用または併用を，弱い推奨ではあるが明確に認めることになった。ステートメントの内容をわかりやすく解説し，POEM Study，欧州甲状腺学会，米国甲状腺学会のガイドラインについても言及した。,0,482,095d4b177654a990d44568daefdb908059609acce3f8bcba7a8e085f306270f9,b0f726a5fc448d4cdd7fdeacad5bde229c611de4a3ef08a710f838bafbdf8129,b0f726a5fc448d4cdd7fdeacad5bde229c611de4a3ef08a710f838bafbdf8129,Japan,A2 society journal explanation; Japan Thyroid Association,Pregnant patients in early gestation,Graves’ disease in early pregnancy,MMI interruption or switch to PTU/inorganic iodine,Explanation of the FCQ1 5w0d–9w6d interval,National society explanatory page,Retrieved source supports bounded claims only; failed search never proves absence.,2026-09-10,2.0.0,Interpretive companion to the primary CQ; do not substitute it for source 741 when quoting the recommendation.
JP-PMDA-TEPEZZA-DOSE,735,S735-B00004,pdf_page:4,"（修正反映版） 
3 
 
通常、成人にはテプロツムマブ（遺伝子組換え）として初回は10 mg/kg を、2 回目以降は 20 mg/kg を
7 回、3 週間間隔で計 8 回点滴静注する。 
 
［承認条 件］ 
医薬品リスク管理計画を策定の上、適切に実施すること。",0,134,33095b611ecd1d6e679ac5b236ad6b7e87127b8240f947518d29eefbbfd71cf2,1a0b59a89e06fee2df581e0108c2fa33f3a3dc8f92527624eeefe2e2e4e85fee,1a0b59a89e06fee2df581e0108c2fa33f3a3dc8f92527624eeefe2e2e4e85fee,Japan,A1 regulator; Pharmaceuticals and Medical Devices Agency / MHLW,Adults with active TED in Japan,Active TED,Teprotumumab (Tepezza),Japan dosing regimen,PMDA review report,Retrieved source supports bounded claims only; failed search never proves absence.,2026-09-10,2.0.0,NA (no additional notes)
JP-PMDA-TEPEZZA-ENGLISH-APPROVAL-ROW,736,S736-B00015,pdf_page:15,"6-2 Sep. 24, 2024 19 Tepezza for Intravenous Infusion 500 mg
(Amgen K.K.)
Approval Teprotumumab 
(genetical 
recombination)
A drug with a new active ingredient indicated for the 
treatment of active thyroid eye disease.
[Orphan drug]",3816,4049,e1771f98c653699d0e4fc893650f27af047c5a60406013243786c8944c14e272,b882f6482c49eb80af47af649af40de7ff8e24d2bce29be525cf608ebc9ad66b,24ad61c4a470b793ad6733ef7ebb1e6d112926db48587bcab71f6d745c88e7b3,Japan,A1 regulator; Pharmaceuticals and Medical Devices Agency,NA (authorization record),Active TED authorization,Teprotumumab (Tepezza),English PMDA approval-list row,PMDA approved-products list,Retrieved source supports bounded claims only; failed search never proves absence.,2026-09-10,2.0.0,NA (no additional notes)
JP-PMDA-TEPEZZA-JAPANESE-APPROVAL-ROW,737,S737-B00002,pdf_page:2,"第６
の２
2024.9.24 19 テッペーザ点滴静注用500 mg
(アムジェン㈱、4010001153718)
承　認 テプロツムマブ（遺伝
子組換え）
活動性甲状腺眼症を効能・効果とする新有効成分含
有医薬品
【希少疾病用医薬品】",693,812,8979aad3da9907f425169c2533c8da409b8f1180799ef03f542b696f93743179,84fc754961dc74ac06366430dfde706c6df66f7c433eeff2f43ca34bc27606f9,410ffb20bac8e518a3b66b23aab38d2268099f6134ebef0bbad7d900465a6c84,Japan,A1 regulator; Pharmaceuticals and Medical Devices Agency,NA (authorization record),Active TED authorization,Teprotumumab (Tepezza),Japanese PMDA approval-list row,PMDA approved-products list,Retrieved source supports bounded claims only; failed search never proves absence.,2026-09-10,2.0.0,NA (no additional notes)
JP-PMDA-TEPEZZA-REVIEW-CONCLUSION,735,S735-B00003,pdf_page:3,"［審査結 果 ］ 
別紙のとおり、提出された資料から、本品目の活動性甲状腺眼症に対する有効性は示され、認められ
たベネフィットを踏まえると安全性は許容可能と判断する。 
以上、医薬品医療機器総合機構における審査の結果、本品目については、下記の承認条件を付した上
で、以下の効能又は効果並びに用法及び用量で承認して差し支えないと判断した。 
 
［効能又は効果］ 
活動性甲状腺眼症",395,585,33095b611ecd1d6e679ac5b236ad6b7e87127b8240f947518d29eefbbfd71cf2,ae68854f06f8d9fab544a6cac703fde28693193edd4f9beedb130d98643876f9,00df358e9475f1eb334d7d9be0a4aab3d1cd699fe0b73a660d36b614de20d263,Japan,A1 regulator; Pharmaceuticals and Medical Devices Agency / MHLW,Patients with active TED in Japan,Active TED,Teprotumumab (Tepezza),PMDA benefit-risk conclusion and approved indication,PMDA review report,Retrieved source supports bounded claims only; failed search never proves absence.,2026-09-10,2.0.0,NA (no additional notes)
JP-TED-DRAFT-CAS-ACTIVE,742,S742-B00007,pdf_page:7,"EUGOGO は、眼症の活動性の評価を 7 点満点で評価（上記の項目を各 1 点として合計点で
評価）、CAS≥３点以上は活動性の眼症としている。",1726,1799,f236c7327a215833fea3cf39db8bff08ca83591ef9d5499c6a059c0c5f0aae41,ac1ccddff9b0eb0d32e4ff6cd62c45c9f488110d24e5228152e235c5aaedeee3,9b14897eb1ba667cf7d689eccba47e811e4628595c80ba43d6d43b313c6d6622,Japan,A2 national society clinical guidance; Japan Thyroid Association and Japan Endocrine Society committee,Patients assessed for TED activity,TED activity classification,Clinical Activity Score assessment,CAS threshold for active disease,Japanese society draft guidance,Retrieved source supports bounded claims only; failed search never proves absence.,2026-09-10,2.0.0,NA (no additional notes)
JP-TED-DRAFT-CAS1-2-MRI,742,S742-B00008,pdf_page:8,また、ＣＡＳ 1～２点でもＭＲＩを撮ると炎症所見を認める場合がある。,57,91,f236c7327a215833fea3cf39db8bff08ca83591ef9d5499c6a059c0c5f0aae41,eeea18fc34dc38e83096ce547cf2e6a1dd5e008c73534783a228a3a9cf240e74,b7bac41f2b97b90817b516d29c014c49b6b6109538eca752e35411d2d600e135,Japan,A2 national society clinical guidance; Japan Thyroid Association and Japan Endocrine Society committee,Patients with low CAS,Possible imaging-active TED despite CAS 1–2,Orbital MRI assessment,Possibility of MRI inflammation at CAS 1–2,Japanese society draft guidance,Retrieved source supports bounded claims only; failed search never proves absence.,2026-09-10,2.0.0,NA (no additional notes)
JP-TED-DRAFT-INACTIVE-SURGERY,742,S742-B00024,pdf_page:24,"（３） 中等症～重症例（非活動期）の治療 
視機能の回復と整容性を目的に手術療法が行われている。眼窩減圧術、外眼筋手術、
眼瞼手術など、どの治療法を選択するかは個々の症例で検討すべきである。",253,348,f236c7327a215833fea3cf39db8bff08ca83591ef9d5499c6a059c0c5f0aae41,b2b9fa64aeabde526429eb0df6186162ffb84816c61f48baf592b29bb12c49e9,aad3011095b1855d7b4ce8a42d2c72439092820d87dc054b347e05542dfad1e8,Japan,A2 national society clinical guidance; Japan Thyroid Association and Japan Endocrine Society committee,Patients with inactive moderate-to-severe TED,Inactive moderate-to-severe TED,"Orbital decompression, extraocular-muscle surgery, or eyelid surgery",Case-specific surgical selection,Japanese society draft guidance,Retrieved source supports bounded claims only; failed search never proves absence.,2026-09-10,2.0.0,NA (no additional notes)
JP-TED-DRAFT-MILD-MRI,742,S742-B00024,pdf_page:24,"（４） 軽症例の治療 
EUGOGO は経過観察を推奨しているが、MRI の普及している日本においては MRI によ
る眼症の評価を行い、眼症の病態を把握する。そして病態に応じた治療法を選択する。",352,450,f236c7327a215833fea3cf39db8bff08ca83591ef9d5499c6a059c0c5f0aae41,b2b9fa64aeabde526429eb0df6186162ffb84816c61f48baf592b29bb12c49e9,e7b6f47cbeb6eaa7327a88bca72be34c27bedf09ccf85cf22c0287ef715f5965,Japan,A2 national society clinical guidance; Japan Thyroid Association and Japan Endocrine Society committee,Patients with mild TED in Japan,Mild TED,Orbital MRI assessment and phenotype-directed management,Japanese-context recommendation to assess mild disease with MRI,Japanese society draft guidance,Retrieved source supports bounded claims only; failed search never proves absence.,2026-09-10,2.0.0,NA (no additional notes)
JP-TED-DRAFT-REFRACTORY-RELAPSE,742,S742-B00024,pdf_page:24,"４） 難治例、再燃・再発例への対処 
約 22～30％の症例では、パルス療法の効果が不十分で、炎症所見の残存やプレドニゾ
ロン漸減療法中の再燃や再発に対して、何らかの追加治療が必要となる。プレドニゾロン
内服薬の増量、パルス療法（0.5ｇDaily法や週1回Weekly法）の追加、放射線外照射療法、
ステロイド薬やボツリヌス毒素の眼窩内への局所注射などの追加治療を考慮する。難治例
にはその他の免疫抑制剤や眼窩減圧術の適応を検討する。いずれも副作用の出現に注
意が必要である。",6,245,f236c7327a215833fea3cf39db8bff08ca83591ef9d5499c6a059c0c5f0aae41,b2b9fa64aeabde526429eb0df6186162ffb84816c61f48baf592b29bb12c49e9,3119a8d143c5e67364d5527a00221a831967736c7eb1183c1d90b84c419c7882,Japan,A2 national society clinical guidance; Japan Thyroid Association and Japan Endocrine Society committee,"Patients with inadequate response, persistence, flare, or recurrence after pulse therapy",Refractory/relapsed TED,"Additional systemic, radiotherapy, local injection, immunosuppressive, or decompression options",Japanese guidance context estimate and listed escalation options; not a cross-trial efficacy estimate,Japanese society draft guidance,Retrieved source supports bounded claims only; failed search never proves absence.,2026-09-10,2.0.0,The approximately 22–30% figure is contextual guidance text and must not be used for cross-trial efficacy comparison.
KR-KSOPRS2026-ALGORITHM-STEP4,127,S127-B00010,pdf_page:10,"Step 4: In active moderate-to-severe TED, select treatment 
according to the predominant phenotype; IVGC-based therapy 
for inflammation-predominant disease, TEP for proptosis-domi-
nant disease when available and feasible, and ORT for restric-
tive myopathy or progressive diplopia.",3866,4149,5a1f02c942229fec235d0c251a9d22f4c397675335328333b45c5c74b8901bda,96fa781c6aa3e8b0256d185b58659e6e83d42effe544ad5b28c1f8e7317029da,7a8707603cbcd85d5e3f618b3688ca34c71c0881e0179ac6f2efa01af68a05bc,South Korea,A2/B1 society-endorsed framework; Korean Society of Ophthalmic Plastic and Reconstructive Surgery,Patients with active moderate-to-severe TED,Active moderate-to-severe TED by predominant phenotype,"IVGC, teprotumumab, or orbital radiotherapy",Phenotype-based treatment selection within the Korean framework,Society-endorsed text algorithm,Retrieved source supports bounded claims only; failed search never proves absence.,2026-09-10,2.0.0,NA (no additional notes)
KR-KSOPRS2026-ALGORITHM-STEP6,127,S127-B00010,pdf_page:10,"Step 6: In inactive TED, manage residual sequelae with staged 
rehabilitative surgery, typically orbital decompression, followed 
by strabismus surgery and then eyelid correction.",4380,4559,5a1f02c942229fec235d0c251a9d22f4c397675335328333b45c5c74b8901bda,96fa781c6aa3e8b0256d185b58659e6e83d42effe544ad5b28c1f8e7317029da,64c55891686c1c562e33a42d73726b62cc83f7c8ffa98d30f61cec4a6cf2ab82,South Korea,A2/B1 society-endorsed framework; Korean Society of Ophthalmic Plastic and Reconstructive Surgery,Patients with inactive TED and residual sequelae,Inactive/chronic TED,Staged rehabilitative surgery,Order of staged surgery,Society-endorsed text algorithm,Retrieved source supports bounded claims only; failed search never proves absence.,2026-09-10,2.0.0,NA (no additional notes)
KR-KSOPRS2026-AUTHORITY-CAVEAT,127,S127-B00003,pdf_page:3,"Although the survey provides a 
useful snapshot of contemporary TED care among Korean sub-
specialists, its findings are best interpreted as reported specialist 
practice patterns rather than as nationally representative data 
across all ophthalmic practice settings or as evidence of treat-
ment superiority. Based on the integration of global evidence 
and these local practice patterns, the final manuscript and treat-
ment algorithms received formal endorsement and official ap-
proval from the KSOPRS board. Accordingly, this manuscript 
should be interpreted not as a formal evidence-graded guideline 
but as a society-endorsed, survey-informed clinical practice 
framework with consensus elements for TED management 
within the Korean healthcare system.",2762,3522,5a1f02c942229fec235d0c251a9d22f4c397675335328333b45c5c74b8901bda,12a9468fe0c88b69c502e704165e36bfe1f8dbfde86c1a3111ac1ef2ec2161e8,fb9feee36b21295e63d5c6b101b6845a743ccca36ccf615f48f4a1f3d59092e3,South Korea,A2/B1 society-endorsed framework; Korean Society of Ophthalmic Plastic and Reconstructive Surgery,Korean TED care; surveyed oculoplastic subspecialists,Authority and representativeness of the framework,NA (authority-scope statement),"Framework authority, representativeness, and non-superiority caveat",Society-endorsed survey-informed framework caveat,Retrieved source supports bounded claims only; failed search never proves absence.,2026-09-10,2.0.0,NA (no additional notes)
KR-KSOPRS2026-DON-DECOMPRESSION,127,S127-B00008,pdf_page:8,"If 
visual function fails to improve after a second IVGC cycle 
within 2 weeks, urgent orbital decompression is recommended 
to relieve mechanical compression at the orbital apex [8,14].",2820,3006,5a1f02c942229fec235d0c251a9d22f4c397675335328333b45c5c74b8901bda,770930a2af4f8209f3a6640d1cc46d10cf82da8be3bd78eb39bba9a327c79d4c,ec0eb1624758759c5ef84ee23ac79ae64fbcb0bcbaef659ed09fa179c60d9b43,South Korea,A2/B1 society-endorsed framework; Korean Society of Ophthalmic Plastic and Reconstructive Surgery,Patients with DON not recovering after IVGC,Sight-threatening TED / DON,Urgent orbital decompression,Escalation timing after inadequate IVGC response,Society-endorsed clinical practice framework,Retrieved source supports bounded claims only; failed search never proves absence.,2026-09-10,2.0.0,NA (no additional notes)
KR-KSOPRS2026-DON-IVGC,127,S127-B00008,pdf_page:8,"DON is an ophthalmic emergency that requires immediate 
administration of high-dose IVGC to prevent irreversible vision 
loss. The recommended regimen is intravenous methylpredniso-
lone 500 to 1,000 mg daily for 3 consecutive days, with a maxi-
mum cumulative dose of 8 g, to achieve rapid reduction of or-
bital inflammation and optic nerve compression [8].",2283,2642,5a1f02c942229fec235d0c251a9d22f4c397675335328333b45c5c74b8901bda,770930a2af4f8209f3a6640d1cc46d10cf82da8be3bd78eb39bba9a327c79d4c,04ca8cfa572c2a9457622396245ba96edc5ca6f885a94a7e4fc7f4923876eff8,South Korea,A2/B1 society-endorsed framework; Korean Society of Ophthalmic Plastic and Reconstructive Surgery,Patients with dysthyroid optic neuropathy,Sight-threatening TED / DON,High-dose IV methylprednisolone,Emergency treatment and stated IVGC regimen,Society-endorsed clinical practice framework,Retrieved source supports bounded claims only; failed search never proves absence.,2026-09-10,2.0.0,NA (no additional notes)
KR-KSOPRS2026-IVGC-REGIMEN,127,S127-B00005,pdf_page:5,"This regimen consists 
of intravenous methylprednisolone at a dose of 500 mg weekly 
for 6 consecutive weeks, followed by 250 mg weekly for an ad-
ditional 6 weeks, resulting in a cumulative dose of 4.5 g over 12 
weeks. The cumulative IVGC dose should not exceed 8.0 g per 
treatment cycle.",4535,4826,5a1f02c942229fec235d0c251a9d22f4c397675335328333b45c5c74b8901bda,462f15d4b7d493c0416e6499259488540c1f5a96655c77317a78f6cb730b99e2,686c1ad95478d0ad7e7f6121f1bfccb655ee71efb6e830b77bf06e1423ff1d39,South Korea,A2/B1 society-endorsed framework; Korean Society of Ophthalmic Plastic and Reconstructive Surgery,Patients with moderate-to-severe active TED receiving IVGC,Active moderate-to-severe TED,Intravenous methylprednisolone,Standard 4.5 g regimen and maximum cycle dose,Society-endorsed clinical practice framework,Retrieved source supports bounded claims only; failed search never proves absence.,2026-09-10,2.0.0,NA (no additional notes)
KR-KSOPRS2026-ORT-REGIMEN,127,S127-B00006,pdf_page:6,"External-
beam radiotherapy is typically delivered to both orbits at a total 
dose of 20 Gy, fractionated into 10 sessions over 2 weeks.",2124,2260,5a1f02c942229fec235d0c251a9d22f4c397675335328333b45c5c74b8901bda,ef4f974b96078d21d6e96da496b5db8e2511e5512eddeaa72a893a4b4906dc5d,0311ababec9dcd061fa38e50659588b6085283290954ad346907a4859c3f5c35,South Korea,A2/B1 society-endorsed framework; Korean Society of Ophthalmic Plastic and Reconstructive Surgery,Patients with TED selected for orbital radiotherapy,Active TED; phenotype- and response-dependent,Orbital radiotherapy,Typical bilateral orbital radiotherapy regimen,Society-endorsed clinical practice framework,Retrieved source supports bounded claims only; failed search never proves absence.,2026-09-10,2.0.0,NA (no additional notes)
KR-KTA2025-RAI-ATD-RESTART-NARRATIVE,28,S028-B00009,pdf_page:9,"Based on these findings, ATD should be discontinued 3 to 7 
days before RAI therapy, as continuing ATD up to the time of 
treatment has been associated with transient elevations in serum 
thyroid hormone levels. However, in elderly patients or those at 
high risk of complications from worsening thyrotoxicosis, re-
sumption of ATD within 3 to 7 days after RAI therapy may be 
considered [51,54,75]. Following treatment, thyroid hormone 
levels should be monitored regularly to determine the need for 
continued ATD therapy.",985,1509,799666217959123de6bd1643fad4be5ee4530abcde97e321245b4e5ca26be68a,1da9a91195ac93c7c8284a5838e1b291b7ddf1afd41a9565e3169fa4a63cccc8,7f34610b97d9a595684eb083a1e51931fdc058cd1015799d6fe3cd404a00d67b,South Korea,A2 national society guideline; Korean Thyroid Association,Older or high-risk patients receiving RAI,Peri-RAI preparation and follow-up,ATD interruption and selective resumption,"Only the recommendation, regimen, status, or limitation stated in the exact quote",National society explanatory text,Retrieved source supports bounded claims only; failed search never proves absence.,2026-09-10,2.0.0,NA (no additional notes)
KR-KTA2025-RAI-ATD-STOP-NARRATIVE,28,S028-B00008,pdf_page:8,"Therefore, this guideline recommends discontinu-
ing ATDs for 3 to 7 days before RAI therapy.",4600,4693,799666217959123de6bd1643fad4be5ee4530abcde97e321245b4e5ca26be68a,95f6a342c44aa7a96cfd9bc62899824cb2e45dc78e675f343d80ab204eb821bc,008efcc80310944d5a68cfe6d3a9a2963c84e3692a53020904b227b628c1281b,South Korea,A2 national society guideline; Korean Thyroid Association,Patients receiving ATD before RAI,Pre-RAI preparation,ATD interruption,"Only the recommendation, regimen, status, or limitation stated in the exact quote",National society explanatory text,Retrieved source supports bounded claims only; failed search never proves absence.,2026-09-10,2.0.0,NA (no additional notes)
KR-KTA2025-RAI-CONCEPTION-TIMING,28,S028-B00006,pdf_page:6,"However, because 
TSH receptor antibody (TRAb) levels may be transiently in-
crease following RAI therapy [41], it is advisable to delay preg-
nancy until thyroid function stabilized—typically for at least 6 
months after RAI therapy. In male patients, considering the sper-
matogenesis cycle, deferring conception for 3 to 4 months after 
RAI therapy is also recommended [5,42].",2583,2962,799666217959123de6bd1643fad4be5ee4530abcde97e321245b4e5ca26be68a,24ba3a2a9a5bf06127c6bcb9ff93d8a222cbeabd3cbd60f752296227034a72ff,c93234566e920c0ccb3ed79c6b813496b4cab732f2a202aff77704e46d8ffb6e,South Korea,A2 national society guideline; Korean Thyroid Association,Women and men planning conception after RAI,Post-RAI reproductive planning,Radioactive iodine,Delay to conception and stabilization caveat stated in the quote,National society explanatory text,Retrieved source supports bounded claims only; failed search never proves absence.,2026-09-10,2.0.0,NA (no additional notes)
KR-KTA2025-RAI-DOSE-LARGE-GOITER,28,S028-B00007,pdf_page:7,"In patients with large goiters, a dose 
higher than 15 mCi may be considered; however, close monitor-
ing is required due to the potential risk of transient thyroiditis 
following treatment.",4420,4610,799666217959123de6bd1643fad4be5ee4530abcde97e321245b4e5ca26be68a,6e5ef6bc47df0c57908a8e3da50b0744092d8f557eee47003903fb2e3399aedd,f0660ff993a0c8a8149e4ef8eab3256a732cced36780ab15decd7457311f4071,South Korea,A2 national society guideline; Korean Thyroid Association,Patients with large goiters,RAI dose selection,Radioactive iodine dose above 15 mCi,"Only the recommendation, regimen, status, or limitation stated in the exact quote",National society explanatory text,Retrieved source supports bounded claims only; failed search never proves absence.,2026-09-10,2.0.0,NA (no additional notes)
KR-KTA2025-RAI-PREGNANCY-TEST,28,S028-B00006,pdf_page:6,"Pregnancy 
must be excluded by testing within 48 hours before RAI admin-
istration.",4425,4508,799666217959123de6bd1643fad4be5ee4530abcde97e321245b4e5ca26be68a,24ba3a2a9a5bf06127c6bcb9ff93d8a222cbeabd3cbd60f752296227034a72ff,bd42aea7e2219c044c9c4bd870059960e849c1f2722e34336656bfaf25580991,South Korea,A2 national society guideline; Korean Thyroid Association,Women with pregnancy potential before RAI,Pre-RAI safety screening,Pregnancy testing before radioactive iodine,"Only the recommendation, regimen, status, or limitation stated in the exact quote",National society explanatory text,Retrieved source supports bounded claims only; failed search never proves absence.,2026-09-10,2.0.0,NA (no additional notes)
KR-KTA2025-RAI-R1.1.1,28,S028-B00004,pdf_page:4,1.1.1. When the patient prefers an initial treatment option with a high likelihood of cure. [Recommendation level 1],901,1017,799666217959123de6bd1643fad4be5ee4530abcde97e321245b4e5ca26be68a,922d38379fcd9feb4699b7b7348672f743c67506b52fb83406ad5910a881b0f0,442f9db0772844a937a4e9b8335481c6ec8a0ba7d95bf7c000d0b86ee2ccafd8,South Korea,A2 national society guideline; Korean Thyroid Association,Patients with hyperthyroidism; subgroup stated in the recommendation,Graves’ hyperthyroidism and RAI treatment context,Radioactive iodine with source-defined adjuncts or monitoring,"Only the recommendation, regimen, status, or limitation stated in the exact quote",National society evidence-graded recommendation,Retrieved source supports bounded claims only; failed search never proves absence.,2026-09-10,2.0.0,NA (no additional notes)
KR-KTA2025-RAI-R1.1.2,28,S028-B00004,pdf_page:4,1.1.2. When serious adverse events occur during ATD therapy. [Recommendation level 1],1018,1103,799666217959123de6bd1643fad4be5ee4530abcde97e321245b4e5ca26be68a,922d38379fcd9feb4699b7b7348672f743c67506b52fb83406ad5910a881b0f0,b34a0e03faf0595e3de398685f073a85cd4d4ff91f869adfd5c601e1be7d211b,South Korea,A2 national society guideline; Korean Thyroid Association,Patients with hyperthyroidism; subgroup stated in the recommendation,Graves’ hyperthyroidism and RAI treatment context,Radioactive iodine with source-defined adjuncts or monitoring,"Only the recommendation, regimen, status, or limitation stated in the exact quote",National society evidence-graded recommendation,Retrieved source supports bounded claims only; failed search never proves absence.,2026-09-10,2.0.0,NA (no additional notes)
KR-KTA2025-RAI-R1.1.3,28,S028-B00004,pdf_page:4,1.1.3. In patients who experience recurrent hyperthyroidism after remission with ATD therapy and desire a definitive cure. [Recommendation level 1],1104,1251,799666217959123de6bd1643fad4be5ee4530abcde97e321245b4e5ca26be68a,922d38379fcd9feb4699b7b7348672f743c67506b52fb83406ad5910a881b0f0,7bc6dd299a775c11eea771cc5bce90eabfb93173a5ad8e87815fe23cd2b3526c,South Korea,A2 national society guideline; Korean Thyroid Association,Patients with hyperthyroidism; subgroup stated in the recommendation,Graves’ hyperthyroidism and RAI treatment context,Radioactive iodine with source-defined adjuncts or monitoring,"Only the recommendation, regimen, status, or limitation stated in the exact quote",National society evidence-graded recommendation,Retrieved source supports bounded claims only; failed search never proves absence.,2026-09-10,2.0.0,NA (no additional notes)
KR-KTA2025-RAI-R1.1.4,28,S028-B00004,pdf_page:4,1.1.4. When thyroid function remains poorly controlled despite appropriate ATD therapy. [Recommendation level 1],1252,1364,799666217959123de6bd1643fad4be5ee4530abcde97e321245b4e5ca26be68a,922d38379fcd9feb4699b7b7348672f743c67506b52fb83406ad5910a881b0f0,b6b1f5dd546e0f6bf390bba4b1d748eb83c55485d48f34fe6884720906cbf9a6,South Korea,A2 national society guideline; Korean Thyroid Association,Patients with hyperthyroidism; subgroup stated in the recommendation,Graves’ hyperthyroidism and RAI treatment context,Radioactive iodine with source-defined adjuncts or monitoring,"Only the recommendation, regimen, status, or limitation stated in the exact quote",National society evidence-graded recommendation,Retrieved source supports bounded claims only; failed search never proves absence.,2026-09-10,2.0.0,NA (no additional notes)
KR-KTA2025-RAI-R1.2.1,28,S028-B00004,pdf_page:4,1.2.1. In patients with poor adherence to ATD therapy. [Recommendation level 2],1437,1516,799666217959123de6bd1643fad4be5ee4530abcde97e321245b4e5ca26be68a,922d38379fcd9feb4699b7b7348672f743c67506b52fb83406ad5910a881b0f0,61d8213a1149c80681e81c05da0c7556f773ba1a81baf90eb6e5333857080f7a,South Korea,A2 national society guideline; Korean Thyroid Association,Patients with hyperthyroidism; subgroup stated in the recommendation,Graves’ hyperthyroidism and RAI treatment context,Radioactive iodine with source-defined adjuncts or monitoring,"Only the recommendation, regimen, status, or limitation stated in the exact quote",National society evidence-graded recommendation,Retrieved source supports bounded claims only; failed search never proves absence.,2026-09-10,2.0.0,NA (no additional notes)
KR-KTA2025-RAI-R1.2.2,28,S028-B00004,pdf_page:4,"1.2.2. In patients with comorbidities that may lead to clinical instability if hyperthyroidism worsens (e.g., uncontrolled arrhythmia or heart failure). 
[Recommendation level 2]",1517,1695,799666217959123de6bd1643fad4be5ee4530abcde97e321245b4e5ca26be68a,922d38379fcd9feb4699b7b7348672f743c67506b52fb83406ad5910a881b0f0,b0f311cacca7c9c1b6a2db99e182426f133edb75b9292b381620899f04a5497e,South Korea,A2 national society guideline; Korean Thyroid Association,Patients with hyperthyroidism; subgroup stated in the recommendation,Graves’ hyperthyroidism and RAI treatment context,Radioactive iodine with source-defined adjuncts or monitoring,"Only the recommendation, regimen, status, or limitation stated in the exact quote",National society evidence-graded recommendation,Retrieved source supports bounded claims only; failed search never proves absence.,2026-09-10,2.0.0,NA (no additional notes)
KR-KTA2025-RAI-R1.2.3,28,S028-B00004,pdf_page:4,"1.2.3. In patients requiring prolonged high-dose ATD therapy to maintain euthyroidism (particularly in women planning pregnancy in the next 
6 months or beyond). [Recommendation level 3]",1696,1882,799666217959123de6bd1643fad4be5ee4530abcde97e321245b4e5ca26be68a,922d38379fcd9feb4699b7b7348672f743c67506b52fb83406ad5910a881b0f0,3e985e64524affb85330e59ca952f540f44ad41001d6cb80b5c0220bc16bb17a,South Korea,A2 national society guideline; Korean Thyroid Association,Patients with hyperthyroidism; subgroup stated in the recommendation,Graves’ hyperthyroidism and RAI treatment context,Radioactive iodine with source-defined adjuncts or monitoring,"Only the recommendation, regimen, status, or limitation stated in the exact quote",National society evidence-graded recommendation,Retrieved source supports bounded claims only; failed search never proves absence.,2026-09-10,2.0.0,NA (no additional notes)
KR-KTA2025-RAI-R1.3.1,28,S028-B00004,pdf_page:4,1.3.1. Pregnant or breastfeeding women. [Recommendation level 1],1956,2020,799666217959123de6bd1643fad4be5ee4530abcde97e321245b4e5ca26be68a,922d38379fcd9feb4699b7b7348672f743c67506b52fb83406ad5910a881b0f0,429fbe6524e72037bc6cee989f7180fb7cd4aea92994460e5dfd7146a3c8a759,South Korea,A2 national society guideline; Korean Thyroid Association,Patients with hyperthyroidism; subgroup stated in the recommendation,Graves’ hyperthyroidism and RAI treatment context,Radioactive iodine with source-defined adjuncts or monitoring,"Only the recommendation, regimen, status, or limitation stated in the exact quote",National society evidence-graded recommendation,Retrieved source supports bounded claims only; failed search never proves absence.,2026-09-10,2.0.0,NA (no additional notes)
KR-KTA2025-RAI-R1.3.2,28,S028-B00004,pdf_page:4,1.3.2. Patients with active moderate-to-severe thyroid eye disease. [Recommendation level 1],2021,2113,799666217959123de6bd1643fad4be5ee4530abcde97e321245b4e5ca26be68a,922d38379fcd9feb4699b7b7348672f743c67506b52fb83406ad5910a881b0f0,2f7368d0354d4c77d42dfd50b09615f20ed37b0351ad4d3b458b496a91a68c5f,South Korea,A2 national society guideline; Korean Thyroid Association,Patients with hyperthyroidism; subgroup stated in the recommendation,Graves’ hyperthyroidism and RAI treatment context,Radioactive iodine with source-defined adjuncts or monitoring,"Only the recommendation, regimen, status, or limitation stated in the exact quote",National society evidence-graded recommendation,Retrieved source supports bounded claims only; failed search never proves absence.,2026-09-10,2.0.0,NA (no additional notes)
KR-KTA2025-RAI-R1.3.3,28,S028-B00004,pdf_page:4,1.3.3. Patients with coexisting thyroid cancer. [Recommendation level 1],2114,2186,799666217959123de6bd1643fad4be5ee4530abcde97e321245b4e5ca26be68a,922d38379fcd9feb4699b7b7348672f743c67506b52fb83406ad5910a881b0f0,771d15905367d1ca0dc734cfa1a48d68c48184d5c2ce5d887d2907be33e67936,South Korea,A2 national society guideline; Korean Thyroid Association,Patients with hyperthyroidism; subgroup stated in the recommendation,Graves’ hyperthyroidism and RAI treatment context,Radioactive iodine with source-defined adjuncts or monitoring,"Only the recommendation, regimen, status, or limitation stated in the exact quote",National society evidence-graded recommendation,Retrieved source supports bounded claims only; failed search never proves absence.,2026-09-10,2.0.0,NA (no additional notes)
KR-KTA2025-RAI-R2.1,28,S028-B00004,pdf_page:4,"2.1. A fixed dose of RAI (10–15 mCi) sufficient to induce hypothyroidism is recommended when determining the appropriate RAI dose. 
[Recommendation level 2]",2261,2417,799666217959123de6bd1643fad4be5ee4530abcde97e321245b4e5ca26be68a,922d38379fcd9feb4699b7b7348672f743c67506b52fb83406ad5910a881b0f0,8fe94d1ae7076934f8713a5e857f05b3bceb7464ce5bebdaad5b5e0b7f13ca43,South Korea,A2 national society guideline; Korean Thyroid Association,Patients with hyperthyroidism; subgroup stated in the recommendation,Graves’ hyperthyroidism and RAI treatment context,Radioactive iodine with source-defined adjuncts or monitoring,"Only the recommendation, regimen, status, or limitation stated in the exact quote",National society evidence-graded recommendation,Retrieved source supports bounded claims only; failed search never proves absence.,2026-09-10,2.0.0,NA (no additional notes)
KR-KTA2025-RAI-R3.1,28,S028-B00004,pdf_page:4,"3.1. A low-iodine diet is not routinely recommended before RAI therapy for hyperthyroidism; but iodine-rich foods should be avoided for at least 
1 week prior to treatment. [Recommendation level 3]",2508,2705,799666217959123de6bd1643fad4be5ee4530abcde97e321245b4e5ca26be68a,922d38379fcd9feb4699b7b7348672f743c67506b52fb83406ad5910a881b0f0,11349e3a7bff26db048c6eb5975e5c80d167bf6b6c019298c5a0a7d0be68fb8a,South Korea,A2 national society guideline; Korean Thyroid Association,Patients with hyperthyroidism; subgroup stated in the recommendation,Graves’ hyperthyroidism and RAI treatment context,Radioactive iodine with source-defined adjuncts or monitoring,"Only the recommendation, regimen, status, or limitation stated in the exact quote",National society evidence-graded recommendation,Retrieved source supports bounded claims only; failed search never proves absence.,2026-09-10,2.0.0,NA (no additional notes)
KR-KTA2025-RAI-R4.1,28,S028-B00004,pdf_page:4,4.1. Discontinuation of ATD for 3 to 7 days before RAI therapy is recommended. [Recommendation level 1],2788,2891,799666217959123de6bd1643fad4be5ee4530abcde97e321245b4e5ca26be68a,922d38379fcd9feb4699b7b7348672f743c67506b52fb83406ad5910a881b0f0,034e0d6052234b07f4cda00eaf5f631c8ce3660b4f5c265bf257614ca1fb65c2,South Korea,A2 national society guideline; Korean Thyroid Association,Patients with hyperthyroidism; subgroup stated in the recommendation,Graves’ hyperthyroidism and RAI treatment context,Radioactive iodine with source-defined adjuncts or monitoring,"Only the recommendation, regimen, status, or limitation stated in the exact quote",National society evidence-graded recommendation,Retrieved source supports bounded claims only; failed search never proves absence.,2026-09-10,2.0.0,NA (no additional notes)
KR-KTA2025-RAI-R4.2,28,S028-B00004,pdf_page:4,"4.2. Resumption of ATD within 3–7 days after RAI therapy may be considered in patients who received ATD prior to treatment or are at high risk of 
clinical deterioration due to worsening hyperthyroidism. [Recommendation level 2]",2892,3120,799666217959123de6bd1643fad4be5ee4530abcde97e321245b4e5ca26be68a,922d38379fcd9feb4699b7b7348672f743c67506b52fb83406ad5910a881b0f0,3a8516af6306ccfa0a6f7396974185c432887c54b7f66603c582c34a0ae10065,South Korea,A2 national society guideline; Korean Thyroid Association,Patients with hyperthyroidism; subgroup stated in the recommendation,Graves’ hyperthyroidism and RAI treatment context,Radioactive iodine with source-defined adjuncts or monitoring,"Only the recommendation, regimen, status, or limitation stated in the exact quote",National society evidence-graded recommendation,Retrieved source supports bounded claims only; failed search never proves absence.,2026-09-10,2.0.0,NA (no additional notes)
KR-KTA2025-RAI-R5.1,28,S028-B00004,pdf_page:4,5.1. RAI therapy is not recommended in patients with active moderate-to-severe TED. [Recommendation level 1],3221,3329,799666217959123de6bd1643fad4be5ee4530abcde97e321245b4e5ca26be68a,922d38379fcd9feb4699b7b7348672f743c67506b52fb83406ad5910a881b0f0,5c578f998036306f5fbfce5573112d3331321660e606a2a9db8f5c6fb471445c,South Korea,A2 national society guideline; Korean Thyroid Association,Patients with hyperthyroidism; subgroup stated in the recommendation,Graves’ hyperthyroidism and RAI treatment context,Radioactive iodine with source-defined adjuncts or monitoring,"Only the recommendation, regimen, status, or limitation stated in the exact quote",National society evidence-graded recommendation,Retrieved source supports bounded claims only; failed search never proves absence.,2026-09-10,2.0.0,NA (no additional notes)
KR-KTA2025-RAI-R5.2,28,S028-B00004,pdf_page:4,5.2. Prophylactic corticosteroid therapy is recommended when RAI therapy is administered to patients with active mild TED. [Recommendation level 1],3330,3477,799666217959123de6bd1643fad4be5ee4530abcde97e321245b4e5ca26be68a,922d38379fcd9feb4699b7b7348672f743c67506b52fb83406ad5910a881b0f0,65c79292c9f89a21349eb322e10a4cf7efd1bf598816462e0381029d67c1fa61,South Korea,A2 national society guideline; Korean Thyroid Association,Patients with hyperthyroidism; subgroup stated in the recommendation,Graves’ hyperthyroidism and RAI treatment context,Radioactive iodine with source-defined adjuncts or monitoring,"Only the recommendation, regimen, status, or limitation stated in the exact quote",National society evidence-graded recommendation,Retrieved source supports bounded claims only; failed search never proves absence.,2026-09-10,2.0.0,NA (no additional notes)
KR-KTA2025-RAI-R5.3,28,S028-B00004,pdf_page:4,"5.3. In patients with inactive moderate-to-severe TED, prophylactic corticosteroid therapy may be considered during RAI treatment when additional 
risk factors—such as high TSH receptor antibody levels or smoking—are present. [Recommendation level 2]",3478,3728,799666217959123de6bd1643fad4be5ee4530abcde97e321245b4e5ca26be68a,922d38379fcd9feb4699b7b7348672f743c67506b52fb83406ad5910a881b0f0,8658c5fdb720885e4736be7940b77a2d6bbdee6f900fa8c714a97d03e64a9be8,South Korea,A2 national society guideline; Korean Thyroid Association,Patients with hyperthyroidism; subgroup stated in the recommendation,Graves’ hyperthyroidism and RAI treatment context,Radioactive iodine with source-defined adjuncts or monitoring,"Only the recommendation, regimen, status, or limitation stated in the exact quote",National society evidence-graded recommendation,Retrieved source supports bounded claims only; failed search never proves absence.,2026-09-10,2.0.0,Recommendation-summary wording; Recommendation 5.3 conflicts in strength with Table 3 and is retained without harmonization.
KR-KTA2025-RAI-R5.3-NARRATIVE,28,S028-B00009,pdf_page:9,"5.3. In patients with inactive moderate-to-severe TED, prophylactic 
corticosteroid therapy may be considered during RAI treatment 
when additional risk factors—such as high TSH receptor anti-
body levels or smoking—are present. [Recommendation level 2]",1890,2143,799666217959123de6bd1643fad4be5ee4530abcde97e321245b4e5ca26be68a,1da9a91195ac93c7c8284a5838e1b291b7ddf1afd41a9565e3169fa4a63cccc8,182c28df7810497f47b32fdb2196c2ec24b1956dae60a11a8bfe8fb2a0662fef,South Korea,A2 national society guideline; Korean Thyroid Association,Patients with inactive moderate-to-severe TED and additional risk factors,Inactive moderate-to-severe TED during RAI treatment,Prophylactic corticosteroid,"Only the recommendation, regimen, status, or limitation stated in the exact quote",National society evidence-graded recommendation narrative,Wording conflicts with the stronger Table 3 cell; both exact anchors are retained as a disclosed conclusion-neutral discrepancy.,2026-09-10,2.0.0,Severity 3 wording discrepancy: narrative says may be considered.
KR-KTA2025-RAI-R5.3-TABLE,28,S028-B00010,pdf_page:10,"Inactive No steroid prophylaxis 
required
Consider steroid 
prophylaxis
No steroid prophylaxis 
required
Steroid prophylaxis 
recommended",3574,3711,799666217959123de6bd1643fad4be5ee4530abcde97e321245b4e5ca26be68a,d5eae7b20ed040b9992538fa786f8e36545b98101d5a65bc7443329e6c8bbe5e,f5708bb029a55f21c6ce2a21ff9bd54412a91c57f02ae6f20c5cd71642b572ea,South Korea,A2 national society guideline; Korean Thyroid Association,Patients stratified by inactive TED severity and additional risk factors,Inactive TED during RAI treatment,Prophylactic corticosteroid,Table 3 recommendation-strength cell for inactive moderate-to-severe TED with risk factors,National society recommendation-summary table,Wording conflicts with Recommendation 5.3 narrative; both exact anchors are retained as a disclosed conclusion-neutral discrepancy.,2026-09-10,2.0.0,Severity 3 wording discrepancy: table says steroid prophylaxis recommended.
KR-KTA2025-RAI-R5.4,28,S028-B00004,pdf_page:4,"5.4. Prophylactic corticosteroid therapy is not recommended during RAI treatment in patients with inactive mild TED when additional risk factors—
such as high TSH receptor antibody levels or smoking—are not present. [Recommendation level 1]",3729,3969,799666217959123de6bd1643fad4be5ee4530abcde97e321245b4e5ca26be68a,922d38379fcd9feb4699b7b7348672f743c67506b52fb83406ad5910a881b0f0,17fd585acf1805018aa2d32036aff1a661e44391bc1321e6382e4e0d97784f97,South Korea,A2 national society guideline; Korean Thyroid Association,Patients with hyperthyroidism; subgroup stated in the recommendation,Graves’ hyperthyroidism and RAI treatment context,Radioactive iodine with source-defined adjuncts or monitoring,"Only the recommendation, regimen, status, or limitation stated in the exact quote",National society evidence-graded recommendation,Retrieved source supports bounded claims only; failed search never proves absence.,2026-09-10,2.0.0,NA (no additional notes)
KR-KTA2025-RAI-R6.1,28,S028-B00004,pdf_page:4,"6.1. Thyroid function test, including TSH and free T4, may be considered within 4 to 6 weeks after RAI therapy. [Recommendation level 2]",4035,4171,799666217959123de6bd1643fad4be5ee4530abcde97e321245b4e5ca26be68a,922d38379fcd9feb4699b7b7348672f743c67506b52fb83406ad5910a881b0f0,98f91fe4b127a73cca9f86644dfa02c6b16eb728e0c31e6fdb6509b29d277ccb,South Korea,A2 national society guideline; Korean Thyroid Association,Patients with hyperthyroidism; subgroup stated in the recommendation,Graves’ hyperthyroidism and RAI treatment context,Radioactive iodine with source-defined adjuncts or monitoring,"Only the recommendation, regimen, status, or limitation stated in the exact quote",National society evidence-graded recommendation,Retrieved source supports bounded claims only; failed search never proves absence.,2026-09-10,2.0.0,NA (no additional notes)
KR-KTA2025-RAI-R6.2,28,S028-B00004,pdf_page:4,6.2. Thyroid function can be monitored every 2 to 3 months for up to 6 months after RAI therapy or until TSH levels normalize. [Recommendation level 2],4172,4323,799666217959123de6bd1643fad4be5ee4530abcde97e321245b4e5ca26be68a,922d38379fcd9feb4699b7b7348672f743c67506b52fb83406ad5910a881b0f0,901bed000ead78ec914ae77e2eebd075c01c8c1ad06032ff625183aee132de64,South Korea,A2 national society guideline; Korean Thyroid Association,Patients with hyperthyroidism; subgroup stated in the recommendation,Graves’ hyperthyroidism and RAI treatment context,Radioactive iodine with source-defined adjuncts or monitoring,"Only the recommendation, regimen, status, or limitation stated in the exact quote",National society evidence-graded recommendation,Retrieved source supports bounded claims only; failed search never proves absence.,2026-09-10,2.0.0,NA (no additional notes)
KR-KTA2025-RAI-R6.3,28,S028-B00004,pdf_page:4,"6.3. Thyroid function test may be repeated every 6 to 12 months, once thyroid function has been confirmed to be stable and within the normal range on 
at least two consecutive assessments. [Recommendation level 2]",4324,4537,799666217959123de6bd1643fad4be5ee4530abcde97e321245b4e5ca26be68a,922d38379fcd9feb4699b7b7348672f743c67506b52fb83406ad5910a881b0f0,8a9764673116bf83a62a8c7e40104c75a85071900bba894bca8f9841e89e9233,South Korea,A2 national society guideline; Korean Thyroid Association,Patients with hyperthyroidism; subgroup stated in the recommendation,Graves’ hyperthyroidism and RAI treatment context,Radioactive iodine with source-defined adjuncts or monitoring,"Only the recommendation, regimen, status, or limitation stated in the exact quote",National society evidence-graded recommendation,Retrieved source supports bounded claims only; failed search never proves absence.,2026-09-10,2.0.0,NA (no additional notes)
KR-KTA2025-RAI-R6.4,28,S028-B00004,pdf_page:4,6.4. Thyroid function test is recommended when symptoms of hyperthyroidism or hypothyroidism are suspected. [Recommendation level 2],4538,4670,799666217959123de6bd1643fad4be5ee4530abcde97e321245b4e5ca26be68a,922d38379fcd9feb4699b7b7348672f743c67506b52fb83406ad5910a881b0f0,0a15805eed6b1a0adb908735f6f3692632e4d212bcd5fefc40945e6d5dcd6cc2,South Korea,A2 national society guideline; Korean Thyroid Association,Patients with hyperthyroidism; subgroup stated in the recommendation,Graves’ hyperthyroidism and RAI treatment context,Radioactive iodine with source-defined adjuncts or monitoring,"Only the recommendation, regimen, status, or limitation stated in the exact quote",National society evidence-graded recommendation,Retrieved source supports bounded claims only; failed search never proves absence.,2026-09-10,2.0.0,NA (no additional notes)
UK-MHRA-CARBIMAZOLE-PREGNANCY,740,S740-B00002,pdf_page:2,"Advice for healthcare professionals: 
• carbimazole is associated with an increased risk of congenital malformations 
when used during pregnancy, particularly in the first trimester of pregnancy and 
at high doses (15 mg or more of carbimazole daily) 
• women of childbearing potential should use effective contraception during 
treatment with carbimazole 
• carbimazole should only be considered in pregnancy after a thorough individual 
assessment of benefits and risks of treatment, and only at the lowest effective 
dose without additional administration of thyroid hormones; close maternal, 
foetal, and neonatal monitoring is recommended",424,1067,0860104a23ed1646111ccf795fd76e5342966f17dfe86515960b29e16867199c,b6c707db60321940da86c99a0c1ad2061d88c420662b3f452534b2db0d34837e,a7a4e6af11febe32cb51bfbf414afb7b103dced551a3d7bcfd920af8d5afe130,United Kingdom,A1 regulator drug-safety communication; Medicines and Healthcare products Regulatory Agency,Pregnant patients or women of childbearing potential treated with carbimazole,Hyperthyroidism in pregnancy,Carbimazole,"Congenital-malformation risk, individualized benefit-risk assessment, and lowest effective dose",MHRA drug-safety advice,Retrieved source supports bounded claims only; failed search never proves absence.,2026-09-10,2.0.0,NA (no additional notes)
UK-MHRA-TEPEZZA-APPROVAL,731,S731-B00059,section:MHRA approves teprotumumab as the first UK treatment for adults with moderate to severe Thyroid Eye Disease (TED),"The Medicines and Healthcare products Regulatory Agency (MHRA) has today, 7 May 2025, approved teprotumumab (Tepezza). This is the first medicine to be licensed in the UK for adult patients with moderate to severe Thyroid Eye Disease (TED).",0,240,1b0c3a5da124de5529d9150649bf3c023455917bb775b174d4a5dd21ea5b9ee1,2c85b2182d94bbe4a8d03369c6cfd7ccfa6516e4ce935486c03b81bfab81e318,2c85b2182d94bbe4a8d03369c6cfd7ccfa6516e4ce935486c03b81bfab81e318,United Kingdom,A1 regulator; Medicines and Healthcare products Regulatory Agency,Adults,Moderate-to-severe TED,Teprotumumab (Tepezza),UK approval date and population,Regulator authorization or prescribing information,Retrieved source supports bounded claims only; failed search never proves absence.,2026-09-10,2.0.0,NA (no additional notes)
UK-NICE-NG145-1.6.10,739,S739-B00270,section:1.6.10,"Offer radioactive iodine as first-line definitive treatment for adults with Graves' disease, unless antithyroid drugs are likely to achieve remission (see recommendation 1.6.11), or it is unsuitable (for example, there are concerns about compression, malignancy is suspected, they are pregnant or trying to become pregnant or father a child within the next 4 to 6 months, or they have active thyroid eye disease). Follow the 2017 regulations on medical exposure to ionising radiation .",0,485,bc1bc5800adf81d0be66be8536179cf32725859674a7e214df5e64a1a5e1cfab,6c52d2cee1c63be22b8be04c698579d9a5030f2187526ea8b03d06f3c12ceeab,6c52d2cee1c63be22b8be04c698579d9a5030f2187526ea8b03d06f3c12ceeab,United Kingdom,A1 national guideline body; National Institute for Health and Care Excellence,Adults unless the recommendation explicitly identifies children or pregnancy,Graves’ hyperthyroidism; treatment or monitoring,"ATD, RAI, thyroidectomy, or biochemical monitoring","Only the recommendation, regimen, status, or limitation stated in the exact quote",National clinical guideline recommendation,Retrieved source supports bounded claims only; failed search never proves absence.,2026-09-10,2.0.0,NA (no additional notes)
UK-NICE-NG145-1.6.11,739,S739-B00272,section:1.6.11,"Offer a choice of antithyroid drugs (a 12- to 18-month course) or radioactive iodine (following the 2017 regulations on medical exposure to ionising radiation ) as first-line definitive treatment for adults with Graves' disease if antithyroid drugs are likely to achieve remission (for example, mild and uncomplicated Graves' disease). Use of carbimazole is subject to MHRA advice on contraception ( Drug Safety Update, February 2019 ) and risk of acute pancreatitis ( Drug Safety Update, February 2019 ).",0,505,bc1bc5800adf81d0be66be8536179cf32725859674a7e214df5e64a1a5e1cfab,aaafba1d68353ecdbab23e0568a260019717c027f9d7d60b8229e68550cf033a,aaafba1d68353ecdbab23e0568a260019717c027f9d7d60b8229e68550cf033a,United Kingdom,A1 national guideline body; National Institute for Health and Care Excellence,Adults unless the recommendation explicitly identifies children or pregnancy,Graves’ hyperthyroidism; treatment or monitoring,"ATD, RAI, thyroidectomy, or biochemical monitoring","Only the recommendation, regimen, status, or limitation stated in the exact quote",National clinical guideline recommendation,Retrieved source supports bounded claims only; failed search never proves absence.,2026-09-10,2.0.0,NA (no additional notes)
UK-NICE-NG145-1.6.12,739,S739-B00274,section:1.6.12,Offer antithyroid drugs (a 12- to 18-month course) as first-line definitive treatment for adults with Graves' disease if radioactive iodine and surgery are unsuitable.,0,167,bc1bc5800adf81d0be66be8536179cf32725859674a7e214df5e64a1a5e1cfab,091bfde804cc4ec072e544938b85f9ade01e0fc554a490e27573f63c03af96e8,091bfde804cc4ec072e544938b85f9ade01e0fc554a490e27573f63c03af96e8,United Kingdom,A1 national guideline body; National Institute for Health and Care Excellence,Adults unless the recommendation explicitly identifies children or pregnancy,Graves’ hyperthyroidism; treatment or monitoring,"ATD, RAI, thyroidectomy, or biochemical monitoring","Only the recommendation, regimen, status, or limitation stated in the exact quote",National clinical guideline recommendation,Retrieved source supports bounded claims only; failed search never proves absence.,2026-09-10,2.0.0,NA (no additional notes)
UK-NICE-NG145-1.6.13,739,S739-B00276,section:1.6.13,"Offer total thyroidectomy as first-line definitive treatment for adults with Graves' disease if: there are concerns about compression, or thyroid malignancy is suspected, or radioactive iodine and antithyroid drugs are unsuitable.",0,230,bc1bc5800adf81d0be66be8536179cf32725859674a7e214df5e64a1a5e1cfab,cacd4a77eb657670f611c818bad91f362a7c855ca6bde5afc4ec613689b8ac22,cacd4a77eb657670f611c818bad91f362a7c855ca6bde5afc4ec613689b8ac22,United Kingdom,A1 national guideline body; National Institute for Health and Care Excellence,Adults unless the recommendation explicitly identifies children or pregnancy,Graves’ hyperthyroidism; treatment or monitoring,"ATD, RAI, thyroidectomy, or biochemical monitoring","Only the recommendation, regimen, status, or limitation stated in the exact quote",National clinical guideline recommendation,Retrieved source supports bounded claims only; failed search never proves absence.,2026-09-10,2.0.0,NA (no additional notes)
UK-NICE-NG145-1.6.14,739,S739-B00282,section:1.6.14,Consider radioactive iodine or surgery for adults with Graves' disease who have had antithyroid drugs but have persistent or relapsed hyperthyroidism. Follow the 2017 regulations on medical exposure to ionising radiation .,0,222,bc1bc5800adf81d0be66be8536179cf32725859674a7e214df5e64a1a5e1cfab,eafcec04df363bd9d7b0d95d2db2c2efb8dd8ed33f8941c8f5336002e8060bd6,eafcec04df363bd9d7b0d95d2db2c2efb8dd8ed33f8941c8f5336002e8060bd6,United Kingdom,A1 national guideline body; National Institute for Health and Care Excellence,Adults unless the recommendation explicitly identifies children or pregnancy,Graves’ hyperthyroidism; treatment or monitoring,"ATD, RAI, thyroidectomy, or biochemical monitoring","Only the recommendation, regimen, status, or limitation stated in the exact quote",National clinical guideline recommendation,Retrieved source supports bounded claims only; failed search never proves absence.,2026-09-10,2.0.0,NA (no additional notes)
UK-NICE-NG145-1.6.18,739,S739-B00296,section:1.6.18,"Offer antithyroid drugs for at least 2 years and possibly longer as first-line definitive treatment for children and young people with Graves' disease. Use of carbimazole is subject to MHRA advice on contraception ( Drug Safety Update, February 2019 ) and risk of acute pancreatitis ( Drug Safety Update, February 2019 ). November 2019 – carbimazole use is off label for children under 2 years. See NICE's information on prescribing medicines .",0,444,bc1bc5800adf81d0be66be8536179cf32725859674a7e214df5e64a1a5e1cfab,8101303d7ed817c9578bf145edaeba64f3189fc7956a548b2a199be7a837a201,8101303d7ed817c9578bf145edaeba64f3189fc7956a548b2a199be7a837a201,United Kingdom,A1 national guideline body; National Institute for Health and Care Excellence,Adults unless the recommendation explicitly identifies children or pregnancy,Graves’ hyperthyroidism; treatment or monitoring,"ATD, RAI, thyroidectomy, or biochemical monitoring","Only the recommendation, regimen, status, or limitation stated in the exact quote",National clinical guideline recommendation,Retrieved source supports bounded claims only; failed search never proves absence.,2026-09-10,2.0.0,NA (no additional notes)
UK-NICE-NG145-1.6.22,739,S739-B00310,section:1.6.22,"When offering antithyroid drugs as first-line definitive treatment to adults with Graves' disease, offer carbimazole for 12 to 18 months, using either a block and replace or a titration regimen, and then review the need for further treatment. Use of carbimazole is subject to MHRA advice on contraception ( Drug Safety Update, February 2019 ) and risk of acute pancreatitis ( Drug Safety Update, February 2019 ).",0,412,bc1bc5800adf81d0be66be8536179cf32725859674a7e214df5e64a1a5e1cfab,a1c7165e6f326982d294890d2f3968555c342668a0d0f403f60930390edf6954,a1c7165e6f326982d294890d2f3968555c342668a0d0f403f60930390edf6954,United Kingdom,A1 national guideline body; National Institute for Health and Care Excellence,Adults unless the recommendation explicitly identifies children or pregnancy,Graves’ hyperthyroidism; treatment or monitoring,"ATD, RAI, thyroidectomy, or biochemical monitoring","Only the recommendation, regimen, status, or limitation stated in the exact quote",National clinical guideline recommendation,Retrieved source supports bounded claims only; failed search never proves absence.,2026-09-10,2.0.0,NA (no additional notes)
UK-NICE-NG145-1.6.23,739,S739-B00312,section:1.6.23,"When offering antithyroid drugs to children and young people with Graves' disease, offer carbimazole, using a titration regimen, and review the need for treatment every 2 years. Use of carbimazole is subject to MHRA advice on contraception ( Drug Safety Update, February 2019 ) and risk of acute pancreatitis ( Drug Safety Update, February 2019 ). November 2019 – carbimazole use is off label for children under 2 years. See NICE's information on prescribing medicines .",0,470,bc1bc5800adf81d0be66be8536179cf32725859674a7e214df5e64a1a5e1cfab,d3569af610065b3b7e576ea77f8cd5c1b0353a0b7014656ec43e268eb83d5778,d3569af610065b3b7e576ea77f8cd5c1b0353a0b7014656ec43e268eb83d5778,United Kingdom,A1 national guideline body; National Institute for Health and Care Excellence,Adults unless the recommendation explicitly identifies children or pregnancy,Graves’ hyperthyroidism; treatment or monitoring,"ATD, RAI, thyroidectomy, or biochemical monitoring","Only the recommendation, regimen, status, or limitation stated in the exact quote",National clinical guideline recommendation,Retrieved source supports bounded claims only; failed search never proves absence.,2026-09-10,2.0.0,NA (no additional notes)
UK-NICE-NG145-1.6.25,739,S739-B00316,section:1.6.25,Consider propylthiouracil for adults: who experience adverse reactions to carbimazole who are pregnant or trying to become pregnant within the following 6 months with a history of pancreatitis.,0,193,bc1bc5800adf81d0be66be8536179cf32725859674a7e214df5e64a1a5e1cfab,929bef9db69b274fc64646e1aab23bd088215a1a8ed2591de5b27f0a0f90d3b7,929bef9db69b274fc64646e1aab23bd088215a1a8ed2591de5b27f0a0f90d3b7,United Kingdom,A1 national guideline body; National Institute for Health and Care Excellence,Adults unless the recommendation explicitly identifies children or pregnancy,Graves’ hyperthyroidism; treatment or monitoring,"ATD, RAI, thyroidectomy, or biochemical monitoring","Only the recommendation, regimen, status, or limitation stated in the exact quote",National clinical guideline recommendation,Retrieved source supports bounded claims only; failed search never proves absence.,2026-09-10,2.0.0,NA (no additional notes)
UK-NICE-NG145-1.6.26,739,S739-B00322,section:1.6.26,Stop and do not restart any antithyroid drugs if a person develops agranulocytosis. Consider referral to a specialist for further management options.,0,149,bc1bc5800adf81d0be66be8536179cf32725859674a7e214df5e64a1a5e1cfab,2a2233d3aaedac899b8d70b3dac9185b59387ef15ead30b6ac1455b353af2d98,2a2233d3aaedac899b8d70b3dac9185b59387ef15ead30b6ac1455b353af2d98,United Kingdom,A1 national guideline body; National Institute for Health and Care Excellence,Adults unless the recommendation explicitly identifies children or pregnancy,Graves’ hyperthyroidism; treatment or monitoring,"ATD, RAI, thyroidectomy, or biochemical monitoring","Only the recommendation, regimen, status, or limitation stated in the exact quote",National clinical guideline recommendation,Retrieved source supports bounded claims only; failed search never proves absence.,2026-09-10,2.0.0,NA (no additional notes)
UK-NICE-NG145-1.7.1,739,S739-B00328,section:1.7.1,"Consider measuring TSH, FT4 and FT3 levels in adults, children and young people every 6 weeks for the first 6 months after radioactive iodine treatment until TSH is within the reference range.",0,192,bc1bc5800adf81d0be66be8536179cf32725859674a7e214df5e64a1a5e1cfab,1b1b841a369165c948b51c7fc976ad6d455a63a07ce2540414e7ea5b16c61293,1b1b841a369165c948b51c7fc976ad6d455a63a07ce2540414e7ea5b16c61293,United Kingdom,A1 national guideline body; National Institute for Health and Care Excellence,Adults unless the recommendation explicitly identifies children or pregnancy,Graves’ hyperthyroidism; treatment or monitoring,"ATD, RAI, thyroidectomy, or biochemical monitoring","Only the recommendation, regimen, status, or limitation stated in the exact quote",National clinical guideline recommendation,Retrieved source supports bounded claims only; failed search never proves absence.,2026-09-10,2.0.0,NA (no additional notes)
UK-NICE-NG145-1.7.11,739,S739-B00355,section:1.7.11,"For adults who have stopped antithyroid drugs, consider measuring: TSH (with cascading) within 8 weeks of stopping the drug, then TSH (with cascading) every 3 months for a year, then TSH (with cascading) once a year.",0,216,bc1bc5800adf81d0be66be8536179cf32725859674a7e214df5e64a1a5e1cfab,3455d2bced122a827c845a0972c3e936b86d59d0e4f48a372f3e885bf39cdb5f,3455d2bced122a827c845a0972c3e936b86d59d0e4f48a372f3e885bf39cdb5f,United Kingdom,A1 national guideline body; National Institute for Health and Care Excellence,Adults unless the recommendation explicitly identifies children or pregnancy,Graves’ hyperthyroidism; treatment or monitoring,"ATD, RAI, thyroidectomy, or biochemical monitoring","Only the recommendation, regimen, status, or limitation stated in the exact quote",National clinical guideline recommendation,Retrieved source supports bounded claims only; failed search never proves absence.,2026-09-10,2.0.0,NA (no additional notes)
UK-NICE-NG145-1.7.12,739,S739-B00361,section:1.7.12,"For children and young people who have stopped antithyroid drugs, consider measuring: TSH, FT4 and FT3 within 8 weeks of stopping the drug, then TSH, FT4 and FT3 every 3 months for the first year, then TSH (with cascading) every 6 months for the second year, then TSH (with cascading) once a year.",0,297,bc1bc5800adf81d0be66be8536179cf32725859674a7e214df5e64a1a5e1cfab,a1c676c0296c18caaf63a4b545e64890221307057827c85f3349094322417d57,a1c676c0296c18caaf63a4b545e64890221307057827c85f3349094322417d57,United Kingdom,A1 national guideline body; National Institute for Health and Care Excellence,Adults unless the recommendation explicitly identifies children or pregnancy,Graves’ hyperthyroidism; treatment or monitoring,"ATD, RAI, thyroidectomy, or biochemical monitoring","Only the recommendation, regimen, status, or limitation stated in the exact quote",National clinical guideline recommendation,Retrieved source supports bounded claims only; failed search never proves absence.,2026-09-10,2.0.0,NA (no additional notes)
UK-NICE-TEPEZZA-DRAFT-NOT-FINAL,733,S733-B00002,pdf_page:2,"Note that this document is not NICE's final guidance on teprotumumab. The 
recommendations in section 1 may change after consultation.",207,341,5ec29d1f677d5d7e805f98025b4322674a3f0c061e67bdd89daabdaeb3e953e1,5f4f6fe69d1f5ee810b38ae97f9a08d27fe8b8dd5adce55e52e71878e5420341,9749495abd16ff4308f7126513a2500d70bd7a8e89fb4e4d45be61d5bd3121d2,United Kingdom (England),A1 public HTA body—draft; National Institute for Health and Care Excellence,NHS England technology-appraisal population,TED access appraisal,Teprotumumab (Tepezza),Draft-status disclaimer only,NICE draft consultation document,Retrieved source supports bounded claims only; failed search never proves absence.,2026-09-10,2.0.0,NA (no additional notes)
UK-NICE-TEPEZZA-EXPECTED-DATE-TBC,732,S732-B00007,section:Teprotumumab for treating thyroid eye disease (deferred appraisal of D1) [ID6756],Expected publication date: TBC,0,30,37c9033f28c0ba8226ef8f3c468cbc933090857925b6a6393971a3c897588da0,12b0d2259961968275bbd7d295b1393d4a04a495c8acb95350b4d4df37b04fbe,12b0d2259961968275bbd7d295b1393d4a04a495c8acb95350b4d4df37b04fbe,United Kingdom (England),A1 public HTA body; National Institute for Health and Care Excellence,NA (technology appraisal status),TED access appraisal,Teprotumumab (Tepezza),Expected-publication-date field,NICE appraisal status page,Retrieved source supports bounded claims only; failed search never proves absence.,2026-09-10,2.0.0,Do not substitute the earlier search-result date 08 October 2026 for this TBC field.
UK-NICE-TEPEZZA-IN-PROGRESS,732,S732-B00009,section:Teprotumumab for treating thyroid eye disease (deferred appraisal of D1) [ID6756],Status: In progress Technology type: Medicine Decision: Selected Decision publication date: 10 April 2024 Prioritisation programme: Medicines evaluation Rationale: Selected as a TA. Process: STA,0,194,37c9033f28c0ba8226ef8f3c468cbc933090857925b6a6393971a3c897588da0,ce062ef0de337ded02f21623d110430be3099ccbc066597a12089a688e6fdb97,3cb1d9ce62e4893d3b9aea0ddfc19feeee41b173d8ae60a67d7b4a298edd5238,United Kingdom (England),A1 public HTA body; National Institute for Health and Care Excellence,NHS England technology-appraisal population,TED access appraisal,Teprotumumab (Tepezza),Appraisal status and process only,NICE appraisal status page,Retrieved source supports bounded claims only; failed search never proves absence.,2026-09-10,2.0.0,NA (no additional notes)
UK-NICE-TEPEZZA-PROVISIONAL-SCHEDULE,732,S732-B00009,section:Teprotumumab for treating thyroid eye disease (deferred appraisal of D1) [ID6756],Provisional Schedule Draft guidance: 08 September 2026 - 29 September 2026 Committee meeting: 3: 05 January 2027,220,332,37c9033f28c0ba8226ef8f3c468cbc933090857925b6a6393971a3c897588da0,ce062ef0de337ded02f21623d110430be3099ccbc066597a12089a688e6fdb97,92217ba6b8c131b848bee5256471c67b54bca6c67983ff681413f86af12a938a,United Kingdom (England),A1 public HTA body; National Institute for Health and Care Excellence,NA (technology appraisal schedule),TED access appraisal,Teprotumumab (Tepezza),Provisional draft-consultation and committee schedule,NICE appraisal status page,"Provisional schedule, not a final-guidance publication date; a separate search-result timing conflict is disclosed as Severity 3.",2026-09-10,2.0.0,NA (no additional notes)
UK-SMPC-TEPEZZA-DOSE,734,S734-B00057,section:Quick Links,TEPEZZA dosing is based on the patient's actual body weight. The recommended dose of TEPEZZA is 10 mg/kg of body weight for the initial dose followed by 20 mg/kg of body weight for 7 additional doses given once every three weeks as an intravenous infusion.,0,256,49077d52029ef1d8f91b88ab594da86eca8d4afc66600690d531dc2a6bdb24f0,515b9a60d6f099f192d232e48a55af515daf8680fe15583137bb88ecac60dfdf,515b9a60d6f099f192d232e48a55af515daf8680fe15583137bb88ecac60dfdf,United Kingdom,A2 regulator-approved product information; Amgen Ltd via electronic Medicines Compendium,Adults receiving Tepezza,Moderate-to-severe TED,Teprotumumab (Tepezza),UK dosing regimen,Regulator authorization or prescribing information,Retrieved source supports bounded claims only; failed search never proves absence.,2026-09-10,2.0.0,NA (no additional notes)
UK-SMPC-TEPEZZA-INDICATION,734,S734-B00053,section:Quick Links,TEPEZZA is indicated in adults for the treatment of moderate to severe Thyroid Eye Disease (TED) (see section 5.1).,0,115,49077d52029ef1d8f91b88ab594da86eca8d4afc66600690d531dc2a6bdb24f0,cbd1acebbd45200e45cfebdebbee97004afac0d43585b0b25c594747e2d4ca34,cbd1acebbd45200e45cfebdebbee97004afac0d43585b0b25c594747e2d4ca34,United Kingdom,A2 regulator-approved product information; Amgen Ltd via electronic Medicines Compendium,Adults,Moderate-to-severe TED,Teprotumumab (Tepezza),UK labeled indication,Regulator authorization or prescribing information,Retrieved source supports bounded claims only; failed search never proves absence.,2026-09-10,2.0.0,NA (no additional notes)
UK-SMPC-TEPEZZA-PEDIATRIC,734,S734-B00066,section:Quick Links,The safety and efficacy of TEPEZZA in children < 18 years of age has not been established. No data are available (see section 5.1).,0,131,49077d52029ef1d8f91b88ab594da86eca8d4afc66600690d531dc2a6bdb24f0,64c5e4a7f8c7ff32b3d119f7a6a922ea28c081b216169d273d0fe141dda5e79c,64c5e4a7f8c7ff32b3d119f7a6a922ea28c081b216169d273d0fe141dda5e79c,United Kingdom,A2 regulator-approved product information; Amgen Ltd via electronic Medicines Compendium,Patients younger than 18 years,TED,Teprotumumab (Tepezza),UK pediatric evidence limitation,Regulator authorization or prescribing information,Retrieved source supports bounded claims only; failed search never proves absence.,2026-09-10,2.0.0,NA (no additional notes)
UK-SMPC-TEPEZZA-PREGNANCY,734,S734-B00105,section:Quick Links,"Based on the mechanism of action inhibiting IGF-1R and the teratogenic effects observed in animal developmental studies, TEPEZZA may cause congenital malformations such as foetal growth retardation and developmental anomalies when administered during pregnancy (see section 5.3). Therefore, TEPEZZA is contraindicated during pregnancy (see section 4.3).",0,353,49077d52029ef1d8f91b88ab594da86eca8d4afc66600690d531dc2a6bdb24f0,3338ce2881e37a00ed3d1acc23b76818fb7e4f008db14f71cb5ab714648725b2,3338ce2881e37a00ed3d1acc23b76818fb7e4f008db14f71cb5ab714648725b2,United Kingdom,A2 regulator-approved product information; Amgen Ltd via electronic Medicines Compendium,Pregnant patients or patients who may become pregnant,TED treatment and reproductive safety,Teprotumumab (Tepezza),UK pregnancy contraindication context,Regulator authorization or prescribing information,Retrieved source supports bounded claims only; failed search never proves absence.,2026-09-10,2.0.0,NA (no additional notes)
US-ATA2016-R104,26,S026-B00047,pdf_page:47,"& RECOMMENDATION 104
In patients with Graves’ hyperthyroidism who have mild
active ophthalmopathy and no risk factors for deterioration
of their eye disease, RAI therapy, ATDs, and thyroidectomy
should be considered equally acceptable therapeutic options.
Strong recommendation, moderate-quality evidence.",3329,3634,7c5a39ab34307315a334efd82081f04822f658d777230bbb6654cb911aff96b7,4f3cf0b13f26ab4089912f170d1691bafd3e1e9a9efb323b2bf8fdd727e6b50c,eb779bc800bc9e014e0d1ff7ff5b0b3ac0e0d0daf245ec762f9bd3a39c363257,United States,A2 society guideline; American Thyroid Association,Adults unless the recommendation explicitly identifies children or pregnancy,Graves’ hyperthyroidism; source-defined treatment context,"ATD, RAI, thyroidectomy, or source-defined supportive management","Only the recommendation, regimen, status, or limitation stated in the exact quote",Evidence-graded society recommendation,Retrieved source supports bounded claims only; failed search never proves absence.,2026-09-10,2.0.0,NA (no additional notes)
US-ATA2016-R108,26,S026-B00048,pdf_page:48,"& RECOMMENDATION 108
In patients with inactive GO we suggest RAI therapy can
be administered without steroid coverage. However, in
cases of elevated risk for reactivation (high TRAb, CAS ‡1
and smokers) that approach might have to be reconsidered.
Weak recommendation, low-quality evidence.",3260,3550,7c5a39ab34307315a334efd82081f04822f658d777230bbb6654cb911aff96b7,1c31e266b504b696c1494d49becf05382cf63f99d24dbc2510ff57362cec2057,9ae9d2df5f9ed2a1a0a68842822b702e713fb167131b1d69f41c944046d9df15,United States,A2 society guideline; American Thyroid Association,Adults unless the recommendation explicitly identifies children or pregnancy,Graves’ hyperthyroidism; source-defined treatment context,"ATD, RAI, thyroidectomy, or source-defined supportive management","Only the recommendation, regimen, status, or limitation stated in the exact quote",Evidence-graded society recommendation,Retrieved source supports bounded claims only; failed search never proves absence.,2026-09-10,2.0.0,NA (no additional notes)
US-ATA2016-R11,26,S026-B00012,pdf_page:12,"& RECOMMENDATION 11
Follow-up within the ﬁrst 1–2 months after RAI therapy
for GD should include an assessment of free T 4, total T 3,
and TSH. Biochemical monitoring should be continued at
4- to 6-week intervals for 6 months, or until the patient
becomes hypothyroid and is stable on thyroid hormone
replacement.
Strong recommendation, low-quality evidence.",3987,4345,7c5a39ab34307315a334efd82081f04822f658d777230bbb6654cb911aff96b7,f3adcf6667d66e4b11c8048f4d79534abaecd29966d11d43612b5b35a5820bf8,c7426cc28265ca524e92ca8e7250d28d9848451d2c74ffc3109d9acddfdc5060,United States,A2 society guideline; American Thyroid Association,Adults unless the recommendation explicitly identifies children or pregnancy,Graves’ hyperthyroidism; source-defined treatment context,"ATD, RAI, thyroidectomy, or source-defined supportive management","Only the recommendation, regimen, status, or limitation stated in the exact quote",Evidence-graded society recommendation,Retrieved source supports bounded claims only; failed search never proves absence.,2026-09-10,2.0.0,NA (no additional notes)
US-ATA2016-R12,26,S026-B00013,pdf_page:13,"& RECOMMENDATION 12
When hyperthyroidism due to GD persists after 6 months
following RAI therapy, retreatment with RAI is suggested.
In selected patients with minimal response 3 months after
therapy additional RAI may be considered.
Weak recommendation, low-quality evidence.",75,350,7c5a39ab34307315a334efd82081f04822f658d777230bbb6654cb911aff96b7,185b6accad60505195315218a87b11b8613f84e805ec02dcba39e5ef594e6180,17049f80b805b72f717d606b587dbad629b627f406a59a970387c7b59a102375,United States,A2 society guideline; American Thyroid Association,Adults unless the recommendation explicitly identifies children or pregnancy,Graves’ hyperthyroidism; source-defined treatment context,"ATD, RAI, thyroidectomy, or source-defined supportive management","Only the recommendation, regimen, status, or limitation stated in the exact quote",Evidence-graded society recommendation,Retrieved source supports bounded claims only; failed search never proves absence.,2026-09-10,2.0.0,NA (no additional notes)
US-ATA2016-R13,26,S026-B00013,pdf_page:13,"& RECOMMENDATION 13
MMI should be used in virtually every patient who chooses
ATD therapy for GD, except during the ﬁrst trimester of
pregnancy when PTU is preferred, in the treatment of
thyroid storm, and in patients with minor reactions to MMI
who refuse RAI therapy or surgery.
Strong recommendation, moderate-quality evidence.",1854,2184,7c5a39ab34307315a334efd82081f04822f658d777230bbb6654cb911aff96b7,185b6accad60505195315218a87b11b8613f84e805ec02dcba39e5ef594e6180,2e305864fa62b46686bfaeba78fb26e7cf3cf199916718230c4d0ac7b1afafd2,United States,A2 society guideline; American Thyroid Association,Adults unless the recommendation explicitly identifies children or pregnancy,Graves’ hyperthyroidism; source-defined treatment context,"ATD, RAI, thyroidectomy, or source-defined supportive management","Only the recommendation, regimen, status, or limitation stated in the exact quote",Evidence-graded society recommendation,Retrieved source supports bounded claims only; failed search never proves absence.,2026-09-10,2.0.0,NA (no additional notes)
US-ATA2016-R21,26,S026-B00016,pdf_page:16,"& RECOMMENDATION 21
Measurement of TRAb levels prior to stopping ATD
therapy is suggested because it aids in predicting which
patients can be weaned from the medication, with normal
levels indicating greater chance for remission.
Strong recommendation, moderate-quality evidence.",1841,2120,7c5a39ab34307315a334efd82081f04822f658d777230bbb6654cb911aff96b7,29ddcd757536a13f57bc504c694c673fc004c2254848f8aa2f91372a02fe5b01,4fc59d259d338038a11c500bad3e562769473da065c479bbfe7c6fc9d96add88,United States,A2 society guideline; American Thyroid Association,Adults unless the recommendation explicitly identifies children or pregnancy,Graves’ hyperthyroidism; source-defined treatment context,"ATD, RAI, thyroidectomy, or source-defined supportive management","Only the recommendation, regimen, status, or limitation stated in the exact quote",Evidence-graded society recommendation,Retrieved source supports bounded claims only; failed search never proves absence.,2026-09-10,2.0.0,NA (no additional notes)
US-ATA2016-R22,26,S026-B00016,pdf_page:16,"& RECOMMENDATION 22
If MMI is chosen as the primary therapy for GD, the
medication should be continued for approximately 12–18
months, then discontinued if the TSH and TRAb levels are
normal at that time.
Strong recommendation, high-quality evidence.",2121,2371,7c5a39ab34307315a334efd82081f04822f658d777230bbb6654cb911aff96b7,29ddcd757536a13f57bc504c694c673fc004c2254848f8aa2f91372a02fe5b01,ebc0634510942c1573d550277f6c5e575d84cb306145ca613e4850b1b7456f39,United States,A2 society guideline; American Thyroid Association,Adults unless the recommendation explicitly identifies children or pregnancy,Graves’ hyperthyroidism; source-defined treatment context,"ATD, RAI, thyroidectomy, or source-defined supportive management","Only the recommendation, regimen, status, or limitation stated in the exact quote",Evidence-graded society recommendation,Retrieved source supports bounded claims only; failed search never proves absence.,2026-09-10,2.0.0,NA (no additional notes)
US-ATA2016-R23,26,S026-B00016,pdf_page:16,"& RECOMMENDATION 23
If a patient with GD becomes hyperthyroid after com-
pleting a course of MMI, consideration should be given to
treatment with RAI or thyroidectomy. Continued low-dose
MMI treatment for longer than 12–18 months may be
considered in patients not in remission who prefer this
approach.
Weak recommendation, low-quality evidence.",2372,2717,7c5a39ab34307315a334efd82081f04822f658d777230bbb6654cb911aff96b7,29ddcd757536a13f57bc504c694c673fc004c2254848f8aa2f91372a02fe5b01,8323550200a882b6c35e965878b28c5364fa6fb9bf45b9c2012d8f56b2498396,United States,A2 society guideline; American Thyroid Association,Adults unless the recommendation explicitly identifies children or pregnancy,Graves’ hyperthyroidism; source-defined treatment context,"ATD, RAI, thyroidectomy, or source-defined supportive management","Only the recommendation, regimen, status, or limitation stated in the exact quote",Evidence-graded society recommendation,Retrieved source supports bounded claims only; failed search never proves absence.,2026-09-10,2.0.0,NA (no additional notes)
US-ATA2016-R24,26,S026-B00017,pdf_page:17,"& RECOMMENDATION 24
If surgery is chosen as treatment for GD, patients should be
rendered euthyroid prior to the procedure with ATD pre-
treatment, with or without b-adrenergic blockade. A KI-
containing preparation should be given in the immediate
preoperative period.
Strong recommendation, low-quality evidence.",1465,1779,7c5a39ab34307315a334efd82081f04822f658d777230bbb6654cb911aff96b7,da71413110e338621833a7d9b392b2e6498ea906fc996e7baab9905fc705ad36,bc599672f0b4df3496d9701be6750ab6c09009330ebd42078971d02ebf535b8a,United States,A2 society guideline; American Thyroid Association,Adults unless the recommendation explicitly identifies children or pregnancy,Graves’ hyperthyroidism; source-defined treatment context,"ATD, RAI, thyroidectomy, or source-defined supportive management","Only the recommendation, regimen, status, or limitation stated in the exact quote",Evidence-graded society recommendation,Retrieved source supports bounded claims only; failed search never proves absence.,2026-09-10,2.0.0,NA (no additional notes)
US-ATA2016-R3,26,S026-B00008,pdf_page:8,"& RECOMMENDATION 3
Patients with overt Graves’ hyperthyroidism should be
treated with any of the following modalities: RAI therapy,
ATDs, or thyroidectomy.
Strong recommendation, moderate-quality evidence.",5721,5926,7c5a39ab34307315a334efd82081f04822f658d777230bbb6654cb911aff96b7,e2211a3ccc8213b7ea6bdf5c8ec068f9b325815a0c5206a6f2fa2105f679cb6c,de6c499a8118a1420b6dc4d25f3a8c53019ab9b98b1cb0fbc31d62ae52cf03f3,United States,A2 society guideline; American Thyroid Association,Adults unless the recommendation explicitly identifies children or pregnancy,Graves’ hyperthyroidism; source-defined treatment context,"ATD, RAI, thyroidectomy, or source-defined supportive management","Only the recommendation, regimen, status, or limitation stated in the exact quote",Evidence-graded society recommendation,Retrieved source supports bounded claims only; failed search never proves absence.,2026-09-10,2.0.0,NA (no additional notes)
US-ATA2016-R5,26,S026-B00010,pdf_page:10,"& RECOMMENDATION 5
In addition to b-adrenergic blockade (see Recommenda-
tions 2 and 4), pretreatment with MMI prior to RAI therapy
for GD should be considered in patients who are at in-
creased risk for complications due to worsening of hy-
perthyroidism. MMI should be discontinued 2–3 days
prior to RAI.
Weak recommendation, moderate-quality evidence.",2638,2992,7c5a39ab34307315a334efd82081f04822f658d777230bbb6654cb911aff96b7,9ff2b8faccaf5114b487e5e6412f33fc2bcb2e96ec40ffc5c2ceb63eea13aac3,6b141eb934c1c6405acda395fa8198cf6ba63b304a59561930a63c2183af3413,United States,A2 society guideline; American Thyroid Association,Adults unless the recommendation explicitly identifies children or pregnancy,Graves’ hyperthyroidism; source-defined treatment context,"ATD, RAI, thyroidectomy, or source-defined supportive management","Only the recommendation, regimen, status, or limitation stated in the exact quote",Evidence-graded society recommendation,Retrieved source supports bounded claims only; failed search never proves absence.,2026-09-10,2.0.0,NA (no additional notes)
US-ATA2016-R58,26,S026-B00027,pdf_page:27,"& RECOMMENDATION 58
Children with GD should be treated with MMI, RAI
therapy, or thyroidectomy. RAI therapy should be avoided
in very young children ( <5 years). RAI therapy in children
is acceptable if the activity is >150 lCi/g (5.55 MBq/g) of
thyroid tissue, and for children between 5 and 10 years of
age if the calculated RAI administered activity is <10 mCi
(<370 MBq). Thyroidectomy should be chosen when de-
ﬁnitive therapy is required, the child is too young for RAI,
and surgery can be performed by a high-volume thyroid
surgeon.
Strong recommendation, moderate-quality evidence.",3392,3981,7c5a39ab34307315a334efd82081f04822f658d777230bbb6654cb911aff96b7,3d4bfb3d9f7a290d66de579ad88c64e0bce0104090a09ffb8c5b068b2334cbb5,6f3256a512d1afa31069c48dc2b808228e2f1b85edcbab163e66a7e06456c487,United States,A2 society guideline; American Thyroid Association,Adults unless the recommendation explicitly identifies children or pregnancy,Graves’ hyperthyroidism; source-defined treatment context,"ATD, RAI, thyroidectomy, or source-defined supportive management","Only the recommendation, regimen, status, or limitation stated in the exact quote",Evidence-graded society recommendation,Retrieved source supports bounded claims only; failed search never proves absence.,2026-09-10,2.0.0,Superseded wording; use US-ATA2017-R58-CORRECTED for current Recommendation 58.
US-ATA2016-R6,26,S026-B00011,pdf_page:11,"& RECOMMENDATION 6
In patients who are at increased risk for complications due
to worsening of hyperthyroidism, resuming MMI 3–7 days
after RAI administration should be considered.
Weak recommendation, low-quality evidence.",0,223,7c5a39ab34307315a334efd82081f04822f658d777230bbb6654cb911aff96b7,fec81dcfb4e584a3172abeb666e799cd7c04acd9727a35187a93a783d67b2298,4a65c6ffa96dbbda4ba718228eb4b1fc7db0ec913ce0dcf1bd991bee16c715d2,United States,A2 society guideline; American Thyroid Association,Adults unless the recommendation explicitly identifies children or pregnancy,Graves’ hyperthyroidism; source-defined treatment context,"ATD, RAI, thyroidectomy, or source-defined supportive management","Only the recommendation, regimen, status, or limitation stated in the exact quote",Evidence-graded society recommendation,Retrieved source supports bounded claims only; failed search never proves absence.,2026-09-10,2.0.0,NA (no additional notes)
US-ATA2016-R66,26,S026-B00030,pdf_page:30,"& RECOMMENDATION 66
If MMI is chosen as the ﬁrst-line treatment for GD in
children, it may be tapered in those children requiring low
doses after 1–2 years to determine if a spontaneous re-
mission has occurred, or it may be continued until the child
and caretakers are ready to consider deﬁnitive therapy, if
needed.
Strong recommendation, moderate-quality evidence.",49,416,7c5a39ab34307315a334efd82081f04822f658d777230bbb6654cb911aff96b7,8d7feb0d6f7a31c0119638d1ce2d26b36a74a066e2a3240946dd6f40d86bb774,d699d85783783fd500bfc58b9208966d59f0a06314d99623e6e4b3c6818135d5,United States,A2 society guideline; American Thyroid Association,Adults unless the recommendation explicitly identifies children or pregnancy,Graves’ hyperthyroidism; source-defined treatment context,"ATD, RAI, thyroidectomy, or source-defined supportive management","Only the recommendation, regimen, status, or limitation stated in the exact quote",Evidence-graded society recommendation,Retrieved source supports bounded claims only; failed search never proves absence.,2026-09-10,2.0.0,NA (no additional notes)
US-ATA2016-R67,26,S026-B00030,pdf_page:30,"& RECOMMENDATION 67
Pediatric patients with GD who are not in remission fol-
lowing at least 1–2 years of MMI therapy should be consid-
ered for treatment with RAI or thyroidectomy. Alternatively,
if children are tolerating ATDtherapy, ATDs may be used for
extended periods. This approach may be especially useful for
the child not considered to be a candidate for either surgery
or RAI. Individuals on prolonged ATD therapy ( >2y e a r s )
should be reevaluated every 6–12 months and when transi-
tioning to adulthood.
Strong recommendation, low-quality evidence.",5167,5731,7c5a39ab34307315a334efd82081f04822f658d777230bbb6654cb911aff96b7,8d7feb0d6f7a31c0119638d1ce2d26b36a74a066e2a3240946dd6f40d86bb774,ad8465ab5d3d9fa3e8820ec6e82ef31bcbbaf965b0a21081c2c978b4f03d22d3,United States,A2 society guideline; American Thyroid Association,Adults unless the recommendation explicitly identifies children or pregnancy,Graves’ hyperthyroidism; source-defined treatment context,"ATD, RAI, thyroidectomy, or source-defined supportive management","Only the recommendation, regimen, status, or limitation stated in the exact quote",Evidence-graded society recommendation,Retrieved source supports bounded claims only; failed search never proves absence.,2026-09-10,2.0.0,NA (no additional notes)
US-ATA2016-R8,26,S026-B00011,pdf_page:11,"& RECOMMENDATION 8
Sufﬁcient activity of RAI should be administered in a
single application, typically a mean dose of 10–15 mCi
(370–555 MBq), to render the patient with GD hypothy-
roid.
Strong recommendation, moderate-quality evidence.",4521,4758,7c5a39ab34307315a334efd82081f04822f658d777230bbb6654cb911aff96b7,fec81dcfb4e584a3172abeb666e799cd7c04acd9727a35187a93a783d67b2298,b4db57357578cb847b1534a9d09cdd0c23ac5038e99354c7037f8308ce00b256,United States,A2 society guideline; American Thyroid Association,Adults unless the recommendation explicitly identifies children or pregnancy,Graves’ hyperthyroidism; source-defined treatment context,"ATD, RAI, thyroidectomy, or source-defined supportive management","Only the recommendation, regimen, status, or limitation stated in the exact quote",Evidence-graded society recommendation,Retrieved source supports bounded claims only; failed search never proves absence.,2026-09-10,2.0.0,NA (no additional notes)
US-ATA2016-R80,26,S026-B00038,pdf_page:38,"& RECOMMENDATION 80
ATD therapy should be used for overt hyperthyroidism due
to GD during pregnancy. PTU should be used when ATD
therapy is given during the ﬁrst trimester. MMI should be
used when ATD therapy is started after the ﬁrst trimester.
Strong recommendation, low-quality evidence.",0,290,7c5a39ab34307315a334efd82081f04822f658d777230bbb6654cb911aff96b7,91d9ca1e2fd3f0103172d52b4005863225737de8f5d33b0da048cf7fd6a588bb,a94927df7ae430370df5bfe7ff878bff05720d8a789e3c3d7df79fe8d735536a,United States,A2 society guideline; American Thyroid Association,Adults unless the recommendation explicitly identifies children or pregnancy,Graves’ hyperthyroidism; source-defined treatment context,"ATD, RAI, thyroidectomy, or source-defined supportive management","Only the recommendation, regimen, status, or limitation stated in the exact quote",Evidence-graded society recommendation,Retrieved source supports bounded claims only; failed search never proves absence.,2026-09-10,2.0.0,NA (no additional notes)
US-ATA2016-R9,26,S026-B00011,pdf_page:11,"& RECOMMENDATION 9
A pregnancy test should be obtained within 48 hours prior
to treatment in any woman with childbearing potential who
is to be treated with RAI. The treating physician should
obtain this test and verify a negative result prior to ad-
ministering RAI.
Strong recommendation, low-quality evidence.",4759,5071,7c5a39ab34307315a334efd82081f04822f658d777230bbb6654cb911aff96b7,fec81dcfb4e584a3172abeb666e799cd7c04acd9727a35187a93a783d67b2298,3369795c7380e04604284309658dda3cd4278d493e68f5d812405cd0ef449a49,United States,A2 society guideline; American Thyroid Association,Adults unless the recommendation explicitly identifies children or pregnancy,Graves’ hyperthyroidism; source-defined treatment context,"ATD, RAI, thyroidectomy, or source-defined supportive management","Only the recommendation, regimen, status, or limitation stated in the exact quote",Evidence-graded society recommendation,Retrieved source supports bounded claims only; failed search never proves absence.,2026-09-10,2.0.0,NA (no additional notes)
US-ATA2017-R58-CORRECTED,744,S744-B00075,section:Correction to: Thyroid 2016;26:1343–1421. DOI: 10.1089/thy.2016.0229,"Children with GD should be treated with MMI, RAI therapy, or thyroidectomy. RAI therapy should be avoided in very young children (<5 years). RAI therapy in children is acceptable if the activity is >150 μ Ci/g (5.55 MBq/g) of thyroid tissue, and for children between 5 and 10 years of age if the calculated RAI administered activity is <10 mCi (<370 MBq) . Thyroidectomy should be chosen when definitive therapy is required, the child is too young for RAI, and surgery can be performed by a high-volume thyroid surgeon.",0,519,92c1473de9ed1b9aae830fcad35501655ea7104df224279d493d3cc91ef2ebb1,19b8717851b7f5ddc2f0ab2feaa3b3c5de463fa9e9a6a3bcbca76213085bd058,19b8717851b7f5ddc2f0ab2feaa3b3c5de463fa9e9a6a3bcbca76213085bd058,United States,A2 journal correction; Thyroid journal / American Thyroid Association,Children with Graves’ disease,Pediatric Graves’ disease,"MMI, RAI, or thyroidectomy",Corrected pediatric treatment and RAI age/dose wording,Journal correction,Retrieved source supports bounded claims only; failed search never proves absence.,2026-09-10,2.0.0,NA (no additional notes)
US-ATA2017-R58-CORRECTION-PREAMBLE,744,S744-B00074,section:Correction to: Thyroid 2016;26:1343–1421. DOI: 10.1089/thy.2016.0229,Recommendation 58 on page 1369 should read as follows:,0,54,92c1473de9ed1b9aae830fcad35501655ea7104df224279d493d3cc91ef2ebb1,f47144725ee5dac881fbbaa8657d59735d4766212fe867cddbbeb2615a32a6d2,f47144725ee5dac881fbbaa8657d59735d4766212fe867cddbbeb2615a32a6d2,United States,A2 journal correction; Thyroid journal / American Thyroid Association,Children with Graves’ disease,Pediatric Graves’ disease,"MMI, RAI, or thyroidectomy",Identification of corrected Recommendation 58,Journal correction,Retrieved source supports bounded claims only; failed search never proves absence.,2026-09-10,2.0.0,NA (no additional notes)
US-ATA2017-R58-ONLINE-CORRECTED,744,S744-B00076,section:Correction to: Thyroid 2016;26:1343–1421. DOI: 10.1089/thy.2016.0229,The online version of the article has been corrected to reflect this change. The authors apologize for this error.,0,114,92c1473de9ed1b9aae830fcad35501655ea7104df224279d493d3cc91ef2ebb1,d3a29f84a07fbf63a86bf9bcc947fc735a0836066d0ca6fccedf95f13eab2497,d3a29f84a07fbf63a86bf9bcc947fc735a0836066d0ca6fccedf95f13eab2497,United States,A2 journal correction; Thyroid journal / American Thyroid Association,NA (correction record),Pediatric Graves’ disease guideline correction,NA (correction record),Confirmation that the online article was corrected,Journal correction,Retrieved source supports bounded claims only; failed search never proves absence.,2026-09-10,2.0.0,NA (no additional notes)
US-FDA-2026-LUMVOA-LISTING,727,S727-B00065,section:FDA Novel Drug Therapy Approvals for 2026,23. Lumvoa veligrotug-vvze 6/26/2026 To treat thyroid eye disease,0,65,d0f07740526cbe6be024f4e254d9927db9567f2d52d5df01f782487e770e4975,82e267a1a486dd007681b59c243f7eb88cbaba23f8832854b61e6a67cd494c68,82e267a1a486dd007681b59c243f7eb88cbaba23f8832854b61e6a67cd494c68,United States,A1 regulator; U.S. Food and Drug Administration,NA (authorization record),TED authorization,Veligrotug-vvze (Lumvoa),FDA 2026 novel-drug listing row,FDA approvals listing,Retrieved source supports bounded claims only; failed search never proves absence.,2026-09-10,2.0.0,NA (no additional notes)
US-FDA-LUMVOA-APPROVAL-DATE,726,S726-B00005,pdf_page:5,"ALEXANDER GOROVETS
06/26/2026 02:09:44 PM",431,472,f1033b435abc06d8be4dc63ac4d1caf5455967e991b7dcfa253d30ea9609b997,7522f37713341276848a41295a6a87b62393472ec2f766204f3d1973d48b2913,f95f45a0bc26f2ec2cea5ca0ebbc4b4c9316e2482562d95a6f9bbfb32df2a748,United States,A1 regulator; U.S. Food and Drug Administration,NA (authorization record),TED authorization,Veligrotug-vvze (Lumvoa),Electronic-signature date on approval letter,FDA approval letter signature record,Retrieved source supports bounded claims only; failed search never proves absence.,2026-09-10,2.0.0,NA (no additional notes)
US-FDA-LUMVOA-BLA-APPROVAL,726,S726-B00001,pdf_page:1,"BLA 761530
BLA APPROVAL
Viridian Therapeutics, Inc.
Attention: Martin Kwok, PharmD, RAC
Senior Director, Regulatory Affairs
221 Crescent Street, Suite 103A
Waltham, MA 02453
Dear Dr. Martin Kwok:
Please refer to your biologics license application (BLA) received October 31, 2025, and 
your amendments, submitted under section 351(a) of the Public Health Service Act for 
Lumvoa (veligrotug-vvze) injection, for intravenous use.
LICENSING 
We have approved your BLA for Lumvoa (veligrotug-vvze) effective this date. You are 
hereby authorized to introduce or deliver for introduction into interstate commerce, 
Lumvoa under your existing Department of Health and Human Services U.S. License 
No. 2377. Lumvoa is indicated for treatment of thyroid eye disease.",0,758,f1033b435abc06d8be4dc63ac4d1caf5455967e991b7dcfa253d30ea9609b997,0b3176e0053bcf327314f3409ce3a325093c3586873ff8a328a62891d80a9279,e85fb6e9776548eb280ca32ee75ebc3682ad6fb3d1137f12255ed73bd1e89f41,United States,A1 regulator; U.S. Food and Drug Administration,U.S. authorized population,TED,Veligrotug-vvze (Lumvoa),"BLA number, approval, and indication",FDA approval letter,Retrieved source supports bounded claims only; failed search never proves absence.,2026-09-10,2.0.0,NA (no additional notes)
US-LUMVOA-LABEL-CONTRACEPTION,373,S373-B00006,pdf_page:6,"Because inhibiting IGF-1R signaling impacts normal embryonic development and placental 
development and function, LUMVOA may cause fetal harm when administered to a pregnant woman 
[see Use in Specific Populations (8.1)]. Advise females of reproductive potential to use effective 
contraception prior to initiation, during treatment with LUMVOA and for 6 months after the last dose of 
LUMVOA.",520,913,19954f585c92f156b536e2fca6ccf54a5349ef4745508ada6f2fb56cb97fd4f7,49ab718a7097a660b6f5d3ce31842005155b44ddcd7480828511cac977602975,552d6d23d55b70be76971c13f597d69407b59a350fa45f70ce0a566ff088b613,United States,A1 regulator; U.S. Food and Drug Administration,Females of reproductive potential,TED treatment and reproductive safety,Veligrotug-vvze (Lumvoa),Contraception timing,Regulator prescribing information,Retrieved source supports bounded claims only; failed search never proves absence.,2026-09-10,2.0.0,NA (no additional notes)
US-LUMVOA-LABEL-CONTRAINDICATIONS,373,S373-B00003,pdf_page:3,"4 CONTRAINDICATIONS
None",692,716,19954f585c92f156b536e2fca6ccf54a5349ef4745508ada6f2fb56cb97fd4f7,2cf1d882155696117ae9aa57cc9b0b27e36fc899bfdd2f14281674146ac527c2,1ab0d5bbec48b99c822b4180cd326973725e310f56c9b3402aad303f320dfd38,United States,A1 regulator; U.S. Food and Drug Administration,Patients considered for Lumvoa,TED,Veligrotug-vvze (Lumvoa),Labeled contraindications only,Regulator prescribing information,Retrieved source supports bounded claims only; failed search never proves absence.,2026-09-10,2.0.0,NA (no additional notes)
US-LUMVOA-LABEL-GERIATRIC,373,S373-B00006,pdf_page:6,"8.5 Geriatric Use
Of the 301 patients in Study 1 and Study 2, 12% were 65 years of age or older, with a similar 
proportion of patients 65 years of age or older between treatment groups. No overall differences in 
safety or effectiveness of LUMVOA have been observed between patients 65 years of age or older 
and younger adult patients.",1022,1359,19954f585c92f156b536e2fca6ccf54a5349ef4745508ada6f2fb56cb97fd4f7,49ab718a7097a660b6f5d3ce31842005155b44ddcd7480828511cac977602975,a5dfec10a10568c0fd720912325e434f66d45d6eb9c81602c4bd6c4c3ba003e5,United States,A1 regulator; U.S. Food and Drug Administration,Patients aged 65 years or older,TED,Veligrotug-vvze (Lumvoa),Geriatric trial representation and labeled comparison,Regulator prescribing information,Retrieved source supports bounded claims only; failed search never proves absence.,2026-09-10,2.0.0,NA (no additional notes)
US-LUMVOA-LABEL-HEARING,373,S373-B00004,pdf_page:4,"5.4 Hearing Impairment Including Hearing Loss
LUMVOA may cause severe hearing impairment including hearing loss, which in some cases may be 
permanent. Assess patients’ hearing before, during, and after treatment with LUMVOA and consider 
the benefit-risk of treatment with patients.",0,283,19954f585c92f156b536e2fca6ccf54a5349ef4745508ada6f2fb56cb97fd4f7,5cb6ba6446f906bac4c9aa4bb5dfb65d2e6c6da6c47c6d973d485926e97cd2bf,2f578490f4c895df0025082a8d55a8de5b11d4e6d27b97ec962be8ebf37abc8e,United States,A1 regulator; U.S. Food and Drug Administration,Patients receiving Lumvoa,TED,Veligrotug-vvze (Lumvoa),Hearing-impairment warning and monitoring,Regulator prescribing information,Retrieved source supports bounded claims only; failed search never proves absence.,2026-09-10,2.0.0,NA (no additional notes)
US-LUMVOA-LABEL-HYPERGLYCEMIA,373,S373-B00003,pdf_page:3,"5.3 Hyperglycemia
Hyperglycemia or increased blood glucose may occur in patients treated with LUMVOA. In clinical 
trials, 12% of patients, of whom one half had pre-existing diabetes or impaired glucose tolerance, 
experienced hyperglycemia. Hyperglycemic events should be controlled with medications for 
glycemic control, if necessary.
Assess patients for elevated blood glucose and symptoms of hyperglycemia prior to infusion and 
continue to monitor while on treatment with LUMVOA. Ensure patients with hyperglycemia or 
preexisting diabetes are under appropriate glycemic control before and while receiving LUMVOA. 
Continue monitoring after treatment for patients who experience hyperglycemia while on LUMVOA.",1803,2518,19954f585c92f156b536e2fca6ccf54a5349ef4745508ada6f2fb56cb97fd4f7,2cf1d882155696117ae9aa57cc9b0b27e36fc899bfdd2f14281674146ac527c2,c28e21e662cdc0ddb77a5c201fbe083e3bfc20ccb71a0b5a4f340312a4a98896,United States,A1 regulator; U.S. Food and Drug Administration,"Patients receiving Lumvoa, including those with diabetes or impaired glucose tolerance",TED,Veligrotug-vvze (Lumvoa),Hyperglycemia warning and monitoring,Regulator prescribing information,Retrieved source supports bounded claims only; failed search never proves absence.,2026-09-10,2.0.0,NA (no additional notes)
US-LUMVOA-LABEL-IBD,373,S373-B00003,pdf_page:3,"5.2 Inflammatory Bowel Disease
LUMVOA may cause an exacerbation of inflammatory bowel disease (IBD). IBD has been reported in 
some patients receiving insulin-like growth factor-1 receptor inhibitors without a prior diagnosis of 
IBD. Monitor patients for signs and symptoms of IBD, including patients without a history of IBD. If 
IBD is suspected, discontinue use of LUMVOA.
",1426,1803,19954f585c92f156b536e2fca6ccf54a5349ef4745508ada6f2fb56cb97fd4f7,2cf1d882155696117ae9aa57cc9b0b27e36fc899bfdd2f14281674146ac527c2,85dbb07b7e2437657fd248bb2ba49e80e62d653adb8d6e1c52da7f22ec2cc250,United States,A1 regulator; U.S. Food and Drug Administration,Patients receiving Lumvoa,TED,Veligrotug-vvze (Lumvoa),Inflammatory-bowel-disease warning,Regulator prescribing information,Retrieved source supports bounded claims only; failed search never proves absence.,2026-09-10,2.0.0,NA (no additional notes)
US-LUMVOA-LABEL-INDICATION-DOSE,373,S373-B00002,pdf_page:2,"1 INDICATIONS AND USAGE
LUMVOA is indicated for the treatment of thyroid eye disease regardless of thyroid eye disease 
activity or duration.
2 DOSAGE AND ADMINISTRATION 
2.1 Recommended Dosage
The recommended dosage of LUMVOA is 10 mg/kg administered by intravenous infusion every three 
weeks for a total of 5 infusions.",29,351,19954f585c92f156b536e2fca6ccf54a5349ef4745508ada6f2fb56cb97fd4f7,e7543c6669b58d8eb890bbe44bf93781e6534bbc88c6f647d5da97b42c027fce,342f4bc80f89b44d311399a429bab83e8bcdb6082d2a7b7e82abce03868aa4e9,United States,A1 regulator; U.S. Food and Drug Administration,Patients with TED regardless of disease activity or duration,TED regardless of activity or duration,Veligrotug-vvze (Lumvoa),U.S. labeled indication and dosing regimen,Regulator prescribing information,Retrieved source supports bounded claims only; failed search never proves absence.,2026-09-10,2.0.0,NA (no additional notes)
US-LUMVOA-LABEL-INFUSION,373,S373-B00003,pdf_page:3,"5.1 Infusion Reactions
LUMVOA may cause infusion reactions. Infusion reactions have been reported in approximately 9% 
of patients treated with LUMVOA. Signs and symptoms of infusion-related reactions include transient 
increases in blood pressure, fever, chills, headache, and fatigue. Infusion reactions may occur during 
or soon after an infusion. Reported infusion reactions are usually mild or moderate in severity and can 
usually be successfully managed with corticosteroids, antihistamines, and antipyretics. In patients 
who experience an infusion reaction, consideration should be given to standard premedication and/or 
administering infusions at a slower infusion rate.
",744,1426,19954f585c92f156b536e2fca6ccf54a5349ef4745508ada6f2fb56cb97fd4f7,2cf1d882155696117ae9aa57cc9b0b27e36fc899bfdd2f14281674146ac527c2,a49f6adcc7643e5e47aaabf233f9bb19f46e28bd17ee6f863e048da72c745586,United States,A1 regulator; U.S. Food and Drug Administration,Patients receiving Lumvoa,TED,Veligrotug-vvze (Lumvoa),Infusion-reaction warning and management,Regulator prescribing information,Retrieved source supports bounded claims only; failed search never proves absence.,2026-09-10,2.0.0,NA (no additional notes)
US-LUMVOA-LABEL-PEDIATRIC,373,S373-B00006,pdf_page:6,The safety and effectiveness of LUMVOA have not been established in pediatric patients.,934,1021,19954f585c92f156b536e2fca6ccf54a5349ef4745508ada6f2fb56cb97fd4f7,49ab718a7097a660b6f5d3ce31842005155b44ddcd7480828511cac977602975,d9f39cfb9044649a8b13183c72c03db0f7b5da0399b55b4aa66ed2a7d8d01af4,United States,A1 regulator; U.S. Food and Drug Administration,Pediatric patients,TED,Veligrotug-vvze (Lumvoa),Pediatric evidence limitation,Regulator prescribing information,Retrieved source supports bounded claims only; failed search never proves absence.,2026-09-10,2.0.0,NA (no additional notes)
US-TEPEZZA-LABEL-CONTRACEPTION,728,S728-B00221,section:8.3 Females and Males of Reproductive Potential,"Contraception Females Based on its mechanism of action inhibiting IGF-1R, TEPEZZA may cause fetal harm when administered to a pregnant woman [see Use in Specific Populations (8.1) ] . Advise females of reproductive potential to use effective contraception prior to initiation, during treatment with TEPEZZA and for 6 months after the last dose of TEPEZZA.",0,355,9e230795487db17fe59cc1f577080c57456e891fd9dbeacef7c19e4bae7712bb,320b8af3b7a1c7c5956fd49284ad9a6c27a2d97a58b9c186407abb54b56085d9,320b8af3b7a1c7c5956fd49284ad9a6c27a2d97a58b9c186407abb54b56085d9,United States,A1 regulator/NLM label repository; U.S. National Library of Medicine DailyMed,Females of reproductive potential,TED treatment and reproductive safety,Teprotumumab-trbw (Tepezza),Contraception timing,Regulator authorization or prescribing information,Retrieved source supports bounded claims only; failed search never proves absence.,2026-09-10,2.0.0,NA (no additional notes)
US-TEPEZZA-LABEL-DOSE,728,S728-B00147,section:2.1 Recommended Dosing,The recommended dose of TEPEZZA is an intravenous infusion of 10 mg/kg for the initial dose followed by an intravenous infusion of 20 mg/kg every three weeks for 7 additional infusions.,0,185,9e230795487db17fe59cc1f577080c57456e891fd9dbeacef7c19e4bae7712bb,5f58acd9040c7f82104de2f16f611ba5ed373e0754f981f3a12f21c0baf5bb67,5f58acd9040c7f82104de2f16f611ba5ed373e0754f981f3a12f21c0baf5bb67,United States,A1 regulator/NLM label repository; U.S. National Library of Medicine DailyMed,Patients receiving Tepezza,TED,Teprotumumab-trbw (Tepezza),U.S. dosing regimen,Regulator authorization or prescribing information,Retrieved source supports bounded claims only; failed search never proves absence.,2026-09-10,2.0.0,NA (no additional notes)
US-TEPEZZA-LABEL-HEARING,728,S728-B00096,section:WARNINGS AND PRECAUTIONS,"Hearing Impairment Including Hearing Loss: TEPEZZA may cause severe hearing impairment including hearing loss, which in some cases may be permanent. Assess patients' hearing before, during, and after treatment with TEPEZZA and consider the benefit-risk of treatment with patients ( 5.4 )",0,287,9e230795487db17fe59cc1f577080c57456e891fd9dbeacef7c19e4bae7712bb,37f0b24b9c7606a6c8c24237a43c9cf78eb399da18e2b9fc7f285192e16fecd9,37f0b24b9c7606a6c8c24237a43c9cf78eb399da18e2b9fc7f285192e16fecd9,United States,A1 regulator/NLM label repository; U.S. National Library of Medicine DailyMed,Patients receiving Tepezza,TED,Teprotumumab-trbw (Tepezza),Hearing warning and monitoring,Regulator authorization or prescribing information,Retrieved source supports bounded claims only; failed search never proves absence.,2026-09-10,2.0.0,NA (no additional notes)
US-TEPEZZA-LABEL-HYPERGLYCEMIA,728,S728-B00095,section:WARNINGS AND PRECAUTIONS,Hyperglycemia : Assess patients for elevated blood glucose and symptoms of hyperglycemia prior to infusion and continue to monitor while on treatment with TEPEZZA. Ensure patients with hyperglycemia or preexisting diabetes are under appropriate glycemic control before and while receiving TEPEZZA ( 5.3 ),0,304,9e230795487db17fe59cc1f577080c57456e891fd9dbeacef7c19e4bae7712bb,e4fa946d7cab3dc426687a6ef8904c77f7a72a38eed41defb40d10225e9e181a,e4fa946d7cab3dc426687a6ef8904c77f7a72a38eed41defb40d10225e9e181a,United States,A1 regulator/NLM label repository; U.S. National Library of Medicine DailyMed,Patients receiving Tepezza,TED,Teprotumumab-trbw (Tepezza),Hyperglycemia warning and monitoring,Regulator authorization or prescribing information,Retrieved source supports bounded claims only; failed search never proves absence.,2026-09-10,2.0.0,NA (no additional notes)
US-TEPEZZA-LABEL-INDICATION,728,S728-B00143,section:17 PATIENT COUNSELING INFORMATION,TEPEZZA is indicated for the treatment of Thyroid Eye Disease regardless of Thyroid Eye Disease activity or duration.,0,117,9e230795487db17fe59cc1f577080c57456e891fd9dbeacef7c19e4bae7712bb,3f6a1a7086ff4806fe693fbb6bd949de6d80aa9b2d19d3ed5aefe9be51760416,3f6a1a7086ff4806fe693fbb6bd949de6d80aa9b2d19d3ed5aefe9be51760416,United States,A1 regulator/NLM label repository; U.S. National Library of Medicine DailyMed,Patients with TED,TED regardless of activity or duration,Teprotumumab-trbw (Tepezza),U.S. labeled indication,Regulator authorization or prescribing information,Retrieved source supports bounded claims only; failed search never proves absence.,2026-09-10,2.0.0,NA (no additional notes)
US-TEPEZZA-LABEL-MOA,728,S728-B00237,section:12.1 Mechanism of Action,Teprotumumab-trbw's mechanism of action in patients with Thyroid Eye Disease has not been fully characterized. Teprotumumab-trbw binds to IGF-1R and blocks its activation and signaling.,0,185,9e230795487db17fe59cc1f577080c57456e891fd9dbeacef7c19e4bae7712bb,470ba28a876ad03cdd3b8ca48db0a535e42ad47c5ef3e337aaab718bf384bd44,470ba28a876ad03cdd3b8ca48db0a535e42ad47c5ef3e337aaab718bf384bd44,United States,A1 regulator/NLM label repository; U.S. National Library of Medicine DailyMed,Patients receiving Tepezza,TED,Teprotumumab-trbw (Tepezza),IGF-1R binding/signaling and MOA limitation,Regulator authorization or prescribing information,Retrieved source supports bounded claims only; failed search never proves absence.,2026-09-10,2.0.0,NA (no additional notes)
US-TEPEZZA-LABEL-PEDIATRIC,728,S728-B00225,section:8.4 Pediatric Use,Safety and effectiveness have not been established in pediatric patients.,0,73,9e230795487db17fe59cc1f577080c57456e891fd9dbeacef7c19e4bae7712bb,2c68426d97f90baaf5d6c3fb37eb4f625f756724e04072507f0b9be265a446bf,2c68426d97f90baaf5d6c3fb37eb4f625f756724e04072507f0b9be265a446bf,United States,A1 regulator/NLM label repository; U.S. National Library of Medicine DailyMed,Pediatric patients,TED,Teprotumumab-trbw (Tepezza),Pediatric evidence limitation,Regulator authorization or prescribing information,Retrieved source supports bounded claims only; failed search never proves absence.,2026-09-10,2.0.0,NA (no additional notes)
