source_id,canonical_id_status,title,issuer_or_journal,publication_or_event_date,year,url,doi,registry_id,source_type,evidence_tier,access_depth,exact_locator_availability,locator,last_verified,r_and_d_implication,reference_text,data_cut,schema_version
753,v2_frozen_registry_record,Phase II Randomized Controlled Study of Sequential Orbital Radiotherapy for Graves' Ophthalmopathy,ClinicalTrials.gov,2026-09-10 registry cut,2026,https://clinicaltrials.gov/study/NCT00004660,NA (no DOI),NCT00004660,official trial registry,A1 official registry,Frozen full protocol record; no posted results at data cut,Yes (canonical frozen JSON record plus deterministic trial-table row locator),frozen_trial_registry_documents_v2.jsonl::trial_id=NCT00004660; document_id=CTGOV-NCT00004660-CUT-2026-09-10,2026-09-10 frozen registry cut,Controls trial protocol/status and posted registry results for this release; no cross-trial efficacy ranking.,ClinicalTrials.gov. Phase II Randomized Controlled Study of Sequential Orbital Radiotherapy for Graves' Ophthalmopathy. NCT00004660. Frozen record at 2026-09-10. https://clinicaltrials.gov/study/NCT00004660,2026-09-10,2.0.0
754,v2_frozen_registry_record,"Pretreatment With Recombinant Human Thyrotropin (rhTSH) for the Effect on Thyroid Size and Function, and for the Effect of Radioiodine Treatment in Patients With Nodular Goiter. Prospective, Randomized Double-blinded Trials.",ClinicalTrials.gov,2026-09-10 registry cut,2026,https://clinicaltrials.gov/study/NCT00145366,NA (no DOI),NCT00145366,official trial registry,A1 official registry,Frozen full protocol record; no posted results at data cut,Yes (canonical frozen JSON record plus deterministic trial-table row locator),frozen_trial_registry_documents_v2.jsonl::trial_id=NCT00145366; document_id=CTGOV-NCT00145366-CUT-2026-09-10,2026-09-10 frozen registry cut,Controls trial protocol/status and posted registry results for this release; no cross-trial efficacy ranking.,"ClinicalTrials.gov. Pretreatment With Recombinant Human Thyrotropin (rhTSH) for the Effect on Thyroid Size and Function, and for the Effect of Radioiodine Treatment in Patients With Nodular Goiter. Prospective, Randomized Double-blinded Trials.. NCT00145366. Frozen record at 2026-09-10. https://clinicaltrials.gov/study/NCT00145366",2026-09-10,2.0.0
755,v2_frozen_registry_record,B Cell Depletion With the Anti-CD20 Monoclonal Antibody Rituximab in the Treatment of Graves' Disease,ClinicalTrials.gov,2026-09-10 registry cut,2026,https://clinicaltrials.gov/study/NCT00150111,NA (no DOI),NCT00150111,official trial registry,A1 official registry,Frozen full protocol record; no posted results at data cut,Yes (canonical frozen JSON record plus deterministic trial-table row locator),frozen_trial_registry_documents_v2.jsonl::trial_id=NCT00150111; document_id=CTGOV-NCT00150111-CUT-2026-09-10,2026-09-10 frozen registry cut,Controls trial protocol/status and posted registry results for this release; no cross-trial efficacy ranking.,ClinicalTrials.gov. B Cell Depletion With the Anti-CD20 Monoclonal Antibody Rituximab in the Treatment of Graves' Disease. NCT00150111. Frozen record at 2026-09-10. https://clinicaltrials.gov/study/NCT00150111,2026-09-10,2.0.0
756,v2_frozen_registry_record,The Influence of Continuous Block-replacement Therapy on the Effect of Radioiodine in Patients With Hyperthyroidism,ClinicalTrials.gov,2026-09-10 registry cut,2026,https://clinicaltrials.gov/study/NCT00150124,NA (no DOI),NCT00150124,official trial registry,A1 official registry,Frozen full protocol record; no posted results at data cut,Yes (canonical frozen JSON record plus deterministic trial-table row locator),frozen_trial_registry_documents_v2.jsonl::trial_id=NCT00150124; document_id=CTGOV-NCT00150124-CUT-2026-09-10,2026-09-10 frozen registry cut,Controls trial protocol/status and posted registry results for this release; no cross-trial efficacy ranking.,ClinicalTrials.gov. The Influence of Continuous Block-replacement Therapy on the Effect of Radioiodine in Patients With Hyperthyroidism. NCT00150124. Frozen record at 2026-09-10. https://clinicaltrials.gov/study/NCT00150124,2026-09-10,2.0.0
757,v2_frozen_registry_record,The Influence of Continuous Treatment With Antithyroid Drugs on the Effect of Radioiodine in Patients With Hyperthyroidism,ClinicalTrials.gov,2026-09-10 registry cut,2026,https://clinicaltrials.gov/study/NCT00150137,NA (no DOI),NCT00150137,official trial registry,A1 official registry,Frozen full protocol record; no posted results at data cut,Yes (canonical frozen JSON record plus deterministic trial-table row locator),frozen_trial_registry_documents_v2.jsonl::trial_id=NCT00150137; document_id=CTGOV-NCT00150137-CUT-2026-09-10,2026-09-10 frozen registry cut,Controls trial protocol/status and posted registry results for this release; no cross-trial efficacy ranking.,ClinicalTrials.gov. The Influence of Continuous Treatment With Antithyroid Drugs on the Effect of Radioiodine in Patients With Hyperthyroidism. NCT00150137. Frozen record at 2026-09-10. https://clinicaltrials.gov/study/NCT00150137,2026-09-10,2.0.0
758,v2_frozen_registry_record,"A Phase II, Single Centre, Randomized, Double-blind, Parallel and Placebo Controlled, Pilot Study to Evaluate the Efficacy and Safety of Somatuline Autogel 60mg in Patients With Active Thyroid-associated Ophthalmopathy of Moderate Intensity.",ClinicalTrials.gov,2026-09-10 registry cut,2026,https://clinicaltrials.gov/study/NCT00288522,NA (no DOI),NCT00288522,official trial registry,A1 official registry,Frozen full protocol record; no posted results at data cut,Yes (canonical frozen JSON record plus deterministic trial-table row locator),frozen_trial_registry_documents_v2.jsonl::trial_id=NCT00288522; document_id=CTGOV-NCT00288522-CUT-2026-09-10,2026-09-10 frozen registry cut,Controls trial protocol/status and posted registry results for this release; no cross-trial efficacy ranking.,"ClinicalTrials.gov. A Phase II, Single Centre, Randomized, Double-blind, Parallel and Placebo Controlled, Pilot Study to Evaluate the Efficacy and Safety of Somatuline Autogel 60mg in Patients With Active Thyroid-associated Ophthalmopathy of Moderate Intensity.. NCT00288522. Frozen record at 2026-09-10. https://clinicaltrials.gov/study/NCT00288522",2026-09-10,2.0.0
759,v2_frozen_registry_record,"Comparison of Efficacy and Safety of Intravenous Pulsed Methylprednisolone and Oral Methotrexate Versus Intravenous Pulsed Methylprednisolone and Oral Placebo in the Treatment of Active Moderate and Severe Thyroid Eye Disease - a Prospective, Randomized, Double-blind, Parallel, Controlled Multidisciplinary Clinical Trial and Imaging Study.",ClinicalTrials.gov,2026-09-10 registry cut,2026,https://clinicaltrials.gov/study/NCT00348413,NA (no DOI),NCT00348413,official trial registry,A1 official registry,Frozen full protocol record; no posted results at data cut,Yes (canonical frozen JSON record plus deterministic trial-table row locator),frozen_trial_registry_documents_v2.jsonl::trial_id=NCT00348413; document_id=CTGOV-NCT00348413-CUT-2026-09-10,2026-09-10 frozen registry cut,Controls trial protocol/status and posted registry results for this release; no cross-trial efficacy ranking.,"ClinicalTrials.gov. Comparison of Efficacy and Safety of Intravenous Pulsed Methylprednisolone and Oral Methotrexate Versus Intravenous Pulsed Methylprednisolone and Oral Placebo in the Treatment of Active Moderate and Severe Thyroid Eye Disease - a Prospective, Randomized, Double-blind, Parallel, Controlled Multidisciplinary Clinical Trial and Imaging Study.. NCT00348413. Frozen record at 2026-09-10. https://clinicaltrials.gov/study/NCT00348413",2026-09-10,2.0.0
760,v2_frozen_registry_record,Rituximab Treatment of Graves' Dysthyroid Ophthalmopathy Phase I/II,ClinicalTrials.gov,2026-09-10 registry cut,2026,https://clinicaltrials.gov/study/NCT00424151,NA (no DOI),NCT00424151,official trial registry,A1 official registry,Frozen full protocol record; no posted results at data cut,Yes (canonical frozen JSON record plus deterministic trial-table row locator),frozen_trial_registry_documents_v2.jsonl::trial_id=NCT00424151; document_id=CTGOV-NCT00424151-CUT-2026-09-10,2026-09-10 frozen registry cut,Controls trial protocol/status and posted registry results for this release; no cross-trial efficacy ranking.,ClinicalTrials.gov. Rituximab Treatment of Graves' Dysthyroid Ophthalmopathy Phase I/II. NCT00424151. Frozen record at 2026-09-10. https://clinicaltrials.gov/study/NCT00424151,2026-09-10,2.0.0
761,v2_frozen_registry_record,Thyroid-Associated Ophthalmopathy Subtypes and Orbital Antibodies,ClinicalTrials.gov,2026-09-10 registry cut,2026,https://clinicaltrials.gov/study/NCT00430547,NA (no DOI),NCT00430547,official trial registry,A1 official registry,Frozen full protocol record; no posted results at data cut,Yes (canonical frozen JSON record plus deterministic trial-table row locator),frozen_trial_registry_documents_v2.jsonl::trial_id=NCT00430547; document_id=CTGOV-NCT00430547-CUT-2026-09-10,2026-09-10 frozen registry cut,Controls trial protocol/status and posted registry results for this release; no cross-trial efficacy ranking.,ClinicalTrials.gov. Thyroid-Associated Ophthalmopathy Subtypes and Orbital Antibodies. NCT00430547. Frozen record at 2026-09-10. https://clinicaltrials.gov/study/NCT00430547,2026-09-10,2.0.0
762,v2_frozen_registry_record,Phase 2/3 Study of Rituximab for Graves' Ophthalmopathy,ClinicalTrials.gov,2026-09-10 registry cut,2026,https://clinicaltrials.gov/study/NCT00595335,NA (no DOI),NCT00595335,official trial registry,A1 official registry,Frozen full protocol and posted-results record,Yes (canonical frozen JSON record plus deterministic trial-table row locator),frozen_trial_registry_documents_v2.jsonl::trial_id=NCT00595335; document_id=CTGOV-NCT00595335-CUT-2026-09-10,2026-09-10 frozen registry cut,Controls trial protocol/status and posted registry results for this release; no cross-trial efficacy ranking.,ClinicalTrials.gov. Phase 2/3 Study of Rituximab for Graves' Ophthalmopathy. NCT00595335. Frozen record at 2026-09-10. https://clinicaltrials.gov/study/NCT00595335,2026-09-10,2.0.0
763,v2_frozen_registry_record,Low Doses of Cholestyramine in the Treatment of Hyperthyroidism,ClinicalTrials.gov,2026-09-10 registry cut,2026,https://clinicaltrials.gov/study/NCT00677469,NA (no DOI),NCT00677469,official trial registry,A1 official registry,Frozen full protocol record; no posted results at data cut,Yes (canonical frozen JSON record plus deterministic trial-table row locator),frozen_trial_registry_documents_v2.jsonl::trial_id=NCT00677469; document_id=CTGOV-NCT00677469-CUT-2026-09-10,2026-09-10 frozen registry cut,Controls trial protocol/status and posted registry results for this release; no cross-trial efficacy ranking.,ClinicalTrials.gov. Low Doses of Cholestyramine in the Treatment of Hyperthyroidism. NCT00677469. Frozen record at 2026-09-10. https://clinicaltrials.gov/study/NCT00677469,2026-09-10,2.0.0
764,v2_frozen_registry_record,Prevention Relapse of Graves' Disease by Treatment With Intrathyroid Injection of Dexamethasone,ClinicalTrials.gov,2026-09-10 registry cut,2026,https://clinicaltrials.gov/study/NCT00917241,NA (no DOI),NCT00917241,official trial registry,A1 official registry,Frozen full protocol record; no posted results at data cut,Yes (canonical frozen JSON record plus deterministic trial-table row locator),frozen_trial_registry_documents_v2.jsonl::trial_id=NCT00917241; document_id=CTGOV-NCT00917241-CUT-2026-09-10,2026-09-10 frozen registry cut,Controls trial protocol/status and posted registry results for this release; no cross-trial efficacy ranking.,ClinicalTrials.gov. Prevention Relapse of Graves' Disease by Treatment With Intrathyroid Injection of Dexamethasone. NCT00917241. Frozen record at 2026-09-10. https://clinicaltrials.gov/study/NCT00917241,2026-09-10,2.0.0
765,v2_frozen_registry_record,Comparison of Different Doses of 131I in Severe Graves' Hyperthyroidism: A Clinical Trial With Historical Control,ClinicalTrials.gov,2026-09-10 registry cut,2026,https://clinicaltrials.gov/study/NCT01039818,NA (no DOI),NCT01039818,official trial registry,A1 official registry,Frozen full protocol record; no posted results at data cut,Yes (canonical frozen JSON record plus deterministic trial-table row locator),frozen_trial_registry_documents_v2.jsonl::trial_id=NCT01039818; document_id=CTGOV-NCT01039818-CUT-2026-09-10,2026-09-10 frozen registry cut,Controls trial protocol/status and posted registry results for this release; no cross-trial efficacy ranking.,ClinicalTrials.gov. Comparison of Different Doses of 131I in Severe Graves' Hyperthyroidism: A Clinical Trial With Historical Control. NCT01039818. Frozen record at 2026-09-10. https://clinicaltrials.gov/study/NCT01039818,2026-09-10,2.0.0
766,v2_frozen_registry_record,The Effect of Early Total Thyroidectomy in the Course of Graves' Orbitopathy,ClinicalTrials.gov,2026-09-10 registry cut,2026,https://clinicaltrials.gov/study/NCT01056419,NA (no DOI),NCT01056419,official trial registry,A1 official registry,Frozen full protocol record; no posted results at data cut,Yes (canonical frozen JSON record plus deterministic trial-table row locator),frozen_trial_registry_documents_v2.jsonl::trial_id=NCT01056419; document_id=CTGOV-NCT01056419-CUT-2026-09-10,2026-09-10 frozen registry cut,Controls trial protocol/status and posted registry results for this release; no cross-trial efficacy ranking.,ClinicalTrials.gov. The Effect of Early Total Thyroidectomy in the Course of Graves' Orbitopathy. NCT01056419. Frozen record at 2026-09-10. https://clinicaltrials.gov/study/NCT01056419,2026-09-10,2.0.0
767,v2_frozen_registry_record,"A Randomised, Comparator Controlled, Two Part, Open-label Study to Evaluate the Safety, Tolerability and Pharmacodynamics of Multiple Doses of Otelixizumab in Patients With Thyroid Orbitopathy",ClinicalTrials.gov,2026-09-10 registry cut,2026,https://clinicaltrials.gov/study/NCT01114503,NA (no DOI),NCT01114503,official trial registry,A1 official registry,Frozen full protocol and posted-results record,Yes (canonical frozen JSON record plus deterministic trial-table row locator),frozen_trial_registry_documents_v2.jsonl::trial_id=NCT01114503; document_id=CTGOV-NCT01114503-CUT-2026-09-10,2026-09-10 frozen registry cut,Controls trial protocol/status and posted registry results for this release; no cross-trial efficacy ranking.,"ClinicalTrials.gov. A Randomised, Comparator Controlled, Two Part, Open-label Study to Evaluate the Safety, Tolerability and Pharmacodynamics of Multiple Doses of Otelixizumab in Patients With Thyroid Orbitopathy. NCT01114503. Frozen record at 2026-09-10. https://clinicaltrials.gov/study/NCT01114503",2026-09-10,2.0.0
768,v2_frozen_registry_record,"""5010 Clinical Research Programme""of Sun Yat-sen University",ClinicalTrials.gov,2026-09-10 registry cut,2026,https://clinicaltrials.gov/study/NCT01204359,NA (no DOI),NCT01204359,official trial registry,A1 official registry,Frozen full protocol record; no posted results at data cut,Yes (canonical frozen JSON record plus deterministic trial-table row locator),frozen_trial_registry_documents_v2.jsonl::trial_id=NCT01204359; document_id=CTGOV-NCT01204359-CUT-2026-09-10,2026-09-10 frozen registry cut,Controls trial protocol/status and posted registry results for this release; no cross-trial efficacy ranking.,"ClinicalTrials.gov. ""5010 Clinical Research Programme""of Sun Yat-sen University. NCT01204359. Frozen record at 2026-09-10. https://clinicaltrials.gov/study/NCT01204359",2026-09-10,2.0.0
769,v2_frozen_registry_record,Radioactive Iodide Therapy for Pediatric Graves' Disease,ClinicalTrials.gov,2026-09-10 registry cut,2026,https://clinicaltrials.gov/study/NCT01269749,NA (no DOI),NCT01269749,official trial registry,A1 official registry,Frozen full protocol and posted-results record,Yes (canonical frozen JSON record plus deterministic trial-table row locator),frozen_trial_registry_documents_v2.jsonl::trial_id=NCT01269749; document_id=CTGOV-NCT01269749-CUT-2026-09-10,2026-09-10 frozen registry cut,Controls trial protocol/status and posted registry results for this release; no cross-trial efficacy ranking.,ClinicalTrials.gov. Radioactive Iodide Therapy for Pediatric Graves' Disease. NCT01269749. Frozen record at 2026-09-10. https://clinicaltrials.gov/study/NCT01269749,2026-09-10,2.0.0
770,v2_frozen_registry_record,Peribulbar and Subconjunctival Kenalog Injection for Thyroid Orbitopathy,ClinicalTrials.gov,2026-09-10 registry cut,2026,https://clinicaltrials.gov/study/NCT01280214,NA (no DOI),NCT01280214,official trial registry,A1 official registry,Frozen full protocol record; no posted results at data cut,Yes (canonical frozen JSON record plus deterministic trial-table row locator),frozen_trial_registry_documents_v2.jsonl::trial_id=NCT01280214; document_id=CTGOV-NCT01280214-CUT-2026-09-10,2026-09-10 frozen registry cut,Controls trial protocol/status and posted registry results for this release; no cross-trial efficacy ranking.,ClinicalTrials.gov. Peribulbar and Subconjunctival Kenalog Injection for Thyroid Orbitopathy. NCT01280214. Frozen record at 2026-09-10. https://clinicaltrials.gov/study/NCT01280214,2026-09-10,2.0.0
771,v2_frozen_registry_record,"Assessing the Impact of the Early and Systematic Hormonal Replacement After Radio-isotopic Ablation of Graves'hyperthyroïdism on Quality of Life, Efficiency and Tolerance",ClinicalTrials.gov,2026-09-10 registry cut,2026,https://clinicaltrials.gov/study/NCT01295333,NA (no DOI),NCT01295333,official trial registry,A1 official registry,Frozen full protocol record; no posted results at data cut,Yes (canonical frozen JSON record plus deterministic trial-table row locator),frozen_trial_registry_documents_v2.jsonl::trial_id=NCT01295333; document_id=CTGOV-NCT01295333-CUT-2026-09-10,2026-09-10 frozen registry cut,Controls trial protocol/status and posted registry results for this release; no cross-trial efficacy ranking.,"ClinicalTrials.gov. Assessing the Impact of the Early and Systematic Hormonal Replacement After Radio-isotopic Ablation of Graves'hyperthyroïdism on Quality of Life, Efficiency and Tolerance. NCT01295333. Frozen record at 2026-09-10. https://clinicaltrials.gov/study/NCT01295333",2026-09-10,2.0.0
772,v2_frozen_registry_record,"Clinical Trial Phase III, Parallel Group, Randomized, Placebo-controlled, Double-blind, Multicenter Study to Evaluate the Efficacy and Safety of Tocilizumab Administration in Patients With Moderate-to-severe or Sight-threatening Graves' Ophthalmopathy (GO), That Had Not Responded Adequately to Treatment With Intravenous Corticoid Pulses.",ClinicalTrials.gov,2026-09-10 registry cut,2026,https://clinicaltrials.gov/study/NCT01297699,NA (no DOI),NCT01297699,official trial registry,A1 official registry,Frozen full protocol record; no posted results at data cut,Yes (canonical frozen JSON record plus deterministic trial-table row locator),frozen_trial_registry_documents_v2.jsonl::trial_id=NCT01297699; document_id=CTGOV-NCT01297699-CUT-2026-09-10,2026-09-10 frozen registry cut,Controls trial protocol/status and posted registry results for this release; no cross-trial efficacy ranking.,"ClinicalTrials.gov. Clinical Trial Phase III, Parallel Group, Randomized, Placebo-controlled, Double-blind, Multicenter Study to Evaluate the Efficacy and Safety of Tocilizumab Administration in Patients With Moderate-to-severe or Sight-threatening Graves' Ophthalmopathy (GO), That Had Not Responded Adequately to Treatment With Intravenous Corticoid Pulses.. NCT01297699. Frozen record at 2026-09-10. https://clinicaltrials.gov/study/NCT01297699",2026-09-10,2.0.0
773,v2_frozen_registry_record,Use of Azithromycin as Immunomodulatory Therapy in Grave&Apos;s Orbitopathy,ClinicalTrials.gov,2026-09-10 registry cut,2026,https://clinicaltrials.gov/study/NCT01379196,NA (no DOI),NCT01379196,official trial registry,A1 official registry,Frozen full protocol record; no posted results at data cut,Yes (canonical frozen JSON record plus deterministic trial-table row locator),frozen_trial_registry_documents_v2.jsonl::trial_id=NCT01379196; document_id=CTGOV-NCT01379196-CUT-2026-09-10,2026-09-10 frozen registry cut,Controls trial protocol/status and posted registry results for this release; no cross-trial efficacy ranking.,ClinicalTrials.gov. Use of Azithromycin as Immunomodulatory Therapy in Grave&Apos;s Orbitopathy. NCT01379196. Frozen record at 2026-09-10. https://clinicaltrials.gov/study/NCT01379196,2026-09-10,2.0.0
774,v2_frozen_registry_record,Adjuvant Treatment of Graves´ Ophthalmopathy With NSAID (aGO Study),ClinicalTrials.gov,2026-09-10 registry cut,2026,https://clinicaltrials.gov/study/NCT01458600,NA (no DOI),NCT01458600,official trial registry,A1 official registry,Frozen full protocol record; no posted results at data cut,Yes (canonical frozen JSON record plus deterministic trial-table row locator),frozen_trial_registry_documents_v2.jsonl::trial_id=NCT01458600; document_id=CTGOV-NCT01458600-CUT-2026-09-10,2026-09-10 frozen registry cut,Controls trial protocol/status and posted registry results for this release; no cross-trial efficacy ranking.,ClinicalTrials.gov. Adjuvant Treatment of Graves´ Ophthalmopathy With NSAID (aGO Study). NCT01458600. Frozen record at 2026-09-10. https://clinicaltrials.gov/study/NCT01458600,2026-09-10,2.0.0
775,v2_frozen_registry_record,Function of Regulatory T Cells Improved by Treatment With an Intrathyroid Injection of Dexamethasone in Graves' Patients,ClinicalTrials.gov,2026-09-10 registry cut,2026,https://clinicaltrials.gov/study/NCT01534169,NA (no DOI),NCT01534169,official trial registry,A1 official registry,Frozen full protocol record; no posted results at data cut,Yes (canonical frozen JSON record plus deterministic trial-table row locator),frozen_trial_registry_documents_v2.jsonl::trial_id=NCT01534169; document_id=CTGOV-NCT01534169-CUT-2026-09-10,2026-09-10 frozen registry cut,Controls trial protocol/status and posted registry results for this release; no cross-trial efficacy ranking.,ClinicalTrials.gov. Function of Regulatory T Cells Improved by Treatment With an Intrathyroid Injection of Dexamethasone in Graves' Patients. NCT01534169. Frozen record at 2026-09-10. https://clinicaltrials.gov/study/NCT01534169,2026-09-10,2.0.0
776,v2_frozen_registry_record,Evaluation of Optimal Time of Methimazole Discontinuation Before Radio-iodine Therapy in Hyperthyroid Grave's Patients,ClinicalTrials.gov,2026-09-10 registry cut,2026,https://clinicaltrials.gov/study/NCT01560299,NA (no DOI),NCT01560299,official trial registry,A1 official registry,Frozen full protocol record; no posted results at data cut,Yes (canonical frozen JSON record plus deterministic trial-table row locator),frozen_trial_registry_documents_v2.jsonl::trial_id=NCT01560299; document_id=CTGOV-NCT01560299-CUT-2026-09-10,2026-09-10 frozen registry cut,Controls trial protocol/status and posted registry results for this release; no cross-trial efficacy ranking.,ClinicalTrials.gov. Evaluation of Optimal Time of Methimazole Discontinuation Before Radio-iodine Therapy in Hyperthyroid Grave's Patients. NCT01560299. Frozen record at 2026-09-10. https://clinicaltrials.gov/study/NCT01560299,2026-09-10,2.0.0
777,v2_frozen_registry_record,"GRAves Selenium Supplementation Trial (GRASS) - an Investigator-initiated Randomised, Blinded, Multicentre Clinical Trial of Selenium Supplementation Versus Placebo in Patients With Graves' Hyperthyroidism",ClinicalTrials.gov,2026-09-10 registry cut,2026,https://clinicaltrials.gov/study/NCT01611896,NA (no DOI),NCT01611896,official trial registry,A1 official registry,Frozen full protocol record; no posted results at data cut,Yes (canonical frozen JSON record plus deterministic trial-table row locator),frozen_trial_registry_documents_v2.jsonl::trial_id=NCT01611896; document_id=CTGOV-NCT01611896-CUT-2026-09-10,2026-09-10 frozen registry cut,Controls trial protocol/status and posted registry results for this release; no cross-trial efficacy ranking.,"ClinicalTrials.gov. GRAves Selenium Supplementation Trial (GRASS) - an Investigator-initiated Randomised, Blinded, Multicentre Clinical Trial of Selenium Supplementation Versus Placebo in Patients With Graves' Hyperthyroidism. NCT01611896. Frozen record at 2026-09-10. https://clinicaltrials.gov/study/NCT01611896",2026-09-10,2.0.0
778,v2_frozen_registry_record,"Efficacy of Subantimicrobial Dose Doxycycline for Moderate to Severe and Active Graves' Orbitopathy: a Prospective, Uncontrolled Pilot Study",ClinicalTrials.gov,2026-09-10 registry cut,2026,https://clinicaltrials.gov/study/NCT01727973,NA (no DOI),NCT01727973,official trial registry,A1 official registry,Frozen full protocol record; no posted results at data cut,Yes (canonical frozen JSON record plus deterministic trial-table row locator),frozen_trial_registry_documents_v2.jsonl::trial_id=NCT01727973; document_id=CTGOV-NCT01727973-CUT-2026-09-10,2026-09-10 frozen registry cut,Controls trial protocol/status and posted registry results for this release; no cross-trial efficacy ranking.,"ClinicalTrials.gov. Efficacy of Subantimicrobial Dose Doxycycline for Moderate to Severe and Active Graves' Orbitopathy: a Prospective, Uncontrolled Pilot Study. NCT01727973. Frozen record at 2026-09-10. https://clinicaltrials.gov/study/NCT01727973",2026-09-10,2.0.0
779,v2_frozen_registry_record,"The Effect of Prednisone Versus Doxycycline in Active, Moderately Severe Graves' Orbitopathy: A Randomized, Multi-center, Double-blind, Parallel-controlled Trial",ClinicalTrials.gov,2026-09-10 registry cut,2026,https://clinicaltrials.gov/study/NCT01809444,NA (no DOI),NCT01809444,official trial registry,A1 official registry,Frozen full protocol record; no posted results at data cut,Yes (canonical frozen JSON record plus deterministic trial-table row locator),frozen_trial_registry_documents_v2.jsonl::trial_id=NCT01809444; document_id=CTGOV-NCT01809444-CUT-2026-09-10,2026-09-10 frozen registry cut,Controls trial protocol/status and posted registry results for this release; no cross-trial efficacy ranking.,"ClinicalTrials.gov. The Effect of Prednisone Versus Doxycycline in Active, Moderately Severe Graves' Orbitopathy: A Randomized, Multi-center, Double-blind, Parallel-controlled Trial. NCT01809444. Frozen record at 2026-09-10. https://clinicaltrials.gov/study/NCT01809444",2026-09-10,2.0.0
780,v2_frozen_registry_record,"A Multicenter, Double-Masked, Placebo-Controlled, Efficacy And Safety Study Of RV 001, An Insulin-Like Growth Factor-1 Receptor (IGF-1R) Antagonist Antibody (Fully Human), Administered Every 3 Weeks (q3W) By Intravenous (IV) Infusion In Patients Suffering From Active Thyroid Eye Disease (TED)",ClinicalTrials.gov,2026-09-10 registry cut,2026,https://clinicaltrials.gov/study/NCT01868997,NA (no DOI),NCT01868997,official trial registry,A1 official registry,Frozen full protocol and posted-results record,Yes (canonical frozen JSON record plus deterministic trial-table row locator),frozen_trial_registry_documents_v2.jsonl::trial_id=NCT01868997; document_id=CTGOV-NCT01868997-CUT-2026-09-10,2026-09-10 frozen registry cut,Controls trial protocol/status and posted registry results for this release; no cross-trial efficacy ranking.,"ClinicalTrials.gov. A Multicenter, Double-Masked, Placebo-Controlled, Efficacy And Safety Study Of RV 001, An Insulin-Like Growth Factor-1 Receptor (IGF-1R) Antagonist Antibody (Fully Human), Administered Every 3 Weeks (q3W) By Intravenous (IV) Infusion In Patients Suffering From Active Thyroid Eye Disease (TED). NCT01868997. Frozen record at 2026-09-10. https://clinicaltrials.gov/study/NCT01868997",2026-09-10,2.0.0
781,v2_frozen_registry_record,"Comparison of the Effect of Bromocriptine and Pentoxifylline in Mild to Moderate Autoimmune Ophthalmopathy. A Randomized, Controlled, Single Blind, Clinical Trial.",ClinicalTrials.gov,2026-09-10 registry cut,2026,https://clinicaltrials.gov/study/NCT01893450,NA (no DOI),NCT01893450,official trial registry,A1 official registry,Frozen full protocol record; no posted results at data cut,Yes (canonical frozen JSON record plus deterministic trial-table row locator),frozen_trial_registry_documents_v2.jsonl::trial_id=NCT01893450; document_id=CTGOV-NCT01893450-CUT-2026-09-10,2026-09-10 frozen registry cut,Controls trial protocol/status and posted registry results for this release; no cross-trial efficacy ranking.,"ClinicalTrials.gov. Comparison of the Effect of Bromocriptine and Pentoxifylline in Mild to Moderate Autoimmune Ophthalmopathy. A Randomized, Controlled, Single Blind, Clinical Trial.. NCT01893450. Frozen record at 2026-09-10. https://clinicaltrials.gov/study/NCT01893450",2026-09-10,2.0.0
782,v2_frozen_registry_record,Prevention of Overt Hypothyroidism Following Radioactive Iodine Therapy for Graves' Disease,ClinicalTrials.gov,2026-09-10 registry cut,2026,https://clinicaltrials.gov/study/NCT01950260,NA (no DOI),NCT01950260,official trial registry,A1 official registry,Frozen full protocol and posted-results record,Yes (canonical frozen JSON record plus deterministic trial-table row locator),frozen_trial_registry_documents_v2.jsonl::trial_id=NCT01950260; document_id=CTGOV-NCT01950260-CUT-2026-09-10,2026-09-10 frozen registry cut,Controls trial protocol/status and posted registry results for this release; no cross-trial efficacy ranking.,ClinicalTrials.gov. Prevention of Overt Hypothyroidism Following Radioactive Iodine Therapy for Graves' Disease. NCT01950260. Frozen record at 2026-09-10. https://clinicaltrials.gov/study/NCT01950260,2026-09-10,2.0.0
783,v2_frozen_registry_record,A Randomized Trial of Intravenous Pulse Versus Sequential Steroid Therapy for Patients With Graves' Orbitopathy,ClinicalTrials.gov,2026-09-10 registry cut,2026,https://clinicaltrials.gov/study/NCT01969019,NA (no DOI),NCT01969019,official trial registry,A1 official registry,Frozen full protocol record; no posted results at data cut,Yes (canonical frozen JSON record plus deterministic trial-table row locator),frozen_trial_registry_documents_v2.jsonl::trial_id=NCT01969019; document_id=CTGOV-NCT01969019-CUT-2026-09-10,2026-09-10 frozen registry cut,Controls trial protocol/status and posted registry results for this release; no cross-trial efficacy ranking.,ClinicalTrials.gov. A Randomized Trial of Intravenous Pulse Versus Sequential Steroid Therapy for Patients With Graves' Orbitopathy. NCT01969019. Frozen record at 2026-09-10. https://clinicaltrials.gov/study/NCT01969019,2026-09-10,2.0.0
784,v2_frozen_registry_record,Prostaglandin F2-alpha Eye Drops (Bimatoprost) in Thyroid Eye Disease: a Randomised Controlled Double Blind Crossover Trial,ClinicalTrials.gov,2026-09-10 registry cut,2026,https://clinicaltrials.gov/study/NCT02059655,NA (no DOI),NCT02059655,official trial registry,A1 official registry,Frozen full protocol record; no posted results at data cut,Yes (canonical frozen JSON record plus deterministic trial-table row locator),frozen_trial_registry_documents_v2.jsonl::trial_id=NCT02059655; document_id=CTGOV-NCT02059655-CUT-2026-09-10,2026-09-10 frozen registry cut,Controls trial protocol/status and posted registry results for this release; no cross-trial efficacy ranking.,ClinicalTrials.gov. Prostaglandin F2-alpha Eye Drops (Bimatoprost) in Thyroid Eye Disease: a Randomised Controlled Double Blind Crossover Trial. NCT02059655. Frozen record at 2026-09-10. https://clinicaltrials.gov/study/NCT02059655,2026-09-10,2.0.0
785,v2_frozen_registry_record,Selenium - ITEDS: A North American Study,ClinicalTrials.gov,2026-09-10 registry cut,2026,https://clinicaltrials.gov/study/NCT02112643,NA (no DOI),NCT02112643,official trial registry,A1 official registry,Frozen full protocol record; no posted results at data cut,Yes (canonical frozen JSON record plus deterministic trial-table row locator),frozen_trial_registry_documents_v2.jsonl::trial_id=NCT02112643; document_id=CTGOV-NCT02112643-CUT-2026-09-10,2026-09-10 frozen registry cut,Controls trial protocol/status and posted registry results for this release; no cross-trial efficacy ranking.,ClinicalTrials.gov. Selenium - ITEDS: A North American Study. NCT02112643. Frozen record at 2026-09-10. https://clinicaltrials.gov/study/NCT02112643,2026-09-10,2.0.0
786,v2_frozen_registry_record,The Effect of Different Calculated Doses of I-131 in Treatment of Patients With Grave's Disease,ClinicalTrials.gov,2026-09-10 registry cut,2026,https://clinicaltrials.gov/study/NCT02114619,NA (no DOI),NCT02114619,official trial registry,A1 official registry,Frozen full protocol record; no posted results at data cut,Yes (canonical frozen JSON record plus deterministic trial-table row locator),frozen_trial_registry_documents_v2.jsonl::trial_id=NCT02114619; document_id=CTGOV-NCT02114619-CUT-2026-09-10,2026-09-10 frozen registry cut,Controls trial protocol/status and posted registry results for this release; no cross-trial efficacy ranking.,ClinicalTrials.gov. The Effect of Different Calculated Doses of I-131 in Treatment of Patients With Grave's Disease. NCT02114619. Frozen record at 2026-09-10. https://clinicaltrials.gov/study/NCT02114619,2026-09-10,2.0.0
787,v2_frozen_registry_record,Phase 3 Study of Treatment of Soft Tissue Expansion and Exophthalmos in Inactive Thyroid Eye Disease Patients Using Drops of Prostaglandin Analogues.,ClinicalTrials.gov,2026-09-10 registry cut,2026,https://clinicaltrials.gov/study/NCT02155049,NA (no DOI),NCT02155049,official trial registry,A1 official registry,Frozen full protocol record; no posted results at data cut,Yes (canonical frozen JSON record plus deterministic trial-table row locator),frozen_trial_registry_documents_v2.jsonl::trial_id=NCT02155049; document_id=CTGOV-NCT02155049-CUT-2026-09-10,2026-09-10 frozen registry cut,Controls trial protocol/status and posted registry results for this release; no cross-trial efficacy ranking.,ClinicalTrials.gov. Phase 3 Study of Treatment of Soft Tissue Expansion and Exophthalmos in Inactive Thyroid Eye Disease Patients Using Drops of Prostaglandin Analogues.. NCT02155049. Frozen record at 2026-09-10. https://clinicaltrials.gov/study/NCT02155049,2026-09-10,2.0.0
788,v2_frozen_registry_record,The Effect of Subantimicrobial Dose Doxycycline in Mild Thyroid-Associated Ophthalmopathy,ClinicalTrials.gov,2026-09-10 registry cut,2026,https://clinicaltrials.gov/study/NCT02203682,NA (no DOI),NCT02203682,official trial registry,A1 official registry,Frozen full protocol record; no posted results at data cut,Yes (canonical frozen JSON record plus deterministic trial-table row locator),frozen_trial_registry_documents_v2.jsonl::trial_id=NCT02203682; document_id=CTGOV-NCT02203682-CUT-2026-09-10,2026-09-10 frozen registry cut,Controls trial protocol/status and posted registry results for this release; no cross-trial efficacy ranking.,ClinicalTrials.gov. The Effect of Subantimicrobial Dose Doxycycline in Mild Thyroid-Associated Ophthalmopathy. NCT02203682. Frozen record at 2026-09-10. https://clinicaltrials.gov/study/NCT02203682,2026-09-10,2.0.0
789,v2_frozen_registry_record,Combined Radiotherapy and Intravenous Steroids for Early Progressive Thyroid Eye Disease,ClinicalTrials.gov,2026-09-10 registry cut,2026,https://clinicaltrials.gov/study/NCT02339142,NA (no DOI),NCT02339142,official trial registry,A1 official registry,Frozen full protocol record; no posted results at data cut,Yes (canonical frozen JSON record plus deterministic trial-table row locator),frozen_trial_registry_documents_v2.jsonl::trial_id=NCT02339142; document_id=CTGOV-NCT02339142-CUT-2026-09-10,2026-09-10 frozen registry cut,Controls trial protocol/status and posted registry results for this release; no cross-trial efficacy ranking.,ClinicalTrials.gov. Combined Radiotherapy and Intravenous Steroids for Early Progressive Thyroid Eye Disease. NCT02339142. Frozen record at 2026-09-10. https://clinicaltrials.gov/study/NCT02339142,2026-09-10,2.0.0
790,v2_frozen_registry_record,Investigation of Novel Biomarkers and Definition of the Role of the Microbiome In Graves' Orbitopathy,ClinicalTrials.gov,2026-09-10 registry cut,2026,https://clinicaltrials.gov/study/NCT02373995,NA (no DOI),NCT02373995,official trial registry,A1 official registry,Frozen full protocol record; no posted results at data cut,Yes (canonical frozen JSON record plus deterministic trial-table row locator),frozen_trial_registry_documents_v2.jsonl::trial_id=NCT02373995; document_id=CTGOV-NCT02373995-CUT-2026-09-10,2026-09-10 frozen registry cut,Controls trial protocol/status and posted registry results for this release; no cross-trial efficacy ranking.,ClinicalTrials.gov. Investigation of Novel Biomarkers and Definition of the Role of the Microbiome In Graves' Orbitopathy. NCT02373995. Frozen record at 2026-09-10. https://clinicaltrials.gov/study/NCT02373995,2026-09-10,2.0.0
791,v2_frozen_registry_record,Rituximab (RTX) Therapy in Steroid Resistant Patients or Patients Relapsing After Intravenous Steroids With Active TAO,ClinicalTrials.gov,2026-09-10 registry cut,2026,https://clinicaltrials.gov/study/NCT02378298,NA (no DOI),NCT02378298,official trial registry,A1 official registry,Frozen full protocol and posted-results record,Yes (canonical frozen JSON record plus deterministic trial-table row locator),frozen_trial_registry_documents_v2.jsonl::trial_id=NCT02378298; document_id=CTGOV-NCT02378298-CUT-2026-09-10,2026-09-10 frozen registry cut,Controls trial protocol/status and posted registry results for this release; no cross-trial efficacy ranking.,ClinicalTrials.gov. Rituximab (RTX) Therapy in Steroid Resistant Patients or Patients Relapsing After Intravenous Steroids With Active TAO. NCT02378298. Frozen record at 2026-09-10. https://clinicaltrials.gov/study/NCT02378298,2026-09-10,2.0.0
792,v2_frozen_registry_record,"The DAGMAR Study. D-vitamin And Graves' Disease; Morbidity And Relapse Reduction: A Randomised, Clinical Trial.",ClinicalTrials.gov,2026-09-10 registry cut,2026,https://clinicaltrials.gov/study/NCT02384668,NA (no DOI),NCT02384668,official trial registry,A1 official registry,Frozen full protocol record; no posted results at data cut,Yes (canonical frozen JSON record plus deterministic trial-table row locator),frozen_trial_registry_documents_v2.jsonl::trial_id=NCT02384668; document_id=CTGOV-NCT02384668-CUT-2026-09-10,2026-09-10 frozen registry cut,Controls trial protocol/status and posted registry results for this release; no cross-trial efficacy ranking.,"ClinicalTrials.gov. The DAGMAR Study. D-vitamin And Graves' Disease; Morbidity And Relapse Reduction: A Randomised, Clinical Trial.. NCT02384668. Frozen record at 2026-09-10. https://clinicaltrials.gov/study/NCT02384668",2026-09-10,2.0.0
793,v2_frozen_registry_record,"The Effect of a New Antioxidant Combination (ASTED) on Mild Thyroid Eye Disease, a Placebo Controlled Randomized Clinical Trial",ClinicalTrials.gov,2026-09-10 registry cut,2026,https://clinicaltrials.gov/study/NCT02393183,NA (no DOI),NCT02393183,official trial registry,A1 official registry,Frozen full protocol record; no posted results at data cut,Yes (canonical frozen JSON record plus deterministic trial-table row locator),frozen_trial_registry_documents_v2.jsonl::trial_id=NCT02393183; document_id=CTGOV-NCT02393183-CUT-2026-09-10,2026-09-10 frozen registry cut,Controls trial protocol/status and posted registry results for this release; no cross-trial efficacy ranking.,"ClinicalTrials.gov. The Effect of a New Antioxidant Combination (ASTED) on Mild Thyroid Eye Disease, a Placebo Controlled Randomized Clinical Trial. NCT02393183. Frozen record at 2026-09-10. https://clinicaltrials.gov/study/NCT02393183",2026-09-10,2.0.0
794,v2_frozen_registry_record,"The Effect of a New Antioxidant Combination (ASTED) on Moderate to Severe Thyroid Eye Disease, a Double Blind Placebo Controlled Randomized Clinical Trial",ClinicalTrials.gov,2026-09-10 registry cut,2026,https://clinicaltrials.gov/study/NCT02422368,NA (no DOI),NCT02422368,official trial registry,A1 official registry,Frozen full protocol record; no posted results at data cut,Yes (canonical frozen JSON record plus deterministic trial-table row locator),frozen_trial_registry_documents_v2.jsonl::trial_id=NCT02422368; document_id=CTGOV-NCT02422368-CUT-2026-09-10,2026-09-10 frozen registry cut,Controls trial protocol/status and posted registry results for this release; no cross-trial efficacy ranking.,"ClinicalTrials.gov. The Effect of a New Antioxidant Combination (ASTED) on Moderate to Severe Thyroid Eye Disease, a Double Blind Placebo Controlled Randomized Clinical Trial. NCT02422368. Frozen record at 2026-09-10. https://clinicaltrials.gov/study/NCT02422368",2026-09-10,2.0.0
795,v2_frozen_registry_record,The Effects of Metformin in Patients With Mild Graves' Ophthalmopathy,ClinicalTrials.gov,2026-09-10 registry cut,2026,https://clinicaltrials.gov/study/NCT02535975,NA (no DOI),NCT02535975,official trial registry,A1 official registry,Frozen full protocol record; no posted results at data cut,Yes (canonical frozen JSON record plus deterministic trial-table row locator),frozen_trial_registry_documents_v2.jsonl::trial_id=NCT02535975; document_id=CTGOV-NCT02535975-CUT-2026-09-10,2026-09-10 frozen registry cut,Controls trial protocol/status and posted registry results for this release; no cross-trial efficacy ranking.,ClinicalTrials.gov. The Effects of Metformin in Patients With Mild Graves' Ophthalmopathy. NCT02535975. Frozen record at 2026-09-10. https://clinicaltrials.gov/study/NCT02535975,2026-09-10,2.0.0
796,v2_frozen_registry_record,An Open Label Study to Evaluate the Safety and Efficacy of 12 Week Treatment With CFZ533 in Patients With Graves' Disease,ClinicalTrials.gov,2026-09-10 registry cut,2026,https://clinicaltrials.gov/study/NCT02713256,NA (no DOI),NCT02713256,official trial registry,A1 official registry,Frozen full protocol and posted-results record,Yes (canonical frozen JSON record plus deterministic trial-table row locator),frozen_trial_registry_documents_v2.jsonl::trial_id=NCT02713256; document_id=CTGOV-NCT02713256-CUT-2026-09-10,2026-09-10 frozen registry cut,Controls trial protocol/status and posted registry results for this release; no cross-trial efficacy ranking.,ClinicalTrials.gov. An Open Label Study to Evaluate the Safety and Efficacy of 12 Week Treatment With CFZ533 in Patients With Graves' Disease. NCT02713256. Frozen record at 2026-09-10. https://clinicaltrials.gov/study/NCT02713256,2026-09-10,2.0.0
797,v2_frozen_registry_record,Randomized Open Clinical Study to Evaluate the Efficacy of Selenium Plus Methimazole for Treatment of Graves' Hyperthyroidism,ClinicalTrials.gov,2026-09-10 registry cut,2026,https://clinicaltrials.gov/study/NCT02727738,NA (no DOI),NCT02727738,official trial registry,A1 official registry,Frozen full protocol record; no posted results at data cut,Yes (canonical frozen JSON record plus deterministic trial-table row locator),frozen_trial_registry_documents_v2.jsonl::trial_id=NCT02727738; document_id=CTGOV-NCT02727738-CUT-2026-09-10,2026-09-10 frozen registry cut,Controls trial protocol/status and posted registry results for this release; no cross-trial efficacy ranking.,ClinicalTrials.gov. Randomized Open Clinical Study to Evaluate the Efficacy of Selenium Plus Methimazole for Treatment of Graves' Hyperthyroidism. NCT02727738. Frozen record at 2026-09-10. https://clinicaltrials.gov/study/NCT02727738,2026-09-10,2.0.0
798,v2_frozen_registry_record,An Open Label Trial of Celecoxib in the Treatment of Mild Thyroid Eye Disease,ClinicalTrials.gov,2026-09-10 registry cut,2026,https://clinicaltrials.gov/study/NCT02845336,NA (no DOI),NCT02845336,official trial registry,A1 official registry,Frozen full protocol and posted-results record,Yes (canonical frozen JSON record plus deterministic trial-table row locator),frozen_trial_registry_documents_v2.jsonl::trial_id=NCT02845336; document_id=CTGOV-NCT02845336-CUT-2026-09-10,2026-09-10 frozen registry cut,Controls trial protocol/status and posted registry results for this release; no cross-trial efficacy ranking.,ClinicalTrials.gov. An Open Label Trial of Celecoxib in the Treatment of Mild Thyroid Eye Disease. NCT02845336. Frozen record at 2026-09-10. https://clinicaltrials.gov/study/NCT02845336,2026-09-10,2.0.0
799,v2_frozen_registry_record,"K1-70 - A Phase I, Single Ascending Intramuscular Dose or Single Ascending Intravenous Dose, Safety, Tolerability, Pharmacokinetic and Pharmacodynamic Study in Subjects With Graves' Disease",ClinicalTrials.gov,2026-09-10 registry cut,2026,https://clinicaltrials.gov/study/NCT02904330,NA (no DOI),NCT02904330,official trial registry,A1 official registry,Frozen full protocol record; no posted results at data cut,Yes (canonical frozen JSON record plus deterministic trial-table row locator),frozen_trial_registry_documents_v2.jsonl::trial_id=NCT02904330; document_id=CTGOV-NCT02904330-CUT-2026-09-10,2026-09-10 frozen registry cut,Controls trial protocol/status and posted registry results for this release; no cross-trial efficacy ranking.,"ClinicalTrials.gov. K1-70 - A Phase I, Single Ascending Intramuscular Dose or Single Ascending Intravenous Dose, Safety, Tolerability, Pharmacokinetic and Pharmacodynamic Study in Subjects With Graves' Disease. NCT02904330. Frozen record at 2026-09-10. https://clinicaltrials.gov/study/NCT02904330",2026-09-10,2.0.0
800,v2_frozen_registry_record,"Safety and Proof of Principle Study of ATX-GD-59 in Male and Female Subjects With Graves' Disease Not Currently Treated With Anti-thyroid Therapy: An Open Label Study, With an Upward Titration Over Five Dose Levels Administered by Intradermal Injection",ClinicalTrials.gov,2026-09-10 registry cut,2026,https://clinicaltrials.gov/study/NCT02973802,NA (no DOI),NCT02973802,official trial registry,A1 official registry,Frozen full protocol and posted-results record,Yes (canonical frozen JSON record plus deterministic trial-table row locator),frozen_trial_registry_documents_v2.jsonl::trial_id=NCT02973802; document_id=CTGOV-NCT02973802-CUT-2026-09-10,2026-09-10 frozen registry cut,Controls trial protocol/status and posted registry results for this release; no cross-trial efficacy ranking.,"ClinicalTrials.gov. Safety and Proof of Principle Study of ATX-GD-59 in Male and Female Subjects With Graves' Disease Not Currently Treated With Anti-thyroid Therapy: An Open Label Study, With an Upward Titration Over Five Dose Levels Administered by Intradermal Injection. NCT02973802. Frozen record at 2026-09-10. https://clinicaltrials.gov/study/NCT02973802",2026-09-10,2.0.0
801,v2_frozen_registry_record,Effects Of Oral Alfacalcidol On Maturation Of Dendritic Cells In Graves' Disease Patients,ClinicalTrials.gov,2026-09-10 registry cut,2026,https://clinicaltrials.gov/study/NCT02993302,NA (no DOI),NCT02993302,official trial registry,A1 official registry,Frozen full protocol and posted-results record,Yes (canonical frozen JSON record plus deterministic trial-table row locator),frozen_trial_registry_documents_v2.jsonl::trial_id=NCT02993302; document_id=CTGOV-NCT02993302-CUT-2026-09-10,2026-09-10 frozen registry cut,Controls trial protocol/status and posted registry results for this release; no cross-trial efficacy ranking.,ClinicalTrials.gov. Effects Of Oral Alfacalcidol On Maturation Of Dendritic Cells In Graves' Disease Patients. NCT02993302. Frozen record at 2026-09-10. https://clinicaltrials.gov/study/NCT02993302,2026-09-10,2.0.0
802,v2_frozen_registry_record,Prospective Randomized Clinical Trial of Total Thyroidectomy (Tx) Versus Thionamides (Anti-Thyroid Drugs) in Patients With Moderate-to-Severe Graves' Ophthalmopathy - a 1-year Follow-up,ClinicalTrials.gov,2026-09-10 registry cut,2026,https://clinicaltrials.gov/study/NCT03066076,NA (no DOI),NCT03066076,official trial registry,A1 official registry,Frozen full protocol record; no posted results at data cut,Yes (canonical frozen JSON record plus deterministic trial-table row locator),frozen_trial_registry_documents_v2.jsonl::trial_id=NCT03066076; document_id=CTGOV-NCT03066076-CUT-2026-09-10,2026-09-10 frozen registry cut,Controls trial protocol/status and posted registry results for this release; no cross-trial efficacy ranking.,ClinicalTrials.gov. Prospective Randomized Clinical Trial of Total Thyroidectomy (Tx) Versus Thionamides (Anti-Thyroid Drugs) in Patients With Moderate-to-Severe Graves' Ophthalmopathy - a 1-year Follow-up. NCT03066076. Frozen record at 2026-09-10. https://clinicaltrials.gov/study/NCT03066076,2026-09-10,2.0.0
803,v2_frozen_registry_record,"A Phase IV, Randomized, Multi-center Clinical Trial to Compare the Efficacy of Orbital Radiotherapy in Association With Intravenous Glucocorticoids vs Intravenous Glucocorticoids Alone for Moderately Severe and Active Graves' Orbitopathy",ClinicalTrials.gov,2026-09-10 registry cut,2026,https://clinicaltrials.gov/study/NCT03098225,NA (no DOI),NCT03098225,official trial registry,A1 official registry,Frozen full protocol record; no posted results at data cut,Yes (canonical frozen JSON record plus deterministic trial-table row locator),frozen_trial_registry_documents_v2.jsonl::trial_id=NCT03098225; document_id=CTGOV-NCT03098225-CUT-2026-09-10,2026-09-10 frozen registry cut,Controls trial protocol/status and posted registry results for this release; no cross-trial efficacy ranking.,"ClinicalTrials.gov. A Phase IV, Randomized, Multi-center Clinical Trial to Compare the Efficacy of Orbital Radiotherapy in Association With Intravenous Glucocorticoids vs Intravenous Glucocorticoids Alone for Moderately Severe and Active Graves' Orbitopathy. NCT03098225. Frozen record at 2026-09-10. https://clinicaltrials.gov/study/NCT03098225",2026-09-10,2.0.0
804,v2_frozen_registry_record,"Using A Novel Classification System in Intravenous Glucocorticoids Therapy of TAO: A Multi-central, Randomized, Open, Superior Trial",ClinicalTrials.gov,2026-09-10 registry cut,2026,https://clinicaltrials.gov/study/NCT03107078,NA (no DOI),NCT03107078,official trial registry,A1 official registry,Frozen full protocol record; no posted results at data cut,Yes (canonical frozen JSON record plus deterministic trial-table row locator),frozen_trial_registry_documents_v2.jsonl::trial_id=NCT03107078; document_id=CTGOV-NCT03107078-CUT-2026-09-10,2026-09-10 frozen registry cut,Controls trial protocol/status and posted registry results for this release; no cross-trial efficacy ranking.,"ClinicalTrials.gov. Using A Novel Classification System in Intravenous Glucocorticoids Therapy of TAO: A Multi-central, Randomized, Open, Superior Trial. NCT03107078. Frozen record at 2026-09-10. https://clinicaltrials.gov/study/NCT03107078",2026-09-10,2.0.0
805,v2_frozen_registry_record,"A Phase II, Open-labeled, Ophthalmological External Investigator-blinded, Single-center, Randomized, Superiority, Non Profit, Pilot Clinical Trial to Evaluate the Effects of Atorvastatin on Graves' Orbitopathy (GO) in Hypercholesterolemic Patients With Moderate-to-severe and Active GO Subjected to Intravenous Glucocorticoid Therapy: the STAGO Study",ClinicalTrials.gov,2026-09-10 registry cut,2026,https://clinicaltrials.gov/study/NCT03110848,NA (no DOI),NCT03110848,official trial registry,A1 official registry,Frozen full protocol record; no posted results at data cut,Yes (canonical frozen JSON record plus deterministic trial-table row locator),frozen_trial_registry_documents_v2.jsonl::trial_id=NCT03110848; document_id=CTGOV-NCT03110848-CUT-2026-09-10,2026-09-10 frozen registry cut,Controls trial protocol/status and posted registry results for this release; no cross-trial efficacy ranking.,"ClinicalTrials.gov. A Phase II, Open-labeled, Ophthalmological External Investigator-blinded, Single-center, Randomized, Superiority, Non Profit, Pilot Clinical Trial to Evaluate the Effects of Atorvastatin on Graves' Orbitopathy (GO) in Hypercholesterolemic Patients With Moderate-to-severe and Active GO Subjected to Intravenous Glucocorticoid Therapy: the STAGO Study. NCT03110848. Frozen record at 2026-09-10. https://clinicaltrials.gov/study/NCT03110848",2026-09-10,2.0.0
806,v2_frozen_registry_record,Treatment of Graves´ophthalmopathy with Simvastatin (GO-S),ClinicalTrials.gov,2026-09-10 registry cut,2026,https://clinicaltrials.gov/study/NCT03131726,NA (no DOI),NCT03131726,official trial registry,A1 official registry,Frozen full protocol record; no posted results at data cut,Yes (canonical frozen JSON record plus deterministic trial-table row locator),frozen_trial_registry_documents_v2.jsonl::trial_id=NCT03131726; document_id=CTGOV-NCT03131726-CUT-2026-09-10,2026-09-10 frozen registry cut,Controls trial protocol/status and posted registry results for this release; no cross-trial efficacy ranking.,ClinicalTrials.gov. Treatment of Graves´ophthalmopathy with Simvastatin (GO-S). NCT03131726. Frozen record at 2026-09-10. https://clinicaltrials.gov/study/NCT03131726,2026-09-10,2.0.0
807,v2_frozen_registry_record,"A Phase 3, Randomized, Double-Masked, Placebo-Controlled, Parallel-Group, Multicenter Study Evaluating Teprotumumab (HZN-001) Treatment in Subjects With Active Thyroid Eye Disease",ClinicalTrials.gov,2026-09-10 registry cut,2026,https://clinicaltrials.gov/study/NCT03298867,NA (no DOI),NCT03298867,official trial registry,A1 official registry,Frozen full protocol and posted-results record,Yes (canonical frozen JSON record plus deterministic trial-table row locator),frozen_trial_registry_documents_v2.jsonl::trial_id=NCT03298867; document_id=CTGOV-NCT03298867-CUT-2026-09-10,2026-09-10 frozen registry cut,Controls trial protocol/status and posted registry results for this release; no cross-trial efficacy ranking.,"ClinicalTrials.gov. A Phase 3, Randomized, Double-Masked, Placebo-Controlled, Parallel-Group, Multicenter Study Evaluating Teprotumumab (HZN-001) Treatment in Subjects With Active Thyroid Eye Disease. NCT03298867. Frozen record at 2026-09-10. https://clinicaltrials.gov/study/NCT03298867",2026-09-10,2.0.0
808,v2_frozen_registry_record,"A Multi-center, Open Label, Randomised Parallel- Group Study to Compare the Efficacy of Cholestyramine Plus Standard Treatment Versus Prednisolone Plus Standard Treatment Versus Standard Treatment Alone in Treatment of Overt Hyperthyroidism",ClinicalTrials.gov,2026-09-10 registry cut,2026,https://clinicaltrials.gov/study/NCT03303053,NA (no DOI),NCT03303053,official trial registry,A1 official registry,Frozen full protocol record; no posted results at data cut,Yes (canonical frozen JSON record plus deterministic trial-table row locator),frozen_trial_registry_documents_v2.jsonl::trial_id=NCT03303053; document_id=CTGOV-NCT03303053-CUT-2026-09-10,2026-09-10 frozen registry cut,Controls trial protocol/status and posted registry results for this release; no cross-trial efficacy ranking.,"ClinicalTrials.gov. A Multi-center, Open Label, Randomised Parallel- Group Study to Compare the Efficacy of Cholestyramine Plus Standard Treatment Versus Prednisolone Plus Standard Treatment Versus Standard Treatment Alone in Treatment of Overt Hyperthyroidism. NCT03303053. Frozen record at 2026-09-10. https://clinicaltrials.gov/study/NCT03303053",2026-09-10,2.0.0
809,v2_frozen_registry_record,"Multicenter, Safety and Efficacy, Open-Label Extension Study Evaluating Teprotumumab (HZN-001) Treatment in Subjects With Thyroid Eye Disease",ClinicalTrials.gov,2026-09-10 registry cut,2026,https://clinicaltrials.gov/study/NCT03461211,NA (no DOI),NCT03461211,official trial registry,A1 official registry,Frozen full protocol and posted-results record,Yes (canonical frozen JSON record plus deterministic trial-table row locator),frozen_trial_registry_documents_v2.jsonl::trial_id=NCT03461211; document_id=CTGOV-NCT03461211-CUT-2026-09-10,2026-09-10 frozen registry cut,Controls trial protocol/status and posted registry results for this release; no cross-trial efficacy ranking.,"ClinicalTrials.gov. Multicenter, Safety and Efficacy, Open-Label Extension Study Evaluating Teprotumumab (HZN-001) Treatment in Subjects With Thyroid Eye Disease. NCT03461211. Frozen record at 2026-09-10. https://clinicaltrials.gov/study/NCT03461211",2026-09-10,2.0.0
810,v2_frozen_registry_record,The Role of Bimatoprost in Graves' Periorbitopathy,ClinicalTrials.gov,2026-09-10 registry cut,2026,https://clinicaltrials.gov/study/NCT03708627,NA (no DOI),NCT03708627,official trial registry,A1 official registry,Frozen full protocol record; no posted results at data cut,Yes (canonical frozen JSON record plus deterministic trial-table row locator),frozen_trial_registry_documents_v2.jsonl::trial_id=NCT03708627; document_id=CTGOV-NCT03708627-CUT-2026-09-10,2026-09-10 frozen registry cut,Controls trial protocol/status and posted registry results for this release; no cross-trial efficacy ranking.,ClinicalTrials.gov. The Role of Bimatoprost in Graves' Periorbitopathy. NCT03708627. Frozen record at 2026-09-10. https://clinicaltrials.gov/study/NCT03708627,2026-09-10,2.0.0
811,v2_frozen_registry_record,Oral Supplementation With Selenium in Patients With Mild Thyroid Orbitopathy to Reduce Its,ClinicalTrials.gov,2026-09-10 registry cut,2026,https://clinicaltrials.gov/study/NCT03891043,NA (no DOI),NCT03891043,official trial registry,A1 official registry,Frozen full protocol record; no posted results at data cut,Yes (canonical frozen JSON record plus deterministic trial-table row locator),frozen_trial_registry_documents_v2.jsonl::trial_id=NCT03891043; document_id=CTGOV-NCT03891043-CUT-2026-09-10,2026-09-10 frozen registry cut,Controls trial protocol/status and posted registry results for this release; no cross-trial efficacy ranking.,ClinicalTrials.gov. Oral Supplementation With Selenium in Patients With Mild Thyroid Orbitopathy to Reduce Its. NCT03891043. Frozen record at 2026-09-10. https://clinicaltrials.gov/study/NCT03891043,2026-09-10,2.0.0
812,v2_frozen_registry_record,"A Phase 2a, Multicenter, Open-Label Study of RVT-1401 for the Treatment of Patients With Moderate to Severe Active Graves' Ophthalmopathy",ClinicalTrials.gov,2026-09-10 registry cut,2026,https://clinicaltrials.gov/study/NCT03922321,NA (no DOI),NCT03922321,official trial registry,A1 official registry,Frozen full protocol and posted-results record,Yes (canonical frozen JSON record plus deterministic trial-table row locator),frozen_trial_registry_documents_v2.jsonl::trial_id=NCT03922321; document_id=CTGOV-NCT03922321-CUT-2026-09-10,2026-09-10 frozen registry cut,Controls trial protocol/status and posted registry results for this release; no cross-trial efficacy ranking.,"ClinicalTrials.gov. A Phase 2a, Multicenter, Open-Label Study of RVT-1401 for the Treatment of Patients With Moderate to Severe Active Graves' Ophthalmopathy. NCT03922321. Frozen record at 2026-09-10. https://clinicaltrials.gov/study/NCT03922321",2026-09-10,2.0.0
813,v2_frozen_registry_record,"ASCEND GO-2: A Phase 2b, Multicenter, Randomized, Double-blind, Placebo-controlled Study of RVT-1401 for the Treatment of Patients With Active, Moderate to Severe Graves' Ophthalmopathy",ClinicalTrials.gov,2026-09-10 registry cut,2026,https://clinicaltrials.gov/study/NCT03938545,NA (no DOI),NCT03938545,official trial registry,A1 official registry,Frozen full protocol and posted-results record,Yes (canonical frozen JSON record plus deterministic trial-table row locator),frozen_trial_registry_documents_v2.jsonl::trial_id=NCT03938545; document_id=CTGOV-NCT03938545-CUT-2026-09-10,2026-09-10 frozen registry cut,Controls trial protocol/status and posted registry results for this release; no cross-trial efficacy ranking.,"ClinicalTrials.gov. ASCEND GO-2: A Phase 2b, Multicenter, Randomized, Double-blind, Placebo-controlled Study of RVT-1401 for the Treatment of Patients With Active, Moderate to Severe Graves' Ophthalmopathy. NCT03938545. Frozen record at 2026-09-10. https://clinicaltrials.gov/study/NCT03938545",2026-09-10,2.0.0
814,v2_frozen_registry_record,"A Double-masked, Methylprednisolone-control, Efficacy and Safety Study of 99Tc-MDP for Thyroid Associated Ophthalmopathy.",ClinicalTrials.gov,2026-09-10 registry cut,2026,https://clinicaltrials.gov/study/NCT03948191,NA (no DOI),NCT03948191,official trial registry,A1 official registry,Frozen full protocol record; no posted results at data cut,Yes (canonical frozen JSON record plus deterministic trial-table row locator),frozen_trial_registry_documents_v2.jsonl::trial_id=NCT03948191; document_id=CTGOV-NCT03948191-CUT-2026-09-10,2026-09-10 frozen registry cut,Controls trial protocol/status and posted registry results for this release; no cross-trial efficacy ranking.,"ClinicalTrials.gov. A Double-masked, Methylprednisolone-control, Efficacy and Safety Study of 99Tc-MDP for Thyroid Associated Ophthalmopathy.. NCT03948191. Frozen record at 2026-09-10. https://clinicaltrials.gov/study/NCT03948191",2026-09-10,2.0.0
815,v2_frozen_registry_record,Anti-VEGF Therapy for Acute Thyroid Eye Disease (AcTED Study),ClinicalTrials.gov,2026-09-10 registry cut,2026,https://clinicaltrials.gov/study/NCT04311606,NA (no DOI),NCT04311606,official trial registry,A1 official registry,Frozen full protocol record; no posted results at data cut,Yes (canonical frozen JSON record plus deterministic trial-table row locator),frozen_trial_registry_documents_v2.jsonl::trial_id=NCT04311606; document_id=CTGOV-NCT04311606-CUT-2026-09-10,2026-09-10 frozen registry cut,Controls trial protocol/status and posted registry results for this release; no cross-trial efficacy ranking.,ClinicalTrials.gov. Anti-VEGF Therapy for Acute Thyroid Eye Disease (AcTED Study). NCT04311606. Frozen record at 2026-09-10. https://clinicaltrials.gov/study/NCT04311606,2026-09-10,2.0.0
816,v2_frozen_registry_record,Periorbitally Injected Glucocorticoids for Mild TAO: A Randomized Controlled Study,ClinicalTrials.gov,2026-09-10 registry cut,2026,https://clinicaltrials.gov/study/NCT04548284,NA (no DOI),NCT04548284,official trial registry,A1 official registry,Frozen full protocol record; no posted results at data cut,Yes (canonical frozen JSON record plus deterministic trial-table row locator),frozen_trial_registry_documents_v2.jsonl::trial_id=NCT04548284; document_id=CTGOV-NCT04548284-CUT-2026-09-10,2026-09-10 frozen registry cut,Controls trial protocol/status and posted registry results for this release; no cross-trial efficacy ranking.,ClinicalTrials.gov. Periorbitally Injected Glucocorticoids for Mild TAO: A Randomized Controlled Study. NCT04548284. Frozen record at 2026-09-10. https://clinicaltrials.gov/study/NCT04548284,2026-09-10,2.0.0
817,v2_frozen_registry_record,"A Phase 4, Randomized, Double-masked, Placebo-controlled, Multicenter Trial to Evaluate the Efficacy and Safety of TEPEZZA® in Treating Patients With Chronic (Inactive) Thyroid Eye Disease",ClinicalTrials.gov,2026-09-10 registry cut,2026,https://clinicaltrials.gov/study/NCT04583735,NA (no DOI),NCT04583735,official trial registry,A1 official registry,Frozen full protocol and posted-results record,Yes (canonical frozen JSON record plus deterministic trial-table row locator),frozen_trial_registry_documents_v2.jsonl::trial_id=NCT04583735; document_id=CTGOV-NCT04583735-CUT-2026-09-10,2026-09-10 frozen registry cut,Controls trial protocol/status and posted registry results for this release; no cross-trial efficacy ranking.,"ClinicalTrials.gov. A Phase 4, Randomized, Double-masked, Placebo-controlled, Multicenter Trial to Evaluate the Efficacy and Safety of TEPEZZA® in Treating Patients With Chronic (Inactive) Thyroid Eye Disease. NCT04583735. Frozen record at 2026-09-10. https://clinicaltrials.gov/study/NCT04583735",2026-09-10,2.0.0
818,v2_frozen_registry_record,"A Phase II, Randomized, Superiority, Adaptive, Open-label, Single-center, Clinical Trial to Evaluate the Efficacy of Sirolimus (Rapamycin) in Patients With Graves' Disease and Moderate-to-severe and Active Graves' Orbitopathy (GO)",ClinicalTrials.gov,2026-09-10 registry cut,2026,https://clinicaltrials.gov/study/NCT04598815,NA (no DOI),NCT04598815,official trial registry,A1 official registry,Frozen full protocol record; no posted results at data cut,Yes (canonical frozen JSON record plus deterministic trial-table row locator),frozen_trial_registry_documents_v2.jsonl::trial_id=NCT04598815; document_id=CTGOV-NCT04598815-CUT-2026-09-10,2026-09-10 frozen registry cut,Controls trial protocol/status and posted registry results for this release; no cross-trial efficacy ranking.,"ClinicalTrials.gov. A Phase II, Randomized, Superiority, Adaptive, Open-label, Single-center, Clinical Trial to Evaluate the Efficacy of Sirolimus (Rapamycin) in Patients With Graves' Disease and Moderate-to-severe and Active Graves' Orbitopathy (GO). NCT04598815. Frozen record at 2026-09-10. https://clinicaltrials.gov/study/NCT04598815",2026-09-10,2.0.0
819,v2_frozen_registry_record,"A Two-year Multi-center Phase 3 Study to Investigate the Efficacy and Safety of Secukinumab in Adult Patients With Active, Moderate to Severe Thyroid Eye Disease (ORBIT), With a Randomized, Parallel-group, Double-blind, Placebo-controlled, 16-week Treatment Period, and a Follow-up/Retreatment Period",ClinicalTrials.gov,2026-09-10 registry cut,2026,https://clinicaltrials.gov/study/NCT04737330,NA (no DOI),NCT04737330,official trial registry,A1 official registry,Frozen full protocol and posted-results record,Yes (canonical frozen JSON record plus deterministic trial-table row locator),frozen_trial_registry_documents_v2.jsonl::trial_id=NCT04737330; document_id=CTGOV-NCT04737330-CUT-2026-09-10,2026-09-10 frozen registry cut,Controls trial protocol/status and posted registry results for this release; no cross-trial efficacy ranking.,"ClinicalTrials.gov. A Two-year Multi-center Phase 3 Study to Investigate the Efficacy and Safety of Secukinumab in Adult Patients With Active, Moderate to Severe Thyroid Eye Disease (ORBIT), With a Randomized, Parallel-group, Double-blind, Placebo-controlled, 16-week Treatment Period, and a Follow-up/Retreatment Period. NCT04737330. Frozen record at 2026-09-10. https://clinicaltrials.gov/study/NCT04737330",2026-09-10,2.0.0
820,v2_frozen_registry_record,"A Phase III, Randomized, Controlled, Open Label, no Profit, Single-center Intervention Study to Compare the Effect of a Conservative (Antithyroid Drugs) and an Ablative Approach (Radioiodine or Total Thyroidectomy) for the Treatment of Hyperthyroidism in Patients With Graves' Disease and Moderate-to-severe and Active Graves' Orbitopathy (GO) Treated With Intravenous Glucocorticoids (ABLAGO Study)",ClinicalTrials.gov,2026-09-10 registry cut,2026,https://clinicaltrials.gov/study/NCT04776993,NA (no DOI),NCT04776993,official trial registry,A1 official registry,Frozen full protocol record; no posted results at data cut,Yes (canonical frozen JSON record plus deterministic trial-table row locator),frozen_trial_registry_documents_v2.jsonl::trial_id=NCT04776993; document_id=CTGOV-NCT04776993-CUT-2026-09-10,2026-09-10 frozen registry cut,Controls trial protocol/status and posted registry results for this release; no cross-trial efficacy ranking.,"ClinicalTrials.gov. A Phase III, Randomized, Controlled, Open Label, no Profit, Single-center Intervention Study to Compare the Effect of a Conservative (Antithyroid Drugs) and an Ablative Approach (Radioiodine or Total Thyroidectomy) for the Treatment of Hyperthyroidism in Patients With Graves' Disease and Moderate-to-severe and Active Graves' Orbitopathy (GO) Treated With Intravenous Glucocorticoids (ABLAGO Study). NCT04776993. Frozen record at 2026-09-10. https://clinicaltrials.gov/study/NCT04776993",2026-09-10,2.0.0
821,v2_frozen_registry_record,"Multicenter, Randomized, Observer-blind, Controlled Study of the Anti-IL-6 Receptor Antibody Tocilizumab (TCZ) or Methylprednisolone (MP) Treatment in Patients With Active Moderate-severe Graves' Orbitopathy",ClinicalTrials.gov,2026-09-10 registry cut,2026,https://clinicaltrials.gov/study/NCT04876534,NA (no DOI),NCT04876534,official trial registry,A1 official registry,Frozen full protocol record; no posted results at data cut,Yes (canonical frozen JSON record plus deterministic trial-table row locator),frozen_trial_registry_documents_v2.jsonl::trial_id=NCT04876534; document_id=CTGOV-NCT04876534-CUT-2026-09-10,2026-09-10 frozen registry cut,Controls trial protocol/status and posted registry results for this release; no cross-trial efficacy ranking.,"ClinicalTrials.gov. Multicenter, Randomized, Observer-blind, Controlled Study of the Anti-IL-6 Receptor Antibody Tocilizumab (TCZ) or Methylprednisolone (MP) Treatment in Patients With Active Moderate-severe Graves' Orbitopathy. NCT04876534. Frozen record at 2026-09-10. https://clinicaltrials.gov/study/NCT04876534",2026-09-10,2.0.0
822,v2_frozen_registry_record,Prospective Comparison of Sirolimus Against Corticosteroids in Treatment of Patients With Active Thyroid Eye Disease,ClinicalTrials.gov,2026-09-10 registry cut,2026,https://clinicaltrials.gov/study/NCT04936854,NA (no DOI),NCT04936854,official trial registry,A1 official registry,Frozen full protocol record; no posted results at data cut,Yes (canonical frozen JSON record plus deterministic trial-table row locator),frozen_trial_registry_documents_v2.jsonl::trial_id=NCT04936854; document_id=CTGOV-NCT04936854-CUT-2026-09-10,2026-09-10 frozen registry cut,Controls trial protocol/status and posted registry results for this release; no cross-trial efficacy ranking.,ClinicalTrials.gov. Prospective Comparison of Sirolimus Against Corticosteroids in Treatment of Patients With Active Thyroid Eye Disease. NCT04936854. Frozen record at 2026-09-10. https://clinicaltrials.gov/study/NCT04936854,2026-09-10,2.0.0
823,v2_frozen_registry_record,"A Phase 3b/4, Double-masked, Randomized, International, Parallel-assignment, Multicenter Trial in Patients With Thyroid Eye Disease to Evaluate the Safety and Tolerability of Different Dosing Durations of Teprotumumab",ClinicalTrials.gov,2026-09-10 registry cut,2026,https://clinicaltrials.gov/study/NCT05002998,NA (no DOI),NCT05002998,official trial registry,A1 official registry,Frozen full protocol record; no posted results at data cut,Yes (canonical frozen JSON record plus deterministic trial-table row locator),frozen_trial_registry_documents_v2.jsonl::trial_id=NCT05002998; document_id=CTGOV-NCT05002998-CUT-2026-09-10,2026-09-10 frozen registry cut,Controls trial protocol/status and posted registry results for this release; no cross-trial efficacy ranking.,"ClinicalTrials.gov. A Phase 3b/4, Double-masked, Randomized, International, Parallel-assignment, Multicenter Trial in Patients With Thyroid Eye Disease to Evaluate the Safety and Tolerability of Different Dosing Durations of Teprotumumab. NCT05002998. Frozen record at 2026-09-10. https://clinicaltrials.gov/study/NCT05002998",2026-09-10,2.0.0
824,v2_frozen_registry_record,"A Randomized, Double-blind, Placebo-controlled, Phase 2/3 Operational Seamless Design Clinical Study to Evaluate the Efficacy and Safety of HBM9161 Subcutaneous Injection in Chinese Patients With Active, Moderate to Severe Thyroid Eye Disease (TED)",ClinicalTrials.gov,2026-09-10 registry cut,2026,https://clinicaltrials.gov/study/NCT05015127,NA (no DOI),NCT05015127,official trial registry,A1 official registry,Frozen full protocol record; no posted results at data cut,Yes (canonical frozen JSON record plus deterministic trial-table row locator),frozen_trial_registry_documents_v2.jsonl::trial_id=NCT05015127; document_id=CTGOV-NCT05015127-CUT-2026-09-10,2026-09-10 frozen registry cut,Controls trial protocol/status and posted registry results for this release; no cross-trial efficacy ranking.,"ClinicalTrials.gov. A Randomized, Double-blind, Placebo-controlled, Phase 2/3 Operational Seamless Design Clinical Study to Evaluate the Efficacy and Safety of HBM9161 Subcutaneous Injection in Chinese Patients With Active, Moderate to Severe Thyroid Eye Disease (TED). NCT05015127. Frozen record at 2026-09-10. https://clinicaltrials.gov/study/NCT05015127",2026-09-10,2.0.0
825,v2_frozen_registry_record,"Phase III, Double-blinded, Multicenter, Randomized Clinical Trial to Evaluate the Effects of Atorvastatin on Moderate-to-severe and Active Graves' Orbitopathy (GO) Treated With Intravenous Glucocorticoids: the STAGO-2 Study",ClinicalTrials.gov,2026-09-10 registry cut,2026,https://clinicaltrials.gov/study/NCT05049603,NA (no DOI),NCT05049603,official trial registry,A1 official registry,Frozen full protocol record; no posted results at data cut,Yes (canonical frozen JSON record plus deterministic trial-table row locator),frozen_trial_registry_documents_v2.jsonl::trial_id=NCT05049603; document_id=CTGOV-NCT05049603-CUT-2026-09-10,2026-09-10 frozen registry cut,Controls trial protocol/status and posted registry results for this release; no cross-trial efficacy ranking.,"ClinicalTrials.gov. Phase III, Double-blinded, Multicenter, Randomized Clinical Trial to Evaluate the Effects of Atorvastatin on Moderate-to-severe and Active Graves' Orbitopathy (GO) Treated With Intravenous Glucocorticoids: the STAGO-2 Study. NCT05049603. Frozen record at 2026-09-10. https://clinicaltrials.gov/study/NCT05049603",2026-09-10,2.0.0
826,v2_frozen_registry_record,A Multi-model Image of Immunosuppressive Agents in Thyroid Associated Ophthalmopathy.,ClinicalTrials.gov,2026-09-10 registry cut,2026,https://clinicaltrials.gov/study/NCT05110040,NA (no DOI),NCT05110040,official trial registry,A1 official registry,Frozen full protocol record; no posted results at data cut,Yes (canonical frozen JSON record plus deterministic trial-table row locator),frozen_trial_registry_documents_v2.jsonl::trial_id=NCT05110040; document_id=CTGOV-NCT05110040-CUT-2026-09-10,2026-09-10 frozen registry cut,Controls trial protocol/status and posted registry results for this release; no cross-trial efficacy ranking.,ClinicalTrials.gov. A Multi-model Image of Immunosuppressive Agents in Thyroid Associated Ophthalmopathy.. NCT05110040. Frozen record at 2026-09-10. https://clinicaltrials.gov/study/NCT05110040,2026-09-10,2.0.0
827,v2_frozen_registry_record,"Effect of Hyperthyroidism and Its Treatment in Graves' Disease to Early Marker of Atherosclerosis: Review on the Pathway of Insulin Resistance, Lipid, Inflammation, and Endothelial Dysfunction to Pulse Wave Velocity and Carotid Intima-Media Thickness",ClinicalTrials.gov,2026-09-10 registry cut,2026,https://clinicaltrials.gov/study/NCT05118542,NA (no DOI),NCT05118542,official trial registry,A1 official registry,Frozen full protocol record; no posted results at data cut,Yes (canonical frozen JSON record plus deterministic trial-table row locator),frozen_trial_registry_documents_v2.jsonl::trial_id=NCT05118542; document_id=CTGOV-NCT05118542-CUT-2026-09-10,2026-09-10 frozen registry cut,Controls trial protocol/status and posted registry results for this release; no cross-trial efficacy ranking.,"ClinicalTrials.gov. Effect of Hyperthyroidism and Its Treatment in Graves' Disease to Early Marker of Atherosclerosis: Review on the Pathway of Insulin Resistance, Lipid, Inflammation, and Endothelial Dysfunction to Pulse Wave Velocity and Carotid Intima-Media Thickness. NCT05118542. Frozen record at 2026-09-10. https://clinicaltrials.gov/study/NCT05118542",2026-09-10,2.0.0
828,v2_frozen_registry_record,A Randomized Controlled Trial on the Effect of Hydroxychloroquine in Mild Graves' Orbitopathy,ClinicalTrials.gov,2026-09-10 registry cut,2026,https://clinicaltrials.gov/study/NCT05126147,NA (no DOI),NCT05126147,official trial registry,A1 official registry,Frozen full protocol record; no posted results at data cut,Yes (canonical frozen JSON record plus deterministic trial-table row locator),frozen_trial_registry_documents_v2.jsonl::trial_id=NCT05126147; document_id=CTGOV-NCT05126147-CUT-2026-09-10,2026-09-10 frozen registry cut,Controls trial protocol/status and posted registry results for this release; no cross-trial efficacy ranking.,ClinicalTrials.gov. A Randomized Controlled Trial on the Effect of Hydroxychloroquine in Mild Graves' Orbitopathy. NCT05126147. Frozen record at 2026-09-10. https://clinicaltrials.gov/study/NCT05126147,2026-09-10,2.0.0
829,v2_frozen_registry_record,"A Safety, Tolerability, and Efficacy Study of Veligrotug, a Humanized Monoclonal Antibody Directed Against the IGF-1 Receptor in Subjects With Thyroid Eye Disease",ClinicalTrials.gov,2026-09-10 registry cut,2026,https://clinicaltrials.gov/study/NCT05176639,NA (no DOI),NCT05176639,official trial registry,A1 official registry,Frozen full protocol and posted-results record,Yes (canonical frozen JSON record plus deterministic trial-table row locator),frozen_trial_registry_documents_v2.jsonl::trial_id=NCT05176639; document_id=CTGOV-NCT05176639-CUT-2026-09-10,2026-09-10 frozen registry cut,Controls trial protocol/status and posted registry results for this release; no cross-trial efficacy ranking.,"ClinicalTrials.gov. A Safety, Tolerability, and Efficacy Study of Veligrotug, a Humanized Monoclonal Antibody Directed Against the IGF-1 Receptor in Subjects With Thyroid Eye Disease. NCT05176639. Frozen record at 2026-09-10. https://clinicaltrials.gov/study/NCT05176639",2026-09-10,2.0.0
830,v2_frozen_registry_record,"Single-centre, Safety and Efficacy, Open-label Study Evaluating Antithymocyte Globulin Treatment in Subjects With Graves Orbitopathy",ClinicalTrials.gov,2026-09-10 registry cut,2026,https://clinicaltrials.gov/study/NCT05199103,NA (no DOI),NCT05199103,official trial registry,A1 official registry,Frozen full protocol record; no posted results at data cut,Yes (canonical frozen JSON record plus deterministic trial-table row locator),frozen_trial_registry_documents_v2.jsonl::trial_id=NCT05199103; document_id=CTGOV-NCT05199103-CUT-2026-09-10,2026-09-10 frozen registry cut,Controls trial protocol/status and posted registry results for this release; no cross-trial efficacy ranking.,"ClinicalTrials.gov. Single-centre, Safety and Efficacy, Open-label Study Evaluating Antithymocyte Globulin Treatment in Subjects With Graves Orbitopathy. NCT05199103. Frozen record at 2026-09-10. https://clinicaltrials.gov/study/NCT05199103",2026-09-10,2.0.0
831,v2_frozen_registry_record,"A Phase 2b, Randomized, Double-Mask, Placebo-Controlled, Study to Evaluate the Safety, Pharmacokinetics and Efficacy of Linsitinib in Subjects With Active, Moderate to Severe Thyroid Eye Disease (TED)",ClinicalTrials.gov,2026-09-10 registry cut,2026,https://clinicaltrials.gov/study/NCT05276063,NA (no DOI),NCT05276063,official trial registry,A1 official registry,Frozen full protocol and posted-results record,Yes (canonical frozen JSON record plus deterministic trial-table row locator),frozen_trial_registry_documents_v2.jsonl::trial_id=NCT05276063; document_id=CTGOV-NCT05276063-CUT-2026-09-10,2026-09-10 frozen registry cut,Controls trial protocol/status and posted registry results for this release; no cross-trial efficacy ranking.,"ClinicalTrials.gov. A Phase 2b, Randomized, Double-Mask, Placebo-Controlled, Study to Evaluate the Safety, Pharmacokinetics and Efficacy of Linsitinib in Subjects With Active, Moderate to Severe Thyroid Eye Disease (TED). NCT05276063. Frozen record at 2026-09-10. https://clinicaltrials.gov/study/NCT05276063",2026-09-10,2.0.0
832,v2_frozen_registry_record,"A Phase 1/2a, Randomized, Double-blind, Placebo-controlled, Single and Multiple Ascending Dose Study to Determine the Safety, Tolerability, Preliminary Efficacy, Immunogenicity and Pharmacokinetic Properties of LASN01 in Healthy Subjects and in Patients With Pulmonary Fibrosis or Thyroid Eye Disease",ClinicalTrials.gov,2026-09-10 registry cut,2026,https://clinicaltrials.gov/study/NCT05331300,NA (no DOI),NCT05331300,official trial registry,A1 official registry,Frozen full protocol record; no posted results at data cut,Yes (canonical frozen JSON record plus deterministic trial-table row locator),frozen_trial_registry_documents_v2.jsonl::trial_id=NCT05331300; document_id=CTGOV-NCT05331300-CUT-2026-09-10,2026-09-10 frozen registry cut,Controls trial protocol/status and posted registry results for this release; no cross-trial efficacy ranking.,"ClinicalTrials.gov. A Phase 1/2a, Randomized, Double-blind, Placebo-controlled, Single and Multiple Ascending Dose Study to Determine the Safety, Tolerability, Preliminary Efficacy, Immunogenicity and Pharmacokinetic Properties of LASN01 in Healthy Subjects and in Patients With Pulmonary Fibrosis or Thyroid Eye Disease. NCT05331300. Frozen record at 2026-09-10. https://clinicaltrials.gov/study/NCT05331300",2026-09-10,2.0.0
833,v2_frozen_registry_record,"A Single-arm, Open-label, Prospective Phase II Study to Evaluate the Efficacy and Safety of SHR-1314 by Subcutaneous Injection in Active Moderate to Severe Graves' Orbitopathy Patients",ClinicalTrials.gov,2026-09-10 registry cut,2026,https://clinicaltrials.gov/study/NCT05394857,NA (no DOI),NCT05394857,official trial registry,A1 official registry,Frozen full protocol record; no posted results at data cut,Yes (canonical frozen JSON record plus deterministic trial-table row locator),frozen_trial_registry_documents_v2.jsonl::trial_id=NCT05394857; document_id=CTGOV-NCT05394857-CUT-2026-09-10,2026-09-10 frozen registry cut,Controls trial protocol/status and posted registry results for this release; no cross-trial efficacy ranking.,"ClinicalTrials.gov. A Single-arm, Open-label, Prospective Phase II Study to Evaluate the Efficacy and Safety of SHR-1314 by Subcutaneous Injection in Active Moderate to Severe Graves' Orbitopathy Patients. NCT05394857. Frozen record at 2026-09-10. https://clinicaltrials.gov/study/NCT05394857",2026-09-10,2.0.0
834,v2_frozen_registry_record,Comparative Study on the Efficacy of Periocular Methotrexate Versus Periocular Triamcinolone Injections in Management of Thyroid Associated Orbitopathy,ClinicalTrials.gov,2026-09-10 registry cut,2026,https://clinicaltrials.gov/study/NCT05429450,NA (no DOI),NCT05429450,official trial registry,A1 official registry,Frozen full protocol record; no posted results at data cut,Yes (canonical frozen JSON record plus deterministic trial-table row locator),frozen_trial_registry_documents_v2.jsonl::trial_id=NCT05429450; document_id=CTGOV-NCT05429450-CUT-2026-09-10,2026-09-10 frozen registry cut,Controls trial protocol/status and posted registry results for this release; no cross-trial efficacy ranking.,ClinicalTrials.gov. Comparative Study on the Efficacy of Periocular Methotrexate Versus Periocular Triamcinolone Injections in Management of Thyroid Associated Orbitopathy. NCT05429450. Frozen record at 2026-09-10. https://clinicaltrials.gov/study/NCT05429450,2026-09-10,2.0.0
835,v2_frozen_registry_record,Clinical Study on the Effect of Routine Treatment and Intensive Treatment on the Regulation of Graves' Disease and the Cumulative Recurrence Two Years After Drug Withdrawal,ClinicalTrials.gov,2026-09-10 registry cut,2026,https://clinicaltrials.gov/study/NCT05461820,NA (no DOI),NCT05461820,official trial registry,A1 official registry,Frozen full protocol record; no posted results at data cut,Yes (canonical frozen JSON record plus deterministic trial-table row locator),frozen_trial_registry_documents_v2.jsonl::trial_id=NCT05461820; document_id=CTGOV-NCT05461820-CUT-2026-09-10,2026-09-10 frozen registry cut,Controls trial protocol/status and posted registry results for this release; no cross-trial efficacy ranking.,ClinicalTrials.gov. Clinical Study on the Effect of Routine Treatment and Intensive Treatment on the Regulation of Graves' Disease and the Cumulative Recurrence Two Years After Drug Withdrawal. NCT05461820. Frozen record at 2026-09-10. https://clinicaltrials.gov/study/NCT05461820,2026-09-10,2.0.0
836,v2_frozen_registry_record,"A Phase 3, Multi-center, Randomized, Quadruple-masked, Placebo-controlled Study of Batoclimab for the Treatment of Participants With Active Thyroid Eye Disease (TED)",ClinicalTrials.gov,2026-09-10 registry cut,2026,https://clinicaltrials.gov/study/NCT05517421,NA (no DOI),NCT05517421,official trial registry,A1 official registry,Frozen full protocol record; no posted results at data cut,Yes (canonical frozen JSON record plus deterministic trial-table row locator),frozen_trial_registry_documents_v2.jsonl::trial_id=NCT05517421; document_id=CTGOV-NCT05517421-CUT-2026-09-10,2026-09-10 frozen registry cut,Controls trial protocol/status and posted registry results for this release; no cross-trial efficacy ranking.,"ClinicalTrials.gov. A Phase 3, Multi-center, Randomized, Quadruple-masked, Placebo-controlled Study of Batoclimab for the Treatment of Participants With Active Thyroid Eye Disease (TED). NCT05517421. Frozen record at 2026-09-10. https://clinicaltrials.gov/study/NCT05517421",2026-09-10,2.0.0
837,v2_frozen_registry_record,An Open-label Extension Study for Participants Who Completed Study IMVT-1401-3201 or Study IMVT-1401-3202 to Assess the Efficacy and Safety of Batoclimab for the Treatment of Thyroid Eye Disease (TED),ClinicalTrials.gov,2026-09-10 registry cut,2026,https://clinicaltrials.gov/study/NCT05517447,NA (no DOI),NCT05517447,official trial registry,A1 official registry,Frozen full protocol record; no posted results at data cut,Yes (canonical frozen JSON record plus deterministic trial-table row locator),frozen_trial_registry_documents_v2.jsonl::trial_id=NCT05517447; document_id=CTGOV-NCT05517447-CUT-2026-09-10,2026-09-10 frozen registry cut,Controls trial protocol/status and posted registry results for this release; no cross-trial efficacy ranking.,ClinicalTrials.gov. An Open-label Extension Study for Participants Who Completed Study IMVT-1401-3201 or Study IMVT-1401-3202 to Assess the Efficacy and Safety of Batoclimab for the Treatment of Thyroid Eye Disease (TED). NCT05517447. Frozen record at 2026-09-10. https://clinicaltrials.gov/study/NCT05517447,2026-09-10,2.0.0
838,v2_frozen_registry_record,"A Phase 3, Multi-center, Randomized, Quadruple-masked, Placebo-controlled Study of Batoclimab for the Treatment of Participants With Active Thyroid Eye Disease (TED)",ClinicalTrials.gov,2026-09-10 registry cut,2026,https://clinicaltrials.gov/study/NCT05524571,NA (no DOI),NCT05524571,official trial registry,A1 official registry,Frozen full protocol record; no posted results at data cut,Yes (canonical frozen JSON record plus deterministic trial-table row locator),frozen_trial_registry_documents_v2.jsonl::trial_id=NCT05524571; document_id=CTGOV-NCT05524571-CUT-2026-09-10,2026-09-10 frozen registry cut,Controls trial protocol/status and posted registry results for this release; no cross-trial efficacy ranking.,"ClinicalTrials.gov. A Phase 3, Multi-center, Randomized, Quadruple-masked, Placebo-controlled Study of Batoclimab for the Treatment of Participants With Active Thyroid Eye Disease (TED). NCT05524571. Frozen record at 2026-09-10. https://clinicaltrials.gov/study/NCT05524571",2026-09-10,2.0.0
839,v2_frozen_registry_record,"Efficacy and Safety Evaluation of Rapamycin Combined With Methylprednisolone in the Treatment of Hyperthyroidism Exophthalmos: A Randomized, Controlled, Multicenter Clinical Trial.",ClinicalTrials.gov,2026-09-10 registry cut,2026,https://clinicaltrials.gov/study/NCT05532072,NA (no DOI),NCT05532072,official trial registry,A1 official registry,Frozen full protocol record; no posted results at data cut,Yes (canonical frozen JSON record plus deterministic trial-table row locator),frozen_trial_registry_documents_v2.jsonl::trial_id=NCT05532072; document_id=CTGOV-NCT05532072-CUT-2026-09-10,2026-09-10 frozen registry cut,Controls trial protocol/status and posted registry results for this release; no cross-trial efficacy ranking.,"ClinicalTrials.gov. Efficacy and Safety Evaluation of Rapamycin Combined With Methylprednisolone in the Treatment of Hyperthyroidism Exophthalmos: A Randomized, Controlled, Multicenter Clinical Trial.. NCT05532072. Frozen record at 2026-09-10. https://clinicaltrials.gov/study/NCT05532072",2026-09-10,2.0.0
840,v2_frozen_registry_record,"A Phase 1/2, Adaptive, Multiple Dose Ranging Study Evaluating the Safety, Tolerability, Pharmacokinetics, and Clinical Efficacy of Lonigutamab in Subjects With Thyroid Eye Disease (TED)",ClinicalTrials.gov,2026-09-10 registry cut,2026,https://clinicaltrials.gov/study/NCT05683496,NA (no DOI),NCT05683496,official trial registry,A1 official registry,Frozen full protocol record; no posted results at data cut,Yes (canonical frozen JSON record plus deterministic trial-table row locator),frozen_trial_registry_documents_v2.jsonl::trial_id=NCT05683496; document_id=CTGOV-NCT05683496-CUT-2026-09-10,2026-09-10 frozen registry cut,Controls trial protocol/status and posted registry results for this release; no cross-trial efficacy ranking.,"ClinicalTrials.gov. A Phase 1/2, Adaptive, Multiple Dose Ranging Study Evaluating the Safety, Tolerability, Pharmacokinetics, and Clinical Efficacy of Lonigutamab in Subjects With Thyroid Eye Disease (TED). NCT05683496. Frozen record at 2026-09-10. https://clinicaltrials.gov/study/NCT05683496",2026-09-10,2.0.0
841,v2_frozen_registry_record,A Multiple Ascending Doses Study of ZB001 in Chinese Patients With Thyroid-Associated Ophthalmopathy,ClinicalTrials.gov,2026-09-10 registry cut,2026,https://clinicaltrials.gov/study/NCT05776121,NA (no DOI),NCT05776121,official trial registry,A1 official registry,Frozen full protocol record; no posted results at data cut,Yes (canonical frozen JSON record plus deterministic trial-table row locator),frozen_trial_registry_documents_v2.jsonl::trial_id=NCT05776121; document_id=CTGOV-NCT05776121-CUT-2026-09-10,2026-09-10 frozen registry cut,Controls trial protocol/status and posted registry results for this release; no cross-trial efficacy ranking.,ClinicalTrials.gov. A Multiple Ascending Doses Study of ZB001 in Chinese Patients With Thyroid-Associated Ophthalmopathy. NCT05776121. Frozen record at 2026-09-10. https://clinicaltrials.gov/study/NCT05776121,2026-09-10,2.0.0
842,v2_frozen_registry_record,"A Multicenter, Randomized, Double-masked, Placebo-controlled Phase II/III Study Evaluating the Efficacy and Safety of IBI311 in Subjects With Active Thyroid Eye Disease",ClinicalTrials.gov,2026-09-10 registry cut,2026,https://clinicaltrials.gov/study/NCT05795621,NA (no DOI),NCT05795621,official trial registry,A1 official registry,Frozen full protocol record; no posted results at data cut,Yes (canonical frozen JSON record plus deterministic trial-table row locator),frozen_trial_registry_documents_v2.jsonl::trial_id=NCT05795621; document_id=CTGOV-NCT05795621-CUT-2026-09-10,2026-09-10 frozen registry cut,Controls trial protocol/status and posted registry results for this release; no cross-trial efficacy ranking.,"ClinicalTrials.gov. A Multicenter, Randomized, Double-masked, Placebo-controlled Phase II/III Study Evaluating the Efficacy and Safety of IBI311 in Subjects With Active Thyroid Eye Disease. NCT05795621. Frozen record at 2026-09-10. https://clinicaltrials.gov/study/NCT05795621",2026-09-10,2.0.0
843,v2_frozen_registry_record,"IMVT-1401-2501: A Proof-of-Concept, Open-label Study to Assess the Safety and Efficacy of Batoclimab in Participants With Graves' Disease (GD)",ClinicalTrials.gov,2026-09-10 registry cut,2026,https://clinicaltrials.gov/study/NCT05907668,NA (no DOI),NCT05907668,official trial registry,A1 official registry,Frozen full protocol and posted-results record,Yes (canonical frozen JSON record plus deterministic trial-table row locator),frozen_trial_registry_documents_v2.jsonl::trial_id=NCT05907668; document_id=CTGOV-NCT05907668-CUT-2026-09-10,2026-09-10 frozen registry cut,Controls trial protocol/status and posted registry results for this release; no cross-trial efficacy ranking.,"ClinicalTrials.gov. IMVT-1401-2501: A Proof-of-Concept, Open-label Study to Assess the Safety and Efficacy of Batoclimab in Participants With Graves' Disease (GD). NCT05907668. Frozen record at 2026-09-10. https://clinicaltrials.gov/study/NCT05907668",2026-09-10,2.0.0
844,v2_frozen_registry_record,"A Phase III, Randomized, Double-Masked, Placebo-Controlled, Multicenter Study to Evaluate the Efficacy, Safety, Pharmacokinetics, and Pharmacodynamics of Satralizumab in Participants With Moderate-to-Severe Thyroid Eye Disease",ClinicalTrials.gov,2026-09-10 registry cut,2026,https://clinicaltrials.gov/study/NCT05987423,NA (no DOI),NCT05987423,official trial registry,A1 official registry,Frozen full protocol and posted-results record,Yes (canonical frozen JSON record plus deterministic trial-table row locator),frozen_trial_registry_documents_v2.jsonl::trial_id=NCT05987423; document_id=CTGOV-NCT05987423-CUT-2026-09-10,2026-09-10 frozen registry cut,Controls trial protocol/status and posted registry results for this release; no cross-trial efficacy ranking.,"ClinicalTrials.gov. A Phase III, Randomized, Double-Masked, Placebo-Controlled, Multicenter Study to Evaluate the Efficacy, Safety, Pharmacokinetics, and Pharmacodynamics of Satralizumab in Participants With Moderate-to-Severe Thyroid Eye Disease. NCT05987423. Frozen record at 2026-09-10. https://clinicaltrials.gov/study/NCT05987423",2026-09-10,2.0.0
845,v2_frozen_registry_record,"A Randomized, Double-masked, Placebo-controlled Safety, Tolerability, and Efficacy Study of VRDN-001, a Humanized Monoclonal Antibody Directed Against the IGF-1 Receptor, in Participants With Chronic Thyroid Eye Disease (TED)",ClinicalTrials.gov,2026-09-10 registry cut,2026,https://clinicaltrials.gov/study/NCT06021054,NA (no DOI),NCT06021054,official trial registry,A1 official registry,Frozen full protocol and posted-results record,Yes (canonical frozen JSON record plus deterministic trial-table row locator),frozen_trial_registry_documents_v2.jsonl::trial_id=NCT06021054; document_id=CTGOV-NCT06021054-CUT-2026-09-10,2026-09-10 frozen registry cut,Controls trial protocol/status and posted registry results for this release; no cross-trial efficacy ranking.,"ClinicalTrials.gov. A Randomized, Double-masked, Placebo-controlled Safety, Tolerability, and Efficacy Study of VRDN-001, a Humanized Monoclonal Antibody Directed Against the IGF-1 Receptor, in Participants With Chronic Thyroid Eye Disease (TED). NCT06021054. Frozen record at 2026-09-10. https://clinicaltrials.gov/study/NCT06021054",2026-09-10,2.0.0
846,v2_frozen_registry_record,"The Efficacy and Safety of Combining Mycophenolate Mofetil With Methimazole on Remission of Newly Diagnosis Graves' Disease (3M-RGD Trial): an Open-label, Randomized Trial",ClinicalTrials.gov,2026-09-10 registry cut,2026,https://clinicaltrials.gov/study/NCT06068179,NA (no DOI),NCT06068179,official trial registry,A1 official registry,Frozen full protocol record; no posted results at data cut,Yes (canonical frozen JSON record plus deterministic trial-table row locator),frozen_trial_registry_documents_v2.jsonl::trial_id=NCT06068179; document_id=CTGOV-NCT06068179-CUT-2026-09-10,2026-09-10 frozen registry cut,Controls trial protocol/status and posted registry results for this release; no cross-trial efficacy ranking.,"ClinicalTrials.gov. The Efficacy and Safety of Combining Mycophenolate Mofetil With Methimazole on Remission of Newly Diagnosis Graves' Disease (3M-RGD Trial): an Open-label, Randomized Trial. NCT06068179. Frozen record at 2026-09-10. https://clinicaltrials.gov/study/NCT06068179",2026-09-10,2.0.0
847,v2_frozen_registry_record,Efficacy and Safety of Tocilizumab for Patients With Thyroid-associated Ophthalmopathy,ClinicalTrials.gov,2026-09-10 registry cut,2026,https://clinicaltrials.gov/study/NCT06087731,NA (no DOI),NCT06087731,official trial registry,A1 official registry,Frozen full protocol record; no posted results at data cut,Yes (canonical frozen JSON record plus deterministic trial-table row locator),frozen_trial_registry_documents_v2.jsonl::trial_id=NCT06087731; document_id=CTGOV-NCT06087731-CUT-2026-09-10,2026-09-10 frozen registry cut,Controls trial protocol/status and posted registry results for this release; no cross-trial efficacy ranking.,ClinicalTrials.gov. Efficacy and Safety of Tocilizumab for Patients With Thyroid-associated Ophthalmopathy. NCT06087731. Frozen record at 2026-09-10. https://clinicaltrials.gov/study/NCT06087731,2026-09-10,2.0.0
848,v2_frozen_registry_record,"A Multicenter Phase 2b Randomized, Double-Masked, Placebo-Controlled Dose-Ranging Study of TOUR006 in Participants With Thyroid Eye Disease",ClinicalTrials.gov,2026-09-10 registry cut,2026,https://clinicaltrials.gov/study/NCT06088979,NA (no DOI),NCT06088979,official trial registry,A1 official registry,Frozen full protocol record; no posted results at data cut,Yes (canonical frozen JSON record plus deterministic trial-table row locator),frozen_trial_registry_documents_v2.jsonl::trial_id=NCT06088979; document_id=CTGOV-NCT06088979-CUT-2026-09-10,2026-09-10 frozen registry cut,Controls trial protocol/status and posted registry results for this release; no cross-trial efficacy ranking.,"ClinicalTrials.gov. A Multicenter Phase 2b Randomized, Double-Masked, Placebo-Controlled Dose-Ranging Study of TOUR006 in Participants With Thyroid Eye Disease. NCT06088979. Frozen record at 2026-09-10. https://clinicaltrials.gov/study/NCT06088979",2026-09-10,2.0.0
849,v2_frozen_registry_record,"A Phase III, Randomized, Double-Masked, Placebo-Controlled, Multicenter Study to Evaluate the Efficacy, Safety, Pharmacokinetics, and Pharmacodynamics of Satralizumab in Participants With Moderate-to-Severe Thyroid Eye Disease",ClinicalTrials.gov,2026-09-10 registry cut,2026,https://clinicaltrials.gov/study/NCT06106828,NA (no DOI),NCT06106828,official trial registry,A1 official registry,Frozen full protocol and posted-results record,Yes (canonical frozen JSON record plus deterministic trial-table row locator),frozen_trial_registry_documents_v2.jsonl::trial_id=NCT06106828; document_id=CTGOV-NCT06106828-CUT-2026-09-10,2026-09-10 frozen registry cut,Controls trial protocol/status and posted registry results for this release; no cross-trial efficacy ranking.,"ClinicalTrials.gov. A Phase III, Randomized, Double-Masked, Placebo-Controlled, Multicenter Study to Evaluate the Efficacy, Safety, Pharmacokinetics, and Pharmacodynamics of Satralizumab in Participants With Moderate-to-Severe Thyroid Eye Disease. NCT06106828. Frozen record at 2026-09-10. https://clinicaltrials.gov/study/NCT06106828",2026-09-10,2.0.0
850,v2_frozen_registry_record,"A Multicenter, Extension Study to Evaluate the Efficacy, Safety, Pharmacokinetics, and Pharmacodynamics of Two Doses of Linsitinib in Subjects With Active, Moderate to Severe Thyroid Eye Disease (TED)",ClinicalTrials.gov,2026-09-10 registry cut,2026,https://clinicaltrials.gov/study/NCT06112340,NA (no DOI),NCT06112340,official trial registry,A1 official registry,Frozen full protocol record; no posted results at data cut,Yes (canonical frozen JSON record plus deterministic trial-table row locator),frozen_trial_registry_documents_v2.jsonl::trial_id=NCT06112340; document_id=CTGOV-NCT06112340-CUT-2026-09-10,2026-09-10 frozen registry cut,Controls trial protocol/status and posted registry results for this release; no cross-trial efficacy ranking.,"ClinicalTrials.gov. A Multicenter, Extension Study to Evaluate the Efficacy, Safety, Pharmacokinetics, and Pharmacodynamics of Two Doses of Linsitinib in Subjects With Active, Moderate to Severe Thyroid Eye Disease (TED). NCT06112340. Frozen record at 2026-09-10. https://clinicaltrials.gov/study/NCT06112340",2026-09-10,2.0.0
851,v2_frozen_registry_record,"A Multicenter, Open-label Extension Study Evaluating the Efficacy and Safety of IBI311 in Subjects With Thyroid Eye Disease",ClinicalTrials.gov,2026-09-10 registry cut,2026,https://clinicaltrials.gov/study/NCT06126783,NA (no DOI),NCT06126783,official trial registry,A1 official registry,Frozen full protocol record; no posted results at data cut,Yes (canonical frozen JSON record plus deterministic trial-table row locator),frozen_trial_registry_documents_v2.jsonl::trial_id=NCT06126783; document_id=CTGOV-NCT06126783-CUT-2026-09-10,2026-09-10 frozen registry cut,Controls trial protocol/status and posted registry results for this release; no cross-trial efficacy ranking.,"ClinicalTrials.gov. A Multicenter, Open-label Extension Study Evaluating the Efficacy and Safety of IBI311 in Subjects With Thyroid Eye Disease. NCT06126783. Frozen record at 2026-09-10. https://clinicaltrials.gov/study/NCT06126783",2026-09-10,2.0.0
852,v2_frozen_registry_record,An Open-label Study for Participants Who Are Non-responders at the End of Treatment Assessment on the VRDN-001-101 and VRDN-001-301 Pivotal Studies,ClinicalTrials.gov,2026-09-10 registry cut,2026,https://clinicaltrials.gov/study/NCT06179875,NA (no DOI),NCT06179875,official trial registry,A1 official registry,Frozen full protocol and posted-results record,Yes (canonical frozen JSON record plus deterministic trial-table row locator),frozen_trial_registry_documents_v2.jsonl::trial_id=NCT06179875; document_id=CTGOV-NCT06179875-CUT-2026-09-10,2026-09-10 frozen registry cut,Controls trial protocol/status and posted registry results for this release; no cross-trial efficacy ranking.,ClinicalTrials.gov. An Open-label Study for Participants Who Are Non-responders at the End of Treatment Assessment on the VRDN-001-101 and VRDN-001-301 Pivotal Studies. NCT06179875. Frozen record at 2026-09-10. https://clinicaltrials.gov/study/NCT06179875,2026-09-10,2.0.0
853,v2_frozen_registry_record,"A Phase 2, Proof-of-Concept, Randomized, Double-Masked, Placebo-Controlled Study to Determine the Efficacy and Safety of LASN01 in Patients With Thyroid Eye Disease",ClinicalTrials.gov,2026-09-10 registry cut,2026,https://clinicaltrials.gov/study/NCT06226545,NA (no DOI),NCT06226545,official trial registry,A1 official registry,Frozen full protocol and posted-results record,Yes (canonical frozen JSON record plus deterministic trial-table row locator),frozen_trial_registry_documents_v2.jsonl::trial_id=NCT06226545; document_id=CTGOV-NCT06226545-CUT-2026-09-10,2026-09-10 frozen registry cut,Controls trial protocol/status and posted registry results for this release; no cross-trial efficacy ranking.,"ClinicalTrials.gov. A Phase 2, Proof-of-Concept, Randomized, Double-Masked, Placebo-Controlled Study to Determine the Efficacy and Safety of LASN01 in Patients With Thyroid Eye Disease. NCT06226545. Frozen record at 2026-09-10. https://clinicaltrials.gov/study/NCT06226545",2026-09-10,2.0.0
854,v2_frozen_registry_record,"A Double-blind, Placebo-controlled, Phase 2 Dose-range Study to Assess the Efficacy and Safety of WP1302 in Preventing Disease Relapse Following Methimazole Withdrawal in Subjects With Graves' Disease",ClinicalTrials.gov,2026-09-10 registry cut,2026,https://clinicaltrials.gov/study/NCT06240455,NA (no DOI),NCT06240455,official trial registry,A1 official registry,Frozen full protocol record; no posted results at data cut,Yes (canonical frozen JSON record plus deterministic trial-table row locator),frozen_trial_registry_documents_v2.jsonl::trial_id=NCT06240455; document_id=CTGOV-NCT06240455-CUT-2026-09-10,2026-09-10 frozen registry cut,Controls trial protocol/status and posted registry results for this release; no cross-trial efficacy ranking.,"ClinicalTrials.gov. A Double-blind, Placebo-controlled, Phase 2 Dose-range Study to Assess the Efficacy and Safety of WP1302 in Preventing Disease Relapse Following Methimazole Withdrawal in Subjects With Graves' Disease. NCT06240455. Frozen record at 2026-09-10. https://clinicaltrials.gov/study/NCT06240455",2026-09-10,2.0.0
855,v2_frozen_registry_record,"A Phase 3, Randomized, Double-masked, Placebo-controlled, Parallel-group, Multicenter Trial to Evaluate the Efficacy, Safety and Tolerability of Subcutaneous Teprotumumab in Participants With Moderate-to-Severe Active Thyroid Eye Disease",ClinicalTrials.gov,2026-09-10 registry cut,2026,https://clinicaltrials.gov/study/NCT06248619,NA (no DOI),NCT06248619,official trial registry,A1 official registry,Frozen full protocol record; no posted results at data cut,Yes (canonical frozen JSON record plus deterministic trial-table row locator),frozen_trial_registry_documents_v2.jsonl::trial_id=NCT06248619; document_id=CTGOV-NCT06248619-CUT-2026-09-10,2026-09-10 frozen registry cut,Controls trial protocol/status and posted registry results for this release; no cross-trial efficacy ranking.,"ClinicalTrials.gov. A Phase 3, Randomized, Double-masked, Placebo-controlled, Parallel-group, Multicenter Trial to Evaluate the Efficacy, Safety and Tolerability of Subcutaneous Teprotumumab in Participants With Moderate-to-Severe Active Thyroid Eye Disease. NCT06248619. Frozen record at 2026-09-10. https://clinicaltrials.gov/study/NCT06248619",2026-09-10,2.0.0
856,v2_frozen_registry_record,"An Exploratory Study of the Efficacy and Safety of IBI311, a Modified Anti-IGF-1R Antibody, in Patients With Steroid-resistant, Thyroid Associated Ophthalmopathy",ClinicalTrials.gov,2026-09-10 registry cut,2026,https://clinicaltrials.gov/study/NCT06269393,NA (no DOI),NCT06269393,official trial registry,A1 official registry,Frozen full protocol record; no posted results at data cut,Yes (canonical frozen JSON record plus deterministic trial-table row locator),frozen_trial_registry_documents_v2.jsonl::trial_id=NCT06269393; document_id=CTGOV-NCT06269393-CUT-2026-09-10,2026-09-10 frozen registry cut,Controls trial protocol/status and posted registry results for this release; no cross-trial efficacy ranking.,"ClinicalTrials.gov. An Exploratory Study of the Efficacy and Safety of IBI311, a Modified Anti-IGF-1R Antibody, in Patients With Steroid-resistant, Thyroid Associated Ophthalmopathy. NCT06269393. Frozen record at 2026-09-10. https://clinicaltrials.gov/study/NCT06269393",2026-09-10,2.0.0
857,v2_frozen_registry_record,"A Phase 3, Randomized, Double-Masked, Placebo-Controlled, Multicenter Study to Evaluate the Efficacy, Safety, Tolerability, Pharmacokinetics, Pharmacodynamics, and Immunogenicity of Efgartigimod PH20 SC Administered by Prefilled Syringe in Adult Participants With Thyroid Eye Disease",ClinicalTrials.gov,2026-09-10 registry cut,2026,https://clinicaltrials.gov/study/NCT06307613,NA (no DOI),NCT06307613,official trial registry,A1 official registry,Frozen full protocol record; no posted results at data cut,Yes (canonical frozen JSON record plus deterministic trial-table row locator),frozen_trial_registry_documents_v2.jsonl::trial_id=NCT06307613; document_id=CTGOV-NCT06307613-CUT-2026-09-10,2026-09-10 frozen registry cut,Controls trial protocol/status and posted registry results for this release; no cross-trial efficacy ranking.,"ClinicalTrials.gov. A Phase 3, Randomized, Double-Masked, Placebo-Controlled, Multicenter Study to Evaluate the Efficacy, Safety, Tolerability, Pharmacokinetics, Pharmacodynamics, and Immunogenicity of Efgartigimod PH20 SC Administered by Prefilled Syringe in Adult Participants With Thyroid Eye Disease. NCT06307613. Frozen record at 2026-09-10. https://clinicaltrials.gov/study/NCT06307613",2026-09-10,2.0.0
858,v2_frozen_registry_record,"A Phase 3, Randomized, Double-Masked, Placebo-Controlled, Multicenter Study to Evaluate the Efficacy, Safety, Tolerability, Pharmacokinetics, Pharmacodynamics, and Immunogenicity of Efgartigimod PH20 SC Administered by Prefilled Syringe in Adult Participants With Thyroid Eye Disease",ClinicalTrials.gov,2026-09-10 registry cut,2026,https://clinicaltrials.gov/study/NCT06307626,NA (no DOI),NCT06307626,official trial registry,A1 official registry,Frozen full protocol record; no posted results at data cut,Yes (canonical frozen JSON record plus deterministic trial-table row locator),frozen_trial_registry_documents_v2.jsonl::trial_id=NCT06307626; document_id=CTGOV-NCT06307626-CUT-2026-09-10,2026-09-10 frozen registry cut,Controls trial protocol/status and posted registry results for this release; no cross-trial efficacy ranking.,"ClinicalTrials.gov. A Phase 3, Randomized, Double-Masked, Placebo-Controlled, Multicenter Study to Evaluate the Efficacy, Safety, Tolerability, Pharmacokinetics, Pharmacodynamics, and Immunogenicity of Efgartigimod PH20 SC Administered by Prefilled Syringe in Adult Participants With Thyroid Eye Disease. NCT06307626. Frozen record at 2026-09-10. https://clinicaltrials.gov/study/NCT06307626",2026-09-10,2.0.0
859,v2_frozen_registry_record,"A Randomized, Controlled, Safety and Tolerability Study of VRDN-001, a Humanized Monoclonal Antibody Directed Against the IGF-1 Receptor, in Participants With Thyroid Eye Disease (TED)",ClinicalTrials.gov,2026-09-10 registry cut,2026,https://clinicaltrials.gov/study/NCT06384547,NA (no DOI),NCT06384547,official trial registry,A1 official registry,Frozen full protocol and posted-results record,Yes (canonical frozen JSON record plus deterministic trial-table row locator),frozen_trial_registry_documents_v2.jsonl::trial_id=NCT06384547; document_id=CTGOV-NCT06384547-CUT-2026-09-10,2026-09-10 frozen registry cut,Controls trial protocol/status and posted registry results for this release; no cross-trial efficacy ranking.,"ClinicalTrials.gov. A Randomized, Controlled, Safety and Tolerability Study of VRDN-001, a Humanized Monoclonal Antibody Directed Against the IGF-1 Receptor, in Participants With Thyroid Eye Disease (TED). NCT06384547. Frozen record at 2026-09-10. https://clinicaltrials.gov/study/NCT06384547",2026-09-10,2.0.0
860,v2_frozen_registry_record,"A Phase 1b, Open-label, Multicenter Trial to Evaluate the Pharmacokinetics, Safety, and Tolerability of Two Formulations of a Single Subcutaneous Dose of Teprotumumab Followed by Multiple Intravenous Doses of TEPEZZA in Participants With Thyroid Eye Disease",ClinicalTrials.gov,2026-09-10 registry cut,2026,https://clinicaltrials.gov/study/NCT06389578,NA (no DOI),NCT06389578,official trial registry,A1 official registry,Frozen full protocol record; no posted results at data cut,Yes (canonical frozen JSON record plus deterministic trial-table row locator),frozen_trial_registry_documents_v2.jsonl::trial_id=NCT06389578; document_id=CTGOV-NCT06389578-CUT-2026-09-10,2026-09-10 frozen registry cut,Controls trial protocol/status and posted registry results for this release; no cross-trial efficacy ranking.,"ClinicalTrials.gov. A Phase 1b, Open-label, Multicenter Trial to Evaluate the Pharmacokinetics, Safety, and Tolerability of Two Formulations of a Single Subcutaneous Dose of Teprotumumab Followed by Multiple Intravenous Doses of TEPEZZA in Participants With Thyroid Eye Disease. NCT06389578. Frozen record at 2026-09-10. https://clinicaltrials.gov/study/NCT06389578",2026-09-10,2.0.0
861,v2_frozen_registry_record,Orbital Radiotherapy in Grave's Ophthalmopathy 1 Week vs 2 Weeks: A Phase II Randomized Controlled Trial (OraGO-1 Trial),ClinicalTrials.gov,2026-09-10 registry cut,2026,https://clinicaltrials.gov/study/NCT06392906,NA (no DOI),NCT06392906,official trial registry,A1 official registry,Frozen full protocol record; no posted results at data cut,Yes (canonical frozen JSON record plus deterministic trial-table row locator),frozen_trial_registry_documents_v2.jsonl::trial_id=NCT06392906; document_id=CTGOV-NCT06392906-CUT-2026-09-10,2026-09-10 frozen registry cut,Controls trial protocol/status and posted registry results for this release; no cross-trial efficacy ranking.,ClinicalTrials.gov. Orbital Radiotherapy in Grave's Ophthalmopathy 1 Week vs 2 Weeks: A Phase II Randomized Controlled Trial (OraGO-1 Trial). NCT06392906. Frozen record at 2026-09-10. https://clinicaltrials.gov/study/NCT06392906,2026-09-10,2.0.0
862,v2_frozen_registry_record,"A Phase 1/2, Randomized, Double-Masked, Placebo-Controlled, Multicenter Study to Assess the Safety, Pharmacokinetics, and Efficacy of AMG 732 in Healthy Subjects and Subjects With Moderate-to-Severe Active Thyroid Eye Disease",ClinicalTrials.gov,2026-09-10 registry cut,2026,https://clinicaltrials.gov/study/NCT06401044,NA (no DOI),NCT06401044,official trial registry,A1 official registry,Frozen full protocol record; no posted results at data cut,Yes (canonical frozen JSON record plus deterministic trial-table row locator),frozen_trial_registry_documents_v2.jsonl::trial_id=NCT06401044; document_id=CTGOV-NCT06401044-CUT-2026-09-10,2026-09-10 frozen registry cut,Controls trial protocol/status and posted registry results for this release; no cross-trial efficacy ranking.,"ClinicalTrials.gov. A Phase 1/2, Randomized, Double-Masked, Placebo-Controlled, Multicenter Study to Assess the Safety, Pharmacokinetics, and Efficacy of AMG 732 in Healthy Subjects and Subjects With Moderate-to-Severe Active Thyroid Eye Disease. NCT06401044. Frozen record at 2026-09-10. https://clinicaltrials.gov/study/NCT06401044",2026-09-10,2.0.0
863,v2_frozen_registry_record,Study on Efficacy of Add on Selenium in Mild-to-moderate Graves Ophthalmopathy: A Randomized Control Trial,ClinicalTrials.gov,2026-09-10 registry cut,2026,https://clinicaltrials.gov/study/NCT06413043,NA (no DOI),NCT06413043,official trial registry,A1 official registry,Frozen full protocol record; no posted results at data cut,Yes (canonical frozen JSON record plus deterministic trial-table row locator),frozen_trial_registry_documents_v2.jsonl::trial_id=NCT06413043; document_id=CTGOV-NCT06413043-CUT-2026-09-10,2026-09-10 frozen registry cut,Controls trial protocol/status and posted registry results for this release; no cross-trial efficacy ranking.,ClinicalTrials.gov. Study on Efficacy of Add on Selenium in Mild-to-moderate Graves Ophthalmopathy: A Randomized Control Trial. NCT06413043. Frozen record at 2026-09-10. https://clinicaltrials.gov/study/NCT06413043,2026-09-10,2.0.0
864,v2_frozen_registry_record,Evaluation of K9 in Subjects With Thyroid Eye Disease (TED),ClinicalTrials.gov,2026-09-10 registry cut,2026,https://clinicaltrials.gov/study/NCT06467435,NA (no DOI),NCT06467435,official trial registry,A1 official registry,Frozen full protocol record; no posted results at data cut,Yes (canonical frozen JSON record plus deterministic trial-table row locator),frozen_trial_registry_documents_v2.jsonl::trial_id=NCT06467435; document_id=CTGOV-NCT06467435-CUT-2026-09-10,2026-09-10 frozen registry cut,Controls trial protocol/status and posted registry results for this release; no cross-trial efficacy ranking.,ClinicalTrials.gov. Evaluation of K9 in Subjects With Thyroid Eye Disease (TED). NCT06467435. Frozen record at 2026-09-10. https://clinicaltrials.gov/study/NCT06467435,2026-09-10,2.0.0
865,v2_frozen_registry_record,Comparison of Two Intravenous Methylprednisolone Protocols in Patients With Graves Orbitopathy: a Randomized Clinical Trial,ClinicalTrials.gov,2026-09-10 registry cut,2026,https://clinicaltrials.gov/study/NCT06510114,NA (no DOI),NCT06510114,official trial registry,A1 official registry,Frozen full protocol record; no posted results at data cut,Yes (canonical frozen JSON record plus deterministic trial-table row locator),frozen_trial_registry_documents_v2.jsonl::trial_id=NCT06510114; document_id=CTGOV-NCT06510114-CUT-2026-09-10,2026-09-10 frozen registry cut,Controls trial protocol/status and posted registry results for this release; no cross-trial efficacy ranking.,ClinicalTrials.gov. Comparison of Two Intravenous Methylprednisolone Protocols in Patients With Graves Orbitopathy: a Randomized Clinical Trial. NCT06510114. Frozen record at 2026-09-10. https://clinicaltrials.gov/study/NCT06510114,2026-09-10,2.0.0
866,v2_frozen_registry_record,"A Multicenter, Randomized, Double-Masked Phase II Study Evaluating the Efficacy and Safety of IBI311 in Subjects With Inactive or Active Thyroid Eye Disease",ClinicalTrials.gov,2026-09-10 registry cut,2026,https://clinicaltrials.gov/study/NCT06525506,NA (no DOI),NCT06525506,official trial registry,A1 official registry,Frozen full protocol record; no posted results at data cut,Yes (canonical frozen JSON record plus deterministic trial-table row locator),frozen_trial_registry_documents_v2.jsonl::trial_id=NCT06525506; document_id=CTGOV-NCT06525506-CUT-2026-09-10,2026-09-10 frozen registry cut,Controls trial protocol/status and posted registry results for this release; no cross-trial efficacy ranking.,"ClinicalTrials.gov. A Multicenter, Randomized, Double-Masked Phase II Study Evaluating the Efficacy and Safety of IBI311 in Subjects With Inactive or Active Thyroid Eye Disease. NCT06525506. Frozen record at 2026-09-10. https://clinicaltrials.gov/study/NCT06525506",2026-09-10,2.0.0
867,v2_frozen_registry_record,Effects of Optimal Iodine Supplementation in Anti-thyroid Drug Therapy for Graves' Hyperthyroidism: a Prospective Randomized Controlled Trial,ClinicalTrials.gov,2026-09-10 registry cut,2026,https://clinicaltrials.gov/study/NCT06540469,NA (no DOI),NCT06540469,official trial registry,A1 official registry,Frozen full protocol record; no posted results at data cut,Yes (canonical frozen JSON record plus deterministic trial-table row locator),frozen_trial_registry_documents_v2.jsonl::trial_id=NCT06540469; document_id=CTGOV-NCT06540469-CUT-2026-09-10,2026-09-10 frozen registry cut,Controls trial protocol/status and posted registry results for this release; no cross-trial efficacy ranking.,ClinicalTrials.gov. Effects of Optimal Iodine Supplementation in Anti-thyroid Drug Therapy for Graves' Hyperthyroidism: a Prospective Randomized Controlled Trial. NCT06540469. Frozen record at 2026-09-10. https://clinicaltrials.gov/study/NCT06540469,2026-09-10,2.0.0
868,v2_frozen_registry_record,"Interventional, Open-label, Single-group, Long-term Follow-up Trial of Lu AG22515 in Patients With Moderate-to-severe Thyroid Eye Disease",ClinicalTrials.gov,2026-09-10 registry cut,2026,https://clinicaltrials.gov/study/NCT06557850,NA (no DOI),NCT06557850,official trial registry,A1 official registry,Frozen full protocol record; no posted results at data cut,Yes (canonical frozen JSON record plus deterministic trial-table row locator),frozen_trial_registry_documents_v2.jsonl::trial_id=NCT06557850; document_id=CTGOV-NCT06557850-CUT-2026-09-10,2026-09-10 frozen registry cut,Controls trial protocol/status and posted registry results for this release; no cross-trial efficacy ranking.,"ClinicalTrials.gov. Interventional, Open-label, Single-group, Long-term Follow-up Trial of Lu AG22515 in Patients With Moderate-to-severe Thyroid Eye Disease. NCT06557850. Frozen record at 2026-09-10. https://clinicaltrials.gov/study/NCT06557850",2026-09-10,2.0.0
869,v2_frozen_registry_record,"A Phase 1, Open-Label, Single Ascending Dose Study to Evaluate the Safety, Tolerability, and Pharmacokinetics of TEPEZZA Subcutaneous Administration in Healthy Adult Subjects",ClinicalTrials.gov,2026-09-10 registry cut,2026,https://clinicaltrials.gov/study/NCT06563856,NA (no DOI),NCT06563856,official trial registry,A1 official registry,Frozen full protocol record; no posted results at data cut,Yes (canonical frozen JSON record plus deterministic trial-table row locator),frozen_trial_registry_documents_v2.jsonl::trial_id=NCT06563856; document_id=CTGOV-NCT06563856-CUT-2026-09-10,2026-09-10 frozen registry cut,Controls trial protocol/status and posted registry results for this release; no cross-trial efficacy ranking.,"ClinicalTrials.gov. A Phase 1, Open-Label, Single Ascending Dose Study to Evaluate the Safety, Tolerability, and Pharmacokinetics of TEPEZZA Subcutaneous Administration in Healthy Adult Subjects. NCT06563856. Frozen record at 2026-09-10. https://clinicaltrials.gov/study/NCT06563856",2026-09-10,2.0.0
870,v2_frozen_registry_record,"A Phase 1 Clinical Study to Evaluate the Safety, Tolerability, Pharmacokinetics, and Pharmacodynamics of Single and Multiple Ascending Subcutaneous Doses of GenSci098 in TED Patients",ClinicalTrials.gov,2026-09-10 registry cut,2026,https://clinicaltrials.gov/study/NCT06569758,NA (no DOI),NCT06569758,official trial registry,A1 official registry,Frozen full protocol record; no posted results at data cut,Yes (canonical frozen JSON record plus deterministic trial-table row locator),frozen_trial_registry_documents_v2.jsonl::trial_id=NCT06569758; document_id=CTGOV-NCT06569758-CUT-2026-09-10,2026-09-10 frozen registry cut,Controls trial protocol/status and posted registry results for this release; no cross-trial efficacy ranking.,"ClinicalTrials.gov. A Phase 1 Clinical Study to Evaluate the Safety, Tolerability, Pharmacokinetics, and Pharmacodynamics of Single and Multiple Ascending Subcutaneous Doses of GenSci098 in TED Patients. NCT06569758. Frozen record at 2026-09-10. https://clinicaltrials.gov/study/NCT06569758",2026-09-10,2.0.0
871,v2_frozen_registry_record,"REVEAL-2 - A Phase 3, Randomized, Double-masked, Placebo-controlled, Efficacy, Safety, and Tolerability Study of VRDN-003 in Participants With Chronic Thyroid Eye Disease (TED)",ClinicalTrials.gov,2026-09-10 registry cut,2026,https://clinicaltrials.gov/study/NCT06625398,NA (no DOI),NCT06625398,official trial registry,A1 official registry,Frozen full protocol record; no posted results at data cut,Yes (canonical frozen JSON record plus deterministic trial-table row locator),frozen_trial_registry_documents_v2.jsonl::trial_id=NCT06625398; document_id=CTGOV-NCT06625398-CUT-2026-09-10,2026-09-10 frozen registry cut,Controls trial protocol/status and posted registry results for this release; no cross-trial efficacy ranking.,"ClinicalTrials.gov. REVEAL-2 - A Phase 3, Randomized, Double-masked, Placebo-controlled, Efficacy, Safety, and Tolerability Study of VRDN-003 in Participants With Chronic Thyroid Eye Disease (TED). NCT06625398. Frozen record at 2026-09-10. https://clinicaltrials.gov/study/NCT06625398",2026-09-10,2.0.0
872,v2_frozen_registry_record,"REVEAL-1 - A Phase 3, Randomized, Double-masked, Placebo-controlled, Efficacy, Safety, and Tolerability Study of VRDN-003 in Participants With Active Thyroid Eye Disease (TED)",ClinicalTrials.gov,2026-09-10 registry cut,2026,https://clinicaltrials.gov/study/NCT06625411,NA (no DOI),NCT06625411,official trial registry,A1 official registry,Frozen full protocol record; no posted results at data cut,Yes (canonical frozen JSON record plus deterministic trial-table row locator),frozen_trial_registry_documents_v2.jsonl::trial_id=NCT06625411; document_id=CTGOV-NCT06625411-CUT-2026-09-10,2026-09-10 frozen registry cut,Controls trial protocol/status and posted registry results for this release; no cross-trial efficacy ranking.,"ClinicalTrials.gov. REVEAL-1 - A Phase 3, Randomized, Double-masked, Placebo-controlled, Efficacy, Safety, and Tolerability Study of VRDN-003 in Participants With Active Thyroid Eye Disease (TED). NCT06625411. Frozen record at 2026-09-10. https://clinicaltrials.gov/study/NCT06625411",2026-09-10,2.0.0
873,v2_frozen_registry_record,"A Phase 1, Open-label, Single-dose Trial to Evaluate the Pharmacokinetics, Safety and Tolerability of Teprotumumab (High-concentration Formulation) Subcutaneous Administration in Healthy Adult Non-Japanese and Japanese Volunteers",ClinicalTrials.gov,2026-09-10 registry cut,2026,https://clinicaltrials.gov/study/NCT06674941,NA (no DOI),NCT06674941,official trial registry,A1 official registry,Frozen full protocol record; no posted results at data cut,Yes (canonical frozen JSON record plus deterministic trial-table row locator),frozen_trial_registry_documents_v2.jsonl::trial_id=NCT06674941; document_id=CTGOV-NCT06674941-CUT-2026-09-10,2026-09-10 frozen registry cut,Controls trial protocol/status and posted registry results for this release; no cross-trial efficacy ranking.,"ClinicalTrials.gov. A Phase 1, Open-label, Single-dose Trial to Evaluate the Pharmacokinetics, Safety and Tolerability of Teprotumumab (High-concentration Formulation) Subcutaneous Administration in Healthy Adult Non-Japanese and Japanese Volunteers. NCT06674941. Frozen record at 2026-09-10. https://clinicaltrials.gov/study/NCT06674941",2026-09-10,2.0.0
874,v2_frozen_registry_record,"A Prospective, Multicenter, Randomized Controlled Clinical Study on the Efficacy and Safety of Different Methylprednisolone Pulse Therapy Regimens for the Treatment of Graves' Ophthalmopathy",ClinicalTrials.gov,2026-09-10 registry cut,2026,https://clinicaltrials.gov/study/NCT06693856,NA (no DOI),NCT06693856,official trial registry,A1 official registry,Frozen full protocol record; no posted results at data cut,Yes (canonical frozen JSON record plus deterministic trial-table row locator),frozen_trial_registry_documents_v2.jsonl::trial_id=NCT06693856; document_id=CTGOV-NCT06693856-CUT-2026-09-10,2026-09-10 frozen registry cut,Controls trial protocol/status and posted registry results for this release; no cross-trial efficacy ranking.,"ClinicalTrials.gov. A Prospective, Multicenter, Randomized Controlled Clinical Study on the Efficacy and Safety of Different Methylprednisolone Pulse Therapy Regimens for the Treatment of Graves' Ophthalmopathy. NCT06693856. Frozen record at 2026-09-10. https://clinicaltrials.gov/study/NCT06693856",2026-09-10,2.0.0
875,v2_frozen_registry_record,"A Randomized, Double-Blind, Placebo-Controlled, Phase 2b Study to Assess the Efficacy, Safety, and Tolerability of IMVT-1402 as Treatment for Adult Patients With Graves' Disease",ClinicalTrials.gov,2026-09-10 registry cut,2026,https://clinicaltrials.gov/study/NCT06727604,NA (no DOI),NCT06727604,official trial registry,A1 official registry,Frozen full protocol record; no posted results at data cut,Yes (canonical frozen JSON record plus deterministic trial-table row locator),frozen_trial_registry_documents_v2.jsonl::trial_id=NCT06727604; document_id=CTGOV-NCT06727604-CUT-2026-09-10,2026-09-10 frozen registry cut,Controls trial protocol/status and posted registry results for this release; no cross-trial efficacy ranking.,"ClinicalTrials.gov. A Randomized, Double-Blind, Placebo-Controlled, Phase 2b Study to Assess the Efficacy, Safety, and Tolerability of IMVT-1402 as Treatment for Adult Patients With Graves' Disease. NCT06727604. Frozen record at 2026-09-10. https://clinicaltrials.gov/study/NCT06727604",2026-09-10,2.0.0
876,v2_frozen_registry_record,"A Multicentre, Randomized, Double-blinded, Placebo-controlled Phase I/II Clinical Study to Evaluate the Safety, Tolerability, Pharmacokinetics, Pharmacodynamics, and Efficacy of SCTT11 in Healthy Participants and Participants with Moderate-to-severe Thyroid Eye Disease",ClinicalTrials.gov,2026-09-10 registry cut,2026,https://clinicaltrials.gov/study/NCT06769984,NA (no DOI),NCT06769984,official trial registry,A1 official registry,Frozen full protocol record; no posted results at data cut,Yes (canonical frozen JSON record plus deterministic trial-table row locator),frozen_trial_registry_documents_v2.jsonl::trial_id=NCT06769984; document_id=CTGOV-NCT06769984-CUT-2026-09-10,2026-09-10 frozen registry cut,Controls trial protocol/status and posted registry results for this release; no cross-trial efficacy ranking.,"ClinicalTrials.gov. A Multicentre, Randomized, Double-blinded, Placebo-controlled Phase I/II Clinical Study to Evaluate the Safety, Tolerability, Pharmacokinetics, Pharmacodynamics, and Efficacy of SCTT11 in Healthy Participants and Participants with Moderate-to-severe Thyroid Eye Disease. NCT06769984. Frozen record at 2026-09-10. https://clinicaltrials.gov/study/NCT06769984",2026-09-10,2.0.0
877,v2_frozen_registry_record,"A Randomized, Double-masked, Controlled, Safety and Tolerability Study of VRDN-003 in Participants With Thyroid Eye Disease (TED)",ClinicalTrials.gov,2026-09-10 registry cut,2026,https://clinicaltrials.gov/study/NCT06812325,NA (no DOI),NCT06812325,official trial registry,A1 official registry,Frozen full protocol record; no posted results at data cut,Yes (canonical frozen JSON record plus deterministic trial-table row locator),frozen_trial_registry_documents_v2.jsonl::trial_id=NCT06812325; document_id=CTGOV-NCT06812325-CUT-2026-09-10,2026-09-10 frozen registry cut,Controls trial protocol/status and posted registry results for this release; no cross-trial efficacy ranking.,"ClinicalTrials.gov. A Randomized, Double-masked, Controlled, Safety and Tolerability Study of VRDN-003 in Participants With Thyroid Eye Disease (TED). NCT06812325. Frozen record at 2026-09-10. https://clinicaltrials.gov/study/NCT06812325",2026-09-10,2.0.0
878,v2_frozen_registry_record,Clinical Study on the Combined Use of Tocilizumab and Flupentixol-Melitracen in the Treatment of Thyroid-Associated Ophthalmopathy: A Prospective Exploratory Study,ClinicalTrials.gov,2026-09-10 registry cut,2026,https://clinicaltrials.gov/study/NCT06927375,NA (no DOI),NCT06927375,official trial registry,A1 official registry,Frozen full protocol record; no posted results at data cut,Yes (canonical frozen JSON record plus deterministic trial-table row locator),frozen_trial_registry_documents_v2.jsonl::trial_id=NCT06927375; document_id=CTGOV-NCT06927375-CUT-2026-09-10,2026-09-10 frozen registry cut,Controls trial protocol/status and posted registry results for this release; no cross-trial efficacy ranking.,ClinicalTrials.gov. Clinical Study on the Combined Use of Tocilizumab and Flupentixol-Melitracen in the Treatment of Thyroid-Associated Ophthalmopathy: A Prospective Exploratory Study. NCT06927375. Frozen record at 2026-09-10. https://clinicaltrials.gov/study/NCT06927375,2026-09-10,2.0.0
879,v2_frozen_registry_record,An Open-Label Biomarker Study of BHV-1300 in Graves' Disease,ClinicalTrials.gov,2026-09-10 registry cut,2026,https://clinicaltrials.gov/study/NCT06980649,NA (no DOI),NCT06980649,official trial registry,A1 official registry,Frozen full protocol record; no posted results at data cut,Yes (canonical frozen JSON record plus deterministic trial-table row locator),frozen_trial_registry_documents_v2.jsonl::trial_id=NCT06980649; document_id=CTGOV-NCT06980649-CUT-2026-09-10,2026-09-10 frozen registry cut,Controls trial protocol/status and posted registry results for this release; no cross-trial efficacy ranking.,ClinicalTrials.gov. An Open-Label Biomarker Study of BHV-1300 in Graves' Disease. NCT06980649. Frozen record at 2026-09-10. https://clinicaltrials.gov/study/NCT06980649,2026-09-10,2.0.0
880,v2_frozen_registry_record,An Open-label Phase 2 Study to Investigate the Efficacy and Safety of Rilzabrutinib in Adult Participants With Graves' Disease,ClinicalTrials.gov,2026-09-10 registry cut,2026,https://clinicaltrials.gov/study/NCT06984627,NA (no DOI),NCT06984627,official trial registry,A1 official registry,Frozen full protocol record; no posted results at data cut,Yes (canonical frozen JSON record plus deterministic trial-table row locator),frozen_trial_registry_documents_v2.jsonl::trial_id=NCT06984627; document_id=CTGOV-NCT06984627-CUT-2026-09-10,2026-09-10 frozen registry cut,Controls trial protocol/status and posted registry results for this release; no cross-trial efficacy ranking.,ClinicalTrials.gov. An Open-label Phase 2 Study to Investigate the Efficacy and Safety of Rilzabrutinib in Adult Participants With Graves' Disease. NCT06984627. Frozen record at 2026-09-10. https://clinicaltrials.gov/study/NCT06984627,2026-09-10,2.0.0
881,v2_frozen_registry_record,"A Phase III, Randomized, Double-Blind, Placebo-Controlled Study to Evaluate the Efficacy of MHB018A Injection in Subjects With Active Moderate-to-Severe Thyroid Eye Disease.",ClinicalTrials.gov,2026-09-10 registry cut,2026,https://clinicaltrials.gov/study/NCT06989918,NA (no DOI),NCT06989918,official trial registry,A1 official registry,Frozen full protocol record; no posted results at data cut,Yes (canonical frozen JSON record plus deterministic trial-table row locator),frozen_trial_registry_documents_v2.jsonl::trial_id=NCT06989918; document_id=CTGOV-NCT06989918-CUT-2026-09-10,2026-09-10 frozen registry cut,Controls trial protocol/status and posted registry results for this release; no cross-trial efficacy ranking.,"ClinicalTrials.gov. A Phase III, Randomized, Double-Blind, Placebo-Controlled Study to Evaluate the Efficacy of MHB018A Injection in Subjects With Active Moderate-to-Severe Thyroid Eye Disease.. NCT06989918. Frozen record at 2026-09-10. https://clinicaltrials.gov/study/NCT06989918",2026-09-10,2.0.0
882,v2_frozen_registry_record,"A Randomized, Double-Blind, Placebo-Controlled, Phase 2b Study to Assess the Efficacy, Safety, and Tolerability of IMVT-1402 as Treatment for Adult Patients With Graves' Disease",ClinicalTrials.gov,2026-09-10 registry cut,2026,https://clinicaltrials.gov/study/NCT07018323,NA (no DOI),NCT07018323,official trial registry,A1 official registry,Frozen full protocol record; no posted results at data cut,Yes (canonical frozen JSON record plus deterministic trial-table row locator),frozen_trial_registry_documents_v2.jsonl::trial_id=NCT07018323; document_id=CTGOV-NCT07018323-CUT-2026-09-10,2026-09-10 frozen registry cut,Controls trial protocol/status and posted registry results for this release; no cross-trial efficacy ranking.,"ClinicalTrials.gov. A Randomized, Double-Blind, Placebo-Controlled, Phase 2b Study to Assess the Efficacy, Safety, and Tolerability of IMVT-1402 as Treatment for Adult Patients With Graves' Disease. NCT07018323. Frozen record at 2026-09-10. https://clinicaltrials.gov/study/NCT07018323",2026-09-10,2.0.0
883,v2_frozen_registry_record,"A Multicenter, Randomized, Double-masked, Placebo-controlled Phase III Clinical Study to Evaluate the Efficacy and Safety of IBI311 in Subjects With Inactive Thyroid Eye Disease",ClinicalTrials.gov,2026-09-10 registry cut,2026,https://clinicaltrials.gov/study/NCT07113262,NA (no DOI),NCT07113262,official trial registry,A1 official registry,Frozen full protocol record; no posted results at data cut,Yes (canonical frozen JSON record plus deterministic trial-table row locator),frozen_trial_registry_documents_v2.jsonl::trial_id=NCT07113262; document_id=CTGOV-NCT07113262-CUT-2026-09-10,2026-09-10 frozen registry cut,Controls trial protocol/status and posted registry results for this release; no cross-trial efficacy ranking.,"ClinicalTrials.gov. A Multicenter, Randomized, Double-masked, Placebo-controlled Phase III Clinical Study to Evaluate the Efficacy and Safety of IBI311 in Subjects With Inactive Thyroid Eye Disease. NCT07113262. Frozen record at 2026-09-10. https://clinicaltrials.gov/study/NCT07113262",2026-09-10,2.0.0
884,v2_frozen_registry_record,The Efficacy and Safety of Allogenic Anti-CD19 CAR-T Cell Therapy for Refractory Graves' Disease,ClinicalTrials.gov,2026-09-10 registry cut,2026,https://clinicaltrials.gov/study/NCT07129642,NA (no DOI),NCT07129642,official trial registry,A1 official registry,Frozen full protocol record; no posted results at data cut,Yes (canonical frozen JSON record plus deterministic trial-table row locator),frozen_trial_registry_documents_v2.jsonl::trial_id=NCT07129642; document_id=CTGOV-NCT07129642-CUT-2026-09-10,2026-09-10 frozen registry cut,Controls trial protocol/status and posted registry results for this release; no cross-trial efficacy ranking.,ClinicalTrials.gov. The Efficacy and Safety of Allogenic Anti-CD19 CAR-T Cell Therapy for Refractory Graves' Disease. NCT07129642. Frozen record at 2026-09-10. https://clinicaltrials.gov/study/NCT07129642,2026-09-10,2.0.0
885,v2_frozen_registry_record,"A Phase 1, Randomized, Placebo-controlled, Double-blind, Single-dose Study to Evaluate Pharmacokinetics, Safety, and Tolerability of Teprotumumab (AMG 632) Administered Intravenously in Healthy Chinese Participants",ClinicalTrials.gov,2026-09-10 registry cut,2026,https://clinicaltrials.gov/study/NCT07142642,NA (no DOI),NCT07142642,official trial registry,A1 official registry,Frozen full protocol record; no posted results at data cut,Yes (canonical frozen JSON record plus deterministic trial-table row locator),frozen_trial_registry_documents_v2.jsonl::trial_id=NCT07142642; document_id=CTGOV-NCT07142642-CUT-2026-09-10,2026-09-10 frozen registry cut,Controls trial protocol/status and posted registry results for this release; no cross-trial efficacy ranking.,"ClinicalTrials.gov. A Phase 1, Randomized, Placebo-controlled, Double-blind, Single-dose Study to Evaluate Pharmacokinetics, Safety, and Tolerability of Teprotumumab (AMG 632) Administered Intravenously in Healthy Chinese Participants. NCT07142642. Frozen record at 2026-09-10. https://clinicaltrials.gov/study/NCT07142642",2026-09-10,2.0.0
886,v2_frozen_registry_record,The Safety and Efficacy of Sequential Hormone Therapy and IBI311 Therapy in Patients With Active Moderate to Severe TAO in the Initial Treatment.,ClinicalTrials.gov,2026-09-10 registry cut,2026,https://clinicaltrials.gov/study/NCT07152340,NA (no DOI),NCT07152340,official trial registry,A1 official registry,Frozen full protocol record; no posted results at data cut,Yes (canonical frozen JSON record plus deterministic trial-table row locator),frozen_trial_registry_documents_v2.jsonl::trial_id=NCT07152340; document_id=CTGOV-NCT07152340-CUT-2026-09-10,2026-09-10 frozen registry cut,Controls trial protocol/status and posted registry results for this release; no cross-trial efficacy ranking.,ClinicalTrials.gov. The Safety and Efficacy of Sequential Hormone Therapy and IBI311 Therapy in Patients With Active Moderate to Severe TAO in the Initial Treatment.. NCT07152340. Frozen record at 2026-09-10. https://clinicaltrials.gov/study/NCT07152340,2026-09-10,2.0.0
887,v2_frozen_registry_record,Efficacy and Safety of Sequential Hormone Therapy and Tetuzumab Therapy in Patients With Moderate to Severe TAO in the Active Stage After Glucocorticoid Treatment,ClinicalTrials.gov,2026-09-10 registry cut,2026,https://clinicaltrials.gov/study/NCT07152366,NA (no DOI),NCT07152366,official trial registry,A1 official registry,Frozen full protocol record; no posted results at data cut,Yes (canonical frozen JSON record plus deterministic trial-table row locator),frozen_trial_registry_documents_v2.jsonl::trial_id=NCT07152366; document_id=CTGOV-NCT07152366-CUT-2026-09-10,2026-09-10 frozen registry cut,Controls trial protocol/status and posted registry results for this release; no cross-trial efficacy ranking.,ClinicalTrials.gov. Efficacy and Safety of Sequential Hormone Therapy and Tetuzumab Therapy in Patients With Moderate to Severe TAO in the Active Stage After Glucocorticoid Treatment. NCT07152366. Frozen record at 2026-09-10. https://clinicaltrials.gov/study/NCT07152366,2026-09-10,2.0.0
888,v2_frozen_registry_record,Evaluation of the Efficacy and Safety Observation of IBI311 Treatment in Patients With Inactive TAO,ClinicalTrials.gov,2026-09-10 registry cut,2026,https://clinicaltrials.gov/study/NCT07152392,NA (no DOI),NCT07152392,official trial registry,A1 official registry,Frozen full protocol record; no posted results at data cut,Yes (canonical frozen JSON record plus deterministic trial-table row locator),frozen_trial_registry_documents_v2.jsonl::trial_id=NCT07152392; document_id=CTGOV-NCT07152392-CUT-2026-09-10,2026-09-10 frozen registry cut,Controls trial protocol/status and posted registry results for this release; no cross-trial efficacy ranking.,ClinicalTrials.gov. Evaluation of the Efficacy and Safety Observation of IBI311 Treatment in Patients With Inactive TAO. NCT07152392. Frozen record at 2026-09-10. https://clinicaltrials.gov/study/NCT07152392,2026-09-10,2.0.0
889,v2_frozen_registry_record,"A Randomized, Open-label Study Evaluating the Safety, Tolerability and Pharmacokinetics of VRDN-003 Administered Subcutaneously in Participants With Thyroid Eye Disease (TED)",ClinicalTrials.gov,2026-09-10 registry cut,2026,https://clinicaltrials.gov/study/NCT07155668,NA (no DOI),NCT07155668,official trial registry,A1 official registry,Frozen full protocol record; no posted results at data cut,Yes (canonical frozen JSON record plus deterministic trial-table row locator),frozen_trial_registry_documents_v2.jsonl::trial_id=NCT07155668; document_id=CTGOV-NCT07155668-CUT-2026-09-10,2026-09-10 frozen registry cut,Controls trial protocol/status and posted registry results for this release; no cross-trial efficacy ranking.,"ClinicalTrials.gov. A Randomized, Open-label Study Evaluating the Safety, Tolerability and Pharmacokinetics of VRDN-003 Administered Subcutaneously in Participants With Thyroid Eye Disease (TED). NCT07155668. Frozen record at 2026-09-10. https://clinicaltrials.gov/study/NCT07155668",2026-09-10,2.0.0
890,v2_frozen_registry_record,Effect of Dietary Supplementation of Rubus Sanctus (Wild Blackberry) Root Extract on Disease Prognosis in Graves' Disease: A Randomized Controlled Clinical Trial,ClinicalTrials.gov,2026-09-10 registry cut,2026,https://clinicaltrials.gov/study/NCT07164079,NA (no DOI),NCT07164079,official trial registry,A1 official registry,Frozen full protocol record; no posted results at data cut,Yes (canonical frozen JSON record plus deterministic trial-table row locator),frozen_trial_registry_documents_v2.jsonl::trial_id=NCT07164079; document_id=CTGOV-NCT07164079-CUT-2026-09-10,2026-09-10 frozen registry cut,Controls trial protocol/status and posted registry results for this release; no cross-trial efficacy ranking.,ClinicalTrials.gov. Effect of Dietary Supplementation of Rubus Sanctus (Wild Blackberry) Root Extract on Disease Prognosis in Graves' Disease: A Randomized Controlled Clinical Trial. NCT07164079. Frozen record at 2026-09-10. https://clinicaltrials.gov/study/NCT07164079,2026-09-10,2.0.0
891,v2_frozen_registry_record,"A Multicenter, Double-blinded, Randomized, Placebo Controlled Phase 3 Trial to Evaluate the Efficacy and Safety of ZL-1109 in Chinese Participants With Thyroid Eye Disease (TED)",ClinicalTrials.gov,2026-09-10 registry cut,2026,https://clinicaltrials.gov/study/NCT07211776,NA (no DOI),NCT07211776,official trial registry,A1 official registry,Frozen full protocol record; no posted results at data cut,Yes (canonical frozen JSON record plus deterministic trial-table row locator),frozen_trial_registry_documents_v2.jsonl::trial_id=NCT07211776; document_id=CTGOV-NCT07211776-CUT-2026-09-10,2026-09-10 frozen registry cut,Controls trial protocol/status and posted registry results for this release; no cross-trial efficacy ranking.,"ClinicalTrials.gov. A Multicenter, Double-blinded, Randomized, Placebo Controlled Phase 3 Trial to Evaluate the Efficacy and Safety of ZL-1109 in Chinese Participants With Thyroid Eye Disease (TED). NCT07211776. Frozen record at 2026-09-10. https://clinicaltrials.gov/study/NCT07211776",2026-09-10,2.0.0
892,v2_frozen_registry_record,"A Phase III, Randomized, Double-Blind, Placebo-Controlled Study to Evaluate the Efficacy of MHB018A Injection in Subjects With Chronic Moderate-to-Severe Thyroid Eye Disease.",ClinicalTrials.gov,2026-09-10 registry cut,2026,https://clinicaltrials.gov/study/NCT07257185,NA (no DOI),NCT07257185,official trial registry,A1 official registry,Frozen full protocol record; no posted results at data cut,Yes (canonical frozen JSON record plus deterministic trial-table row locator),frozen_trial_registry_documents_v2.jsonl::trial_id=NCT07257185; document_id=CTGOV-NCT07257185-CUT-2026-09-10,2026-09-10 frozen registry cut,Controls trial protocol/status and posted registry results for this release; no cross-trial efficacy ranking.,"ClinicalTrials.gov. A Phase III, Randomized, Double-Blind, Placebo-Controlled Study to Evaluate the Efficacy of MHB018A Injection in Subjects With Chronic Moderate-to-Severe Thyroid Eye Disease.. NCT07257185. Frozen record at 2026-09-10. https://clinicaltrials.gov/study/NCT07257185",2026-09-10,2.0.0
893,v2_frozen_registry_record,The Safety and Efficacy of Allogenic Anti-CD19/BCMA CAR-T Cell Therapy for Refractory Graves' Disease,ClinicalTrials.gov,2026-09-10 registry cut,2026,https://clinicaltrials.gov/study/NCT07261345,NA (no DOI),NCT07261345,official trial registry,A1 official registry,Frozen full protocol record; no posted results at data cut,Yes (canonical frozen JSON record plus deterministic trial-table row locator),frozen_trial_registry_documents_v2.jsonl::trial_id=NCT07261345; document_id=CTGOV-NCT07261345-CUT-2026-09-10,2026-09-10 frozen registry cut,Controls trial protocol/status and posted registry results for this release; no cross-trial efficacy ranking.,ClinicalTrials.gov. The Safety and Efficacy of Allogenic Anti-CD19/BCMA CAR-T Cell Therapy for Refractory Graves' Disease. NCT07261345. Frozen record at 2026-09-10. https://clinicaltrials.gov/study/NCT07261345,2026-09-10,2.0.0
894,v2_frozen_registry_record,"A Phase III, Multicenter, Open-Label Extension Study to Evaluate the Efficacy and Safety of MHB018A Injection in Subjects With Thyroid Eye Disease",ClinicalTrials.gov,2026-09-10 registry cut,2026,https://clinicaltrials.gov/study/NCT07262476,NA (no DOI),NCT07262476,official trial registry,A1 official registry,Frozen full protocol record; no posted results at data cut,Yes (canonical frozen JSON record plus deterministic trial-table row locator),frozen_trial_registry_documents_v2.jsonl::trial_id=NCT07262476; document_id=CTGOV-NCT07262476-CUT-2026-09-10,2026-09-10 frozen registry cut,Controls trial protocol/status and posted registry results for this release; no cross-trial efficacy ranking.,"ClinicalTrials.gov. A Phase III, Multicenter, Open-Label Extension Study to Evaluate the Efficacy and Safety of MHB018A Injection in Subjects With Thyroid Eye Disease. NCT07262476. Frozen record at 2026-09-10. https://clinicaltrials.gov/study/NCT07262476",2026-09-10,2.0.0
895,v2_frozen_registry_record,"A Multicenter, Randomized, Open-Label, Active-Controlled Phase IV Clinical Study to Evaluate the Efficacy and Safety of Teprotumumab N01 in the Treatment of Active Thyroid Eye Disease",ClinicalTrials.gov,2026-09-10 registry cut,2026,https://clinicaltrials.gov/study/NCT07265258,NA (no DOI),NCT07265258,official trial registry,A1 official registry,Frozen full protocol record; no posted results at data cut,Yes (canonical frozen JSON record plus deterministic trial-table row locator),frozen_trial_registry_documents_v2.jsonl::trial_id=NCT07265258; document_id=CTGOV-NCT07265258-CUT-2026-09-10,2026-09-10 frozen registry cut,Controls trial protocol/status and posted registry results for this release; no cross-trial efficacy ranking.,"ClinicalTrials.gov. A Multicenter, Randomized, Open-Label, Active-Controlled Phase IV Clinical Study to Evaluate the Efficacy and Safety of Teprotumumab N01 in the Treatment of Active Thyroid Eye Disease. NCT07265258. Frozen record at 2026-09-10. https://clinicaltrials.gov/study/NCT07265258",2026-09-10,2.0.0
896,v2_frozen_registry_record,"A Long-Term Extension Study to Assess the Efficacy, Safety, and Tolerability of IMVT-1402 in Adult Patients With Graves' Disease",ClinicalTrials.gov,2026-09-10 registry cut,2026,https://clinicaltrials.gov/study/NCT07286006,NA (no DOI),NCT07286006,official trial registry,A1 official registry,Frozen full protocol record; no posted results at data cut,Yes (canonical frozen JSON record plus deterministic trial-table row locator),frozen_trial_registry_documents_v2.jsonl::trial_id=NCT07286006; document_id=CTGOV-NCT07286006-CUT-2026-09-10,2026-09-10 frozen registry cut,Controls trial protocol/status and posted registry results for this release; no cross-trial efficacy ranking.,"ClinicalTrials.gov. A Long-Term Extension Study to Assess the Efficacy, Safety, and Tolerability of IMVT-1402 in Adult Patients With Graves' Disease. NCT07286006. Frozen record at 2026-09-10. https://clinicaltrials.gov/study/NCT07286006",2026-09-10,2.0.0
897,v2_frozen_registry_record,"A Phase I Clinical Study to Evaluate the Safety, Tolerability, Pharmacokinetics, and Pharmacodynamics of Single Ascending Subcutaneous Dose of GenSci098 in Patients With Graves' Disease",ClinicalTrials.gov,2026-09-10 registry cut,2026,https://clinicaltrials.gov/study/NCT07286656,NA (no DOI),NCT07286656,official trial registry,A1 official registry,Frozen full protocol record; no posted results at data cut,Yes (canonical frozen JSON record plus deterministic trial-table row locator),frozen_trial_registry_documents_v2.jsonl::trial_id=NCT07286656; document_id=CTGOV-NCT07286656-CUT-2026-09-10,2026-09-10 frozen registry cut,Controls trial protocol/status and posted registry results for this release; no cross-trial efficacy ranking.,"ClinicalTrials.gov. A Phase I Clinical Study to Evaluate the Safety, Tolerability, Pharmacokinetics, and Pharmacodynamics of Single Ascending Subcutaneous Dose of GenSci098 in Patients With Graves' Disease. NCT07286656. Frozen record at 2026-09-10. https://clinicaltrials.gov/study/NCT07286656",2026-09-10,2.0.0
898,v2_frozen_registry_record,"A Phase 1, First-in-Human, Placebo-Controlled, Single and Multiple Ascending Dose Study to Evaluate Safety, Tolerability, Pharmacokinetics, Pharmacodynamics, and Immunogenicity of Intravenous and Subcutaneous Administration of MER511 in Adults With Graves' Disease",ClinicalTrials.gov,2026-09-10 registry cut,2026,https://clinicaltrials.gov/study/NCT07305818,NA (no DOI),NCT07305818,official trial registry,A1 official registry,Frozen full protocol record; no posted results at data cut,Yes (canonical frozen JSON record plus deterministic trial-table row locator),frozen_trial_registry_documents_v2.jsonl::trial_id=NCT07305818; document_id=CTGOV-NCT07305818-CUT-2026-09-10,2026-09-10 frozen registry cut,Controls trial protocol/status and posted registry results for this release; no cross-trial efficacy ranking.,"ClinicalTrials.gov. A Phase 1, First-in-Human, Placebo-Controlled, Single and Multiple Ascending Dose Study to Evaluate Safety, Tolerability, Pharmacokinetics, Pharmacodynamics, and Immunogenicity of Intravenous and Subcutaneous Administration of MER511 in Adults With Graves' Disease. NCT07305818. Frozen record at 2026-09-10. https://clinicaltrials.gov/study/NCT07305818",2026-09-10,2.0.0
899,v2_frozen_registry_record,A Comparative Study of Shortened (4-Infusion) Versus Standard (8-Infusion) Teprotumumab Regimens in Patients With Thyroid Eye Disease (TED) Exhibiting an Early Optimal Clinical Response,ClinicalTrials.gov,2026-09-10 registry cut,2026,https://clinicaltrials.gov/study/NCT07308964,NA (no DOI),NCT07308964,official trial registry,A1 official registry,Frozen full protocol record; no posted results at data cut,Yes (canonical frozen JSON record plus deterministic trial-table row locator),frozen_trial_registry_documents_v2.jsonl::trial_id=NCT07308964; document_id=CTGOV-NCT07308964-CUT-2026-09-10,2026-09-10 frozen registry cut,Controls trial protocol/status and posted registry results for this release; no cross-trial efficacy ranking.,ClinicalTrials.gov. A Comparative Study of Shortened (4-Infusion) Versus Standard (8-Infusion) Teprotumumab Regimens in Patients With Thyroid Eye Disease (TED) Exhibiting an Early Optimal Clinical Response. NCT07308964. Frozen record at 2026-09-10. https://clinicaltrials.gov/study/NCT07308964,2026-09-10,2.0.0
900,v2_frozen_registry_record,A Safety and Efficacy Study of in Vivo CAR-T (HN2301) for Refractory Graves' Disease,ClinicalTrials.gov,2026-09-10 registry cut,2026,https://clinicaltrials.gov/study/NCT07333677,NA (no DOI),NCT07333677,official trial registry,A1 official registry,Frozen full protocol record; no posted results at data cut,Yes (canonical frozen JSON record plus deterministic trial-table row locator),frozen_trial_registry_documents_v2.jsonl::trial_id=NCT07333677; document_id=CTGOV-NCT07333677-CUT-2026-09-10,2026-09-10 frozen registry cut,Controls trial protocol/status and posted registry results for this release; no cross-trial efficacy ranking.,ClinicalTrials.gov. A Safety and Efficacy Study of in Vivo CAR-T (HN2301) for Refractory Graves' Disease. NCT07333677. Frozen record at 2026-09-10. https://clinicaltrials.gov/study/NCT07333677,2026-09-10,2.0.0
901,v2_frozen_registry_record,Impact of Vitamin D Therapy on Thyroid Function and Antibody Levels in Pediatric Graves' Disease: A Pilot Feasibility Trial,ClinicalTrials.gov,2026-09-10 registry cut,2026,https://clinicaltrials.gov/study/NCT07369063,NA (no DOI),NCT07369063,official trial registry,A1 official registry,Frozen full protocol record; no posted results at data cut,Yes (canonical frozen JSON record plus deterministic trial-table row locator),frozen_trial_registry_documents_v2.jsonl::trial_id=NCT07369063; document_id=CTGOV-NCT07369063-CUT-2026-09-10,2026-09-10 frozen registry cut,Controls trial protocol/status and posted registry results for this release; no cross-trial efficacy ranking.,ClinicalTrials.gov. Impact of Vitamin D Therapy on Thyroid Function and Antibody Levels in Pediatric Graves' Disease: A Pilot Feasibility Trial. NCT07369063. Frozen record at 2026-09-10. https://clinicaltrials.gov/study/NCT07369063,2026-09-10,2.0.0
902,v2_frozen_registry_record,The Role of Statin and Vitamin D for the Treatment of Thyroid Eye Disease,ClinicalTrials.gov,2026-09-10 registry cut,2026,https://clinicaltrials.gov/study/NCT07400757,NA (no DOI),NCT07400757,official trial registry,A1 official registry,Frozen full protocol record; no posted results at data cut,Yes (canonical frozen JSON record plus deterministic trial-table row locator),frozen_trial_registry_documents_v2.jsonl::trial_id=NCT07400757; document_id=CTGOV-NCT07400757-CUT-2026-09-10,2026-09-10 frozen registry cut,Controls trial protocol/status and posted registry results for this release; no cross-trial efficacy ranking.,ClinicalTrials.gov. The Role of Statin and Vitamin D for the Treatment of Thyroid Eye Disease. NCT07400757. Frozen record at 2026-09-10. https://clinicaltrials.gov/study/NCT07400757,2026-09-10,2.0.0
903,v2_frozen_registry_record,"An Open-label, Rollover Study for Participants With Thyroid Eye Disease Previously Enrolled in Amgen-sponsored AMG 732 Studies and Are Primary Proptosis Non-responders or Who Relapsed During the Safety Follow-up",ClinicalTrials.gov,2026-09-10 registry cut,2026,https://clinicaltrials.gov/study/NCT07438405,NA (no DOI),NCT07438405,official trial registry,A1 official registry,Frozen full protocol record; no posted results at data cut,Yes (canonical frozen JSON record plus deterministic trial-table row locator),frozen_trial_registry_documents_v2.jsonl::trial_id=NCT07438405; document_id=CTGOV-NCT07438405-CUT-2026-09-10,2026-09-10 frozen registry cut,Controls trial protocol/status and posted registry results for this release; no cross-trial efficacy ranking.,"ClinicalTrials.gov. An Open-label, Rollover Study for Participants With Thyroid Eye Disease Previously Enrolled in Amgen-sponsored AMG 732 Studies and Are Primary Proptosis Non-responders or Who Relapsed During the Safety Follow-up. NCT07438405. Frozen record at 2026-09-10. https://clinicaltrials.gov/study/NCT07438405",2026-09-10,2.0.0
904,v2_frozen_registry_record,"A Phase Ib/II, Efficacy and Safety Study of NTB003 in Participants With Thyroid Eye Disease (TED)",ClinicalTrials.gov,2026-09-10 registry cut,2026,https://clinicaltrials.gov/study/NCT07462130,NA (no DOI),NCT07462130,official trial registry,A1 official registry,Frozen full protocol record; no posted results at data cut,Yes (canonical frozen JSON record plus deterministic trial-table row locator),frozen_trial_registry_documents_v2.jsonl::trial_id=NCT07462130; document_id=CTGOV-NCT07462130-CUT-2026-09-10,2026-09-10 frozen registry cut,Controls trial protocol/status and posted registry results for this release; no cross-trial efficacy ranking.,"ClinicalTrials.gov. A Phase Ib/II, Efficacy and Safety Study of NTB003 in Participants With Thyroid Eye Disease (TED). NCT07462130. Frozen record at 2026-09-10. https://clinicaltrials.gov/study/NCT07462130",2026-09-10,2.0.0
905,v2_frozen_registry_record,"A Single-Arm, Open-Label, Exploratory Study of Tofacitinib in Patients With Glucocorticoid-Resistant or Intolerant Moderate-to-Severe Active Thyroid Eye Disease",ClinicalTrials.gov,2026-09-10 registry cut,2026,https://clinicaltrials.gov/study/NCT07547930,NA (no DOI),NCT07547930,official trial registry,A1 official registry,Frozen full protocol record; no posted results at data cut,Yes (canonical frozen JSON record plus deterministic trial-table row locator),frozen_trial_registry_documents_v2.jsonl::trial_id=NCT07547930; document_id=CTGOV-NCT07547930-CUT-2026-09-10,2026-09-10 frozen registry cut,Controls trial protocol/status and posted registry results for this release; no cross-trial efficacy ranking.,"ClinicalTrials.gov. A Single-Arm, Open-Label, Exploratory Study of Tofacitinib in Patients With Glucocorticoid-Resistant or Intolerant Moderate-to-Severe Active Thyroid Eye Disease. NCT07547930. Frozen record at 2026-09-10. https://clinicaltrials.gov/study/NCT07547930",2026-09-10,2.0.0
906,v2_frozen_registry_record,"A Phase 3, Randomized, Double-Masked, Placebo-Controlled, Multicenter Study Evaluating the Efficacy and Safety of Efgartigimod PH20 SC PFS in Adult Participants With Graves' Disease Inadequately Controlled With Antithyroid Drugs",ClinicalTrials.gov,2026-09-10 registry cut,2026,https://clinicaltrials.gov/study/NCT07570316,NA (no DOI),NCT07570316,official trial registry,A1 official registry,Frozen full protocol record; no posted results at data cut,Yes (canonical frozen JSON record plus deterministic trial-table row locator),frozen_trial_registry_documents_v2.jsonl::trial_id=NCT07570316; document_id=CTGOV-NCT07570316-CUT-2026-09-10,2026-09-10 frozen registry cut,Controls trial protocol/status and posted registry results for this release; no cross-trial efficacy ranking.,"ClinicalTrials.gov. A Phase 3, Randomized, Double-Masked, Placebo-Controlled, Multicenter Study Evaluating the Efficacy and Safety of Efgartigimod PH20 SC PFS in Adult Participants With Graves' Disease Inadequately Controlled With Antithyroid Drugs. NCT07570316. Frozen record at 2026-09-10. https://clinicaltrials.gov/study/NCT07570316",2026-09-10,2.0.0
907,v2_frozen_registry_record,"A Single-Center, Prospective, Randomized, Open-Label, Parallel-Group Study Comparing Sequential Teprotumumab N01 With Intravenous Methylprednisolone After Urgent Orbital Decompression in Patients With Dysthyroid Optic Neuropathy",ClinicalTrials.gov,2026-09-10 registry cut,2026,https://clinicaltrials.gov/study/NCT07594912,NA (no DOI),NCT07594912,official trial registry,A1 official registry,Frozen full protocol record; no posted results at data cut,Yes (canonical frozen JSON record plus deterministic trial-table row locator),frozen_trial_registry_documents_v2.jsonl::trial_id=NCT07594912; document_id=CTGOV-NCT07594912-CUT-2026-09-10,2026-09-10 frozen registry cut,Controls trial protocol/status and posted registry results for this release; no cross-trial efficacy ranking.,"ClinicalTrials.gov. A Single-Center, Prospective, Randomized, Open-Label, Parallel-Group Study Comparing Sequential Teprotumumab N01 With Intravenous Methylprednisolone After Urgent Orbital Decompression in Patients With Dysthyroid Optic Neuropathy. NCT07594912. Frozen record at 2026-09-10. https://clinicaltrials.gov/study/NCT07594912",2026-09-10,2.0.0
908,v2_frozen_registry_record,"A Phase 3, Randomized, Double-Masked, Placebo-Controlled, Multicenter Study Evaluating the Efficacy and Safety of Efgartigimod PH20 SC PFS in Adult Participants With Graves' Disease Inadequately Controlled With Antithyroid Drugs",ClinicalTrials.gov,2026-09-10 registry cut,2026,https://clinicaltrials.gov/study/NCT07596849,NA (no DOI),NCT07596849,official trial registry,A1 official registry,Frozen full protocol record; no posted results at data cut,Yes (canonical frozen JSON record plus deterministic trial-table row locator),frozen_trial_registry_documents_v2.jsonl::trial_id=NCT07596849; document_id=CTGOV-NCT07596849-CUT-2026-09-10,2026-09-10 frozen registry cut,Controls trial protocol/status and posted registry results for this release; no cross-trial efficacy ranking.,"ClinicalTrials.gov. A Phase 3, Randomized, Double-Masked, Placebo-Controlled, Multicenter Study Evaluating the Efficacy and Safety of Efgartigimod PH20 SC PFS in Adult Participants With Graves' Disease Inadequately Controlled With Antithyroid Drugs. NCT07596849. Frozen record at 2026-09-10. https://clinicaltrials.gov/study/NCT07596849",2026-09-10,2.0.0
909,v2_frozen_registry_record,"A Phase 1b, Open-Label, Multicenter Study Evaluating the Safety, Tolerability, Pharmacokinetics, Pharmacodynamics, Immunogenicity, and Preliminary Clinical Activity of Cizutamig in Patients With Thyroid Eye Disease",ClinicalTrials.gov,2026-09-10 registry cut,2026,https://clinicaltrials.gov/study/NCT07597200,NA (no DOI),NCT07597200,official trial registry,A1 official registry,Frozen full protocol record; no posted results at data cut,Yes (canonical frozen JSON record plus deterministic trial-table row locator),frozen_trial_registry_documents_v2.jsonl::trial_id=NCT07597200; document_id=CTGOV-NCT07597200-CUT-2026-09-10,2026-09-10 frozen registry cut,Controls trial protocol/status and posted registry results for this release; no cross-trial efficacy ranking.,"ClinicalTrials.gov. A Phase 1b, Open-Label, Multicenter Study Evaluating the Safety, Tolerability, Pharmacokinetics, Pharmacodynamics, Immunogenicity, and Preliminary Clinical Activity of Cizutamig in Patients With Thyroid Eye Disease. NCT07597200. Frozen record at 2026-09-10. https://clinicaltrials.gov/study/NCT07597200",2026-09-10,2.0.0
910,v2_frozen_registry_record,"A Phase III, Multicenter, Open-Label Extension Study to Evaluate the Efficacy and Safety of MHB018A Injection in Subjects With Thyroid Eye Disease",ClinicalTrials.gov,2026-09-10 registry cut,2026,https://clinicaltrials.gov/study/NCT07620405,NA (no DOI),NCT07620405,official trial registry,A1 official registry,Frozen full protocol record; no posted results at data cut,Yes (canonical frozen JSON record plus deterministic trial-table row locator),frozen_trial_registry_documents_v2.jsonl::trial_id=NCT07620405; document_id=CTGOV-NCT07620405-CUT-2026-09-10,2026-09-10 frozen registry cut,Controls trial protocol/status and posted registry results for this release; no cross-trial efficacy ranking.,"ClinicalTrials.gov. A Phase III, Multicenter, Open-Label Extension Study to Evaluate the Efficacy and Safety of MHB018A Injection in Subjects With Thyroid Eye Disease. NCT07620405. Frozen record at 2026-09-10. https://clinicaltrials.gov/study/NCT07620405",2026-09-10,2.0.0
911,v2_frozen_registry_record,"A Phase III, Randomized, Double-Masked, Placebo-Controlled Study to Evaluate the Efficacy of MHB018A Injection Treatment in Subjects With Active Moderate to Severe Thyroid Eye Disease.",ClinicalTrials.gov,2026-09-10 registry cut,2026,https://clinicaltrials.gov/study/NCT07622108,NA (no DOI),NCT07622108,official trial registry,A1 official registry,Frozen full protocol record; no posted results at data cut,Yes (canonical frozen JSON record plus deterministic trial-table row locator),frozen_trial_registry_documents_v2.jsonl::trial_id=NCT07622108; document_id=CTGOV-NCT07622108-CUT-2026-09-10,2026-09-10 frozen registry cut,Controls trial protocol/status and posted registry results for this release; no cross-trial efficacy ranking.,"ClinicalTrials.gov. A Phase III, Randomized, Double-Masked, Placebo-Controlled Study to Evaluate the Efficacy of MHB018A Injection Treatment in Subjects With Active Moderate to Severe Thyroid Eye Disease.. NCT07622108. Frozen record at 2026-09-10. https://clinicaltrials.gov/study/NCT07622108",2026-09-10,2.0.0
912,v2_frozen_registry_record,"A Phase III, Randomized, Double-Masked, Placebo-Controlled Study to Evaluate the Efficacy of MHB018A Injection Treatment in Subjects With Chronic Moderate-to-Severe Thyroid Eye Disease",ClinicalTrials.gov,2026-09-10 registry cut,2026,https://clinicaltrials.gov/study/NCT07622121,NA (no DOI),NCT07622121,official trial registry,A1 official registry,Frozen full protocol record; no posted results at data cut,Yes (canonical frozen JSON record plus deterministic trial-table row locator),frozen_trial_registry_documents_v2.jsonl::trial_id=NCT07622121; document_id=CTGOV-NCT07622121-CUT-2026-09-10,2026-09-10 frozen registry cut,Controls trial protocol/status and posted registry results for this release; no cross-trial efficacy ranking.,"ClinicalTrials.gov. A Phase III, Randomized, Double-Masked, Placebo-Controlled Study to Evaluate the Efficacy of MHB018A Injection Treatment in Subjects With Chronic Moderate-to-Severe Thyroid Eye Disease. NCT07622121. Frozen record at 2026-09-10. https://clinicaltrials.gov/study/NCT07622121",2026-09-10,2.0.0
913,v2_frozen_registry_record,"A Phase I Clinical Study to Evaluate the Safety, Tolerability, and Pharmacokinetics of Single and Multiple Ascending Doses of IBI3031 in Participants With Thyroid Eye Disease",ClinicalTrials.gov,2026-09-10 registry cut,2026,https://clinicaltrials.gov/study/NCT07622368,NA (no DOI),NCT07622368,official trial registry,A1 official registry,Frozen full protocol record; no posted results at data cut,Yes (canonical frozen JSON record plus deterministic trial-table row locator),frozen_trial_registry_documents_v2.jsonl::trial_id=NCT07622368; document_id=CTGOV-NCT07622368-CUT-2026-09-10,2026-09-10 frozen registry cut,Controls trial protocol/status and posted registry results for this release; no cross-trial efficacy ranking.,"ClinicalTrials.gov. A Phase I Clinical Study to Evaluate the Safety, Tolerability, and Pharmacokinetics of Single and Multiple Ascending Doses of IBI3031 in Participants With Thyroid Eye Disease. NCT07622368. Frozen record at 2026-09-10. https://clinicaltrials.gov/study/NCT07622368",2026-09-10,2.0.0
914,v2_frozen_registry_record,"A Phase 3, Double-blind, Multicenter, Randomized, Placebo-Controlled Study to Evaluate the Efficacy, Safety and Tolerability of BHV-1300 in the Treatment of Adults With Graves' Disease",ClinicalTrials.gov,2026-09-10 registry cut,2026,https://clinicaltrials.gov/study/NCT07661056,NA (no DOI),NCT07661056,official trial registry,A1 official registry,Frozen full protocol record; no posted results at data cut,Yes (canonical frozen JSON record plus deterministic trial-table row locator),frozen_trial_registry_documents_v2.jsonl::trial_id=NCT07661056; document_id=CTGOV-NCT07661056-CUT-2026-09-10,2026-09-10 frozen registry cut,Controls trial protocol/status and posted registry results for this release; no cross-trial efficacy ranking.,"ClinicalTrials.gov. A Phase 3, Double-blind, Multicenter, Randomized, Placebo-Controlled Study to Evaluate the Efficacy, Safety and Tolerability of BHV-1300 in the Treatment of Adults With Graves' Disease. NCT07661056. Frozen record at 2026-09-10. https://clinicaltrials.gov/study/NCT07661056",2026-09-10,2.0.0
915,v2_frozen_registry_record,"A Randomized, Blinded, Placebo-Controlled, Two-Part, Phase 2 Study to Assess Safety, Tolerability, Pharmacokinetics, and Efficacy of YB-101 in Participants With Graves' Disease",ClinicalTrials.gov,2026-09-10 registry cut,2026,https://clinicaltrials.gov/study/NCT07682896,NA (no DOI),NCT07682896,official trial registry,A1 official registry,Frozen full protocol record; no posted results at data cut,Yes (canonical frozen JSON record plus deterministic trial-table row locator),frozen_trial_registry_documents_v2.jsonl::trial_id=NCT07682896; document_id=CTGOV-NCT07682896-CUT-2026-09-10,2026-09-10 frozen registry cut,Controls trial protocol/status and posted registry results for this release; no cross-trial efficacy ranking.,"ClinicalTrials.gov. A Randomized, Blinded, Placebo-Controlled, Two-Part, Phase 2 Study to Assess Safety, Tolerability, Pharmacokinetics, and Efficacy of YB-101 in Participants With Graves' Disease. NCT07682896. Frozen record at 2026-09-10. https://clinicaltrials.gov/study/NCT07682896",2026-09-10,2.0.0
916,v2_frozen_registry_record,"A Multicenter, Randomized, Double-Blind, Placebo-Controlled Phase III Clinical Study to Evaluate the Efficacy and Safety of KHN939 in the Treatment of Moderate-to-Severe Active Thyroid Eye Disease (TED) in China",ClinicalTrials.gov,2026-09-10 registry cut,2026,https://clinicaltrials.gov/study/NCT07720635,NA (no DOI),NCT07720635,official trial registry,A1 official registry,Frozen full protocol record; no posted results at data cut,Yes (canonical frozen JSON record plus deterministic trial-table row locator),frozen_trial_registry_documents_v2.jsonl::trial_id=NCT07720635; document_id=CTGOV-NCT07720635-CUT-2026-09-10,2026-09-10 frozen registry cut,Controls trial protocol/status and posted registry results for this release; no cross-trial efficacy ranking.,"ClinicalTrials.gov. A Multicenter, Randomized, Double-Blind, Placebo-Controlled Phase III Clinical Study to Evaluate the Efficacy and Safety of KHN939 in the Treatment of Moderate-to-Severe Active Thyroid Eye Disease (TED) in China. NCT07720635. Frozen record at 2026-09-10. https://clinicaltrials.gov/study/NCT07720635",2026-09-10,2.0.0
917,v2_frozen_registry_record,"A Multicenter, Randomized, Double-masked, Placebo-Controlled Phase III Clinical Study to Evaluate the Efficacy and Safety of KHN939 in the Treatment of Moderate-to-Severe Inactive Thyroid Eye Disease (TED) in China.",ClinicalTrials.gov,2026-09-10 registry cut,2026,https://clinicaltrials.gov/study/NCT07720648,NA (no DOI),NCT07720648,official trial registry,A1 official registry,Frozen full protocol record; no posted results at data cut,Yes (canonical frozen JSON record plus deterministic trial-table row locator),frozen_trial_registry_documents_v2.jsonl::trial_id=NCT07720648; document_id=CTGOV-NCT07720648-CUT-2026-09-10,2026-09-10 frozen registry cut,Controls trial protocol/status and posted registry results for this release; no cross-trial efficacy ranking.,"ClinicalTrials.gov. A Multicenter, Randomized, Double-masked, Placebo-Controlled Phase III Clinical Study to Evaluate the Efficacy and Safety of KHN939 in the Treatment of Moderate-to-Severe Inactive Thyroid Eye Disease (TED) in China.. NCT07720648. Frozen record at 2026-09-10. https://clinicaltrials.gov/study/NCT07720648",2026-09-10,2.0.0
918,v2_frozen_registry_record,"A Placebo-Controlled, Multicenter, Randomized Phase 2 Trial Evaluating the Efficacy and Safety of Felzartamab Compared to Placebo in Adult Participants With Graves' Disease",ClinicalTrials.gov,2026-09-10 registry cut,2026,https://clinicaltrials.gov/study/NCT07722546,NA (no DOI),NCT07722546,official trial registry,A1 official registry,Frozen full protocol record; no posted results at data cut,Yes (canonical frozen JSON record plus deterministic trial-table row locator),frozen_trial_registry_documents_v2.jsonl::trial_id=NCT07722546; document_id=CTGOV-NCT07722546-CUT-2026-09-10,2026-09-10 frozen registry cut,Controls trial protocol/status and posted registry results for this release; no cross-trial efficacy ranking.,"ClinicalTrials.gov. A Placebo-Controlled, Multicenter, Randomized Phase 2 Trial Evaluating the Efficacy and Safety of Felzartamab Compared to Placebo in Adult Participants With Graves' Disease. NCT07722546. Frozen record at 2026-09-10. https://clinicaltrials.gov/study/NCT07722546",2026-09-10,2.0.0
919,v2_frozen_registry_record,"A Phase 3, Randomized, Double-mask, Placebo-controlled Study With Open-label Extension to Evaluate the Efficacy and Safety of Linsitinib in Participants With Moderate to Severe Active Thyroid Eye Disease (TED)",ClinicalTrials.gov,2026-09-10 registry cut,2026,https://clinicaltrials.gov/study/NCT07753603,NA (no DOI),NCT07753603,official trial registry,A1 official registry,Frozen full protocol record; no posted results at data cut,Yes (canonical frozen JSON record plus deterministic trial-table row locator),frozen_trial_registry_documents_v2.jsonl::trial_id=NCT07753603; document_id=CTGOV-NCT07753603-CUT-2026-09-10,2026-09-10 frozen registry cut,Controls trial protocol/status and posted registry results for this release; no cross-trial efficacy ranking.,"ClinicalTrials.gov. A Phase 3, Randomized, Double-mask, Placebo-controlled Study With Open-label Extension to Evaluate the Efficacy and Safety of Linsitinib in Participants With Moderate to Severe Active Thyroid Eye Disease (TED). NCT07753603. Frozen record at 2026-09-10. https://clinicaltrials.gov/study/NCT07753603",2026-09-10,2.0.0
920,v2_frozen_registry_record,"Adjunctive Atorvastatin in Moderate-to-severe Thyroid Eye Disease (SEMAR-TED: Structural, Biomarker Expression and Muscle Endpoints of Atorvastatin): Study Protocol for a Randomised, Open-label, Assessor-masked Controlled Trial",ClinicalTrials.gov,2026-09-10 registry cut,2026,https://clinicaltrials.gov/study/NCT07762105,NA (no DOI),NCT07762105,official trial registry,A1 official registry,Frozen full protocol record; no posted results at data cut,Yes (canonical frozen JSON record plus deterministic trial-table row locator),frozen_trial_registry_documents_v2.jsonl::trial_id=NCT07762105; document_id=CTGOV-NCT07762105-CUT-2026-09-10,2026-09-10 frozen registry cut,Controls trial protocol/status and posted registry results for this release; no cross-trial efficacy ranking.,"ClinicalTrials.gov. Adjunctive Atorvastatin in Moderate-to-severe Thyroid Eye Disease (SEMAR-TED: Structural, Biomarker Expression and Muscle Endpoints of Atorvastatin): Study Protocol for a Randomised, Open-label, Assessor-masked Controlled Trial. NCT07762105. Frozen record at 2026-09-10. https://clinicaltrials.gov/study/NCT07762105",2026-09-10,2.0.0
