slide,section,supported_title,row,claim,evidence_grade,source_ids,source_urls,as_of,scope_caveat
2,핵심 판단,GD와 TED는 같은 자가항체 축에서 다른 치료 공백을 보인다,1,GD | ATD는 호르몬 생성을 억제하지만 자가항체 생성 자체를 선택적으로 제거하지 않음 | 호르몬 조절과 ATD 중단 후 지속 관해를 별도 endpoint로 설정,D,D01;D09;D11;D15,https://github.com/bioJain/GD_TED/blob/main/01_competitive_landscape/gd_line_of_therapy.md;https://github.com/bioJain/GD_TED/blob/main/03_mechanism_deepdive/igf1r_autoantigen_review.md;https://github.com/bioJain/GD_TED/blob/main/03_mechanism_deepdive/tshr_igf1r_crosstalk_deepdive.md;https://github.com/bioJain/GD_TED/blob/main/05_etpd_molecular_design/benchmark_spec_deepdive.md,2026-10-01,Our view: 기전 연결은 연구 가설이며 임상 성공 예측 아님.
2,핵심 판단,GD와 TED는 같은 자가항체 축에서 다른 치료 공백을 보인다,2,TED | IGF1R 차단의 proptosis 개선은 검증됨. 자가항체 자체가 IGF1R agonist라는 증거는 제한적 | TSAb 제거 효과를 IGF1R 차단 효과와 동일시하지 않음,D,D01;D09;D11;D15,https://github.com/bioJain/GD_TED/blob/main/01_competitive_landscape/gd_line_of_therapy.md;https://github.com/bioJain/GD_TED/blob/main/03_mechanism_deepdive/igf1r_autoantigen_review.md;https://github.com/bioJain/GD_TED/blob/main/03_mechanism_deepdive/tshr_igf1r_crosstalk_deepdive.md;https://github.com/bioJain/GD_TED/blob/main/05_etpd_molecular_design/benchmark_spec_deepdive.md,2026-10-01,Our view: 기전 연결은 연구 가설이며 임상 성공 예측 아님.
2,핵심 판단,GD와 TED는 같은 자가항체 축에서 다른 치료 공백을 보인다,3,"eTPD | 항원 특이성, 정상 TSH 보존, 선택적 제거를 동시에 입증해야 함 | polyclonal TSAb 제거와 functional activity 감소를 우선 평가",D,D01;D09;D11;D15,https://github.com/bioJain/GD_TED/blob/main/01_competitive_landscape/gd_line_of_therapy.md;https://github.com/bioJain/GD_TED/blob/main/03_mechanism_deepdive/igf1r_autoantigen_review.md;https://github.com/bioJain/GD_TED/blob/main/03_mechanism_deepdive/tshr_igf1r_crosstalk_deepdive.md;https://github.com/bioJain/GD_TED/blob/main/05_etpd_molecular_design/benchmark_spec_deepdive.md,2026-10-01,Our view: 기전 연결은 연구 가설이며 임상 성공 예측 아님.
3,핵심 판단,임상 성공 기준은 항체 감소보다 지속적인 질환 개선이다,1,TED 경쟁 | IV IGF1R 항체 승인 및 SC IGF1R Phase 3 topline 공개 | route와 빈도만으로 효능 우위를 주장할 수 없음,D,D04;D06;D13;D15;P02;P03,https://github.com/bioJain/GD_TED/blob/main/01_competitive_landscape/moa_phase_matrix_extended.md;https://github.com/bioJain/GD_TED/blob/main/02_ted_fcrn_strategy/fcrn_entry_strategy_ir_review.md;https://github.com/bioJain/GD_TED/blob/main/04_tam_sam_pricing/tam_sam_revision.md;https://github.com/bioJain/GD_TED/blob/main/05_etpd_molecular_design/benchmark_spec_deepdive.md;https://investors.viridiantherapeutics.com/news/news-details/2026/Viridian-Therapeutics-Announces-Positive-Topline-Results-from-Elegrobart-Phase-3-REVEAL1-Clinical-Trial-in-Active-Thyroid-Eye-Disease/default.aspx;https://investors.viridiantherapeutics.com/news/news-details/2026/Viridian-Therapeutics-Announces-Positive-Topline-Results-from-Elegrobart-Phase-3-REVEAL2-Clinical-Trial-in-Chronic-Thyroid-Eye-Disease/default.aspx,2026-10-01,Our view. 회사 topline은 peer-reviewed 결과 및 등록부 상세 결과와 구분.
3,핵심 판단,임상 성공 기준은 항체 감소보다 지속적인 질환 개선이다,2,FcRn | TED batoclimab Phase 3 실패와 GD efgartigimod Phase 3 진행 병존 | 질환과 endpoint를 구분해 클래스 가능성을 평가,D,D04;D06;D13;D15;P02;P03,https://github.com/bioJain/GD_TED/blob/main/01_competitive_landscape/moa_phase_matrix_extended.md;https://github.com/bioJain/GD_TED/blob/main/02_ted_fcrn_strategy/fcrn_entry_strategy_ir_review.md;https://github.com/bioJain/GD_TED/blob/main/04_tam_sam_pricing/tam_sam_revision.md;https://github.com/bioJain/GD_TED/blob/main/05_etpd_molecular_design/benchmark_spec_deepdive.md;https://investors.viridiantherapeutics.com/news/news-details/2026/Viridian-Therapeutics-Announces-Positive-Topline-Results-from-Elegrobart-Phase-3-REVEAL1-Clinical-Trial-in-Active-Thyroid-Eye-Disease/default.aspx;https://investors.viridiantherapeutics.com/news/news-details/2026/Viridian-Therapeutics-Announces-Positive-Topline-Results-from-Elegrobart-Phase-3-REVEAL2-Clinical-Trial-in-Chronic-Thyroid-Eye-Disease/default.aspx,2026-10-01,Our view. 회사 topline은 peer-reviewed 결과 및 등록부 상세 결과와 구분.
3,핵심 판단,임상 성공 기준은 항체 감소보다 지속적인 질환 개선이다,3,"설계 | MER511, LCA0321 등 항원 특이적 접근과 broad IgG degrader 병존 | 선택성 대 빠른 제거 및 면역글로불린 보존의 trade-off 검증",D,D04;D06;D13;D15;P02;P03,https://github.com/bioJain/GD_TED/blob/main/01_competitive_landscape/moa_phase_matrix_extended.md;https://github.com/bioJain/GD_TED/blob/main/02_ted_fcrn_strategy/fcrn_entry_strategy_ir_review.md;https://github.com/bioJain/GD_TED/blob/main/04_tam_sam_pricing/tam_sam_revision.md;https://github.com/bioJain/GD_TED/blob/main/05_etpd_molecular_design/benchmark_spec_deepdive.md;https://investors.viridiantherapeutics.com/news/news-details/2026/Viridian-Therapeutics-Announces-Positive-Topline-Results-from-Elegrobart-Phase-3-REVEAL1-Clinical-Trial-in-Active-Thyroid-Eye-Disease/default.aspx;https://investors.viridiantherapeutics.com/news/news-details/2026/Viridian-Therapeutics-Announces-Positive-Topline-Results-from-Elegrobart-Phase-3-REVEAL2-Clinical-Trial-in-Chronic-Thyroid-Eye-Disease/default.aspx,2026-10-01,Our view. 회사 topline은 peer-reviewed 결과 및 등록부 상세 결과와 구분.
3,핵심 판단,임상 성공 기준은 항체 감소보다 지속적인 질환 개선이다,4,"시장 | 유병 stock, 신규 flow, serology proxy와 매출 TAM의 분모가 다름 | GD/TED TAM 합산과 항체 양성률의 clinical SAM 대체를 보류",D,D04;D06;D13;D15;P02;P03,https://github.com/bioJain/GD_TED/blob/main/01_competitive_landscape/moa_phase_matrix_extended.md;https://github.com/bioJain/GD_TED/blob/main/02_ted_fcrn_strategy/fcrn_entry_strategy_ir_review.md;https://github.com/bioJain/GD_TED/blob/main/04_tam_sam_pricing/tam_sam_revision.md;https://github.com/bioJain/GD_TED/blob/main/05_etpd_molecular_design/benchmark_spec_deepdive.md;https://investors.viridiantherapeutics.com/news/news-details/2026/Viridian-Therapeutics-Announces-Positive-Topline-Results-from-Elegrobart-Phase-3-REVEAL1-Clinical-Trial-in-Active-Thyroid-Eye-Disease/default.aspx;https://investors.viridiantherapeutics.com/news/news-details/2026/Viridian-Therapeutics-Announces-Positive-Topline-Results-from-Elegrobart-Phase-3-REVEAL2-Clinical-Trial-in-Chronic-Thyroid-Eye-Disease/default.aspx,2026-10-01,Our view. 회사 topline은 peer-reviewed 결과 및 등록부 상세 결과와 구분.
4,읽는 법,질환에서 설계 판단까지 여섯 단계로 연결한다,1,"1. 질환과 환자 | GD와 TED의 병태와 환자 분모는 무엇인가 | JHA-70, 71, 87",D,D01;D15,https://github.com/bioJain/GD_TED/blob/main/01_competitive_landscape/gd_line_of_therapy.md;https://github.com/bioJain/GD_TED/blob/main/05_etpd_molecular_design/benchmark_spec_deepdive.md,2026-10-01,
4,읽는 법,질환에서 설계 판단까지 여섯 단계로 연결한다,2,2. 기전 | TSHR–IGF1R 연계와 세포 운명에서 입증된 범위는 어디까지인가 | JHA-77–80,D,D01;D15,https://github.com/bioJain/GD_TED/blob/main/01_competitive_landscape/gd_line_of_therapy.md;https://github.com/bioJain/GD_TED/blob/main/05_etpd_molecular_design/benchmark_spec_deepdive.md,2026-10-01,
4,읽는 법,질환에서 설계 판단까지 여섯 단계로 연결한다,3,3. 치료와 경쟁 | SoC의 한계와 임상 endpoint는 무엇인가 | JHA-72–75,D,D01;D15,https://github.com/bioJain/GD_TED/blob/main/01_competitive_landscape/gd_line_of_therapy.md;https://github.com/bioJain/GD_TED/blob/main/05_etpd_molecular_design/benchmark_spec_deepdive.md,2026-10-01,
4,읽는 법,질환에서 설계 판단까지 여섯 단계로 연결한다,4,"4. 안전성과 시장 | 효능 외 제약과 가격 및 환자 pool은 무엇인가 | JHA-76, 81, 82",D,D01;D15,https://github.com/bioJain/GD_TED/blob/main/01_competitive_landscape/gd_line_of_therapy.md;https://github.com/bioJain/GD_TED/blob/main/05_etpd_molecular_design/benchmark_spec_deepdive.md,2026-10-01,
4,읽는 법,질환에서 설계 판단까지 여섯 단계로 연결한다,5,"5. eTPD 설계 | benchmark에서 이전할 수 있는 속성과 미확인 속성은 무엇인가 | JHA-83, 84",D,D01;D15,https://github.com/bioJain/GD_TED/blob/main/01_competitive_landscape/gd_line_of_therapy.md;https://github.com/bioJain/GD_TED/blob/main/05_etpd_molecular_design/benchmark_spec_deepdive.md,2026-10-01,
4,읽는 법,질환에서 설계 판단까지 여섯 단계로 연결한다,6,"6. 다음 결정 | 선택성, 제거 경로, 지속성의 어떤 실험이 필요한가 | JHA-85, 88은 제안만",D,D01;D15,https://github.com/bioJain/GD_TED/blob/main/01_competitive_landscape/gd_line_of_therapy.md;https://github.com/bioJain/GD_TED/blob/main/05_etpd_molecular_design/benchmark_spec_deepdive.md,2026-10-01,
5,근거 관리,근거 등급과 분모를 모든 핵심 주장에 붙인다,1,"A | 논문, 규제 문서, 등록부 결과 등 직접 확인 가능한 자료 | PMID, NCT 및 허가 label; 해당 근거의 설계 한계는 유지",D,D13,https://github.com/bioJain/GD_TED/blob/main/04_tam_sam_pricing/tam_sam_revision.md,2026-10-01,페이지 등급은 해당 슬라이드에서 가장 약한 핵심 근거 기준. 국내 허가/급여와 미국 FDA label을 혼용하지 않음.
5,근거 관리,근거 등급과 분모를 모든 핵심 주장에 붙인다,2,"B | 회사 보도자료 및 IR의 공개 데이터 | elegrobart topline, 초기 pipeline 계획",D,D13,https://github.com/bioJain/GD_TED/blob/main/04_tam_sam_pricing/tam_sam_revision.md,2026-10-01,페이지 등급은 해당 슬라이드에서 가장 약한 핵심 근거 기준. 국내 허가/급여와 미국 FDA label을 혼용하지 않음.
5,근거 관리,근거 등급과 분모를 모든 핵심 주장에 붙인다,3,"C | 2차 자료 및 검증이 제한된 공개 요약 | 역사적 WAC, 회사 인터뷰 기반 가격",D,D13,https://github.com/bioJain/GD_TED/blob/main/04_tam_sam_pricing/tam_sam_revision.md,2026-10-01,페이지 등급은 해당 슬라이드에서 가장 약한 핵심 근거 기준. 국내 허가/급여와 미국 FDA label을 혼용하지 않음.
5,근거 관리,근거 등급과 분모를 모든 핵심 주장에 붙인다,4,"D | 모델, 해석과 연구 제안 | TAM/SAM proxy, eTPD 설계 제안",D,D13,https://github.com/bioJain/GD_TED/blob/main/04_tam_sam_pricing/tam_sam_revision.md,2026-10-01,페이지 등급은 해당 슬라이드에서 가장 약한 핵심 근거 기준. 국내 허가/급여와 미국 FDA label을 혼용하지 않음.
5,근거 관리,근거 등급과 분모를 모든 핵심 주장에 붙인다,5,E 표기 | 추정치 또는 시나리오 계산 | 연간 flow와 serology ceiling; 고유 환자 수로 간주하지 않음,D,D13,https://github.com/bioJain/GD_TED/blob/main/04_tam_sam_pricing/tam_sam_revision.md,2026-10-01,페이지 등급은 해당 슬라이드에서 가장 약한 핵심 근거 기준. 국내 허가/급여와 미국 FDA label을 혼용하지 않음.
6,질환,GD의 호르몬 과다와 TED의 조직 변화는 분리 평가한다,1,"주요 병태 | TSAb에 의한 TSHR 자극과 갑상선 호르몬 과다 | 안와 fibroblast 활성, HA 축적, 지방과 근육 변화",A,D01;D02;D11,https://github.com/bioJain/GD_TED/blob/main/01_competitive_landscape/gd_line_of_therapy.md;https://github.com/bioJain/GD_TED/blob/main/01_competitive_landscape/ted_line_of_therapy.md;https://github.com/bioJain/GD_TED/blob/main/03_mechanism_deepdive/tshr_igf1r_crosstalk_deepdive.md,2026-10-01,
6,질환,GD의 호르몬 과다와 TED의 조직 변화는 분리 평가한다,2,"표적 조직 | 갑상선 follicular cell | 안와 지방, 외안근 및 결합 조직",A,D01;D02;D11,https://github.com/bioJain/GD_TED/blob/main/01_competitive_landscape/gd_line_of_therapy.md;https://github.com/bioJain/GD_TED/blob/main/01_competitive_landscape/ted_line_of_therapy.md;https://github.com/bioJain/GD_TED/blob/main/03_mechanism_deepdive/tshr_igf1r_crosstalk_deepdive.md,2026-10-01,
6,질환,GD의 호르몬 과다와 TED의 조직 변화는 분리 평가한다,3,"주요 임상 출력 | FT4/T3/TSH, 증상, ATD 필요성 | proptosis, diplopia, CAS, 시신경 기능",A,D01;D02;D11,https://github.com/bioJain/GD_TED/blob/main/01_competitive_landscape/gd_line_of_therapy.md;https://github.com/bioJain/GD_TED/blob/main/01_competitive_landscape/ted_line_of_therapy.md;https://github.com/bioJain/GD_TED/blob/main/03_mechanism_deepdive/tshr_igf1r_crosstalk_deepdive.md,2026-10-01,
6,질환,GD의 호르몬 과다와 TED의 조직 변화는 분리 평가한다,4,항체 해석 | binding TRAb와 stimulating TSAb는 같은 검사 아님 | TRAb 연관성은 있으나 TED 활성이나 반응을 완전히 설명하지 못함,A,D01;D02;D11,https://github.com/bioJain/GD_TED/blob/main/01_competitive_landscape/gd_line_of_therapy.md;https://github.com/bioJain/GD_TED/blob/main/01_competitive_landscape/ted_line_of_therapy.md;https://github.com/bioJain/GD_TED/blob/main/03_mechanism_deepdive/tshr_igf1r_crosstalk_deepdive.md,2026-10-01,
6,질환,GD의 호르몬 과다와 TED의 조직 변화는 분리 평가한다,5,"성공 기준 | ATD 중단 후 정상 갑상선 기능과 지속 관해 | 염증, 돌출, 복시와 삶의 질 개선 및 재발 억제",A,D01;D02;D11,https://github.com/bioJain/GD_TED/blob/main/01_competitive_landscape/gd_line_of_therapy.md;https://github.com/bioJain/GD_TED/blob/main/01_competitive_landscape/ted_line_of_therapy.md;https://github.com/bioJain/GD_TED/blob/main/03_mechanism_deepdive/tshr_igf1r_crosstalk_deepdive.md,2026-10-01,
7,질환,진단과 trial eligibility를 같은 기준으로 보지 않는다,1,"GD | TSH 감소, FT4/T3 증가 및 TRAb/TSAb와 영상의 맥락 | 호르몬 normal range, ATD 용량 및 중단 규칙",A,D01;D02;D11,https://github.com/bioJain/GD_TED/blob/main/01_competitive_landscape/gd_line_of_therapy.md;https://github.com/bioJain/GD_TED/blob/main/01_competitive_landscape/ted_line_of_therapy.md;https://github.com/bioJain/GD_TED/blob/main/03_mechanism_deepdive/tshr_igf1r_crosstalk_deepdive.md,2026-10-01,
7,질환,진단과 trial eligibility를 같은 기준으로 보지 않는다,2,"TED | 안과 소견, 갑상선/자가항체 상태 및 필요 시 영상 | 발병 기간, CAS, proptosis 기준, 이전 치료",A,D01;D02;D11,https://github.com/bioJain/GD_TED/blob/main/01_competitive_landscape/gd_line_of_therapy.md;https://github.com/bioJain/GD_TED/blob/main/01_competitive_landscape/ted_line_of_therapy.md;https://github.com/bioJain/GD_TED/blob/main/03_mechanism_deepdive/tshr_igf1r_crosstalk_deepdive.md,2026-10-01,
7,질환,진단과 trial eligibility를 같은 기준으로 보지 않는다,3,항체 | binding TRAb는 stimulating/blocking activity를 분리하지 못함 | 총 TRAb와 functional TSAb assay를 별도 PD로 수집,A,D01;D02;D11,https://github.com/bioJain/GD_TED/blob/main/01_competitive_landscape/gd_line_of_therapy.md;https://github.com/bioJain/GD_TED/blob/main/01_competitive_landscape/ted_line_of_therapy.md;https://github.com/bioJain/GD_TED/blob/main/03_mechanism_deepdive/tshr_igf1r_crosstalk_deepdive.md,2026-10-01,
7,질환,진단과 trial eligibility를 같은 기준으로 보지 않는다,4,"활동성 | CAS와 최근 진행, 통증/발적 등 종합 | CAS가 낮다는 이유만으로 모든 환자를 inactive로 정의하지 않음",A,D01;D02;D11,https://github.com/bioJain/GD_TED/blob/main/01_competitive_landscape/gd_line_of_therapy.md;https://github.com/bioJain/GD_TED/blob/main/01_competitive_landscape/ted_line_of_therapy.md;https://github.com/bioJain/GD_TED/blob/main/03_mechanism_deepdive/tshr_igf1r_crosstalk_deepdive.md,2026-10-01,
7,질환,진단과 trial eligibility를 같은 기준으로 보지 않는다,5,중증도 | 시력 위협과 기능/삶의 질 저하 | DON과 chronic stable phenotype을 active trial에 외삽하지 않음,A,D01;D02;D11,https://github.com/bioJain/GD_TED/blob/main/01_competitive_landscape/gd_line_of_therapy.md;https://github.com/bioJain/GD_TED/blob/main/01_competitive_landscape/ted_line_of_therapy.md;https://github.com/bioJain/GD_TED/blob/main/03_mechanism_deepdive/tshr_igf1r_crosstalk_deepdive.md,2026-10-01,
8,질환,TED는 활동성과 중증도 두 축으로 치료가 갈린다,1,"Mild | 일상 영향이 상대적으로 작음 | 국소 치료, 위험 인자 조절; 일부 지역 selenium",A,D02,https://github.com/bioJain/GD_TED/blob/main/01_competitive_landscape/ted_line_of_therapy.md,2026-10-01,EUGOGO 2021과 ATA/ETA consensus의 정의 및 지역 차이를 구분.
8,질환,TED는 활동성과 중증도 두 축으로 치료가 갈린다,2,"Moderate-to-severe | 시력 위협은 없으나 면역 치료/수술이 정당화될 기능 부담 | 활동성, proptosis, diplopia 및 접근성에 맞춘 치료",A,D02,https://github.com/bioJain/GD_TED/blob/main/01_competitive_landscape/ted_line_of_therapy.md,2026-10-01,EUGOGO 2021과 ATA/ETA consensus의 정의 및 지역 차이를 구분.
8,질환,TED는 활동성과 중증도 두 축으로 치료가 갈린다,3,Sight-threatening | dysthyroid optic neuropathy 또는 심각한 각막 문제 | 고용량 IV steroid 및 빠른 decompression 판단,A,D02,https://github.com/bioJain/GD_TED/blob/main/01_competitive_landscape/ted_line_of_therapy.md,2026-10-01,EUGOGO 2021과 ATA/ETA consensus의 정의 및 지역 차이를 구분.
8,질환,TED는 활동성과 중증도 두 축으로 치료가 갈린다,4,Active | 통상 초기 7항목 CAS ≥3; 진행 소견과 함께 해석 | 항염증과 면역 표적 치료의 평가 집단,A,D02,https://github.com/bioJain/GD_TED/blob/main/01_competitive_landscape/ted_line_of_therapy.md,2026-10-01,EUGOGO 2021과 ATA/ETA consensus의 정의 및 지역 차이를 구분.
8,질환,TED는 활동성과 중증도 두 축으로 치료가 갈린다,5,Chronic stable | 염증 활성은 낮아도 돌출/복시가 잔존 가능 | 재건 수술 및 허가 범위 내 표적 치료 판단,A,D02,https://github.com/bioJain/GD_TED/blob/main/01_competitive_landscape/ted_line_of_therapy.md,2026-10-01,EUGOGO 2021과 ATA/ETA consensus의 정의 및 지역 차이를 구분.
9,환자 분모,역학 수치는 일반 인구와 GD 환자 분모를 구분해야 한다,1,GD 일반 성인 유병률 | 약 0.5–1.5% | 리뷰 범위; 국가별 직접 측정치와 다름,A,D05,https://github.com/bioJain/GD_TED/blob/main/01_competitive_landscape/addressable_population_crosscheck.md,2026-10-01,
9,환자 분모,역학 수치는 일반 인구와 GD 환자 분모를 구분해야 한다,2,"GD Denmark / Sweden incidence | 26.8 / 21.4 per 100,000/year | 서로 다른 지역 관찰",A,D05,https://github.com/bioJain/GD_TED/blob/main/01_competitive_landscape/addressable_population_crosscheck.md,2026-10-01,
9,환자 분모,역학 수치는 일반 인구와 GD 환자 분모를 구분해야 한다,3,"TED Olmsted 2005–2020 | incidence 5 / prevalence 65 per 100,000 | 최근 코호트; 과거 여성 16/남성 2.9 incidence와 혼용 금지",A,D05,https://github.com/bioJain/GD_TED/blob/main/01_competitive_landscape/addressable_population_crosscheck.md,2026-10-01,
9,환자 분모,역학 수치는 일반 인구와 GD 환자 분모를 구분해야 한다,4,"TED Japan prevalence | 24.65–37.58 per 100,000 | 자료 정의와 연도별 차이",A,D05,https://github.com/bioJain/GD_TED/blob/main/01_competitive_landscape/addressable_population_crosscheck.md,2026-10-01,
9,환자 분모,역학 수치는 일반 인구와 GD 환자 분모를 구분해야 한다,5,"Korea TAO incidence | 6.84 per 100,000/year | 청구/진단 기반 자료와 연구 대상 확인",A,D05,https://github.com/bioJain/GD_TED/blob/main/01_competitive_landscape/addressable_population_crosscheck.md,2026-10-01,
9,환자 분모,역학 수치는 일반 인구와 GD 환자 분모를 구분해야 한다,6,"GD 관련 TED pooled | 40%; 57 studies, n=26,804 | GD 환자 분모; 일반 인구 prevalence 아님",A,D05,https://github.com/bioJain/GD_TED/blob/main/01_competitive_landscape/addressable_population_crosscheck.md,2026-10-01,
10,환자 분모,지역별 pool은 수요의 상한이며 치료 적격군이 아니다,1,2024 7MM GD model | 약 3.96 million | 전체 유병 stock; 연간 신규 환자와 구분,D,D05;D13,https://github.com/bioJain/GD_TED/blob/main/01_competitive_landscape/addressable_population_crosscheck.md;https://github.com/bioJain/GD_TED/blob/main/04_tam_sam_pricing/tam_sam_revision.md,2026-10-01,
10,환자 분모,지역별 pool은 수요의 상한이며 치료 적격군이 아니다,2,"7MM TED model | 196,000–516,000 | 다른 정의의 범위; 19,600–51,600으로 읽지 않음",D,D05;D13,https://github.com/bioJain/GD_TED/blob/main/01_competitive_landscape/addressable_population_crosscheck.md;https://github.com/bioJain/GD_TED/blob/main/04_tam_sam_pricing/tam_sam_revision.md,2026-10-01,
10,환자 분모,지역별 pool은 수요의 상한이며 치료 적격군이 아니다,3,7MM GD-linked TED | 약 1.35 million | mild 포함 가능한 broader 정의,D,D05;D13,https://github.com/bioJain/GD_TED/blob/main/01_competitive_landscape/addressable_population_crosscheck.md;https://github.com/bioJain/GD_TED/blob/main/04_tam_sam_pricing/tam_sam_revision.md,2026-10-01,
10,환자 분모,지역별 pool은 수요의 상한이며 치료 적격군이 아니다,4,US GD | 약 1.7 million all-age / 1.31 million adult workbook | 모델의 연령 분모 차이,D,D05;D13,https://github.com/bioJain/GD_TED/blob/main/01_competitive_landscape/addressable_population_crosscheck.md;https://github.com/bioJain/GD_TED/blob/main/04_tam_sam_pricing/tam_sam_revision.md,2026-10-01,
10,환자 분모,지역별 pool은 수요의 상한이며 치료 적격군이 아니다,5,"Korea GD/TED model | GD 약 100,000; TED 13,000–34,000 | 치료 적격성을 추가 확인해야 함",D,D05;D13,https://github.com/bioJain/GD_TED/blob/main/01_competitive_landscape/addressable_population_crosscheck.md;https://github.com/bioJain/GD_TED/blob/main/04_tam_sam_pricing/tam_sam_revision.md,2026-10-01,
10,환자 분모,지역별 pool은 수요의 상한이며 치료 적격군이 아니다,6,Korea GD cohort | 818명 중 TED 135명 (16.5%) | 단일 코호트 비율을 전 국민 pool에 바로 적용하지 않음,D,D05;D13,https://github.com/bioJain/GD_TED/blob/main/01_competitive_landscape/addressable_population_crosscheck.md;https://github.com/bioJain/GD_TED/blob/main/04_tam_sam_pricing/tam_sam_revision.md,2026-10-01,
11,구조,안와 공간의 변화는 돌출과 압박 위험으로 연결된다,1,외안근 | 운동 제한과 diplopia; apex 압박 위험,A,D02;D10,https://github.com/bioJain/GD_TED/blob/main/01_competitive_landscape/ted_line_of_therapy.md;https://github.com/bioJain/GD_TED/blob/main/03_mechanism_deepdive/orbital_fibroblast_igf1r_maturity.md,2026-10-01,
11,구조,안와 공간의 변화는 돌출과 압박 위험으로 연결된다,2,안와 지방/결합 조직 | HA 관련 수분 축적과 지방 증가에 의한 체적 변화,A,D02;D10,https://github.com/bioJain/GD_TED/blob/main/01_competitive_landscape/ted_line_of_therapy.md;https://github.com/bioJain/GD_TED/blob/main/03_mechanism_deepdive/orbital_fibroblast_igf1r_maturity.md,2026-10-01,
11,구조,안와 공간의 변화는 돌출과 압박 위험으로 연결된다,3,안와 apex | 공간 제약과 시신경 압박의 맥락,A,D02;D10,https://github.com/bioJain/GD_TED/blob/main/01_competitive_landscape/ted_line_of_therapy.md;https://github.com/bioJain/GD_TED/blob/main/03_mechanism_deepdive/orbital_fibroblast_igf1r_maturity.md,2026-10-01,
11,구조,안와 공간의 변화는 돌출과 압박 위험으로 연결된다,4,검증 경계 | 해부학 연결과 특정 약물의 조직별 효과를 동일시하지 않음,A,D02;D10,https://github.com/bioJain/GD_TED/blob/main/01_competitive_landscape/ted_line_of_therapy.md;https://github.com/bioJain/GD_TED/blob/main/03_mechanism_deepdive/orbital_fibroblast_igf1r_maturity.md,2026-10-01,
12,조직,Orbital fibroblast는 염증과 조직 변화의 연결점이다,1,TSHR–IGF1R | 기능적 crosstalk와 HA 생성에 대한 인간 OF 근거,A,D10;D11,https://github.com/bioJain/GD_TED/blob/main/03_mechanism_deepdive/orbital_fibroblast_igf1r_maturity.md;https://github.com/bioJain/GD_TED/blob/main/03_mechanism_deepdive/tshr_igf1r_crosstalk_deepdive.md,2026-10-01,
12,조직,Orbital fibroblast는 염증과 조직 변화의 연결점이다,2,면역세포–OF | cytokine과 receptor signaling의 상호작용,A,D10;D11,https://github.com/bioJain/GD_TED/blob/main/03_mechanism_deepdive/orbital_fibroblast_igf1r_maturity.md;https://github.com/bioJain/GD_TED/blob/main/03_mechanism_deepdive/tshr_igf1r_crosstalk_deepdive.md,2026-10-01,
12,조직,Orbital fibroblast는 염증과 조직 변화의 연결점이다,3,CD34 | fibrocyte 관련 세포군과 기능적 다양성의 축,A,D10;D11,https://github.com/bioJain/GD_TED/blob/main/03_mechanism_deepdive/orbital_fibroblast_igf1r_maturity.md;https://github.com/bioJain/GD_TED/blob/main/03_mechanism_deepdive/tshr_igf1r_crosstalk_deepdive.md,2026-10-01,
12,조직,Orbital fibroblast는 염증과 조직 변화의 연결점이다,4,Thy-1/CD90 | adipogenic/myofibroblast fate와 연관된 별도 축,A,D10;D11,https://github.com/bioJain/GD_TED/blob/main/03_mechanism_deepdive/orbital_fibroblast_igf1r_maturity.md;https://github.com/bioJain/GD_TED/blob/main/03_mechanism_deepdive/tshr_igf1r_crosstalk_deepdive.md,2026-10-01,
12,조직,Orbital fibroblast는 염증과 조직 변화의 연결점이다,5,해석 | CD34와 Thy-1 분류를 같은 세포 분류로 합치지 않음,A,D10;D11,https://github.com/bioJain/GD_TED/blob/main/03_mechanism_deepdive/orbital_fibroblast_igf1r_maturity.md;https://github.com/bioJain/GD_TED/blob/main/03_mechanism_deepdive/tshr_igf1r_crosstalk_deepdive.md,2026-10-01,
13,세포 운명,지방화와 섬유화의 IGF1R 인과 근거는 다르다,1,Adipogenesis | 인간 orbital adipose-derived stem cell에서 IGF1R 특이적 개입 근거 존재,A,D10,https://github.com/bioJain/GD_TED/blob/main/03_mechanism_deepdive/orbital_fibroblast_igf1r_maturity.md,2026-10-01,
13,세포 운명,지방화와 섬유화의 IGF1R 인과 근거는 다르다,2,Myofibroblast | TGFβ 중심 근거가 강함; IGF1R 직접 인과성은 제한적,A,D10,https://github.com/bioJain/GD_TED/blob/main/03_mechanism_deepdive/orbital_fibroblast_igf1r_maturity.md,2026-10-01,
13,세포 운명,지방화와 섬유화의 IGF1R 인과 근거는 다르다,3,Thy-1/CD90 | Thy-1+의 myofibroblast 반응과 Thy-1−의 adipogenic 성향,A,D10,https://github.com/bioJain/GD_TED/blob/main/03_mechanism_deepdive/orbital_fibroblast_igf1r_maturity.md,2026-10-01,
13,세포 운명,지방화와 섬유화의 IGF1R 인과 근거는 다르다,4,"분석 경계 | PI3K, FOXO1 또는 dual IGF1R/IR 억제 결과를 IGF1R 단독 인과로 단정하지 않음",A,D10,https://github.com/bioJain/GD_TED/blob/main/03_mechanism_deepdive/orbital_fibroblast_igf1r_maturity.md,2026-10-01,
14,세포 운명,Adipogenesis 근거는 있어도 fibrosis 검증은 남아 있다,1,Zhao 2013 / PMID 23219871 | IGF1R 개입과 지방화 지표; 인간 OADSC | donor 다양성과 TSAb 조건에서 재현되는가,A,D10,https://github.com/bioJain/GD_TED/blob/main/03_mechanism_deepdive/orbital_fibroblast_igf1r_maturity.md;https://pubmed.ncbi.nlm.nih.gov/23219871/;https://pubmed.ncbi.nlm.nih.gov/14507638/,2026-10-01,"원자료에서 adipogenesis B, myofibroblast C는 기전 성숙도 분류이며 본 덱의 출처 등급 A–D와 다른 체계."
14,세포 운명,Adipogenesis 근거는 있어도 fibrosis 검증은 남아 있다,2,Thy-1 fate / PMID 14507638 | Thy-1 분획별 TGFβ/PPARγ 반응 | TSHR/IGF1R dependency가 각 분획에서 다른가,A,D10,https://github.com/bioJain/GD_TED/blob/main/03_mechanism_deepdive/orbital_fibroblast_igf1r_maturity.md;https://pubmed.ncbi.nlm.nih.gov/23219871/;https://pubmed.ncbi.nlm.nih.gov/14507638/,2026-10-01,"원자료에서 adipogenesis B, myofibroblast C는 기전 성숙도 분류이며 본 덱의 출처 등급 A–D와 다른 체계."
14,세포 운명,Adipogenesis 근거는 있어도 fibrosis 검증은 남아 있다,3,"Dual inhibitor 및 downstream | IGF1R/IR, PI3K, FOXO1 등 지지 근거 | 단일 receptor knockdown/rescue로 분리 가능한가",A,D10,https://github.com/bioJain/GD_TED/blob/main/03_mechanism_deepdive/orbital_fibroblast_igf1r_maturity.md;https://pubmed.ncbi.nlm.nih.gov/23219871/;https://pubmed.ncbi.nlm.nih.gov/14507638/,2026-10-01,"원자료에서 adipogenesis B, myofibroblast C는 기전 성숙도 분류이며 본 덱의 출처 등급 A–D와 다른 체계."
14,세포 운명,Adipogenesis 근거는 있어도 fibrosis 검증은 남아 있다,4,RBM47/TGFβ 등 | 섬유화 관련 신호 자료 | IGF1R 직접 억제에 의한 causal rescue가 입증되는가,A,D10,https://github.com/bioJain/GD_TED/blob/main/03_mechanism_deepdive/orbital_fibroblast_igf1r_maturity.md;https://pubmed.ncbi.nlm.nih.gov/23219871/;https://pubmed.ncbi.nlm.nih.gov/14507638/,2026-10-01,"원자료에서 adipogenesis B, myofibroblast C는 기전 성숙도 분류이며 본 덱의 출처 등급 A–D와 다른 체계."
15,Signaling,TSHR의 조직별 출력은 같은 항체에도 달라질 수 있다,1,"입력 | TSH와 stimulating autoantibody | TSAb, cytokine 및 local growth factor",A,D11;D15,https://github.com/bioJain/GD_TED/blob/main/03_mechanism_deepdive/tshr_igf1r_crosstalk_deepdive.md;https://github.com/bioJain/GD_TED/blob/main/05_etpd_molecular_design/benchmark_spec_deepdive.md,2026-10-01,
15,Signaling,TSHR의 조직별 출력은 같은 항체에도 달라질 수 있다,2,Receptor | TSHR 중심 기능 | TSHR 및 IGF1R의 기능적 연계,A,D11;D15,https://github.com/bioJain/GD_TED/blob/main/03_mechanism_deepdive/tshr_igf1r_crosstalk_deepdive.md;https://github.com/bioJain/GD_TED/blob/main/05_etpd_molecular_design/benchmark_spec_deepdive.md,2026-10-01,
15,Signaling,TSHR의 조직별 출력은 같은 항체에도 달라질 수 있다,3,"신호 | cAMP 및 관련 downstream | cAMP, ERK, PI3K/AKT 등의 context-dependent 연계",A,D11;D15,https://github.com/bioJain/GD_TED/blob/main/03_mechanism_deepdive/tshr_igf1r_crosstalk_deepdive.md;https://github.com/bioJain/GD_TED/blob/main/05_etpd_molecular_design/benchmark_spec_deepdive.md,2026-10-01,
15,Signaling,TSHR의 조직별 출력은 같은 항체에도 달라질 수 있다,4,"출력 | NIS, TPO, TG와 호르몬 생성 | HA; 증식/지방화/섬유화는 별도 측정",A,D11;D15,https://github.com/bioJain/GD_TED/blob/main/03_mechanism_deepdive/tshr_igf1r_crosstalk_deepdive.md;https://github.com/bioJain/GD_TED/blob/main/05_etpd_molecular_design/benchmark_spec_deepdive.md,2026-10-01,
15,Signaling,TSHR의 조직별 출력은 같은 항체에도 달라질 수 있다,5,주의 | 정상 TSH 반응을 보존할 필요 | HA 억제가 모든 조직 fate 억제를 뜻하지 않음,A,D11;D15,https://github.com/bioJain/GD_TED/blob/main/03_mechanism_deepdive/tshr_igf1r_crosstalk_deepdive.md;https://github.com/bioJain/GD_TED/blob/main/05_etpd_molecular_design/benchmark_spec_deepdive.md,2026-10-01,
16,Signaling,TSHR–IGF1R 연계에는 경쟁하는 세 가지 설명이 있다,1,"ARRB1 scaffold | 인간 GO OF knockdown에서 proximity, pERK와 HA 감소",A,D11;D09,https://github.com/bioJain/GD_TED/blob/main/03_mechanism_deepdive/tshr_igf1r_crosstalk_deepdive.md;https://github.com/bioJain/GD_TED/blob/main/03_mechanism_deepdive/igf1r_autoantigen_review.md,2026-10-01,
16,Signaling,TSHR–IGF1R 연계에는 경쟁하는 세 가지 설명이 있다,2,"직접 ECD association | engineered cell, co-IP와 modeling 근거; 환자 구조 확증 부족",A,D11;D09,https://github.com/bioJain/GD_TED/blob/main/03_mechanism_deepdive/tshr_igf1r_crosstalk_deepdive.md;https://github.com/bioJain/GD_TED/blob/main/03_mechanism_deepdive/igf1r_autoantigen_review.md,2026-10-01,
16,Signaling,TSHR–IGF1R 연계에는 경쟁하는 세 가지 설명이 있다,3,IGF1R agonist autoAb | 관찰 결과 일관성 제한; M22는 IGF1R 직접 활성화 없이 의존 branch 가능,A,D11;D09,https://github.com/bioJain/GD_TED/blob/main/03_mechanism_deepdive/tshr_igf1r_crosstalk_deepdive.md;https://github.com/bioJain/GD_TED/blob/main/03_mechanism_deepdive/igf1r_autoantigen_review.md,2026-10-01,
16,Signaling,TSHR–IGF1R 연계에는 경쟁하는 세 가지 설명이 있다,4,공통 판단 | TSHR 입력이 IGF1R-dependent HA branch를 이용할 수 있음,A,D11;D09,https://github.com/bioJain/GD_TED/blob/main/03_mechanism_deepdive/tshr_igf1r_crosstalk_deepdive.md;https://github.com/bioJain/GD_TED/blob/main/03_mechanism_deepdive/igf1r_autoantigen_review.md,2026-10-01,
17,Signaling,ARRB1 지지는 독점적 물리적 bridge의 증명과 다르다,1,"ARRB1 | PMID 31127272: knockdown 시 proximity, pERK, HA 감소; ARRB2와 차이 | 유일한 bridge라는 구조적 증명 아님",A,D11,https://github.com/bioJain/GD_TED/blob/main/03_mechanism_deepdive/tshr_igf1r_crosstalk_deepdive.md;https://pubmed.ncbi.nlm.nih.gov/31127272/;https://pubmed.ncbi.nlm.nih.gov/39821041/;https://pubmed.ncbi.nlm.nih.gov/25485727/;https://pubmed.ncbi.nlm.nih.gov/28938449/;https://pubmed.ncbi.nlm.nih.gov/34788857/;https://pubmed.ncbi.nlm.nih.gov/27638195/,2026-10-01,Latif 2025 DOI는 10.1210/endocr/bqaf009. 기존 bqaf008 표기는 사용하지 않음.
17,Signaling,ARRB1 지지는 독점적 물리적 bridge의 증명과 다르다,2,ECD association | PMID 39821041: TSHR ECD–IGF1R association와 modeling | engineered system; 환자에서 ~360 kDa 복합체 확증 아님,A,D11,https://github.com/bioJain/GD_TED/blob/main/03_mechanism_deepdive/tshr_igf1r_crosstalk_deepdive.md;https://pubmed.ncbi.nlm.nih.gov/31127272/;https://pubmed.ncbi.nlm.nih.gov/39821041/;https://pubmed.ncbi.nlm.nih.gov/25485727/;https://pubmed.ncbi.nlm.nih.gov/28938449/;https://pubmed.ncbi.nlm.nih.gov/34788857/;https://pubmed.ncbi.nlm.nih.gov/27638195/,2026-10-01,Latif 2025 DOI는 10.1210/endocr/bqaf009. 기존 bqaf008 표기는 사용하지 않음.
17,Signaling,ARRB1 지지는 독점적 물리적 bridge의 증명과 다르다,3,"Crosstalk | PMID 25485727, 28938449, 34788857: receptor별 차단과 HA 출력 | 고농도 TSAb에서 IGF1R-independent branch 잔존 가능",A,D11,https://github.com/bioJain/GD_TED/blob/main/03_mechanism_deepdive/tshr_igf1r_crosstalk_deepdive.md;https://pubmed.ncbi.nlm.nih.gov/31127272/;https://pubmed.ncbi.nlm.nih.gov/39821041/;https://pubmed.ncbi.nlm.nih.gov/25485727/;https://pubmed.ncbi.nlm.nih.gov/28938449/;https://pubmed.ncbi.nlm.nih.gov/34788857/;https://pubmed.ncbi.nlm.nih.gov/27638195/,2026-10-01,Latif 2025 DOI는 10.1210/endocr/bqaf009. 기존 bqaf008 표기는 사용하지 않음.
17,Signaling,ARRB1 지지는 독점적 물리적 bridge의 증명과 다르다,4,Thyrocyte | PMID 27638195: thyroid signaling 맥락 | OF 조직 fate의 직접 검증으로 외삽하지 않음,A,D11,https://github.com/bioJain/GD_TED/blob/main/03_mechanism_deepdive/tshr_igf1r_crosstalk_deepdive.md;https://pubmed.ncbi.nlm.nih.gov/31127272/;https://pubmed.ncbi.nlm.nih.gov/39821041/;https://pubmed.ncbi.nlm.nih.gov/25485727/;https://pubmed.ncbi.nlm.nih.gov/28938449/;https://pubmed.ncbi.nlm.nih.gov/34788857/;https://pubmed.ncbi.nlm.nih.gov/27638195/,2026-10-01,Latif 2025 DOI는 10.1210/endocr/bqaf009. 기존 bqaf008 표기는 사용하지 않음.
18,자가항체,Anti-IGF1R 항체의 관찰 결과는 agonist 가설을 확정하지 않는다,1,"Lanzolla 2025 / PMID 40156685 | n=147, GO 92/non-GO 55; non-GO에서 항체 높고 diplopia와 역관계 | cross-sectional association",A,D09,https://github.com/bioJain/GD_TED/blob/main/03_mechanism_deepdive/igf1r_autoantigen_review.md;https://pubmed.ncbi.nlm.nih.gov/40156685/;https://pubmed.ncbi.nlm.nih.gov/40071798/,2026-10-01,
18,자가항체,Anti-IGF1R 항체의 관찰 결과는 agonist 가설을 확정하지 않는다,2,혈청 IgG 기능 | 높은 항체 혈청의 total IgG에서 증식 억제 관찰 | 항원 특이 정제 전에는 anti-IGF1R 단독 효과로 귀속 불가,A,D09,https://github.com/bioJain/GD_TED/blob/main/03_mechanism_deepdive/igf1r_autoantigen_review.md;https://pubmed.ncbi.nlm.nih.gov/40156685/;https://pubmed.ncbi.nlm.nih.gov/40071798/,2026-10-01,
18,자가항체,Anti-IGF1R 항체의 관찰 결과는 agonist 가설을 확정하지 않는다,3,"Nowak 2025 / PMID 40071798 | GD 47, control 20; severe GO에서 낮은 항체 수준 | 보호 효과의 인과성 확정 아님",A,D09,https://github.com/bioJain/GD_TED/blob/main/03_mechanism_deepdive/igf1r_autoantigen_review.md;https://pubmed.ncbi.nlm.nih.gov/40156685/;https://pubmed.ncbi.nlm.nih.gov/40071798/,2026-10-01,
18,자가항체,Anti-IGF1R 항체의 관찰 결과는 agonist 가설을 확정하지 않는다,4,설계 판단 | TSAb와 anti-IGF1R antibody 기능을 각각 측정 | 항체 양성만으로 pathogenic agonist 또는 target engagement 판단 불가,A,D09,https://github.com/bioJain/GD_TED/blob/main/03_mechanism_deepdive/igf1r_autoantigen_review.md;https://pubmed.ncbi.nlm.nih.gov/40156685/;https://pubmed.ncbi.nlm.nih.gov/40071798/,2026-10-01,
19,기전에서 치료로,TSAb 제거는 입력을 줄이고 IGF1R 차단은 분기를 억제한다,1,"TSAb neutralization | TSHR 자극 입력 감소 | polyclonal coverage, normal TSH 보존, functional assay",D,D11;D15;D06,https://github.com/bioJain/GD_TED/blob/main/03_mechanism_deepdive/tshr_igf1r_crosstalk_deepdive.md;https://github.com/bioJain/GD_TED/blob/main/05_etpd_molecular_design/benchmark_spec_deepdive.md;https://github.com/bioJain/GD_TED/blob/main/02_ted_fcrn_strategy/fcrn_entry_strategy_ir_review.md,2026-10-01,
19,기전에서 치료로,TSAb 제거는 입력을 줄이고 IGF1R 차단은 분기를 억제한다,2,"TSAb degradation | 항체 농도와 활성 감소를 유도 | uptake receptor, lysosomal delivery, rebound와 durability",D,D11;D15;D06,https://github.com/bioJain/GD_TED/blob/main/03_mechanism_deepdive/tshr_igf1r_crosstalk_deepdive.md;https://github.com/bioJain/GD_TED/blob/main/05_etpd_molecular_design/benchmark_spec_deepdive.md;https://github.com/bioJain/GD_TED/blob/main/02_ted_fcrn_strategy/fcrn_entry_strategy_ir_review.md,2026-10-01,
19,기전에서 치료로,TSAb 제거는 입력을 줄이고 IGF1R 차단은 분기를 억제한다,3,IGF1R blockade | 검증된 proptosis 개선; downstream branch 억제 | 혈당/청각 등 안전성과 non-dependent branch,D,D11;D15;D06,https://github.com/bioJain/GD_TED/blob/main/03_mechanism_deepdive/tshr_igf1r_crosstalk_deepdive.md;https://github.com/bioJain/GD_TED/blob/main/05_etpd_molecular_design/benchmark_spec_deepdive.md;https://github.com/bioJain/GD_TED/blob/main/02_ted_fcrn_strategy/fcrn_entry_strategy_ir_review.md,2026-10-01,
19,기전에서 치료로,TSAb 제거는 입력을 줄이고 IGF1R 차단은 분기를 억제한다,4,FcRn inhibition | 다수 IgG의 recycling 억제 | IgG 감소가 임상 지속 관해로 연결되는지,D,D11;D15;D06,https://github.com/bioJain/GD_TED/blob/main/03_mechanism_deepdive/tshr_igf1r_crosstalk_deepdive.md;https://github.com/bioJain/GD_TED/blob/main/05_etpd_molecular_design/benchmark_spec_deepdive.md;https://github.com/bioJain/GD_TED/blob/main/02_ted_fcrn_strategy/fcrn_entry_strategy_ir_review.md,2026-10-01,
19,기전에서 치료로,TSAb 제거는 입력을 줄이고 IGF1R 차단은 분기를 억제한다,5,Our view | 선택적 입력 제거의 차별점은 immune function 보존과 지속성 | 각 가정은 preclinical 및 clinical 검증 대상,D,D11;D15;D06,https://github.com/bioJain/GD_TED/blob/main/03_mechanism_deepdive/tshr_igf1r_crosstalk_deepdive.md;https://github.com/bioJain/GD_TED/blob/main/05_etpd_molecular_design/benchmark_spec_deepdive.md;https://github.com/bioJain/GD_TED/blob/main/02_ted_fcrn_strategy/fcrn_entry_strategy_ir_review.md,2026-10-01,
20,GD SoC,GD 초기 치료는 지역과 환자 맥락에 따라 선택한다,1,ATD / methimazole | 호르몬 합성 억제; 초기 또는 장기 저용량 전략 | ETA 통상 12–18개월 후 TRAb와 재발 위험 재평가,A,D01,https://github.com/bioJain/GD_TED/blob/main/01_competitive_landscape/gd_line_of_therapy.md,2026-10-01,
20,GD SoC,GD 초기 치료는 지역과 환자 맥락에 따라 선택한다,2,RAI | 갑상선 조직에 대한 definitive control | 임신 금기; active/severe TED 및 악화 위험 고려,A,D01,https://github.com/bioJain/GD_TED/blob/main/01_competitive_landscape/gd_line_of_therapy.md,2026-10-01,
20,GD SoC,GD 초기 치료는 지역과 환자 맥락에 따라 선택한다,3,"Thyroidectomy | 빠른 definitive thyroid control | 큰 goiter, 압박, 의심 결절 및 수술 적합성",A,D01,https://github.com/bioJain/GD_TED/blob/main/01_competitive_landscape/gd_line_of_therapy.md,2026-10-01,
20,GD SoC,GD 초기 치료는 지역과 환자 맥락에 따라 선택한다,4,임신 | 초기 PTU 등 시기별 약물 선택 | RAI 금기; 모체/태아 위험 관리,A,D01,https://github.com/bioJain/GD_TED/blob/main/01_competitive_landscape/gd_line_of_therapy.md,2026-10-01,
20,GD SoC,GD 초기 치료는 지역과 환자 맥락에 따라 선택한다,5,지역 차이 | ATA/ETA와 NICE 선택 권고 차이 | RAI first-line 가능 맥락을 별도 표기,A,D01,https://github.com/bioJain/GD_TED/blob/main/01_competitive_landscape/gd_line_of_therapy.md,2026-10-01,
21,GD SoC,호르몬 조절과 autoimmune remission은 다른 결과다,1,Long-term MMI RCT / PMID 38165576 | 중단 후 84개월 relapse: conventional 56% vs 60–120개월 투여군 17% | 프로토콜별 결과; remission 44% vs 83%,A,D01,https://github.com/bioJain/GD_TED/blob/main/01_competitive_landscape/gd_line_of_therapy.md;https://pubmed.ncbi.nlm.nih.gov/38165576/,2026-10-01,
21,GD SoC,호르몬 조절과 autoimmune remission은 다른 결과다,2,RAI cohort n=160 | 1년 thyroid control 81%; hypothyroidism 61.8% 포함 | 정상 기능 또는 항체 관해 81% 아님,A,D01,https://github.com/bioJain/GD_TED/blob/main/01_competitive_landscape/gd_line_of_therapy.md;https://pubmed.ncbi.nlm.nih.gov/38165576/,2026-10-01,
21,GD SoC,호르몬 조절과 autoimmune remission은 다른 결과다,3,"수술 비교 cohort n=6,385 | median 90개월 relapse: surgery 2.41%, RAI 19.53%, ATD 75.60% | 비무작위 관찰; selection bias 및 정의 차이",A,D01,https://github.com/bioJain/GD_TED/blob/main/01_competitive_landscape/gd_line_of_therapy.md;https://pubmed.ncbi.nlm.nih.gov/38165576/,2026-10-01,
21,GD SoC,호르몬 조절과 autoimmune remission은 다른 결과다,4,"eTPD endpoint | ATD 중단 후 정상 호르몬, 항체 기능 감소와 유지 기간 | 자유 호르몬 정상화와 source control을 분리",A,D01,https://github.com/bioJain/GD_TED/blob/main/01_competitive_landscape/gd_line_of_therapy.md;https://pubmed.ncbi.nlm.nih.gov/38165576/,2026-10-01,
22,TED SoC,Active TED에서는 염증과 돌출 목표를 함께 설정한다,1,"Mild | 국소 치료, 금연 및 갑상선 기능 조절 | selenium은 결핍 지역 등 적절한 환자에서 고려",A,D02,https://github.com/bioJain/GD_TED/blob/main/01_competitive_landscape/ted_line_of_therapy.md,2026-10-01,
22,TED SoC,Active TED에서는 염증과 돌출 목표를 함께 설정한다,2,"Selenium RCT n=159 | 100 μg twice daily, 6개월 | 모든 지역과 TED 중증도에 일반화하지 않음",A,D02,https://github.com/bioJain/GD_TED/blob/main/01_competitive_landscape/ted_line_of_therapy.md,2026-10-01,
22,TED SoC,Active TED에서는 염증과 돌출 목표를 함께 설정한다,3,"Active moderate-to-severe | IV methylprednisolone ± mycophenolate | EUGOGO: IVMP 4.5 g/12주; MMF sodium 0.72 g/day, 24주",A,D02,https://github.com/bioJain/GD_TED/blob/main/01_competitive_landscape/ted_line_of_therapy.md,2026-10-01,
22,TED SoC,Active TED에서는 염증과 돌출 목표를 함께 설정한다,4,IVMP | 0.5 g weekly ×6 후 0.25 g ×6 | 총 cycle 8 g 이내 권고 및 간/심혈관 risk 관리,A,D02,https://github.com/bioJain/GD_TED/blob/main/01_competitive_landscape/ted_line_of_therapy.md,2026-10-01,
22,TED SoC,Active TED에서는 염증과 돌출 목표를 함께 설정한다,5,"표적 치료 | IGF1R, IL-6R 등 phenotype과 사용 가능성 고려 | anti-inflammatory response와 proptosis response는 별도 endpoint",A,D02,https://github.com/bioJain/GD_TED/blob/main/01_competitive_landscape/ted_line_of_therapy.md,2026-10-01,
23,TED SoC,DON과 chronic stable TED는 별도 경로가 필요하다,1,DON / sight-threatening | 고용량 IV steroid 후 빠른 재평가 및 decompression | 1–2주 내 반응에 따른 수술 판단; trial 대기 경로 아님,A,D02;P01,https://github.com/bioJain/GD_TED/blob/main/01_competitive_landscape/ted_line_of_therapy.md;https://www.viridiantherapeutics.com/wp-content/uploads/2026/06/Lumvoa-veligrotug-Final-USPI_26Jun2026.pdf,2026-10-01,
23,TED SoC,DON과 chronic stable TED는 별도 경로가 필요하다,2,Chronic stable | 필요 시 decompression → strabismus → eyelid surgery | 순차 재건과 환자 목표 조율,A,D02;P01,https://github.com/bioJain/GD_TED/blob/main/01_competitive_landscape/ted_line_of_therapy.md;https://www.viridiantherapeutics.com/wp-content/uploads/2026/06/Lumvoa-veligrotug-Final-USPI_26Jun2026.pdf,2026-10-01,
23,TED SoC,DON과 chronic stable TED는 별도 경로가 필요하다,3,IGF1R 허가 | 미국 Tepezza/Lumvoa: activity/duration와 관계없는 TED 적응증 | label 범위가 개별 trial의 모든 phenotype 증거를 의미하지 않음,A,D02;P01,https://github.com/bioJain/GD_TED/blob/main/01_competitive_landscape/ted_line_of_therapy.md;https://www.viridiantherapeutics.com/wp-content/uploads/2026/06/Lumvoa-veligrotug-Final-USPI_26Jun2026.pdf,2026-10-01,
23,TED SoC,DON과 chronic stable TED는 별도 경로가 필요하다,4,Refractory inflammation | tocilizumab 또는 rituximab 등 상황별 고려 | TcZ 작은 RCT 긍정; RTX placebo RCT 혼재,A,D02;P01,https://github.com/bioJain/GD_TED/blob/main/01_competitive_landscape/ted_line_of_therapy.md;https://www.viridiantherapeutics.com/wp-content/uploads/2026/06/Lumvoa-veligrotug-Final-USPI_26Jun2026.pdf,2026-10-01,
23,TED SoC,DON과 chronic stable TED는 별도 경로가 필요하다,5,"결론 | 새 약물의 목표 집단을 정의해야 함 | active inflammation, chronic proptosis와 DON을 한 SAM으로 묶지 않음",A,D02;P01,https://github.com/bioJain/GD_TED/blob/main/01_competitive_landscape/ted_line_of_therapy.md;https://www.viridiantherapeutics.com/wp-content/uploads/2026/06/Lumvoa-veligrotug-Final-USPI_26Jun2026.pdf,2026-10-01,
24,치료 한계,질환별 미충족 수요는 같은 클래스에서도 다르다,1,ATD | GD 호르몬 조절 | 중단 후 재발 및 장기 약물 부담 | ATD-free sustained control,D,D03;D15,https://github.com/bioJain/GD_TED/blob/main/01_competitive_landscape/class_limitation_matrix.md;https://github.com/bioJain/GD_TED/blob/main/05_etpd_molecular_design/benchmark_spec_deepdive.md,2026-10-01,
24,치료 한계,질환별 미충족 수요는 같은 클래스에서도 다르다,2,RAI/수술 | 갑상선 source control | 자가면역/안와 병태의 직접 해결과 차이 | 정상 TSH 기능 보존,D,D03;D15,https://github.com/bioJain/GD_TED/blob/main/01_competitive_landscape/class_limitation_matrix.md;https://github.com/bioJain/GD_TED/blob/main/05_etpd_molecular_design/benchmark_spec_deepdive.md,2026-10-01,
24,치료 한계,질환별 미충족 수요는 같은 클래스에서도 다르다,3,Steroid/MMF | TED 염증 활성 조절 | 돌출/복시와 만성 변화의 제한 | 구조/기능 endpoint,D,D03;D15,https://github.com/bioJain/GD_TED/blob/main/01_competitive_landscape/class_limitation_matrix.md;https://github.com/bioJain/GD_TED/blob/main/05_etpd_molecular_design/benchmark_spec_deepdive.md,2026-10-01,
24,치료 한계,질환별 미충족 수요는 같은 클래스에서도 다르다,4,"IGF1R blockade | TED proptosis 개선 | 혈당, 청각, 주입 및 재치료 부담 | 효능과 안전성의 별도 비교",D,D03;D15,https://github.com/bioJain/GD_TED/blob/main/01_competitive_landscape/class_limitation_matrix.md;https://github.com/bioJain/GD_TED/blob/main/05_etpd_molecular_design/benchmark_spec_deepdive.md,2026-10-01,
24,치료 한계,질환별 미충족 수요는 같은 클래스에서도 다르다,5,"FcRn/broad IgG | 빠른 circulating IgG 감소 | 선택성 및 항체 rebound, 임상 지속성 | protective IgG 보존 및 제거 지속성",D,D03;D15,https://github.com/bioJain/GD_TED/blob/main/01_competitive_landscape/class_limitation_matrix.md;https://github.com/bioJain/GD_TED/blob/main/05_etpd_molecular_design/benchmark_spec_deepdive.md,2026-10-01,
25,경쟁 지형,GD pipeline은 항체 조절과 호르몬 조절로 나뉜다,1,Efgartigimod | FcRn | Phase 3 Recruiting; NCT07570316/07596849 | Week 24 off-ATD normal fT3/fT4/TSH,B,D04;D15;P05,https://github.com/bioJain/GD_TED/blob/main/01_competitive_landscape/moa_phase_matrix_extended.md;https://github.com/bioJain/GD_TED/blob/main/05_etpd_molecular_design/benchmark_spec_deepdive.md;https://ir.biohaven.com/news-releases/news-release-details/biohaven-advances-new-class-precision-immunology-therapies-first;https://clinicaltrials.gov/study/NCT07570316;https://clinicaltrials.gov/study/NCT07661056;https://clinicaltrials.gov/study/NCT07305818;https://clinicaltrials.gov/study/NCT06569758,2026-10-01,
25,경쟁 지형,GD pipeline은 항체 조절과 호르몬 조절로 나뉜다,2,BHV-1300 | Broad IgG1/2/4 degrader | Phase 3 Recruiting; NCT07661056 | IgG3 sparing; TSAb selective 아님,B,D04;D15;P05,https://github.com/bioJain/GD_TED/blob/main/01_competitive_landscape/moa_phase_matrix_extended.md;https://github.com/bioJain/GD_TED/blob/main/05_etpd_molecular_design/benchmark_spec_deepdive.md;https://ir.biohaven.com/news-releases/news-release-details/biohaven-advances-new-class-precision-immunology-therapies-first;https://clinicaltrials.gov/study/NCT07570316;https://clinicaltrials.gov/study/NCT07661056;https://clinicaltrials.gov/study/NCT07305818;https://clinicaltrials.gov/study/NCT06569758,2026-10-01,
25,경쟁 지형,GD pipeline은 항체 조절과 호르몬 조절로 나뉜다,3,MER511 | TSHR antigen-specific construct | Phase 1 Recruiting; NCT07305818 | 안전성/PK/ADA 우선; 인간 PD 결과 미확인,B,D04;D15;P05,https://github.com/bioJain/GD_TED/blob/main/01_competitive_landscape/moa_phase_matrix_extended.md;https://github.com/bioJain/GD_TED/blob/main/05_etpd_molecular_design/benchmark_spec_deepdive.md;https://ir.biohaven.com/news-releases/news-release-details/biohaven-advances-new-class-precision-immunology-therapies-first;https://clinicaltrials.gov/study/NCT07570316;https://clinicaltrials.gov/study/NCT07661056;https://clinicaltrials.gov/study/NCT07305818;https://clinicaltrials.gov/study/NCT06569758,2026-10-01,
25,경쟁 지형,GD pipeline은 항체 조절과 호르몬 조절로 나뉜다,4,GenSci098 / YB101 / GS098 | TSHR blocking mAb | Phase 1 Recruiting; NCT06569758 | 동일 asset alias; Kd와 cellular potency 구분,B,D04;D15;P05,https://github.com/bioJain/GD_TED/blob/main/01_competitive_landscape/moa_phase_matrix_extended.md;https://github.com/bioJain/GD_TED/blob/main/05_etpd_molecular_design/benchmark_spec_deepdive.md;https://ir.biohaven.com/news-releases/news-release-details/biohaven-advances-new-class-precision-immunology-therapies-first;https://clinicaltrials.gov/study/NCT07570316;https://clinicaltrials.gov/study/NCT07661056;https://clinicaltrials.gov/study/NCT07305818;https://clinicaltrials.gov/study/NCT06569758,2026-10-01,
25,경쟁 지형,GD pipeline은 항체 조절과 호르몬 조절로 나뉜다,5,K1-70 | TSHR blocking mAb | 초기 임상 공개 | 정상 TSH도 차단 가능; thyroid function risk,B,D04;D15;P05,https://github.com/bioJain/GD_TED/blob/main/01_competitive_landscape/moa_phase_matrix_extended.md;https://github.com/bioJain/GD_TED/blob/main/05_etpd_molecular_design/benchmark_spec_deepdive.md;https://ir.biohaven.com/news-releases/news-release-details/biohaven-advances-new-class-precision-immunology-therapies-first;https://clinicaltrials.gov/study/NCT07570316;https://clinicaltrials.gov/study/NCT07661056;https://clinicaltrials.gov/study/NCT07305818;https://clinicaltrials.gov/study/NCT06569758,2026-10-01,
25,경쟁 지형,GD pipeline은 항체 조절과 호르몬 조절로 나뉜다,6,ATX-GD-59 | Antigen-specific tolerance | 과거 Phase 1 proof-of-concept | 현재 active pipeline으로 표시하지 않음,B,D04;D15;P05,https://github.com/bioJain/GD_TED/blob/main/01_competitive_landscape/moa_phase_matrix_extended.md;https://github.com/bioJain/GD_TED/blob/main/05_etpd_molecular_design/benchmark_spec_deepdive.md;https://ir.biohaven.com/news-releases/news-release-details/biohaven-advances-new-class-precision-immunology-therapies-first;https://clinicaltrials.gov/study/NCT07570316;https://clinicaltrials.gov/study/NCT07661056;https://clinicaltrials.gov/study/NCT07305818;https://clinicaltrials.gov/study/NCT06569758,2026-10-01,
26,경쟁 지형,TED pipeline은 IV에서 SC 및 경구 방식으로 확장된다,1,Teprotumumab | IGF1R / IV | FDA 승인; EMA 2025 승인 | RCT 및 label,B,D04;P01;P02;P03;P04;P07;P08,https://github.com/bioJain/GD_TED/blob/main/01_competitive_landscape/moa_phase_matrix_extended.md;https://www.viridiantherapeutics.com/wp-content/uploads/2026/06/Lumvoa-veligrotug-Final-USPI_26Jun2026.pdf;https://investors.viridiantherapeutics.com/news/news-details/2026/Viridian-Therapeutics-Announces-Positive-Topline-Results-from-Elegrobart-Phase-3-REVEAL1-Clinical-Trial-in-Active-Thyroid-Eye-Disease/default.aspx;https://investors.viridiantherapeutics.com/news/news-details/2026/Viridian-Therapeutics-Announces-Positive-Topline-Results-from-Elegrobart-Phase-3-REVEAL2-Clinical-Trial-in-Chronic-Thyroid-Eye-Disease/default.aspx;https://www.roche.com/investors/updates/inv-update-2026-06-30;https://www.immunovant.com/investors/news-events/press-releases/detail/81/immunovant-announces-phase-3-study-results-for-batoclimab;https://www.ema.europa.eu/en/medicines/human/EPAR/tepezza,2026-10-01,
26,경쟁 지형,TED pipeline은 IV에서 SC 및 경구 방식으로 확장된다,2,Veligrotug / Lumvoa | IGF1R / IV | FDA 2026-06-26 승인 | THRIVE/THRIVE-2 및 label,B,D04;P01;P02;P03;P04;P07;P08,https://github.com/bioJain/GD_TED/blob/main/01_competitive_landscape/moa_phase_matrix_extended.md;https://www.viridiantherapeutics.com/wp-content/uploads/2026/06/Lumvoa-veligrotug-Final-USPI_26Jun2026.pdf;https://investors.viridiantherapeutics.com/news/news-details/2026/Viridian-Therapeutics-Announces-Positive-Topline-Results-from-Elegrobart-Phase-3-REVEAL1-Clinical-Trial-in-Active-Thyroid-Eye-Disease/default.aspx;https://investors.viridiantherapeutics.com/news/news-details/2026/Viridian-Therapeutics-Announces-Positive-Topline-Results-from-Elegrobart-Phase-3-REVEAL2-Clinical-Trial-in-Chronic-Thyroid-Eye-Disease/default.aspx;https://www.roche.com/investors/updates/inv-update-2026-06-30;https://www.immunovant.com/investors/news-events/press-releases/detail/81/immunovant-announces-phase-3-study-results-for-batoclimab;https://www.ema.europa.eu/en/medicines/human/EPAR/tepezza,2026-10-01,
26,경쟁 지형,TED pipeline은 IV에서 SC 및 경구 방식으로 확장된다,3,Elegrobart | IGF1R / SC | REVEAL-1/2 positive topline | 회사 공개 B; 상세 등록부 결과와 구분,B,D04;P01;P02;P03;P04;P07;P08,https://github.com/bioJain/GD_TED/blob/main/01_competitive_landscape/moa_phase_matrix_extended.md;https://www.viridiantherapeutics.com/wp-content/uploads/2026/06/Lumvoa-veligrotug-Final-USPI_26Jun2026.pdf;https://investors.viridiantherapeutics.com/news/news-details/2026/Viridian-Therapeutics-Announces-Positive-Topline-Results-from-Elegrobart-Phase-3-REVEAL1-Clinical-Trial-in-Active-Thyroid-Eye-Disease/default.aspx;https://investors.viridiantherapeutics.com/news/news-details/2026/Viridian-Therapeutics-Announces-Positive-Topline-Results-from-Elegrobart-Phase-3-REVEAL2-Clinical-Trial-in-Chronic-Thyroid-Eye-Disease/default.aspx;https://www.roche.com/investors/updates/inv-update-2026-06-30;https://www.immunovant.com/investors/news-events/press-releases/detail/81/immunovant-announces-phase-3-study-results-for-batoclimab;https://www.ema.europa.eu/en/medicines/human/EPAR/tepezza,2026-10-01,
26,경쟁 지형,TED pipeline은 IV에서 SC 및 경구 방식으로 확장된다,4,Satralizumab | IL-6R / SC | sBLA Priority Review | PDUFA 2026-10-15 예정; TED 승인 전,B,D04;P01;P02;P03;P04;P07;P08,https://github.com/bioJain/GD_TED/blob/main/01_competitive_landscape/moa_phase_matrix_extended.md;https://www.viridiantherapeutics.com/wp-content/uploads/2026/06/Lumvoa-veligrotug-Final-USPI_26Jun2026.pdf;https://investors.viridiantherapeutics.com/news/news-details/2026/Viridian-Therapeutics-Announces-Positive-Topline-Results-from-Elegrobart-Phase-3-REVEAL1-Clinical-Trial-in-Active-Thyroid-Eye-Disease/default.aspx;https://investors.viridiantherapeutics.com/news/news-details/2026/Viridian-Therapeutics-Announces-Positive-Topline-Results-from-Elegrobart-Phase-3-REVEAL2-Clinical-Trial-in-Chronic-Thyroid-Eye-Disease/default.aspx;https://www.roche.com/investors/updates/inv-update-2026-06-30;https://www.immunovant.com/investors/news-events/press-releases/detail/81/immunovant-announces-phase-3-study-results-for-batoclimab;https://www.ema.europa.eu/en/medicines/human/EPAR/tepezza,2026-10-01,
26,경쟁 지형,TED pipeline은 IV에서 SC 및 경구 방식으로 확장된다,5,Linsitinib | IGF1R/IR / oral | Phase 2/3 결과 공개 | 고용량 endpoint 긍정; 낮은 용량 primary 미충족,B,D04;P01;P02;P03;P04;P07;P08,https://github.com/bioJain/GD_TED/blob/main/01_competitive_landscape/moa_phase_matrix_extended.md;https://www.viridiantherapeutics.com/wp-content/uploads/2026/06/Lumvoa-veligrotug-Final-USPI_26Jun2026.pdf;https://investors.viridiantherapeutics.com/news/news-details/2026/Viridian-Therapeutics-Announces-Positive-Topline-Results-from-Elegrobart-Phase-3-REVEAL1-Clinical-Trial-in-Active-Thyroid-Eye-Disease/default.aspx;https://investors.viridiantherapeutics.com/news/news-details/2026/Viridian-Therapeutics-Announces-Positive-Topline-Results-from-Elegrobart-Phase-3-REVEAL2-Clinical-Trial-in-Chronic-Thyroid-Eye-Disease/default.aspx;https://www.roche.com/investors/updates/inv-update-2026-06-30;https://www.immunovant.com/investors/news-events/press-releases/detail/81/immunovant-announces-phase-3-study-results-for-batoclimab;https://www.ema.europa.eu/en/medicines/human/EPAR/tepezza,2026-10-01,
26,경쟁 지형,TED pipeline은 IV에서 SC 및 경구 방식으로 확장된다,6,Batoclimab | FcRn / SC | TED Phase 3 실패 및 종료 | GD 결과와 별도 판단,B,D04;P01;P02;P03;P04;P07;P08,https://github.com/bioJain/GD_TED/blob/main/01_competitive_landscape/moa_phase_matrix_extended.md;https://www.viridiantherapeutics.com/wp-content/uploads/2026/06/Lumvoa-veligrotug-Final-USPI_26Jun2026.pdf;https://investors.viridiantherapeutics.com/news/news-details/2026/Viridian-Therapeutics-Announces-Positive-Topline-Results-from-Elegrobart-Phase-3-REVEAL1-Clinical-Trial-in-Active-Thyroid-Eye-Disease/default.aspx;https://investors.viridiantherapeutics.com/news/news-details/2026/Viridian-Therapeutics-Announces-Positive-Topline-Results-from-Elegrobart-Phase-3-REVEAL2-Clinical-Trial-in-Chronic-Thyroid-Eye-Disease/default.aspx;https://www.roche.com/investors/updates/inv-update-2026-06-30;https://www.immunovant.com/investors/news-events/press-releases/detail/81/immunovant-announces-phase-3-study-results-for-batoclimab;https://www.ema.europa.eu/en/medicines/human/EPAR/tepezza,2026-10-01,
27,경쟁 지형,개발 중단 신호는 질환과 프로그램 단위로 읽어야 한다,1,Batoclimab TED | 2026-04-02 회사 Phase 3 primary endpoint 실패 | GD single-arm 결과와 결합해 FcRn 전체 실패로 단정하지 않음,B,D12;P06;P07,https://github.com/bioJain/GD_TED/blob/main/03_mechanism_deepdive/r1b_asset_identification.md;https://argenx.com/news/2025/press-release-3205093.html;https://www.immunovant.com/investors/news-events/press-releases/detail/81/immunovant-announces-phase-3-study-results-for-batoclimab;https://clinicaltrials.gov/study/NCT06557850,2026-10-01,
27,경쟁 지형,개발 중단 신호는 질환과 프로그램 단위로 읽어야 한다,2,Efgartigimod TED | 2025-12-15 futility로 TED 개발 중단 | 안전성 이슈 중단으로 표현하지 않음; GD Phase 3 별도,B,D12;P06;P07,https://github.com/bioJain/GD_TED/blob/main/03_mechanism_deepdive/r1b_asset_identification.md;https://argenx.com/news/2025/press-release-3205093.html;https://www.immunovant.com/investors/news-events/press-releases/detail/81/immunovant-announces-phase-3-study-results-for-batoclimab;https://clinicaltrials.gov/study/NCT06557850,2026-10-01,
27,경쟁 지형,개발 중단 신호는 질환과 프로그램 단위로 읽어야 한다,3,"Lu AG22515 / APBA1 | CD40L SAFA; 2026-08-19 회사 TED 개발 종료 | NCT06557850 Active not recruiting, actual n=20와 차이",B,D12;P06;P07,https://github.com/bioJain/GD_TED/blob/main/03_mechanism_deepdive/r1b_asset_identification.md;https://argenx.com/news/2025/press-release-3205093.html;https://www.immunovant.com/investors/news-events/press-releases/detail/81/immunovant-announces-phase-3-study-results-for-batoclimab;https://clinicaltrials.gov/study/NCT06557850,2026-10-01,
27,경쟁 지형,개발 중단 신호는 질환과 프로그램 단위로 읽어야 한다,4,R1b 표기 | Phase 1b 의미라는 식별 가설 | R1b가 별도 약물 코드라고 확정하지 않음,B,D12;P06;P07,https://github.com/bioJain/GD_TED/blob/main/03_mechanism_deepdive/r1b_asset_identification.md;https://argenx.com/news/2025/press-release-3205093.html;https://www.immunovant.com/investors/news-events/press-releases/detail/81/immunovant-announces-phase-3-study-results-for-batoclimab;https://clinicaltrials.gov/study/NCT06557850,2026-10-01,
27,경쟁 지형,개발 중단 신호는 질환과 프로그램 단위로 읽어야 한다,5,TRAb 변화 | 항체 감소의 생물학적 signal | CD40L 직접 target engagement 또는 대조군 대비 TED 효능 증명 아님,B,D12;P06;P07,https://github.com/bioJain/GD_TED/blob/main/03_mechanism_deepdive/r1b_asset_identification.md;https://argenx.com/news/2025/press-release-3205093.html;https://www.immunovant.com/investors/news-events/press-releases/detail/81/immunovant-announces-phase-3-study-results-for-batoclimab;https://clinicaltrials.gov/study/NCT06557850,2026-10-01,
28,임상 해석,Proptosis responder라도 시간점과 복합 조건이 다르다,1,"PRR | 보통 study eye ≥2 mm proptosis 감소와 fellow eye 악화 제한 | Week 15/24, population 및 결측 처리",A,D07;D01,https://github.com/bioJain/GD_TED/blob/main/02_ted_fcrn_strategy/placebo_competitive_summary.md;https://github.com/bioJain/GD_TED/blob/main/01_competitive_landscape/gd_line_of_therapy.md,2026-10-01,
28,임상 해석,Proptosis responder라도 시간점과 복합 조건이 다르다,2,ORR | proptosis 및 CAS 복합 responder | active trial의 CAS 감소와 chronic trial의 no worsening 차이,A,D07;D01,https://github.com/bioJain/GD_TED/blob/main/02_ted_fcrn_strategy/placebo_competitive_summary.md;https://github.com/bioJain/GD_TED/blob/main/01_competitive_landscape/gd_line_of_therapy.md,2026-10-01,
28,임상 해석,Proptosis responder라도 시간점과 복합 조건이 다르다,3,CAS response | CAS ≥2 감소 또는 CAS 0/1 등 | 두 정의를 동일 반응률로 비교하지 않음,A,D07;D01,https://github.com/bioJain/GD_TED/blob/main/02_ted_fcrn_strategy/placebo_competitive_summary.md;https://github.com/bioJain/GD_TED/blob/main/01_competitive_landscape/gd_line_of_therapy.md,2026-10-01,
28,임상 해석,Proptosis responder라도 시간점과 복합 조건이 다르다,4,Diplopia | grade ≥1 개선 등 | baseline diplopia subgroup 분모,A,D07;D01,https://github.com/bioJain/GD_TED/blob/main/02_ted_fcrn_strategy/placebo_competitive_summary.md;https://github.com/bioJain/GD_TED/blob/main/01_competitive_landscape/gd_line_of_therapy.md,2026-10-01,
28,임상 해석,Proptosis responder라도 시간점과 복합 조건이 다르다,5,"GD remission | normal hormones + ATD 조건 | T3 vs fT3, TSH 포함 여부, <LLN 허용 여부",A,D07;D01,https://github.com/bioJain/GD_TED/blob/main/02_ted_fcrn_strategy/placebo_competitive_summary.md;https://github.com/bioJain/GD_TED/blob/main/01_competitive_landscape/gd_line_of_therapy.md,2026-10-01,
28,임상 해석,Proptosis responder라도 시간점과 복합 조건이 다르다,6,Durability | 치료 후 유지와 추가 치료 여부 | evaluable responder 분모와 randomized 전체 분모 구분,A,D07;D01,https://github.com/bioJain/GD_TED/blob/main/02_ted_fcrn_strategy/placebo_competitive_summary.md;https://github.com/bioJain/GD_TED/blob/main/01_competitive_landscape/gd_line_of_therapy.md,2026-10-01,
29,TED 효능,Active TED의 IGF1R RCT는 돌출 개선을 입증했다,1,OPTIC / NCT03298867 | Week 24; randomized n=83 | PRR 82.9% vs 9.5% | RD 73.45 pp; p<0.001,A,D07,https://github.com/bioJain/GD_TED/blob/main/02_ted_fcrn_strategy/placebo_competitive_summary.md;https://clinicaltrials.gov/study/NCT03298867;https://clinicaltrials.gov/study/NCT05176639;https://clinicaltrials.gov/study/NCT06021054;https://pubmed.ncbi.nlm.nih.gov/31971679/,2026-10-01,"Live ClinicalTrials.gov results 재확인: 2026-10-01. 각 NCT의 posted results 및 PMID 31971679. RD = risk difference, pp = percentage points."
29,TED 효능,Active TED의 IGF1R RCT는 돌출 개선을 입증했다,2,THRIVE / NCT05176639 | Week 15; randomized n=113 | PRR 70.0% vs 5.26% | RD 64.74 pp; p<0.0001,A,D07,https://github.com/bioJain/GD_TED/blob/main/02_ted_fcrn_strategy/placebo_competitive_summary.md;https://clinicaltrials.gov/study/NCT03298867;https://clinicaltrials.gov/study/NCT05176639;https://clinicaltrials.gov/study/NCT06021054;https://pubmed.ncbi.nlm.nih.gov/31971679/,2026-10-01,"Live ClinicalTrials.gov results 재확인: 2026-10-01. 각 NCT의 posted results 및 PMID 31971679. RD = risk difference, pp = percentage points."
29,TED 효능,Active TED의 IGF1R RCT는 돌출 개선을 입증했다,3,THRIVE-2 / NCT06021054 | Week 15; randomized n=188 | PRR 57.28% vs 8.22% | RD 49.06 pp; p<0.0001,A,D07,https://github.com/bioJain/GD_TED/blob/main/02_ted_fcrn_strategy/placebo_competitive_summary.md;https://clinicaltrials.gov/study/NCT03298867;https://clinicaltrials.gov/study/NCT05176639;https://clinicaltrials.gov/study/NCT06021054;https://pubmed.ncbi.nlm.nih.gov/31971679/,2026-10-01,"Live ClinicalTrials.gov results 재확인: 2026-10-01. 각 NCT의 posted results 및 PMID 31971679. RD = risk difference, pp = percentage points."
29,TED 효능,Active TED의 IGF1R RCT는 돌출 개선을 입증했다,4,"共通 평가 | proptosis 중심 주요 endpoint | placebo 반응은 낮지만 0%는 아님 | 질환 기간, CAS 및 기존 치료 차이 확인",A,D07,https://github.com/bioJain/GD_TED/blob/main/02_ted_fcrn_strategy/placebo_competitive_summary.md;https://clinicaltrials.gov/study/NCT03298867;https://clinicaltrials.gov/study/NCT05176639;https://clinicaltrials.gov/study/NCT06021054;https://pubmed.ncbi.nlm.nih.gov/31971679/,2026-10-01,"Live ClinicalTrials.gov results 재확인: 2026-10-01. 각 NCT의 posted results 및 PMID 31971679. RD = risk difference, pp = percentage points."
30,TED 효능,Chronic TED에도 proptosis 개선 증거가 있다,1,"Teprotumumab chronic / NCT04583735 | randomized n=62; Week 24 | 변화 −2.41 vs −0.92 mm; 차이 −1.48 mm, p=0.0004 | 안전성 분모 41 vs 20과 randomized 분모 구분",B,D07;P03,https://github.com/bioJain/GD_TED/blob/main/02_ted_fcrn_strategy/placebo_competitive_summary.md;https://investors.viridiantherapeutics.com/news/news-details/2026/Viridian-Therapeutics-Announces-Positive-Topline-Results-from-Elegrobart-Phase-3-REVEAL2-Clinical-Trial-in-Chronic-Thyroid-Eye-Disease/default.aspx;https://clinicaltrials.gov/study/NCT04583735,2026-10-01,
30,TED 효능,Chronic TED에도 proptosis 개선 증거가 있다,2,"Elegrobart REVEAL-2 | n=204; Week 24 | PRR Q4W 50%, Q8W 54% vs 15%; both p<0.0001 | 회사 topline B; 직접 비교 trial 아님",B,D07;P03,https://github.com/bioJain/GD_TED/blob/main/02_ted_fcrn_strategy/placebo_competitive_summary.md;https://investors.viridiantherapeutics.com/news/news-details/2026/Viridian-Therapeutics-Announces-Positive-Topline-Results-from-Elegrobart-Phase-3-REVEAL2-Clinical-Trial-in-Chronic-Thyroid-Eye-Disease/default.aspx;https://clinicaltrials.gov/study/NCT04583735,2026-10-01,
30,TED 효능,Chronic TED에도 proptosis 개선 증거가 있다,3,"REVEAL-2 diplopia | baseline diplopia subgroup | Q4W 61% vs 38%, p=0.0118; Q8W 55%, p=0.0419 | Q8W는 사전 alpha 0.025 미충족",B,D07;P03,https://github.com/bioJain/GD_TED/blob/main/02_ted_fcrn_strategy/placebo_competitive_summary.md;https://investors.viridiantherapeutics.com/news/news-details/2026/Viridian-Therapeutics-Announces-Positive-Topline-Results-from-Elegrobart-Phase-3-REVEAL2-Clinical-Trial-in-Chronic-Thyroid-Eye-Disease/default.aspx;https://clinicaltrials.gov/study/NCT04583735,2026-10-01,
30,TED 효능,Chronic TED에도 proptosis 개선 증거가 있다,4,해석 | chronic proptosis | 염증 저활성에서도 조직 출력 변화 가능 | 오래된 fibrosis의 reversal을 직접 증명하지 않음,B,D07;P03,https://github.com/bioJain/GD_TED/blob/main/02_ted_fcrn_strategy/placebo_competitive_summary.md;https://investors.viridiantherapeutics.com/news/news-details/2026/Viridian-Therapeutics-Announces-Positive-Topline-Results-from-Elegrobart-Phase-3-REVEAL2-Clinical-Trial-in-Chronic-Thyroid-Eye-Disease/default.aspx;https://clinicaltrials.gov/study/NCT04583735,2026-10-01,
31,TED 효능,Elegrobart topline은 투여 경로의 확장을 보여준다,1,"설계 | n=132; Q4W/Q8W/placebo 각 44 | Week 24 회사 topline, 2026-03-30",B,P02;P03,https://investors.viridiantherapeutics.com/news/news-details/2026/Viridian-Therapeutics-Announces-Positive-Topline-Results-from-Elegrobart-Phase-3-REVEAL1-Clinical-Trial-in-Active-Thyroid-Eye-Disease/default.aspx;https://investors.viridiantherapeutics.com/news/news-details/2026/Viridian-Therapeutics-Announces-Positive-Topline-Results-from-Elegrobart-Phase-3-REVEAL2-Clinical-Trial-in-Chronic-Thyroid-Eye-Disease/default.aspx,2026-10-01,REVEAL-2 hearing placebo-adjusted 4.1%/8.8%도 absolute incidence가 아니다. 서로 다른 trial의 subtraction 값을 IV label incidence와 직접 비교하지 않음.
31,TED 효능,Elegrobart topline은 투여 경로의 확장을 보여준다,2,"PRR | Q4W 54%, Q8W 63% vs placebo 18%; p<0.0001 | 각 시험 arm 내부 비교",B,P02;P03,https://investors.viridiantherapeutics.com/news/news-details/2026/Viridian-Therapeutics-Announces-Positive-Topline-Results-from-Elegrobart-Phase-3-REVEAL1-Clinical-Trial-in-Active-Thyroid-Eye-Disease/default.aspx;https://investors.viridiantherapeutics.com/news/news-details/2026/Viridian-Therapeutics-Announces-Positive-Topline-Results-from-Elegrobart-Phase-3-REVEAL2-Clinical-Trial-in-Chronic-Thyroid-Eye-Disease/default.aspx,2026-10-01,REVEAL-2 hearing placebo-adjusted 4.1%/8.8%도 absolute incidence가 아니다. 서로 다른 trial의 subtraction 값을 IV label incidence와 직접 비교하지 않음.
31,TED 효능,Elegrobart topline은 투여 경로의 확장을 보여준다,3,Q4W CAS 0/1 | 57% vs 50%; p=0.24 | 계층 아래의 일부 secondary는 nominal 해석,B,P02;P03,https://investors.viridiantherapeutics.com/news/news-details/2026/Viridian-Therapeutics-Announces-Positive-Topline-Results-from-Elegrobart-Phase-3-REVEAL1-Clinical-Trial-in-Active-Thyroid-Eye-Disease/default.aspx;https://investors.viridiantherapeutics.com/news/news-details/2026/Viridian-Therapeutics-Announces-Positive-Topline-Results-from-Elegrobart-Phase-3-REVEAL2-Clinical-Trial-in-Chronic-Thyroid-Eye-Disease/default.aspx,2026-10-01,REVEAL-2 hearing placebo-adjusted 4.1%/8.8%도 absolute incidence가 아니다. 서로 다른 trial의 subtraction 값을 IV label incidence와 직접 비교하지 않음.
31,TED 효능,Elegrobart topline은 투여 경로의 확장을 보여준다,4,Hearing | placebo-adjusted AE 11.3% / 2.3% | absolute incidence 아님; tinnitus로 보고된 topline,B,P02;P03,https://investors.viridiantherapeutics.com/news/news-details/2026/Viridian-Therapeutics-Announces-Positive-Topline-Results-from-Elegrobart-Phase-3-REVEAL1-Clinical-Trial-in-Active-Thyroid-Eye-Disease/default.aspx;https://investors.viridiantherapeutics.com/news/news-details/2026/Viridian-Therapeutics-Announces-Positive-Topline-Results-from-Elegrobart-Phase-3-REVEAL2-Clinical-Trial-in-Chronic-Thyroid-Eye-Disease/default.aspx,2026-10-01,REVEAL-2 hearing placebo-adjusted 4.1%/8.8%도 absolute incidence가 아니다. 서로 다른 trial의 subtraction 값을 IV label incidence와 직접 비교하지 않음.
31,TED 효능,Elegrobart topline은 투여 경로의 확장을 보여준다,5,개발 계획 | 회사 BLA 목표 Q1 2027 | 확정 허가 일정 아님,B,P02;P03,https://investors.viridiantherapeutics.com/news/news-details/2026/Viridian-Therapeutics-Announces-Positive-Topline-Results-from-Elegrobart-Phase-3-REVEAL1-Clinical-Trial-in-Active-Thyroid-Eye-Disease/default.aspx;https://investors.viridiantherapeutics.com/news/news-details/2026/Viridian-Therapeutics-Announces-Positive-Topline-Results-from-Elegrobart-Phase-3-REVEAL2-Clinical-Trial-in-Chronic-Thyroid-Eye-Disease/default.aspx,2026-10-01,REVEAL-2 hearing placebo-adjusted 4.1%/8.8%도 absolute incidence가 아니다. 서로 다른 trial의 subtraction 값을 IV label incidence와 직접 비교하지 않음.
32,TED 효능,Non-IGF1R 전략의 결과는 endpoint별로 혼재한다,1,SatraGO-1 / NCT05987423 | active 분석 PRR 49.0% vs 31.2%; p=0.0715 | primary 미충족; total randomized n=131와 분석 subset 구분,A,D02;D07;P04,https://github.com/bioJain/GD_TED/blob/main/01_competitive_landscape/ted_line_of_therapy.md;https://github.com/bioJain/GD_TED/blob/main/02_ted_fcrn_strategy/placebo_competitive_summary.md;https://www.roche.com/investors/updates/inv-update-2026-06-30;https://clinicaltrials.gov/study/NCT05987423;https://clinicaltrials.gov/study/NCT06106828;https://clinicaltrials.gov/study/NCT05276063,2026-10-01,
32,TED 효능,Non-IGF1R 전략의 결과는 endpoint별로 혼재한다,2,SatraGO-2 / NCT06106828 | active 분석 PRR 52.9% vs 23.4%; p=0.0011 | primary 충족; total n=127,A,D02;D07;P04,https://github.com/bioJain/GD_TED/blob/main/01_competitive_landscape/ted_line_of_therapy.md;https://github.com/bioJain/GD_TED/blob/main/02_ted_fcrn_strategy/placebo_competitive_summary.md;https://www.roche.com/investors/updates/inv-update-2026-06-30;https://clinicaltrials.gov/study/NCT05987423;https://clinicaltrials.gov/study/NCT06106828;https://clinicaltrials.gov/study/NCT05276063,2026-10-01,
32,TED 효능,Non-IGF1R 전략의 결과는 endpoint별로 혼재한다,3,"Linsitinib / NCT05276063 | Week 24 150 mg PRR 51.7% vs 18.8%, p=0.01 | 75 mg 38.9%, p=0.09; dose별 결과 유지",A,D02;D07;P04,https://github.com/bioJain/GD_TED/blob/main/01_competitive_landscape/ted_line_of_therapy.md;https://github.com/bioJain/GD_TED/blob/main/02_ted_fcrn_strategy/placebo_competitive_summary.md;https://www.roche.com/investors/updates/inv-update-2026-06-30;https://clinicaltrials.gov/study/NCT05987423;https://clinicaltrials.gov/study/NCT06106828;https://clinicaltrials.gov/study/NCT05276063,2026-10-01,
32,TED 효능,Non-IGF1R 전략의 결과는 endpoint별로 혼재한다,4,Tocilizumab small RCT | Week 16 CAS ≥2 감소 93.3% vs 58.8%; n=32 | steroid-resistant 집단 및 CAS endpoint,A,D02;D07;P04,https://github.com/bioJain/GD_TED/blob/main/01_competitive_landscape/ted_line_of_therapy.md;https://github.com/bioJain/GD_TED/blob/main/02_ted_fcrn_strategy/placebo_competitive_summary.md;https://www.roche.com/investors/updates/inv-update-2026-06-30;https://clinicaltrials.gov/study/NCT05987423;https://clinicaltrials.gov/study/NCT06106828;https://clinicaltrials.gov/study/NCT05276063,2026-10-01,
32,TED 효능,Non-IGF1R 전략의 결과는 endpoint별로 혼재한다,5,"Rituximab placebo RCT | CAS 변화 −1.2 vs −1.5, p=0.73; n=25 | 다른 RTX trial과 결과 혼재",A,D02;D07;P04,https://github.com/bioJain/GD_TED/blob/main/01_competitive_landscape/ted_line_of_therapy.md;https://github.com/bioJain/GD_TED/blob/main/02_ted_fcrn_strategy/placebo_competitive_summary.md;https://www.roche.com/investors/updates/inv-update-2026-06-30;https://clinicaltrials.gov/study/NCT05987423;https://clinicaltrials.gov/study/NCT06106828;https://clinicaltrials.gov/study/NCT05276063,2026-10-01,
33,임상 해석,Placebo 설계는 endpoint와 윤리적 맥락에 의존한다,1,"안정적 치료 배경 | 갑상선 기능과 concomitant therapy를 통제 | ATD, steroid 및 이전 biologic 기준",D,D07;D02;P03,https://github.com/bioJain/GD_TED/blob/main/02_ted_fcrn_strategy/placebo_competitive_summary.md;https://github.com/bioJain/GD_TED/blob/main/01_competitive_landscape/ted_line_of_therapy.md;https://investors.viridiantherapeutics.com/news/news-details/2026/Viridian-Therapeutics-Announces-Positive-Topline-Results-from-Elegrobart-Phase-3-REVEAL2-Clinical-Trial-in-Chronic-Thyroid-Eye-Disease/default.aspx,2026-10-01,Our view: trial 설계 제안이며 protocol 또는 규제 합의가 아님.
33,임상 해석,Placebo 설계는 endpoint와 윤리적 맥락에 의존한다,2,"Placebo PRR | 시험과 chronicity에 따라 변화 | OPTIC 9.5%, THRIVE 5.26%, REVEAL-2 15%는 다른 맥락",D,D07;D02;P03,https://github.com/bioJain/GD_TED/blob/main/02_ted_fcrn_strategy/placebo_competitive_summary.md;https://github.com/bioJain/GD_TED/blob/main/01_competitive_landscape/ted_line_of_therapy.md;https://investors.viridiantherapeutics.com/news/news-details/2026/Viridian-Therapeutics-Announces-Positive-Topline-Results-from-Elegrobart-Phase-3-REVEAL2-Clinical-Trial-in-Chronic-Thyroid-Eye-Disease/default.aspx,2026-10-01,Our view: trial 설계 제안이며 protocol 또는 규제 합의가 아님.
33,임상 해석,Placebo 설계는 endpoint와 윤리적 맥락에 의존한다,3,Rescue | 악화 시 구제와 중단 규칙 | endpoint에 rescue/nonresponder 처리 명시,D,D07;D02;P03,https://github.com/bioJain/GD_TED/blob/main/02_ted_fcrn_strategy/placebo_competitive_summary.md;https://github.com/bioJain/GD_TED/blob/main/01_competitive_landscape/ted_line_of_therapy.md;https://investors.viridiantherapeutics.com/news/news-details/2026/Viridian-Therapeutics-Announces-Positive-Topline-Results-from-Elegrobart-Phase-3-REVEAL2-Clinical-Trial-in-Chronic-Thyroid-Eye-Disease/default.aspx,2026-10-01,Our view: trial 설계 제안이며 protocol 또는 규제 합의가 아님.
33,임상 해석,Placebo 설계는 endpoint와 윤리적 맥락에 의존한다,4,"Masked assessment | 사진, exophthalmometry와 observer 규칙 | 측정 오차와 fellow eye 조건",D,D07;D02;P03,https://github.com/bioJain/GD_TED/blob/main/02_ted_fcrn_strategy/placebo_competitive_summary.md;https://github.com/bioJain/GD_TED/blob/main/01_competitive_landscape/ted_line_of_therapy.md;https://investors.viridiantherapeutics.com/news/news-details/2026/Viridian-Therapeutics-Announces-Positive-Topline-Results-from-Elegrobart-Phase-3-REVEAL2-Clinical-Trial-in-Chronic-Thyroid-Eye-Disease/default.aspx,2026-10-01,Our view: trial 설계 제안이며 protocol 또는 규제 합의가 아님.
33,임상 해석,Placebo 설계는 endpoint와 윤리적 맥락에 의존한다,5,"참여 집단 | DON, active severe, chronic phenotype 별도 | endpoint 적합성과 일반화 범위",D,D07;D02;P03,https://github.com/bioJain/GD_TED/blob/main/02_ted_fcrn_strategy/placebo_competitive_summary.md;https://github.com/bioJain/GD_TED/blob/main/01_competitive_landscape/ted_line_of_therapy.md;https://investors.viridiantherapeutics.com/news/news-details/2026/Viridian-Therapeutics-Announces-Positive-Topline-Results-from-Elegrobart-Phase-3-REVEAL2-Clinical-Trial-in-Chronic-Thyroid-Eye-Disease/default.aspx,2026-10-01,Our view: trial 설계 제안이며 protocol 또는 규제 합의가 아님.
34,지속성,Responder 유지율은 전체 환자 성공률과 다르다,1,Tepro pooled / PMID 38824618 | Week 72 proptosis 38/56 (67.9%); overall 37/56 (66.1%) | evaluable follow-up 집단,A,D02;D07,https://github.com/bioJain/GD_TED/blob/main/01_competitive_landscape/ted_line_of_therapy.md;https://github.com/bioJain/GD_TED/blob/main/02_ted_fcrn_strategy/placebo_competitive_summary.md;https://pubmed.ncbi.nlm.nih.gov/38824618/;https://pubmed.ncbi.nlm.nih.gov/38142982/,2026-10-01,
34,지속성,Responder 유지율은 전체 환자 성공률과 다르다,2,추가 치료 | 19/106 (17.9%) through 99 weeks post-dose | 동일 논문의 추가 치료 정의,A,D02;D07,https://github.com/bioJain/GD_TED/blob/main/01_competitive_landscape/ted_line_of_therapy.md;https://github.com/bioJain/GD_TED/blob/main/02_ted_fcrn_strategy/placebo_competitive_summary.md;https://pubmed.ncbi.nlm.nih.gov/38824618/;https://pubmed.ncbi.nlm.nih.gov/38142982/,2026-10-01,
34,지속성,Responder 유지율은 전체 환자 성공률과 다르다,3,Independent real-world / PMID 38142982 | responders 17/21; reactivation 8/17 (47%) | 작은 cohort; isolated regression 2/17 별도,A,D02;D07,https://github.com/bioJain/GD_TED/blob/main/01_competitive_landscape/ted_line_of_therapy.md;https://github.com/bioJain/GD_TED/blob/main/02_ted_fcrn_strategy/placebo_competitive_summary.md;https://pubmed.ncbi.nlm.nih.gov/38824618/;https://pubmed.ncbi.nlm.nih.gov/38142982/,2026-10-01,
34,지속성,Responder 유지율은 전체 환자 성공률과 다르다,4,Overall sustained | 7/21 sustained in same cohort | 47%를 전체 환자 재활성률로 표기하지 않음,A,D02;D07,https://github.com/bioJain/GD_TED/blob/main/01_competitive_landscape/ted_line_of_therapy.md;https://github.com/bioJain/GD_TED/blob/main/02_ted_fcrn_strategy/placebo_competitive_summary.md;https://pubmed.ncbi.nlm.nih.gov/38824618/;https://pubmed.ncbi.nlm.nih.gov/38142982/,2026-10-01,
34,지속성,Responder 유지율은 전체 환자 성공률과 다르다,5,Veligro initial follow-up | Week 52 PRR maintained 21/30 (70%) | evaluable responder 집단; 전체 treated success 아님,A,D02;D07,https://github.com/bioJain/GD_TED/blob/main/01_competitive_landscape/ted_line_of_therapy.md;https://github.com/bioJain/GD_TED/blob/main/02_ted_fcrn_strategy/placebo_competitive_summary.md;https://pubmed.ncbi.nlm.nih.gov/38824618/;https://pubmed.ncbi.nlm.nih.gov/38142982/,2026-10-01,
35,FcRn 전략,TED 실패와 GD 개발 지속은 표적의 질환 맥락을 보여준다,1,Immunovant / batoclimab | 두 Phase 3 primary endpoint 실패 | Phase 2 single-arm hormone/ATD signal,D,D06;P06;P07,https://github.com/bioJain/GD_TED/blob/main/02_ted_fcrn_strategy/fcrn_entry_strategy_ir_review.md;https://argenx.com/news/2025/press-release-3205093.html;https://www.immunovant.com/investors/news-events/press-releases/detail/81/immunovant-announces-phase-3-study-results-for-batoclimab,2026-10-01,
35,FcRn 전략,TED 실패와 GD 개발 지속은 표적의 질환 맥락을 보여준다,2,argenx / efgartigimod | 2025 futility로 TED 개발 중단 | 두 Phase 3 Recruiting,D,D06;P06;P07,https://github.com/bioJain/GD_TED/blob/main/02_ted_fcrn_strategy/fcrn_entry_strategy_ir_review.md;https://argenx.com/news/2025/press-release-3205093.html;https://www.immunovant.com/investors/news-events/press-releases/detail/81/immunovant-announces-phase-3-study-results-for-batoclimab,2026-10-01,
35,FcRn 전략,TED 실패와 GD 개발 지속은 표적의 질환 맥락을 보여준다,3,기전 | circulating IgG recycling 감소 | TRAb/TSAb 감소와 off-ATD control 연결 평가,D,D06;P06;P07,https://github.com/bioJain/GD_TED/blob/main/02_ted_fcrn_strategy/fcrn_entry_strategy_ir_review.md;https://argenx.com/news/2025/press-release-3205093.html;https://www.immunovant.com/investors/news-events/press-releases/detail/81/immunovant-announces-phase-3-study-results-for-batoclimab,2026-10-01,
35,FcRn 전략,TED 실패와 GD 개발 지속은 표적의 질환 맥락을 보여준다,4,"차별점 질문 | tissue remodeling과 chronicity | functional TSAb, protective IgG와 durability",D,D06;P06;P07,https://github.com/bioJain/GD_TED/blob/main/02_ted_fcrn_strategy/fcrn_entry_strategy_ir_review.md;https://argenx.com/news/2025/press-release-3205093.html;https://www.immunovant.com/investors/news-events/press-releases/detail/81/immunovant-announces-phase-3-study-results-for-batoclimab,2026-10-01,
35,FcRn 전략,TED 실패와 GD 개발 지속은 표적의 질환 맥락을 보여준다,5,Our view | TED에서 antibody reduction만으로 성공을 보장하지 않음 | GD의 biomarker와 clinical endpoint 연결을 독립 검증,D,D06;P06;P07,https://github.com/bioJain/GD_TED/blob/main/02_ted_fcrn_strategy/fcrn_entry_strategy_ir_review.md;https://argenx.com/news/2025/press-release-3205093.html;https://www.immunovant.com/investors/news-events/press-releases/detail/81/immunovant-announces-phase-3-study-results-for-batoclimab,2026-10-01,
36,GD 임상,GD Phase 3는 off-ATD 정상 기능과 지속성을 묻는다,1,Efgartigimod NCT07570316 | Week 24 off-ATD normal fT3/fT4/TSH | n=230 estimated; Recruiting | 추가 off-drug/ATD durability secondary,A,D04;P05,https://github.com/bioJain/GD_TED/blob/main/01_competitive_landscape/moa_phase_matrix_extended.md;https://ir.biohaven.com/news-releases/news-release-details/biohaven-advances-new-class-precision-immunology-therapies-first;https://clinicaltrials.gov/study/NCT07570316;https://clinicaltrials.gov/study/NCT07596849;https://clinicaltrials.gov/study/NCT07661056;https://clinicaltrials.gov/study/NCT07305818,2026-10-01,Live registry archive 2026-10-01. Estimated enrollment와 actual enrollment를 구분.
36,GD 임상,GD Phase 3는 off-ATD 정상 기능과 지속성을 묻는다,2,Efgartigimod NCT07596849 | Week 24 off-ATD normal fT3/fT4/TSH | n=230 estimated; Recruiting | TRAb seronegativity 별도 평가,A,D04;P05,https://github.com/bioJain/GD_TED/blob/main/01_competitive_landscape/moa_phase_matrix_extended.md;https://ir.biohaven.com/news-releases/news-release-details/biohaven-advances-new-class-precision-immunology-therapies-first;https://clinicaltrials.gov/study/NCT07570316;https://clinicaltrials.gov/study/NCT07596849;https://clinicaltrials.gov/study/NCT07661056;https://clinicaltrials.gov/study/NCT07305818,2026-10-01,Live registry archive 2026-10-01. Estimated enrollment와 actual enrollment를 구분.
36,GD 임상,GD Phase 3는 off-ATD 정상 기능과 지속성을 묻는다,3,BHV-1300 NCT07661056 | Week 26 off-ATD normal total T3/fT4/TSH | n=300 estimated; Recruiting | total T3를 fT3로 바꾸지 않음,A,D04;P05,https://github.com/bioJain/GD_TED/blob/main/01_competitive_landscape/moa_phase_matrix_extended.md;https://ir.biohaven.com/news-releases/news-release-details/biohaven-advances-new-class-precision-immunology-therapies-first;https://clinicaltrials.gov/study/NCT07570316;https://clinicaltrials.gov/study/NCT07596849;https://clinicaltrials.gov/study/NCT07661056;https://clinicaltrials.gov/study/NCT07305818,2026-10-01,Live registry archive 2026-10-01. Estimated enrollment와 actual enrollment를 구분.
36,GD 임상,GD Phase 3는 off-ATD 정상 기능과 지속성을 묻는다,4,"MER511 NCT07305818 | SAD/MAD safety, TEAE, ECG/labs | n=100 estimated; Phase 1 Recruiting | PK/ADA secondary; clinical efficacy proof 아님",A,D04;P05,https://github.com/bioJain/GD_TED/blob/main/01_competitive_landscape/moa_phase_matrix_extended.md;https://ir.biohaven.com/news-releases/news-release-details/biohaven-advances-new-class-precision-immunology-therapies-first;https://clinicaltrials.gov/study/NCT07570316;https://clinicaltrials.gov/study/NCT07596849;https://clinicaltrials.gov/study/NCT07661056;https://clinicaltrials.gov/study/NCT07305818,2026-10-01,Live registry archive 2026-10-01. Estimated enrollment와 actual enrollment를 구분.
37,GD 임상,Batoclimab 단일군 결과는 randomized remission 증거가 아니다,1,투여 | 680 mg weekly 12주 후 340 mg weekly 12주 | single-arm Phase 2,A,D06;D07,https://github.com/bioJain/GD_TED/blob/main/02_ted_fcrn_strategy/fcrn_entry_strategy_ir_review.md;https://github.com/bioJain/GD_TED/blob/main/02_ted_fcrn_strategy/placebo_competitive_summary.md,2026-10-01,ClinicalTrials.gov resultsPosted 2026-08-13 재확인.
37,GD 임상,Batoclimab 단일군 결과는 randomized remission 증거가 아니다,2,"Week 24 primary | 22/32 (68.8%): fT3/fT4 normal 또는 <LLN, ATD 증가 없음 | euthyroid remission 68.8%라고 부르지 않음",A,D06;D07,https://github.com/bioJain/GD_TED/blob/main/02_ted_fcrn_strategy/fcrn_entry_strategy_ir_review.md;https://github.com/bioJain/GD_TED/blob/main/02_ted_fcrn_strategy/placebo_competitive_summary.md,2026-10-01,ClinicalTrials.gov resultsPosted 2026-08-13 재확인.
37,GD 임상,Batoclimab 단일군 결과는 randomized remission 증거가 아니다,3,Secondary | 17/32 (53.1%): normal fT3/fT4 + ATD ≤baseline 50% | 호르몬 및 감량 조건 병존,A,D06;D07,https://github.com/bioJain/GD_TED/blob/main/02_ted_fcrn_strategy/fcrn_entry_strategy_ir_review.md;https://github.com/bioJain/GD_TED/blob/main/02_ted_fcrn_strategy/placebo_competitive_summary.md,2026-10-01,ClinicalTrials.gov resultsPosted 2026-08-13 재확인.
37,GD 임상,Batoclimab 단일군 결과는 randomized remission 증거가 아니다,4,"Off-ATD | 10/32 (31.3%): normal 또는 <LLN, ATD 없음 | 정상 기능만의 관해 및 TSH 조건과 다름",A,D06;D07,https://github.com/bioJain/GD_TED/blob/main/02_ted_fcrn_strategy/fcrn_entry_strategy_ir_review.md;https://github.com/bioJain/GD_TED/blob/main/02_ted_fcrn_strategy/placebo_competitive_summary.md,2026-10-01,ClinicalTrials.gov resultsPosted 2026-08-13 재확인.
37,GD 임상,Batoclimab 단일군 결과는 randomized remission 증거가 아니다,5,"결론 | biological/clinical signal 존재 | placebo, spontaneous variation와 tapering 효과 분리 필요",A,D06;D07,https://github.com/bioJain/GD_TED/blob/main/02_ted_fcrn_strategy/fcrn_entry_strategy_ir_review.md;https://github.com/bioJain/GD_TED/blob/main/02_ted_fcrn_strategy/placebo_competitive_summary.md,2026-10-01,ClinicalTrials.gov resultsPosted 2026-08-13 재확인.
38,안전성,Teprotumumab AE는 event별 분모를 유지한다,1,Muscle spasms | 17/41 (41.5%) vs 3/20 (15.0%) | frozen curation의 placebo 2/20 표기는 사용하지 않음,A,D08,https://github.com/bioJain/GD_TED/blob/main/03_mechanism_deepdive/igf1r_class_effect_ae.md;https://clinicaltrials.gov/study/NCT04583735,2026-10-01,"NCT04583735, baseline–Week 24. FDA label은 hyperglycemia 및 심각/영구 hearing impairment 가능성과 monitoring을 명시."
38,안전성,Teprotumumab AE는 event별 분모를 유지한다,2,Hypoacusis | 4/41 (9.8%) vs 0/20 | ear discomfort/tinnitus와 중복 가능,A,D08,https://github.com/bioJain/GD_TED/blob/main/03_mechanism_deepdive/igf1r_class_effect_ae.md;https://clinicaltrials.gov/study/NCT04583735,2026-10-01,"NCT04583735, baseline–Week 24. FDA label은 hyperglycemia 및 심각/영구 hearing impairment 가능성과 monitoring을 명시."
38,안전성,Teprotumumab AE는 event별 분모를 유지한다,3,Tinnitus | 2/41 (4.9%) vs 2/20 (10.0%) | 전체 hearing incidence로 사용하지 않음,A,D08,https://github.com/bioJain/GD_TED/blob/main/03_mechanism_deepdive/igf1r_class_effect_ae.md;https://clinicaltrials.gov/study/NCT04583735,2026-10-01,"NCT04583735, baseline–Week 24. FDA label은 hyperglycemia 및 심각/영구 hearing impairment 가능성과 monitoring을 명시."
38,안전성,Teprotumumab AE는 event별 분모를 유지한다,4,HbA1c increased | 3/41 (7.3%) vs 0/20 | diabetes/glucose intolerance와 합산 금지,A,D08,https://github.com/bioJain/GD_TED/blob/main/03_mechanism_deepdive/igf1r_class_effect_ae.md;https://clinicaltrials.gov/study/NCT04583735,2026-10-01,"NCT04583735, baseline–Week 24. FDA label은 hyperglycemia 및 심각/영구 hearing impairment 가능성과 monitoring을 명시."
38,안전성,Teprotumumab AE는 event별 분모를 유지한다,5,Diabetes mellitus | 2/41 (4.9%) vs 1/20 (5.0%) | event term 유지,A,D08,https://github.com/bioJain/GD_TED/blob/main/03_mechanism_deepdive/igf1r_class_effect_ae.md;https://clinicaltrials.gov/study/NCT04583735,2026-10-01,"NCT04583735, baseline–Week 24. FDA label은 hyperglycemia 및 심각/영구 hearing impairment 가능성과 monitoring을 명시."
38,안전성,Teprotumumab AE는 event별 분모를 유지한다,6,SAE | 1/41 (2.4%) vs 1/20 (5.0%) | serious conductive deafness 1/41 별도 명시,A,D08,https://github.com/bioJain/GD_TED/blob/main/03_mechanism_deepdive/igf1r_class_effect_ae.md;https://clinicaltrials.gov/study/NCT04583735,2026-10-01,"NCT04583735, baseline–Week 24. FDA label은 hyperglycemia 및 심각/영구 hearing impairment 가능성과 monitoring을 명시."
39,안전성,Veligrotug는 efficacy와 별개로 hearing/glucose 감시가 필요하다,1,Muscle spasms | 34/75 (45.3%) vs 3/38 (7.9%) | tepro Week 24 빈도와 직접 순위 비교 금지,A,D08;P01,https://github.com/bioJain/GD_TED/blob/main/03_mechanism_deepdive/igf1r_class_effect_ae.md;https://www.viridiantherapeutics.com/wp-content/uploads/2026/06/Lumvoa-veligrotug-Final-USPI_26Jun2026.pdf;https://clinicaltrials.gov/study/NCT05176639,2026-10-01,NCT05176639. Lumvoa label hyperglycemia 12%는 pooled label 값이며 이 표의 event 값과 다른 집단.
39,안전성,Veligrotug는 efficacy와 별개로 hearing/glucose 감시가 필요하다,2,Ear discomfort | 9/75 (12.0%) vs 1/38 (2.6%) | hearing umbrella 빈도 아님,A,D08;P01,https://github.com/bioJain/GD_TED/blob/main/03_mechanism_deepdive/igf1r_class_effect_ae.md;https://www.viridiantherapeutics.com/wp-content/uploads/2026/06/Lumvoa-veligrotug-Final-USPI_26Jun2026.pdf;https://clinicaltrials.gov/study/NCT05176639,2026-10-01,NCT05176639. Lumvoa label hyperglycemia 12%는 pooled label 값이며 이 표의 event 값과 다른 집단.
39,안전성,Veligrotug는 efficacy와 별개로 hearing/glucose 감시가 필요하다,3,Tinnitus | 9/75 (12.0%) vs 4/38 (10.5%) | 다른 hearing term과 중복 가능,A,D08;P01,https://github.com/bioJain/GD_TED/blob/main/03_mechanism_deepdive/igf1r_class_effect_ae.md;https://www.viridiantherapeutics.com/wp-content/uploads/2026/06/Lumvoa-veligrotug-Final-USPI_26Jun2026.pdf;https://clinicaltrials.gov/study/NCT05176639,2026-10-01,NCT05176639. Lumvoa label hyperglycemia 12%는 pooled label 값이며 이 표의 event 값과 다른 집단.
39,안전성,Veligrotug는 efficacy와 별개로 hearing/glucose 감시가 필요하다,4,Blood glucose increased | 7/75 (9.3%) vs 1/38 (2.6%) | hyperglycemia term 별도,A,D08;P01,https://github.com/bioJain/GD_TED/blob/main/03_mechanism_deepdive/igf1r_class_effect_ae.md;https://www.viridiantherapeutics.com/wp-content/uploads/2026/06/Lumvoa-veligrotug-Final-USPI_26Jun2026.pdf;https://clinicaltrials.gov/study/NCT05176639,2026-10-01,NCT05176639. Lumvoa label hyperglycemia 12%는 pooled label 값이며 이 표의 event 값과 다른 집단.
39,안전성,Veligrotug는 efficacy와 별개로 hearing/glucose 감시가 필요하다,5,Infusion reaction | 13/75 (17.3%) vs 2/38 (5.3%) | route와 monitoring 판단에 사용,A,D08;P01,https://github.com/bioJain/GD_TED/blob/main/03_mechanism_deepdive/igf1r_class_effect_ae.md;https://www.viridiantherapeutics.com/wp-content/uploads/2026/06/Lumvoa-veligrotug-Final-USPI_26Jun2026.pdf;https://clinicaltrials.gov/study/NCT05176639,2026-10-01,NCT05176639. Lumvoa label hyperglycemia 12%는 pooled label 값이며 이 표의 event 값과 다른 집단.
39,안전성,Veligrotug는 efficacy와 별개로 hearing/glucose 감시가 필요하다,6,SAE | 7/75 (9.3%) vs 0/38 | causality와 occurrence는 구분,A,D08;P01,https://github.com/bioJain/GD_TED/blob/main/03_mechanism_deepdive/igf1r_class_effect_ae.md;https://www.viridiantherapeutics.com/wp-content/uploads/2026/06/Lumvoa-veligrotug-Final-USPI_26Jun2026.pdf;https://clinicaltrials.gov/study/NCT05176639,2026-10-01,NCT05176639. Lumvoa label hyperglycemia 12%는 pooled label 값이며 이 표의 event 값과 다른 집단.
40,안전성,미보고 AE를 0건 또는 안전성 우위로 읽지 않는다,1,"Linsitinib 150 mg SAF n=29 | diarrhea 6/29, nausea 6/29, ALT 4/29, AST 3/29 | placebo n=31; consent–Week 120, threshold 보고",D,D08;P02;P03,https://github.com/bioJain/GD_TED/blob/main/03_mechanism_deepdive/igf1r_class_effect_ae.md;https://investors.viridiantherapeutics.com/news/news-details/2026/Viridian-Therapeutics-Announces-Positive-Topline-Results-from-Elegrobart-Phase-3-REVEAL1-Clinical-Trial-in-Active-Thyroid-Eye-Disease/default.aspx;https://investors.viridiantherapeutics.com/news/news-details/2026/Viridian-Therapeutics-Announces-Positive-Topline-Results-from-Elegrobart-Phase-3-REVEAL2-Clinical-Trial-in-Chronic-Thyroid-Eye-Disease/default.aspx;https://pubmed.ncbi.nlm.nih.gov/41066129/,2026-10-01,
40,안전성,미보고 AE를 0건 또는 안전성 우위로 읽지 않는다,2,Linsitinib SAE | 2/29 vs placebo 1/31 | ≥5% threshold 아래 미보고를 0건이라 하지 않음,D,D08;P02;P03,https://github.com/bioJain/GD_TED/blob/main/03_mechanism_deepdive/igf1r_class_effect_ae.md;https://investors.viridiantherapeutics.com/news/news-details/2026/Viridian-Therapeutics-Announces-Positive-Topline-Results-from-Elegrobart-Phase-3-REVEAL1-Clinical-Trial-in-Active-Thyroid-Eye-Disease/default.aspx;https://investors.viridiantherapeutics.com/news/news-details/2026/Viridian-Therapeutics-Announces-Positive-Topline-Results-from-Elegrobart-Phase-3-REVEAL2-Clinical-Trial-in-Chronic-Thyroid-Eye-Disease/default.aspx;https://pubmed.ncbi.nlm.nih.gov/41066129/,2026-10-01,
40,안전성,미보고 AE를 0건 또는 안전성 우위로 읽지 않는다,3,IBI311 RESTORE-1 / PMID 41066129 | n=54 vs 28; abstract 수준 safety 공개 | 상세 빈도 불명; hearing/metabolic/muscle AE 존재,D,D08;P02;P03,https://github.com/bioJain/GD_TED/blob/main/03_mechanism_deepdive/igf1r_class_effect_ae.md;https://investors.viridiantherapeutics.com/news/news-details/2026/Viridian-Therapeutics-Announces-Positive-Topline-Results-from-Elegrobart-Phase-3-REVEAL1-Clinical-Trial-in-Active-Thyroid-Eye-Disease/default.aspx;https://investors.viridiantherapeutics.com/news/news-details/2026/Viridian-Therapeutics-Announces-Positive-Topline-Results-from-Elegrobart-Phase-3-REVEAL2-Clinical-Trial-in-Chronic-Thyroid-Eye-Disease/default.aspx;https://pubmed.ncbi.nlm.nih.gov/41066129/,2026-10-01,
40,안전성,미보고 AE를 0건 또는 안전성 우위로 읽지 않는다,4,Elegrobart REVEAL-1/2 | 회사 placebo-adjusted hearing AE 수치 공개 | 등록부 미게시와 모든 공개 데이터 부재는 다름,D,D08;P02;P03,https://github.com/bioJain/GD_TED/blob/main/03_mechanism_deepdive/igf1r_class_effect_ae.md;https://investors.viridiantherapeutics.com/news/news-details/2026/Viridian-Therapeutics-Announces-Positive-Topline-Results-from-Elegrobart-Phase-3-REVEAL1-Clinical-Trial-in-Active-Thyroid-Eye-Disease/default.aspx;https://investors.viridiantherapeutics.com/news/news-details/2026/Viridian-Therapeutics-Announces-Positive-Topline-Results-from-Elegrobart-Phase-3-REVEAL2-Clinical-Trial-in-Chronic-Thyroid-Eye-Disease/default.aspx;https://pubmed.ncbi.nlm.nih.gov/41066129/,2026-10-01,
40,안전성,미보고 AE를 0건 또는 안전성 우위로 읽지 않는다,5,"eTPD 고려 | TSH 기능, immune IgG, liver uptake 및 ADA | 현재 후보의 임상 안전성으로 증명된 항목 아님",D,D08;P02;P03,https://github.com/bioJain/GD_TED/blob/main/03_mechanism_deepdive/igf1r_class_effect_ae.md;https://investors.viridiantherapeutics.com/news/news-details/2026/Viridian-Therapeutics-Announces-Positive-Topline-Results-from-Elegrobart-Phase-3-REVEAL1-Clinical-Trial-in-Active-Thyroid-Eye-Disease/default.aspx;https://investors.viridiantherapeutics.com/news/news-details/2026/Viridian-Therapeutics-Announces-Positive-Topline-Results-from-Elegrobart-Phase-3-REVEAL2-Clinical-Trial-in-Chronic-Thyroid-Eye-Disease/default.aspx;https://pubmed.ncbi.nlm.nih.gov/41066129/,2026-10-01,
41,가격,미국 course 가격과 CMS payment는 같은 수치가 아니다,1,"용량 | 10 mg/kg 1회 후 20 mg/kg ×7, Q3W | 10 mg/kg ×5, Q3W",C,D14;P01,https://github.com/bioJain/GD_TED/blob/main/04_tam_sam_pricing/teprotumumab_veligrotug_pricing.md;https://www.viridiantherapeutics.com/wp-content/uploads/2026/06/Lumvoa-veligrotug-Final-USPI_26Jun2026.pdf,2026-10-01,
41,가격,미국 course 가격과 CMS payment는 같은 수치가 아니다,2,"치료 기간 | 총 8회, 약 21주 | 총 5회, 약 12주",C,D14;P01,https://github.com/bioJain/GD_TED/blob/main/04_tam_sam_pricing/teprotumumab_veligrotug_pricing.md;https://www.viridiantherapeutics.com/wp-content/uploads/2026/06/Lumvoa-veligrotug-Final-USPI_26Jun2026.pdf,2026-10-01,
41,가격,미국 course 가격과 CMS payment는 같은 수치가 아니다,3,Vial | 500 mg | 500 mg/10 mL,C,D14;P01,https://github.com/bioJain/GD_TED/blob/main/04_tam_sam_pricing/teprotumumab_veligrotug_pricing.md;https://www.viridiantherapeutics.com/wp-content/uploads/2026/06/Lumvoa-veligrotug-Final-USPI_26Jun2026.pdf,2026-10-01,
41,가격,미국 course 가격과 CMS payment는 같은 수치가 아니다,4,"가격 공개 | 2020 launch WAC $14,900/vial (historical C) | 약 $450,000/course at 75 kg, management interview C",C,D14;P01,https://github.com/bioJain/GD_TED/blob/main/04_tam_sam_pricing/teprotumumab_veligrotug_pricing.md;https://www.viridiantherapeutics.com/wp-content/uploads/2026/06/Lumvoa-veligrotug-Final-USPI_26Jun2026.pdf,2026-10-01,
41,가격,미국 course 가격과 CMS payment는 같은 수치가 아니다,5,CMS | J3241 10 mg; 2026 Q4 $381.627/10 mg | code/payment 확인 필요,C,D14;P01,https://github.com/bioJain/GD_TED/blob/main/04_tam_sam_pricing/teprotumumab_veligrotug_pricing.md;https://www.viridiantherapeutics.com/wp-content/uploads/2026/06/Lumvoa-veligrotug-Final-USPI_26Jun2026.pdf,2026-10-01,
41,가격,미국 course 가격과 CMS payment는 같은 수치가 아니다,6,주의 | CMS payment limit ≠ WAC ≠ net price | course parity ≠ vial/unit parity,C,D14;P01,https://github.com/bioJain/GD_TED/blob/main/04_tam_sam_pricing/teprotumumab_veligrotug_pricing.md;https://www.viridiantherapeutics.com/wp-content/uploads/2026/06/Lumvoa-veligrotug-Final-USPI_26Jun2026.pdf,2026-10-01,
42,가격,동일 체중에서도 administered dose와 opened vial이 다르다,1,"Administered dose | 700 + 1,400×7 = 10,500 mg | 700×5 = 3,500 mg",D,D14,https://github.com/bioJain/GD_TED/blob/main/04_tam_sam_pricing/teprotumumab_veligrotug_pricing.md,2026-10-01,추정 계산 E. 2020 WAC와 2026 CMS 지급 한도의 차이를 가격 상승 또는 net realization으로 해석하지 않음.
42,가격,동일 체중에서도 administered dose와 opened vial이 다르다,2,"Opened 500 mg vials | 2 + 3×7 = 23 vials (11,500 mg) | 2×5 = 10 vials (5,000 mg)",D,D14,https://github.com/bioJain/GD_TED/blob/main/04_tam_sam_pricing/teprotumumab_veligrotug_pricing.md,2026-10-01,추정 계산 E. 2020 WAC와 2026 CMS 지급 한도의 차이를 가격 상승 또는 net realization으로 해석하지 않음.
42,가격,동일 체중에서도 administered dose와 opened vial이 다르다,3,"Historical WAC proxy | 23×$14,900 = $342,700 | 75 kg course quote를 70 kg unit price로 환산하지 않음",D,D14,https://github.com/bioJain/GD_TED/blob/main/04_tam_sam_pricing/teprotumumab_veligrotug_pricing.md,2026-10-01,추정 계산 E. 2020 WAC와 2026 CMS 지급 한도의 차이를 가격 상승 또는 net realization으로 해석하지 않음.
42,가격,동일 체중에서도 administered dose와 opened vial이 다르다,4,"CMS administered-dose proxy | 10,500/10×$381.627 = $400,708.35 | 공개 code/payment 확인 전 계산 보류",D,D14,https://github.com/bioJain/GD_TED/blob/main/04_tam_sam_pricing/teprotumumab_veligrotug_pricing.md,2026-10-01,추정 계산 E. 2020 WAC와 2026 CMS 지급 한도의 차이를 가격 상승 또는 net realization으로 해석하지 않음.
42,가격,동일 체중에서도 administered dose와 opened vial이 다르다,5,"추가 확인 | wastage, JW/JZ, ASP, payer 및 사이트별 규칙 | 실제 contract와 access 조건",D,D14,https://github.com/bioJain/GD_TED/blob/main/04_tam_sam_pricing/teprotumumab_veligrotug_pricing.md,2026-10-01,추정 계산 E. 2020 WAC와 2026 CMS 지급 한도의 차이를 가격 상승 또는 net realization으로 해석하지 않음.
43,시장,Commercial TAM은 범위 점검용이며 투자 가치가 아니다,1,GD floor / premium | $3.11B / $5.04B | raw inputs $3.1125B / $5.0435B,D,D13,https://github.com/bioJain/GD_TED/blob/main/04_tam_sam_pricing/tam_sam_revision.md,2026-10-01,
43,시장,Commercial TAM은 범위 점검용이며 투자 가치가 아니다,2,TED floor | $4.53B | commercial source aggregation; 국가와 scope 혼재,D,D13,https://github.com/bioJain/GD_TED/blob/main/04_tam_sam_pricing/tam_sam_revision.md,2026-10-01,
43,시장,Commercial TAM은 범위 점검용이며 투자 가치가 아니다,3,TED premium raw median | $7.50B | narrow scope outlier 포함,D,D13,https://github.com/bioJain/GD_TED/blob/main/04_tam_sam_pricing/tam_sam_revision.md,2026-10-01,
43,시장,Commercial TAM은 범위 점검용이며 투자 가치가 아니다,4,TED scope-adjusted premium | $8.09B | 약 $0.3051B outlier 제외; 더 보수적인 값이라고 부르지 않음,D,D13,https://github.com/bioJain/GD_TED/blob/main/04_tam_sam_pricing/tam_sam_revision.md,2026-10-01,
43,시장,Commercial TAM은 범위 점검용이며 투자 가치가 아니다,5,매출 anchor | Tepezza FY2025 $1.903B | actual sales와 TAM estimate는 다른 지표,D,D13,https://github.com/bioJain/GD_TED/blob/main/04_tam_sam_pricing/tam_sam_revision.md,2026-10-01,
43,시장,Commercial TAM은 범위 점검용이며 투자 가치가 아니다,6,"합산 | GD+TED 단순 합산 보류 | 동일 환자, 치료 정의와 자산 매출의 중복 가능",D,D13,https://github.com/bioJain/GD_TED/blob/main/04_tam_sam_pricing/tam_sam_revision.md,2026-10-01,
44,시장,TSAb 양성률은 mechanism ceiling이고 치료 반응률이 아니다,1,GD serology proxy | 90–95% | assay sensitivity/serology 가정; clinical responder 비율 아님,D,D13,https://github.com/bioJain/GD_TED/blob/main/04_tam_sam_pricing/tam_sam_revision.md,2026-10-01,
44,시장,TSAb 양성률은 mechanism ceiling이고 치료 반응률이 아니다,2,GD floor ceiling | $3.11B×90–95% = $2.80–2.96B | 상용화 가능한 매출 SAM 아님,D,D13,https://github.com/bioJain/GD_TED/blob/main/04_tam_sam_pricing/tam_sam_revision.md,2026-10-01,
44,시장,TSAb 양성률은 mechanism ceiling이고 치료 반응률이 아니다,3,"GD premium ceiling | $5.04B×90–95% = $4.54–4.79B | ATD 경쟁, 가격/접근 및 부작용 필터 미반영",D,D13,https://github.com/bioJain/GD_TED/blob/main/04_tam_sam_pricing/tam_sam_revision.md,2026-10-01,
44,시장,TSAb 양성률은 mechanism ceiling이고 치료 반응률이 아니다,4,TED 90% proxy | GD comorbidity proxy | direct functional TSAb-positive rate가 아님,D,D13,https://github.com/bioJain/GD_TED/blob/main/04_tam_sam_pricing/tam_sam_revision.md,2026-10-01,
44,시장,TSAb 양성률은 mechanism ceiling이고 치료 반응률이 아니다,5,"Clinical SAM | 정량화 보류 | phenotype, disease duration, ATD history, access와 dedup 필요",D,D13,https://github.com/bioJain/GD_TED/blob/main/04_tam_sam_pricing/tam_sam_revision.md,2026-10-01,
45,시장,US annual flow는 발생률에서 출발한 시나리오다,1,GD incidence /100k/year | 20 | 30 | 40,D,D13,https://github.com/bioJain/GD_TED/blob/main/04_tam_sam_pricing/tam_sam_revision.md,2026-10-01,낮음/기본/높음은 원 workbook 조합을 보존. 실제 cohort flow 또는 unique clinical SAM이 아님.
45,시장,US annual flow는 발생률에서 출발한 시나리오다,2,"신규 GD/year | 52,400 | 78,600 | 104,800",D,D13,https://github.com/bioJain/GD_TED/blob/main/04_tam_sam_pricing/tam_sam_revision.md,2026-10-01,낮음/기본/높음은 원 workbook 조합을 보존. 실제 cohort flow 또는 unique clinical SAM이 아님.
45,시장,US annual flow는 발생률에서 출발한 시나리오다,3,ATD 선택률 | 75% | 82% | 88%,D,D13,https://github.com/bioJain/GD_TED/blob/main/04_tam_sam_pricing/tam_sam_revision.md,2026-10-01,낮음/기본/높음은 원 workbook 조합을 보존. 실제 cohort flow 또는 unique clinical SAM이 아님.
45,시장,US annual flow는 발생률에서 출발한 시나리오다,4,"ATD 진입/year | 39,300 | 64,452 | 92,224",D,D13,https://github.com/bioJain/GD_TED/blob/main/04_tam_sam_pricing/tam_sam_revision.md,2026-10-01,낮음/기본/높음은 원 workbook 조합을 보존. 실제 cohort flow 또는 unique clinical SAM이 아님.
45,시장,US annual flow는 발생률에서 출발한 시나리오다,5,첫 코스 관해 가정 | 37% | 45% | 56%,D,D13,https://github.com/bioJain/GD_TED/blob/main/04_tam_sam_pricing/tam_sam_revision.md,2026-10-01,낮음/기본/높음은 원 workbook 조합을 보존. 실제 cohort flow 또는 unique clinical SAM이 아님.
45,시장,US annual flow는 발생률에서 출발한 시나리오다,6,"비관해/재발 flow | 24,759 | 35,449 | 40,579",D,D13,https://github.com/bioJain/GD_TED/blob/main/04_tam_sam_pricing/tam_sam_revision.md,2026-10-01,낮음/기본/높음은 원 workbook 조합을 보존. 실제 cohort flow 또는 unique clinical SAM이 아님.
45,시장,US annual flow는 발생률에서 출발한 시나리오다,7,"×TSAb 90–95% | 22,283–23,521 | 31,904–33,676 | 36,521–38,550",D,D13,https://github.com/bioJain/GD_TED/blob/main/04_tam_sam_pricing/tam_sam_revision.md,2026-10-01,낮음/기본/높음은 원 workbook 조합을 보존. 실제 cohort flow 또는 unique clinical SAM이 아님.
46,시장,TED 유병 pool에 추가 필터와 중복 제거가 필요하다,1,"7MM TED prevalence | 196,000–516,000 | stock; broad GD-linked TED 정의와 구분",D,D13;D05,https://github.com/bioJain/GD_TED/blob/main/04_tam_sam_pricing/tam_sam_revision.md;https://github.com/bioJain/GD_TED/blob/main/01_competitive_landscape/addressable_population_crosscheck.md,2026-10-01,
46,시장,TED 유병 pool에 추가 필터와 중복 제거가 필요하다,2,"×15% proxy | 약 29,000–77,000 | 일본 기반 severity/치료 proxy를 7MM에 외삽",D,D13;D05,https://github.com/bioJain/GD_TED/blob/main/04_tam_sam_pricing/tam_sam_revision.md;https://github.com/bioJain/GD_TED/blob/main/01_competitive_landscape/addressable_population_crosscheck.md,2026-10-01,
46,시장,TED 유병 pool에 추가 필터와 중복 제거가 필요하다,3,"×22–30% retreatment | 약 6,500–23,200 | 재치료 정의와 추적 기간이 자료마다 다름",D,D13;D05,https://github.com/bioJain/GD_TED/blob/main/04_tam_sam_pricing/tam_sam_revision.md;https://github.com/bioJain/GD_TED/blob/main/01_competitive_landscape/addressable_population_crosscheck.md,2026-10-01,
46,시장,TED 유병 pool에 추가 필터와 중복 제거가 필요하다,4,"미반영 | activity, proptosis/diplopia, 이전 치료 및 접근성 | 실제 제품 적격군으로 축소 필요",D,D13;D05,https://github.com/bioJain/GD_TED/blob/main/04_tam_sam_pricing/tam_sam_revision.md;https://github.com/bioJain/GD_TED/blob/main/01_competitive_landscape/addressable_population_crosscheck.md,2026-10-01,
46,시장,TED 유병 pool에 추가 필터와 중복 제거가 필요하다,5,"중복 | GD/TED overlap와 여러 상태 진입 | stock와 flow, 상태 전환을 고유 환자 수로 합산 금지",D,D13;D05,https://github.com/bioJain/GD_TED/blob/main/04_tam_sam_pricing/tam_sam_revision.md;https://github.com/bioJain/GD_TED/blob/main/01_competitive_landscape/addressable_population_crosscheck.md,2026-10-01,
47,eTPD benchmark,Benchmark는 neutralization과 clearance 경로가 다르다,1,"MER511 | TSHR ECD + engineered Fc | decoy, FcγRIIB/LSEC clearance, B-cell inhibition 회사 설명 | normal TSH 보존은 preclinical; 인간 efficacy 미확인",B,D15;P05,https://github.com/bioJain/GD_TED/blob/main/05_etpd_molecular_design/benchmark_spec_deepdive.md;https://ir.biohaven.com/news-releases/news-release-details/biohaven-advances-new-class-precision-immunology-therapies-first,2026-10-01,
47,eTPD benchmark,Benchmark는 neutralization과 clearance 경로가 다르다,2,LCA0321 | TSHR bait + ASGPR recruitment | antigen-specific extracellular degradation | patent example와 최종 임상 construct 동일성 미확인,B,D15;P05,https://github.com/bioJain/GD_TED/blob/main/05_etpd_molecular_design/benchmark_spec_deepdive.md;https://ir.biohaven.com/news-releases/news-release-details/biohaven-advances-new-class-precision-immunology-therapies-first,2026-10-01,
47,eTPD benchmark,Benchmark는 neutralization과 clearance 경로가 다르다,3,K1-70 | TSHR blocking IgG1λ | receptor blockade; apparent affinity 공개 | TSH 차단과 hypothyroidism risk,B,D15;P05,https://github.com/bioJain/GD_TED/blob/main/05_etpd_molecular_design/benchmark_spec_deepdive.md;https://ir.biohaven.com/news-releases/news-release-details/biohaven-advances-new-class-precision-immunology-therapies-first,2026-10-01,
47,eTPD benchmark,Benchmark는 neutralization과 clearance 경로가 다르다,4,GenSci098 | TSHR blocking mAb | cellular cAMP inhibition과 public sequence candidates | candidate sequence가 final selected construct임은 미확인,B,D15;P05,https://github.com/bioJain/GD_TED/blob/main/05_etpd_molecular_design/benchmark_spec_deepdive.md;https://ir.biohaven.com/news-releases/news-release-details/biohaven-advances-new-class-precision-immunology-therapies-first,2026-10-01,
47,eTPD benchmark,Benchmark는 neutralization과 clearance 경로가 다르다,5,BHV-1300 | IgG1/2/4 degrader | IgG3 sparing broad subclass mechanism | TSAb-specific가 아님,B,D15;P05,https://github.com/bioJain/GD_TED/blob/main/05_etpd_molecular_design/benchmark_spec_deepdive.md;https://ir.biohaven.com/news-releases/news-release-details/biohaven-advances-new-class-precision-immunology-therapies-first,2026-10-01,
48,eTPD benchmark,"Affinity, cellular potency와 모델 제거율은 비교 가능한 단위가 아니다",1,K1-70 | apparent Kd 약 25 pM | association constant 4×10¹⁰ L/mol의 역수 | SPR Kd 직접 비교 아님,A,D15,https://github.com/bioJain/GD_TED/blob/main/05_etpd_molecular_design/benchmark_spec_deepdive.md,2026-10-01,
48,eTPD benchmark,"Affinity, cellular potency와 모델 제거율은 비교 가능한 단위가 아니다",2,GenSci098 | human cellular EC50 1.11 nM | cellular functional potency | binding Kd 아님,A,D15,https://github.com/bioJain/GD_TED/blob/main/05_etpd_molecular_design/benchmark_spec_deepdive.md,2026-10-01,
48,eTPD benchmark,"Affinity, cellular potency와 모델 제거율은 비교 가능한 단위가 아니다",3,GenSci098 | M22 cAMP IC50 2.3 nM | specific agonist/assay inhibition | polyclonal TSAb neutralization 증거로 대체 불가,A,D15,https://github.com/bioJain/GD_TED/blob/main/05_etpd_molecular_design/benchmark_spec_deepdive.md,2026-10-01,
48,eTPD benchmark,"Affinity, cellular potency와 모델 제거율은 비교 가능한 단위가 아니다",4,LCA patent example | mouse antibody 감소 70.5% at 4 h | 21-L004 example 및 rebound 관찰 | human PD 또는 최종 LCA0321 construct 확정 아님,A,D15,https://github.com/bioJain/GD_TED/blob/main/05_etpd_molecular_design/benchmark_spec_deepdive.md,2026-10-01,
48,eTPD benchmark,"Affinity, cellular potency와 모델 제거율은 비교 가능한 단위가 아니다",5,ATX-GD-59 | FT3 normal 5/10 completers Week 18 | open-label Phase 1; enrolled n=12 | randomized proof 또는 active development 아님,A,D15,https://github.com/bioJain/GD_TED/blob/main/05_etpd_molecular_design/benchmark_spec_deepdive.md,2026-10-01,
49,eTPD benchmark,특허는 설계 선택지를 보여주지만 최종 CMC를 확정하지 않는다,1,"WO2025030009A1 | TSHR 260/289 stabilization와 Fc candidates | MER511 mapping probable; asset code 명시 부족 | selected sequence, Fc, formulation",D,D15,https://github.com/bioJain/GD_TED/blob/main/05_etpd_molecular_design/benchmark_spec_deepdive.md,2026-10-01,Our view 및 public disclosure comparison. 법률적 FTO 검토 미수행.
49,eTPD benchmark,특허는 설계 선택지를 보여주지만 최종 CMC를 확정하지 않는다,2,"WO2025207934A1 | ASGPR/Fc 또는 HSA carrier, TSHR linker | LCA0321 code 및 example 공개 | 최종 임상 construct와 example 연결",D,D15,https://github.com/bioJain/GD_TED/blob/main/05_etpd_molecular_design/benchmark_spec_deepdive.md,2026-10-01,Our view 및 public disclosure comparison. 법률적 FTO 검토 미수행.
49,eTPD benchmark,특허는 설계 선택지를 보여주지만 최종 CMC를 확정하지 않는다,3,WO2024046384A1 | TSHR mAb CDR/Fc candidates | GenSci program과 공개 mapping | 선택 서열/epitope/CMC 확정,D,D15,https://github.com/bioJain/GD_TED/blob/main/05_etpd_molecular_design/benchmark_spec_deepdive.md,2026-10-01,Our view 및 public disclosure comparison. 법률적 FTO 검토 미수행.
49,eTPD benchmark,특허는 설계 선택지를 보여주지만 최종 CMC를 확정하지 않는다,4,문서 날짜 | 각 priority/publication date는 source map에 기록 | patent disclosure와 임상 proof 별도 | FTO/legal conclusion으로 사용하지 않음,D,D15,https://github.com/bioJain/GD_TED/blob/main/05_etpd_molecular_design/benchmark_spec_deepdive.md,2026-10-01,Our view 및 public disclosure comparison. 법률적 FTO 검토 미수행.
50,TSHR shedding,Shedding의 존재와 인간 in vivo flux는 별도 질문이다,1,"Cleavage/shedding | PMID 8626810, 10411305, 12919313 등 분자/세포 자료 | human in vivo release flux",A,D16,https://github.com/bioJain/GD_TED/blob/main/05_etpd_molecular_design/tshr_shedding_rate.md;https://pubmed.ncbi.nlm.nih.gov/10411305/;https://pubmed.ncbi.nlm.nih.gov/12919313/,2026-10-01,1992 자료의 full text 및 분석 특이성 추가 확인 필요. 문헌 미확인은 실제 생물학적 부재가 아님.
50,TSHR shedding,Shedding의 존재와 인간 in vivo flux는 별도 질문이다,2,혈중 검출 | PMID 1497642: 약 60 kDa peptide-like immunoreactivity | intact A-subunit molecular identification 및 reference interval,A,D16,https://github.com/bioJain/GD_TED/blob/main/05_etpd_molecular_design/tshr_shedding_rate.md;https://pubmed.ncbi.nlm.nih.gov/10411305/;https://pubmed.ncbi.nlm.nih.gov/12919313/,2026-10-01,1992 자료의 full text 및 분석 특이성 추가 확인 필요. 문헌 미확인은 실제 생물학적 부재가 아님.
50,TSHR shedding,Shedding의 존재와 인간 in vivo flux는 별도 질문이다,3,"Kinetics | mechanism과 model 자료 | serum half-life, clearance와 thyroid-state별 변화",A,D16,https://github.com/bioJain/GD_TED/blob/main/05_etpd_molecular_design/tshr_shedding_rate.md;https://pubmed.ncbi.nlm.nih.gov/10411305/;https://pubmed.ncbi.nlm.nih.gov/12919313/,2026-10-01,1992 자료의 full text 및 분석 특이성 추가 확인 필요. 문헌 미확인은 실제 생물학적 부재가 아님.
50,TSHR shedding,Shedding의 존재와 인간 in vivo flux는 별도 질문이다,4,eTPD 의미 | bait가 TSAb를 잡는 데 circulating antigen은 필수 아님 | soluble TSHR 경쟁 및 sink 크기,A,D16,https://github.com/bioJain/GD_TED/blob/main/05_etpd_molecular_design/tshr_shedding_rate.md;https://pubmed.ncbi.nlm.nih.gov/10411305/;https://pubmed.ncbi.nlm.nih.gov/12919313/,2026-10-01,1992 자료의 full text 및 분석 특이성 추가 확인 필요. 문헌 미확인은 실제 생물학적 부재가 아님.
50,TSHR shedding,Shedding의 존재와 인간 in vivo flux는 별도 질문이다,5,결론 | 정량 자료 부족 | low shedding 또는 문헌상 부재로 단정하지 않음,A,D16,https://github.com/bioJain/GD_TED/blob/main/05_etpd_molecular_design/tshr_shedding_rate.md;https://pubmed.ncbi.nlm.nih.gov/10411305/;https://pubmed.ncbi.nlm.nih.gov/12919313/,2026-10-01,1992 자료의 full text 및 분석 특이성 추가 확인 필요. 문헌 미확인은 실제 생물학적 부재가 아님.
51,설계 판단,eTPD의 첫 gate는 선택성과 정상 기능 보존이다,1,항원 선택성 | polyclonal TSAb/TSBAb/neutral antibody panel | pathogenic activity 감소와 정상 기능 영향 분리,D,D15;D16,https://github.com/bioJain/GD_TED/blob/main/05_etpd_molecular_design/benchmark_spec_deepdive.md;https://github.com/bioJain/GD_TED/blob/main/05_etpd_molecular_design/tshr_shedding_rate.md,2026-10-01,"Our view. target Kd, clearance threshold와 임상 dose는 근거 없이 지정하지 않음."
51,설계 판단,eTPD의 첫 gate는 선택성과 정상 기능 보존이다,2,TSH 보존 | TSH binding 및 TSH-driven cAMP | TSAb capture와 endogenous TSH signaling 분리,D,D15;D16,https://github.com/bioJain/GD_TED/blob/main/05_etpd_molecular_design/benchmark_spec_deepdive.md;https://github.com/bioJain/GD_TED/blob/main/05_etpd_molecular_design/tshr_shedding_rate.md,2026-10-01,"Our view. target Kd, clearance threshold와 임상 dose는 근거 없이 지정하지 않음."
51,설계 판단,eTPD의 첫 gate는 선택성과 정상 기능 보존이다,3,"분해 경로 | recruiter binding, uptake, lysosome localization | neutralization-only와 degradation 효과 분리",D,D15;D16,https://github.com/bioJain/GD_TED/blob/main/05_etpd_molecular_design/benchmark_spec_deepdive.md;https://github.com/bioJain/GD_TED/blob/main/05_etpd_molecular_design/tshr_shedding_rate.md,2026-10-01,"Our view. target Kd, clearance threshold와 임상 dose는 근거 없이 지정하지 않음."
51,설계 판단,eTPD의 첫 gate는 선택성과 정상 기능 보존이다,4,IgG 보존 | protective IgG 및 total subclass profile | non-target IgG 손실 최소화 검증,D,D15;D16,https://github.com/bioJain/GD_TED/blob/main/05_etpd_molecular_design/benchmark_spec_deepdive.md;https://github.com/bioJain/GD_TED/blob/main/05_etpd_molecular_design/tshr_shedding_rate.md,2026-10-01,"Our view. target Kd, clearance threshold와 임상 dose는 근거 없이 지정하지 않음."
51,설계 판단,eTPD의 첫 gate는 선택성과 정상 기능 보존이다,5,"Sink/rebound | soluble TSHR competition, washout/rebound | 반복 노출과 anti-drug antibody 영향 확인",D,D15;D16,https://github.com/bioJain/GD_TED/blob/main/05_etpd_molecular_design/benchmark_spec_deepdive.md;https://github.com/bioJain/GD_TED/blob/main/05_etpd_molecular_design/tshr_shedding_rate.md,2026-10-01,"Our view. target Kd, clearance threshold와 임상 dose는 근거 없이 지정하지 않음."
52,다음 실험,단계별 실험으로 제거와 기능 억제를 분리한다,1,"1. Binding panel | TSAb diversity, blocking antibody와 TSH 경쟁 | 항원 bait가 충분한 breadth와 선택성을 갖는가",D,D15;D16;D10;D11,https://github.com/bioJain/GD_TED/blob/main/05_etpd_molecular_design/benchmark_spec_deepdive.md;https://github.com/bioJain/GD_TED/blob/main/05_etpd_molecular_design/tshr_shedding_rate.md;https://github.com/bioJain/GD_TED/blob/main/03_mechanism_deepdive/orbital_fibroblast_igf1r_maturity.md;https://github.com/bioJain/GD_TED/blob/main/03_mechanism_deepdive/tshr_igf1r_crosstalk_deepdive.md,2026-10-01,
52,다음 실험,단계별 실험으로 제거와 기능 억제를 분리한다,2,2. Functional assay | TSHR cAMP + human thyrocyte hormone-related output | binding 감소가 기능 감소로 이어지는가,D,D15;D16;D10;D11,https://github.com/bioJain/GD_TED/blob/main/05_etpd_molecular_design/benchmark_spec_deepdive.md;https://github.com/bioJain/GD_TED/blob/main/05_etpd_molecular_design/tshr_shedding_rate.md;https://github.com/bioJain/GD_TED/blob/main/03_mechanism_deepdive/orbital_fibroblast_igf1r_maturity.md;https://github.com/bioJain/GD_TED/blob/main/03_mechanism_deepdive/tshr_igf1r_crosstalk_deepdive.md,2026-10-01,
52,다음 실험,단계별 실험으로 제거와 기능 억제를 분리한다,3,"3. Clearance | receptor-dependent uptake, pH release, lysosome assay | neutralization 이상의 실제 제거인가",D,D15;D16;D10;D11,https://github.com/bioJain/GD_TED/blob/main/05_etpd_molecular_design/benchmark_spec_deepdive.md;https://github.com/bioJain/GD_TED/blob/main/05_etpd_molecular_design/tshr_shedding_rate.md;https://github.com/bioJain/GD_TED/blob/main/03_mechanism_deepdive/orbital_fibroblast_igf1r_maturity.md;https://github.com/bioJain/GD_TED/blob/main/03_mechanism_deepdive/tshr_igf1r_crosstalk_deepdive.md,2026-10-01,
52,다음 실험,단계별 실험으로 제거와 기능 억제를 분리한다,4,"4. Human OF | HA, pERK, adipogenesis와 αSMA를 별도 측정 | TSAb 감소와 tissue fate 출력의 연결 범위",D,D15;D16;D10;D11,https://github.com/bioJain/GD_TED/blob/main/05_etpd_molecular_design/benchmark_spec_deepdive.md;https://github.com/bioJain/GD_TED/blob/main/05_etpd_molecular_design/tshr_shedding_rate.md;https://github.com/bioJain/GD_TED/blob/main/03_mechanism_deepdive/orbital_fibroblast_igf1r_maturity.md;https://github.com/bioJain/GD_TED/blob/main/03_mechanism_deepdive/tshr_igf1r_crosstalk_deepdive.md,2026-10-01,
52,다음 실험,단계별 실험으로 제거와 기능 억제를 분리한다,5,"5. PK/PD durability | washout, rebound, repeated exposure, ADA | 일시 항체 감소가 지속 효과로 이어지는가",D,D15;D16;D10;D11,https://github.com/bioJain/GD_TED/blob/main/05_etpd_molecular_design/benchmark_spec_deepdive.md;https://github.com/bioJain/GD_TED/blob/main/05_etpd_molecular_design/tshr_shedding_rate.md;https://github.com/bioJain/GD_TED/blob/main/03_mechanism_deepdive/orbital_fibroblast_igf1r_maturity.md;https://github.com/bioJain/GD_TED/blob/main/03_mechanism_deepdive/tshr_igf1r_crosstalk_deepdive.md,2026-10-01,
52,다음 실험,단계별 실험으로 제거와 기능 억제를 분리한다,6,"6. Developability | aggregation, stability, expression과 formulation | 생물학적 선택성과 제조 가능성이 양립하는가",D,D15;D16;D10;D11,https://github.com/bioJain/GD_TED/blob/main/05_etpd_molecular_design/benchmark_spec_deepdive.md;https://github.com/bioJain/GD_TED/blob/main/05_etpd_molecular_design/tshr_shedding_rate.md;https://github.com/bioJain/GD_TED/blob/main/03_mechanism_deepdive/orbital_fibroblast_igf1r_maturity.md;https://github.com/bioJain/GD_TED/blob/main/03_mechanism_deepdive/tshr_igf1r_crosstalk_deepdive.md,2026-10-01,
53,다음 결정,eTPD 차별화는 네 가지 조건을 동시에 통과해야 한다,1,"Selective functional depletion | TSAb activity 감소, TSH/IgG 보존 | clearance와 지속성 검증으로 진행",D,D15;D16;D11,https://github.com/bioJain/GD_TED/blob/main/05_etpd_molecular_design/benchmark_spec_deepdive.md;https://github.com/bioJain/GD_TED/blob/main/05_etpd_molecular_design/tshr_shedding_rate.md;https://github.com/bioJain/GD_TED/blob/main/03_mechanism_deepdive/tshr_igf1r_crosstalk_deepdive.md,2026-10-01,"Our view: clinical candidate 선택, 개발 단계 승인 또는 clone ranking 결과가 아님."
53,다음 결정,eTPD 차별화는 네 가지 조건을 동시에 통과해야 한다,2,Neutralization only | activity 억제는 있으나 receptor-dependent removal 미약 | 차별화 목표와 dose burden 재검토,D,D15;D16;D11,https://github.com/bioJain/GD_TED/blob/main/05_etpd_molecular_design/benchmark_spec_deepdive.md;https://github.com/bioJain/GD_TED/blob/main/05_etpd_molecular_design/tshr_shedding_rate.md;https://github.com/bioJain/GD_TED/blob/main/03_mechanism_deepdive/tshr_igf1r_crosstalk_deepdive.md,2026-10-01,"Our view: clinical candidate 선택, 개발 단계 승인 또는 clone ranking 결과가 아님."
53,다음 결정,eTPD 차별화는 네 가지 조건을 동시에 통과해야 한다,3,Broad capture/sink | normal ligand/antibody 손실 또는 soluble antigen 경쟁 | bait와 recruiter architecture 재설계,D,D15;D16;D11,https://github.com/bioJain/GD_TED/blob/main/05_etpd_molecular_design/benchmark_spec_deepdive.md;https://github.com/bioJain/GD_TED/blob/main/05_etpd_molecular_design/tshr_shedding_rate.md;https://github.com/bioJain/GD_TED/blob/main/03_mechanism_deepdive/tshr_igf1r_crosstalk_deepdive.md,2026-10-01,"Our view: clinical candidate 선택, 개발 단계 승인 또는 clone ranking 결과가 아님."
53,다음 결정,eTPD 차별화는 네 가지 조건을 동시에 통과해야 한다,4,"Short-lived PD | 빠른 감소 후 rebound 또는 ADA | source production, dosing와 tolerance strategy 평가",D,D15;D16;D11,https://github.com/bioJain/GD_TED/blob/main/05_etpd_molecular_design/benchmark_spec_deepdive.md;https://github.com/bioJain/GD_TED/blob/main/05_etpd_molecular_design/tshr_shedding_rate.md;https://github.com/bioJain/GD_TED/blob/main/03_mechanism_deepdive/tshr_igf1r_crosstalk_deepdive.md,2026-10-01,"Our view: clinical candidate 선택, 개발 단계 승인 또는 clone ranking 결과가 아님."
53,다음 결정,eTPD 차별화는 네 가지 조건을 동시에 통과해야 한다,5,TED output 불충분 | thyroid assay는 양성이나 OF HA/fate 변화 제한 | GD 우선 개발과 TED 가설을 별도 판단,D,D15;D16;D11,https://github.com/bioJain/GD_TED/blob/main/05_etpd_molecular_design/benchmark_spec_deepdive.md;https://github.com/bioJain/GD_TED/blob/main/05_etpd_molecular_design/tshr_shedding_rate.md;https://github.com/bioJain/GD_TED/blob/main/03_mechanism_deepdive/tshr_igf1r_crosstalk_deepdive.md,2026-10-01,"Our view: clinical candidate 선택, 개발 단계 승인 또는 clone ranking 결과가 아님."
54,업데이트 항목,2026–2027 이벤트는 예정과 결과를 구분해 추적한다,1,Satralizumab TED | PDUFA 2026-10-15 예정 | FDA decision와 최종 label,B,D04;D15;P04;P02;P05,https://github.com/bioJain/GD_TED/blob/main/01_competitive_landscape/moa_phase_matrix_extended.md;https://github.com/bioJain/GD_TED/blob/main/05_etpd_molecular_design/benchmark_spec_deepdive.md;https://www.roche.com/investors/updates/inv-update-2026-06-30;https://investors.viridiantherapeutics.com/news/news-details/2026/Viridian-Therapeutics-Announces-Positive-Topline-Results-from-Elegrobart-Phase-3-REVEAL1-Clinical-Trial-in-Active-Thyroid-Eye-Disease/default.aspx;https://ir.biohaven.com/news-releases/news-release-details/biohaven-advances-new-class-precision-immunology-therapies-first,2026-10-01,
54,업데이트 항목,2026–2027 이벤트는 예정과 결과를 구분해 추적한다,2,"Elegrobart | 회사 BLA 목표 Q1 2027 | full trial results, safety denominator와 filing",B,D04;D15;P04;P02;P05,https://github.com/bioJain/GD_TED/blob/main/01_competitive_landscape/moa_phase_matrix_extended.md;https://github.com/bioJain/GD_TED/blob/main/05_etpd_molecular_design/benchmark_spec_deepdive.md;https://www.roche.com/investors/updates/inv-update-2026-06-30;https://investors.viridiantherapeutics.com/news/news-details/2026/Viridian-Therapeutics-Announces-Positive-Topline-Results-from-Elegrobart-Phase-3-REVEAL1-Clinical-Trial-in-Active-Thyroid-Eye-Disease/default.aspx;https://ir.biohaven.com/news-releases/news-release-details/biohaven-advances-new-class-precision-immunology-therapies-first,2026-10-01,
54,업데이트 항목,2026–2027 이벤트는 예정과 결과를 구분해 추적한다,3,GD efgartigimod | 두 Phase 3 Recruiting | off-ATD endpoint와 durability,B,D04;D15;P04;P02;P05,https://github.com/bioJain/GD_TED/blob/main/01_competitive_landscape/moa_phase_matrix_extended.md;https://github.com/bioJain/GD_TED/blob/main/05_etpd_molecular_design/benchmark_spec_deepdive.md;https://www.roche.com/investors/updates/inv-update-2026-06-30;https://investors.viridiantherapeutics.com/news/news-details/2026/Viridian-Therapeutics-Announces-Positive-Topline-Results-from-Elegrobart-Phase-3-REVEAL1-Clinical-Trial-in-Active-Thyroid-Eye-Disease/default.aspx;https://ir.biohaven.com/news-releases/news-release-details/biohaven-advances-new-class-precision-immunology-therapies-first,2026-10-01,
54,업데이트 항목,2026–2027 이벤트는 예정과 결과를 구분해 추적한다,4,"BHV-1300 | GD Phase 3 Recruiting | IgG subclass profile, PD와 clinical remission",B,D04;D15;P04;P02;P05,https://github.com/bioJain/GD_TED/blob/main/01_competitive_landscape/moa_phase_matrix_extended.md;https://github.com/bioJain/GD_TED/blob/main/05_etpd_molecular_design/benchmark_spec_deepdive.md;https://www.roche.com/investors/updates/inv-update-2026-06-30;https://investors.viridiantherapeutics.com/news/news-details/2026/Viridian-Therapeutics-Announces-Positive-Topline-Results-from-Elegrobart-Phase-3-REVEAL1-Clinical-Trial-in-Active-Thyroid-Eye-Disease/default.aspx;https://ir.biohaven.com/news-releases/news-release-details/biohaven-advances-new-class-precision-immunology-therapies-first,2026-10-01,
54,업데이트 항목,2026–2027 이벤트는 예정과 결과를 구분해 추적한다,5,"MER511/LCA0321 | 초기 개발과 public construct mapping | human safety/PD, actual construct 및 dosing",B,D04;D15;P04;P02;P05,https://github.com/bioJain/GD_TED/blob/main/01_competitive_landscape/moa_phase_matrix_extended.md;https://github.com/bioJain/GD_TED/blob/main/05_etpd_molecular_design/benchmark_spec_deepdive.md;https://www.roche.com/investors/updates/inv-update-2026-06-30;https://investors.viridiantherapeutics.com/news/news-details/2026/Viridian-Therapeutics-Announces-Positive-Topline-Results-from-Elegrobart-Phase-3-REVEAL1-Clinical-Trial-in-Active-Thyroid-Eye-Disease/default.aspx;https://ir.biohaven.com/news-releases/news-release-details/biohaven-advances-new-class-precision-immunology-therapies-first,2026-10-01,
54,업데이트 항목,2026–2027 이벤트는 예정과 결과를 구분해 추적한다,6,Internal | JHA-85/88 미완료 | clone screening 및 specification tuning 근거 확보,B,D04;D15;P04;P02;P05,https://github.com/bioJain/GD_TED/blob/main/01_competitive_landscape/moa_phase_matrix_extended.md;https://github.com/bioJain/GD_TED/blob/main/05_etpd_molecular_design/benchmark_spec_deepdive.md;https://www.roche.com/investors/updates/inv-update-2026-06-30;https://investors.viridiantherapeutics.com/news/news-details/2026/Viridian-Therapeutics-Announces-Positive-Topline-Results-from-Elegrobart-Phase-3-REVEAL1-Clinical-Trial-in-Active-Thyroid-Eye-Disease/default.aspx;https://ir.biohaven.com/news-releases/news-release-details/biohaven-advances-new-class-precision-immunology-therapies-first,2026-10-01,
55,미해결 과제,미완료 자료는 결론의 한계로 명시한다,1,"Clone screening / JHA-85 | Backlog | 선별 결과, assay controls와 raw data",D,D15;D16;D13,https://github.com/bioJain/GD_TED/blob/main/05_etpd_molecular_design/benchmark_spec_deepdive.md;https://github.com/bioJain/GD_TED/blob/main/05_etpd_molecular_design/tshr_shedding_rate.md;https://github.com/bioJain/GD_TED/blob/main/04_tam_sam_pricing/tam_sam_revision.md,2026-10-01,
55,미해결 과제,미완료 자료는 결론의 한계로 명시한다,2,Specification tuning / JHA-88 | Backlog | qualified assay 기반 acceptance criteria,D,D15;D16;D13,https://github.com/bioJain/GD_TED/blob/main/05_etpd_molecular_design/benchmark_spec_deepdive.md;https://github.com/bioJain/GD_TED/blob/main/05_etpd_molecular_design/tshr_shedding_rate.md;https://github.com/bioJain/GD_TED/blob/main/04_tam_sam_pricing/tam_sam_revision.md,2026-10-01,
55,미해결 과제,미완료 자료는 결론의 한계로 명시한다,3,Human shedding kinetics | 정량 근거 미확인 | 분석법 특이성과 patient serum 측정,D,D15;D16;D13,https://github.com/bioJain/GD_TED/blob/main/05_etpd_molecular_design/benchmark_spec_deepdive.md;https://github.com/bioJain/GD_TED/blob/main/05_etpd_molecular_design/tshr_shedding_rate.md;https://github.com/bioJain/GD_TED/blob/main/04_tam_sam_pricing/tam_sam_revision.md,2026-10-01,
55,미해결 과제,미완료 자료는 결론의 한계로 명시한다,4,"Market clinical eligibility | serology/epidemiology proxy | phenotype, access, price, dedup 필터",D,D15;D16;D13,https://github.com/bioJain/GD_TED/blob/main/05_etpd_molecular_design/benchmark_spec_deepdive.md;https://github.com/bioJain/GD_TED/blob/main/05_etpd_molecular_design/tshr_shedding_rate.md;https://github.com/bioJain/GD_TED/blob/main/04_tam_sam_pricing/tam_sam_revision.md,2026-10-01,
55,미해결 과제,미완료 자료는 결론의 한계로 명시한다,5,Figure layout / JHA-86 | 4개 source-specific 슬롯 | 사용자 layout/source 승인 후 최종 도판 재작도,D,D15;D16;D13,https://github.com/bioJain/GD_TED/blob/main/05_etpd_molecular_design/benchmark_spec_deepdive.md;https://github.com/bioJain/GD_TED/blob/main/05_etpd_molecular_design/tshr_shedding_rate.md;https://github.com/bioJain/GD_TED/blob/main/04_tam_sam_pricing/tam_sam_revision.md,2026-10-01,
55,미해결 과제,미완료 자료는 결론의 한계로 명시한다,6,Independent QA | 기존 repo QA 반영; 이번 deck은 자체 점검 | 독립 cross-model review는 별도 미수행,D,D15;D16;D13,https://github.com/bioJain/GD_TED/blob/main/05_etpd_molecular_design/benchmark_spec_deepdive.md;https://github.com/bioJain/GD_TED/blob/main/05_etpd_molecular_design/tshr_shedding_rate.md;https://github.com/bioJain/GD_TED/blob/main/04_tam_sam_pricing/tam_sam_revision.md,2026-10-01,
56,부록 A,허가 범위와 시험 phenotype은 다를 수 있다,1,Tepezza | TED activity/duration 관계없는 label | EMA 2025-06-19; adult moderate-to-severe TED | 한국 연구 등록은 한국 허가 증거 아님,A,P01;P04;P08;D14,https://www.viridiantherapeutics.com/wp-content/uploads/2026/06/Lumvoa-veligrotug-Final-USPI_26Jun2026.pdf;https://www.roche.com/investors/updates/inv-update-2026-06-30;https://www.ema.europa.eu/en/medicines/human/EPAR/tepezza;https://github.com/bioJain/GD_TED/blob/main/04_tam_sam_pricing/teprotumumab_veligrotug_pricing.md,2026-10-01,
56,부록 A,허가 범위와 시험 phenotype은 다를 수 있다,2,Lumvoa | 2026-06-26 TED 승인; activity/duration 관계없음 | 국가별 허가 및 접근 별도 확인 | 10 mg/kg ×5 Q3W label,A,P01;P04;P08;D14,https://www.viridiantherapeutics.com/wp-content/uploads/2026/06/Lumvoa-veligrotug-Final-USPI_26Jun2026.pdf;https://www.roche.com/investors/updates/inv-update-2026-06-30;https://www.ema.europa.eu/en/medicines/human/EPAR/tepezza;https://github.com/bioJain/GD_TED/blob/main/04_tam_sam_pricing/teprotumumab_veligrotug_pricing.md,2026-10-01,
56,부록 A,허가 범위와 시험 phenotype은 다를 수 있다,3,Satralizumab | TED sBLA review 중 | NMOSD 승인과 TED 승인은 별도 | 2026-10-01 TED 승인으로 표기하지 않음,A,P01;P04;P08;D14,https://www.viridiantherapeutics.com/wp-content/uploads/2026/06/Lumvoa-veligrotug-Final-USPI_26Jun2026.pdf;https://www.roche.com/investors/updates/inv-update-2026-06-30;https://www.ema.europa.eu/en/medicines/human/EPAR/tepezza;https://github.com/bioJain/GD_TED/blob/main/04_tam_sam_pricing/teprotumumab_veligrotug_pricing.md,2026-10-01,
56,부록 A,허가 범위와 시험 phenotype은 다를 수 있다,4,국내 급여 | 본 보고서의 미국 가격 계산 대상 아님 | MFDS/급여 원자료 추가 확인 필요 | 미확인 status를 전 세계 접근 가능으로 표시하지 않음,A,P01;P04;P08;D14,https://www.viridiantherapeutics.com/wp-content/uploads/2026/06/Lumvoa-veligrotug-Final-USPI_26Jun2026.pdf;https://www.roche.com/investors/updates/inv-update-2026-06-30;https://www.ema.europa.eu/en/medicines/human/EPAR/tepezza;https://github.com/bioJain/GD_TED/blob/main/04_tam_sam_pricing/teprotumumab_veligrotug_pricing.md,2026-10-01,
57,부록 B,최근 등록부 상태를 원자료와 함께 보관했다,1,"07570316 / 07596849 | P3 Recruiting | 230 each, estimated | No",A,D04,https://github.com/bioJain/GD_TED/blob/main/01_competitive_landscape/moa_phase_matrix_extended.md,2026-10-01,Source: ClinicalTrials.gov API v2 protocolSection/resultsSection; archived JSON hash는 source map 참조.
57,부록 B,최근 등록부 상태를 원자료와 함께 보관했다,2,07661056 | P3 Recruiting | 300 estimated | No,A,D04,https://github.com/bioJain/GD_TED/blob/main/01_competitive_landscape/moa_phase_matrix_extended.md,2026-10-01,Source: ClinicalTrials.gov API v2 protocolSection/resultsSection; archived JSON hash는 source map 참조.
57,부록 B,최근 등록부 상태를 원자료와 함께 보관했다,3,07305818 | P1 Recruiting | 100 estimated | No,A,D04,https://github.com/bioJain/GD_TED/blob/main/01_competitive_landscape/moa_phase_matrix_extended.md,2026-10-01,Source: ClinicalTrials.gov API v2 protocolSection/resultsSection; archived JSON hash는 source map 참조.
57,부록 B,최근 등록부 상태를 원자료와 함께 보관했다,4,06569758 | P1 Recruiting | 76 estimated | No,A,D04,https://github.com/bioJain/GD_TED/blob/main/01_competitive_landscape/moa_phase_matrix_extended.md,2026-10-01,Source: ClinicalTrials.gov API v2 protocolSection/resultsSection; archived JSON hash는 source map 참조.
57,부록 B,최근 등록부 상태를 원자료와 함께 보관했다,5,06557850 | P1 Active not recruiting | 20 actual | No; company TED stop 별도,A,D04,https://github.com/bioJain/GD_TED/blob/main/01_competitive_landscape/moa_phase_matrix_extended.md,2026-10-01,Source: ClinicalTrials.gov API v2 protocolSection/resultsSection; archived JSON hash는 source map 참조.
57,부록 B,최근 등록부 상태를 원자료와 함께 보관했다,6,06307613 / 06307626 | P3 Terminated | 102 /105 actual | No,A,D04,https://github.com/bioJain/GD_TED/blob/main/01_competitive_landscape/moa_phase_matrix_extended.md,2026-10-01,Source: ClinicalTrials.gov API v2 protocolSection/resultsSection; archived JSON hash는 source map 참조.
57,부록 B,최근 등록부 상태를 원자료와 함께 보관했다,7,05176639 /06021054 | P3 Completed | 113 /188 actual | Yes,A,D04,https://github.com/bioJain/GD_TED/blob/main/01_competitive_landscape/moa_phase_matrix_extended.md,2026-10-01,Source: ClinicalTrials.gov API v2 protocolSection/resultsSection; archived JSON hash는 source map 참조.
58,부록 C,Patent 날짜와 sequence mapping을 분리 기록한다,1,WO2025030009A1 | 2023-08-01 | 2025-02-06 | TSHR ECD stabilization 및 engineered Fc; MER probable,A,D15,https://github.com/bioJain/GD_TED/blob/main/05_etpd_molecular_design/benchmark_spec_deepdive.md,2026-10-01,
58,부록 C,Patent 날짜와 sequence mapping을 분리 기록한다,2,WO2025207934A1 | 2024-03-28 | 2025-10-02 | LCA0321 ASGPR/TSHR linker 및 example,A,D15,https://github.com/bioJain/GD_TED/blob/main/05_etpd_molecular_design/benchmark_spec_deepdive.md,2026-10-01,
58,부록 C,Patent 날짜와 sequence mapping을 분리 기록한다,3,WO2024046384A1 | 2022-08-31 | 2024-03-07 | GenSci antibody CDR/Fc candidates,A,D15,https://github.com/bioJain/GD_TED/blob/main/05_etpd_molecular_design/benchmark_spec_deepdive.md,2026-10-01,
58,부록 C,Patent 날짜와 sequence mapping을 분리 기록한다,4,"MER mutation examples | R112P/D143P/V169R/I253R/H63S | Fc P238D, S267E/L328F 등 | 여러 candidates; final clinical construct 미확정",A,D15,https://github.com/bioJain/GD_TED/blob/main/05_etpd_molecular_design/benchmark_spec_deepdive.md,2026-10-01,
59,부록 D,기전 원문을 hypothesis별로 추적할 수 있다,1,TSHR/IGF1R association | 18768899 (2008); 39821041 (2025) | 연계 및 ECD hypothesis,A,D09;D10;D11;D16,https://github.com/bioJain/GD_TED/blob/main/03_mechanism_deepdive/igf1r_autoantigen_review.md;https://github.com/bioJain/GD_TED/blob/main/03_mechanism_deepdive/orbital_fibroblast_igf1r_maturity.md;https://github.com/bioJain/GD_TED/blob/main/03_mechanism_deepdive/tshr_igf1r_crosstalk_deepdive.md;https://github.com/bioJain/GD_TED/blob/main/05_etpd_molecular_design/tshr_shedding_rate.md;https://pubmed.ncbi.nlm.nih.gov/18768899/;https://pubmed.ncbi.nlm.nih.gov/39821041/;https://pubmed.ncbi.nlm.nih.gov/25485727/;https://pubmed.ncbi.nlm.nih.gov/28938449/;https://pubmed.ncbi.nlm.nih.gov/27987211/;https://pubmed.ncbi.nlm.nih.gov/34788857/;https://pubmed.ncbi.nlm.nih.gov/31127272/;https://pubmed.ncbi.nlm.nih.gov/36246873/;https://pubmed.ncbi.nlm.nih.gov/40156685/;https://pubmed.ncbi.nlm.nih.gov/40071798/;https://pubmed.ncbi.nlm.nih.gov/14507638/;https://pubmed.ncbi.nlm.nih.gov/23219871/;https://pubmed.ncbi.nlm.nih.gov/39693285/;https://pubmed.ncbi.nlm.nih.gov/27638195/;https://pubmed.ncbi.nlm.nih.gov/10411305/;https://pubmed.ncbi.nlm.nih.gov/12919313/,2026-10-01,
59,부록 D,기전 원문을 hypothesis별로 추적할 수 있다,2,Functional crosstalk | 25485727; 28938449; 27987211; 34788857 | HA와 receptor-specific perturbation,A,D09;D10;D11;D16,https://github.com/bioJain/GD_TED/blob/main/03_mechanism_deepdive/igf1r_autoantigen_review.md;https://github.com/bioJain/GD_TED/blob/main/03_mechanism_deepdive/orbital_fibroblast_igf1r_maturity.md;https://github.com/bioJain/GD_TED/blob/main/03_mechanism_deepdive/tshr_igf1r_crosstalk_deepdive.md;https://github.com/bioJain/GD_TED/blob/main/05_etpd_molecular_design/tshr_shedding_rate.md;https://pubmed.ncbi.nlm.nih.gov/18768899/;https://pubmed.ncbi.nlm.nih.gov/39821041/;https://pubmed.ncbi.nlm.nih.gov/25485727/;https://pubmed.ncbi.nlm.nih.gov/28938449/;https://pubmed.ncbi.nlm.nih.gov/27987211/;https://pubmed.ncbi.nlm.nih.gov/34788857/;https://pubmed.ncbi.nlm.nih.gov/31127272/;https://pubmed.ncbi.nlm.nih.gov/36246873/;https://pubmed.ncbi.nlm.nih.gov/40156685/;https://pubmed.ncbi.nlm.nih.gov/40071798/;https://pubmed.ncbi.nlm.nih.gov/14507638/;https://pubmed.ncbi.nlm.nih.gov/23219871/;https://pubmed.ncbi.nlm.nih.gov/39693285/;https://pubmed.ncbi.nlm.nih.gov/27638195/;https://pubmed.ncbi.nlm.nih.gov/10411305/;https://pubmed.ncbi.nlm.nih.gov/12919313/,2026-10-01,
59,부록 D,기전 원문을 hypothesis별로 추적할 수 있다,3,ARRB1 | 31127272; proximity 36246873 | scaffold/proximity evidence,A,D09;D10;D11;D16,https://github.com/bioJain/GD_TED/blob/main/03_mechanism_deepdive/igf1r_autoantigen_review.md;https://github.com/bioJain/GD_TED/blob/main/03_mechanism_deepdive/orbital_fibroblast_igf1r_maturity.md;https://github.com/bioJain/GD_TED/blob/main/03_mechanism_deepdive/tshr_igf1r_crosstalk_deepdive.md;https://github.com/bioJain/GD_TED/blob/main/05_etpd_molecular_design/tshr_shedding_rate.md;https://pubmed.ncbi.nlm.nih.gov/18768899/;https://pubmed.ncbi.nlm.nih.gov/39821041/;https://pubmed.ncbi.nlm.nih.gov/25485727/;https://pubmed.ncbi.nlm.nih.gov/28938449/;https://pubmed.ncbi.nlm.nih.gov/27987211/;https://pubmed.ncbi.nlm.nih.gov/34788857/;https://pubmed.ncbi.nlm.nih.gov/31127272/;https://pubmed.ncbi.nlm.nih.gov/36246873/;https://pubmed.ncbi.nlm.nih.gov/40156685/;https://pubmed.ncbi.nlm.nih.gov/40071798/;https://pubmed.ncbi.nlm.nih.gov/14507638/;https://pubmed.ncbi.nlm.nih.gov/23219871/;https://pubmed.ncbi.nlm.nih.gov/39693285/;https://pubmed.ncbi.nlm.nih.gov/27638195/;https://pubmed.ncbi.nlm.nih.gov/10411305/;https://pubmed.ncbi.nlm.nih.gov/12919313/,2026-10-01,
59,부록 D,기전 원문을 hypothesis별로 추적할 수 있다,4,Autoantigen | 40156685; 40071798 | cross-sectional antibody observations,A,D09;D10;D11;D16,https://github.com/bioJain/GD_TED/blob/main/03_mechanism_deepdive/igf1r_autoantigen_review.md;https://github.com/bioJain/GD_TED/blob/main/03_mechanism_deepdive/orbital_fibroblast_igf1r_maturity.md;https://github.com/bioJain/GD_TED/blob/main/03_mechanism_deepdive/tshr_igf1r_crosstalk_deepdive.md;https://github.com/bioJain/GD_TED/blob/main/05_etpd_molecular_design/tshr_shedding_rate.md;https://pubmed.ncbi.nlm.nih.gov/18768899/;https://pubmed.ncbi.nlm.nih.gov/39821041/;https://pubmed.ncbi.nlm.nih.gov/25485727/;https://pubmed.ncbi.nlm.nih.gov/28938449/;https://pubmed.ncbi.nlm.nih.gov/27987211/;https://pubmed.ncbi.nlm.nih.gov/34788857/;https://pubmed.ncbi.nlm.nih.gov/31127272/;https://pubmed.ncbi.nlm.nih.gov/36246873/;https://pubmed.ncbi.nlm.nih.gov/40156685/;https://pubmed.ncbi.nlm.nih.gov/40071798/;https://pubmed.ncbi.nlm.nih.gov/14507638/;https://pubmed.ncbi.nlm.nih.gov/23219871/;https://pubmed.ncbi.nlm.nih.gov/39693285/;https://pubmed.ncbi.nlm.nih.gov/27638195/;https://pubmed.ncbi.nlm.nih.gov/10411305/;https://pubmed.ncbi.nlm.nih.gov/12919313/,2026-10-01,
59,부록 D,기전 원문을 hypothesis별로 추적할 수 있다,5,"Cell fate | 14507638; 23219871; 39693285 | Thy-1 fate, adipogenesis 및 study context",A,D09;D10;D11;D16,https://github.com/bioJain/GD_TED/blob/main/03_mechanism_deepdive/igf1r_autoantigen_review.md;https://github.com/bioJain/GD_TED/blob/main/03_mechanism_deepdive/orbital_fibroblast_igf1r_maturity.md;https://github.com/bioJain/GD_TED/blob/main/03_mechanism_deepdive/tshr_igf1r_crosstalk_deepdive.md;https://github.com/bioJain/GD_TED/blob/main/05_etpd_molecular_design/tshr_shedding_rate.md;https://pubmed.ncbi.nlm.nih.gov/18768899/;https://pubmed.ncbi.nlm.nih.gov/39821041/;https://pubmed.ncbi.nlm.nih.gov/25485727/;https://pubmed.ncbi.nlm.nih.gov/28938449/;https://pubmed.ncbi.nlm.nih.gov/27987211/;https://pubmed.ncbi.nlm.nih.gov/34788857/;https://pubmed.ncbi.nlm.nih.gov/31127272/;https://pubmed.ncbi.nlm.nih.gov/36246873/;https://pubmed.ncbi.nlm.nih.gov/40156685/;https://pubmed.ncbi.nlm.nih.gov/40071798/;https://pubmed.ncbi.nlm.nih.gov/14507638/;https://pubmed.ncbi.nlm.nih.gov/23219871/;https://pubmed.ncbi.nlm.nih.gov/39693285/;https://pubmed.ncbi.nlm.nih.gov/27638195/;https://pubmed.ncbi.nlm.nih.gov/10411305/;https://pubmed.ncbi.nlm.nih.gov/12919313/,2026-10-01,
59,부록 D,기전 원문을 hypothesis별로 추적할 수 있다,6,Thyrocyte/shedding | 27638195; 8626810; 10411305; 12919313; 1497642 | 조직별 출력과 cleavage/혈중 검출,A,D09;D10;D11;D16,https://github.com/bioJain/GD_TED/blob/main/03_mechanism_deepdive/igf1r_autoantigen_review.md;https://github.com/bioJain/GD_TED/blob/main/03_mechanism_deepdive/orbital_fibroblast_igf1r_maturity.md;https://github.com/bioJain/GD_TED/blob/main/03_mechanism_deepdive/tshr_igf1r_crosstalk_deepdive.md;https://github.com/bioJain/GD_TED/blob/main/05_etpd_molecular_design/tshr_shedding_rate.md;https://pubmed.ncbi.nlm.nih.gov/18768899/;https://pubmed.ncbi.nlm.nih.gov/39821041/;https://pubmed.ncbi.nlm.nih.gov/25485727/;https://pubmed.ncbi.nlm.nih.gov/28938449/;https://pubmed.ncbi.nlm.nih.gov/27987211/;https://pubmed.ncbi.nlm.nih.gov/34788857/;https://pubmed.ncbi.nlm.nih.gov/31127272/;https://pubmed.ncbi.nlm.nih.gov/36246873/;https://pubmed.ncbi.nlm.nih.gov/40156685/;https://pubmed.ncbi.nlm.nih.gov/40071798/;https://pubmed.ncbi.nlm.nih.gov/14507638/;https://pubmed.ncbi.nlm.nih.gov/23219871/;https://pubmed.ncbi.nlm.nih.gov/39693285/;https://pubmed.ncbi.nlm.nih.gov/27638195/;https://pubmed.ncbi.nlm.nih.gov/10411305/;https://pubmed.ncbi.nlm.nih.gov/12919313/,2026-10-01,
60,출처 색인,출처 색인 1: 문서와 최신 원출처,1,D01 | gd_line_of_therapy.md | Repo 완료 리서치,A,D01;D02;D03;D04;D05;D06,https://github.com/bioJain/GD_TED/blob/main/01_competitive_landscape/gd_line_of_therapy.md;https://github.com/bioJain/GD_TED/blob/main/01_competitive_landscape/ted_line_of_therapy.md;https://github.com/bioJain/GD_TED/blob/main/01_competitive_landscape/class_limitation_matrix.md;https://github.com/bioJain/GD_TED/blob/main/01_competitive_landscape/moa_phase_matrix_extended.md;https://github.com/bioJain/GD_TED/blob/main/01_competitive_landscape/addressable_population_crosscheck.md;https://github.com/bioJain/GD_TED/blob/main/02_ted_fcrn_strategy/fcrn_entry_strategy_ir_review.md,2026-10-01,
60,출처 색인,출처 색인 1: 문서와 최신 원출처,2,D02 | ted_line_of_therapy.md | Repo 완료 리서치,A,D01;D02;D03;D04;D05;D06,https://github.com/bioJain/GD_TED/blob/main/01_competitive_landscape/gd_line_of_therapy.md;https://github.com/bioJain/GD_TED/blob/main/01_competitive_landscape/ted_line_of_therapy.md;https://github.com/bioJain/GD_TED/blob/main/01_competitive_landscape/class_limitation_matrix.md;https://github.com/bioJain/GD_TED/blob/main/01_competitive_landscape/moa_phase_matrix_extended.md;https://github.com/bioJain/GD_TED/blob/main/01_competitive_landscape/addressable_population_crosscheck.md;https://github.com/bioJain/GD_TED/blob/main/02_ted_fcrn_strategy/fcrn_entry_strategy_ir_review.md,2026-10-01,
60,출처 색인,출처 색인 1: 문서와 최신 원출처,3,D03 | class_limitation_matrix.md | Repo 완료 리서치,A,D01;D02;D03;D04;D05;D06,https://github.com/bioJain/GD_TED/blob/main/01_competitive_landscape/gd_line_of_therapy.md;https://github.com/bioJain/GD_TED/blob/main/01_competitive_landscape/ted_line_of_therapy.md;https://github.com/bioJain/GD_TED/blob/main/01_competitive_landscape/class_limitation_matrix.md;https://github.com/bioJain/GD_TED/blob/main/01_competitive_landscape/moa_phase_matrix_extended.md;https://github.com/bioJain/GD_TED/blob/main/01_competitive_landscape/addressable_population_crosscheck.md;https://github.com/bioJain/GD_TED/blob/main/02_ted_fcrn_strategy/fcrn_entry_strategy_ir_review.md,2026-10-01,
60,출처 색인,출처 색인 1: 문서와 최신 원출처,4,D04 | moa_phase_matrix_extended.md | Repo 완료 리서치,A,D01;D02;D03;D04;D05;D06,https://github.com/bioJain/GD_TED/blob/main/01_competitive_landscape/gd_line_of_therapy.md;https://github.com/bioJain/GD_TED/blob/main/01_competitive_landscape/ted_line_of_therapy.md;https://github.com/bioJain/GD_TED/blob/main/01_competitive_landscape/class_limitation_matrix.md;https://github.com/bioJain/GD_TED/blob/main/01_competitive_landscape/moa_phase_matrix_extended.md;https://github.com/bioJain/GD_TED/blob/main/01_competitive_landscape/addressable_population_crosscheck.md;https://github.com/bioJain/GD_TED/blob/main/02_ted_fcrn_strategy/fcrn_entry_strategy_ir_review.md,2026-10-01,
60,출처 색인,출처 색인 1: 문서와 최신 원출처,5,D05 | addressable_population_crosscheck.md | Repo 완료 리서치,A,D01;D02;D03;D04;D05;D06,https://github.com/bioJain/GD_TED/blob/main/01_competitive_landscape/gd_line_of_therapy.md;https://github.com/bioJain/GD_TED/blob/main/01_competitive_landscape/ted_line_of_therapy.md;https://github.com/bioJain/GD_TED/blob/main/01_competitive_landscape/class_limitation_matrix.md;https://github.com/bioJain/GD_TED/blob/main/01_competitive_landscape/moa_phase_matrix_extended.md;https://github.com/bioJain/GD_TED/blob/main/01_competitive_landscape/addressable_population_crosscheck.md;https://github.com/bioJain/GD_TED/blob/main/02_ted_fcrn_strategy/fcrn_entry_strategy_ir_review.md,2026-10-01,
60,출처 색인,출처 색인 1: 문서와 최신 원출처,6,D06 | fcrn_entry_strategy_ir_review.md | Repo 완료 리서치,A,D01;D02;D03;D04;D05;D06,https://github.com/bioJain/GD_TED/blob/main/01_competitive_landscape/gd_line_of_therapy.md;https://github.com/bioJain/GD_TED/blob/main/01_competitive_landscape/ted_line_of_therapy.md;https://github.com/bioJain/GD_TED/blob/main/01_competitive_landscape/class_limitation_matrix.md;https://github.com/bioJain/GD_TED/blob/main/01_competitive_landscape/moa_phase_matrix_extended.md;https://github.com/bioJain/GD_TED/blob/main/01_competitive_landscape/addressable_population_crosscheck.md;https://github.com/bioJain/GD_TED/blob/main/02_ted_fcrn_strategy/fcrn_entry_strategy_ir_review.md,2026-10-01,
61,출처 색인,출처 색인 2: 문서와 최신 원출처,1,D07 | placebo_competitive_summary.md | Repo 완료 리서치,A,D07;D08;D09;D10;D11;D12,https://github.com/bioJain/GD_TED/blob/main/02_ted_fcrn_strategy/placebo_competitive_summary.md;https://github.com/bioJain/GD_TED/blob/main/03_mechanism_deepdive/igf1r_class_effect_ae.md;https://github.com/bioJain/GD_TED/blob/main/03_mechanism_deepdive/igf1r_autoantigen_review.md;https://github.com/bioJain/GD_TED/blob/main/03_mechanism_deepdive/orbital_fibroblast_igf1r_maturity.md;https://github.com/bioJain/GD_TED/blob/main/03_mechanism_deepdive/tshr_igf1r_crosstalk_deepdive.md;https://github.com/bioJain/GD_TED/blob/main/03_mechanism_deepdive/r1b_asset_identification.md,2026-10-01,
61,출처 색인,출처 색인 2: 문서와 최신 원출처,2,D08 | igf1r_class_effect_ae.md | Repo 완료 리서치,A,D07;D08;D09;D10;D11;D12,https://github.com/bioJain/GD_TED/blob/main/02_ted_fcrn_strategy/placebo_competitive_summary.md;https://github.com/bioJain/GD_TED/blob/main/03_mechanism_deepdive/igf1r_class_effect_ae.md;https://github.com/bioJain/GD_TED/blob/main/03_mechanism_deepdive/igf1r_autoantigen_review.md;https://github.com/bioJain/GD_TED/blob/main/03_mechanism_deepdive/orbital_fibroblast_igf1r_maturity.md;https://github.com/bioJain/GD_TED/blob/main/03_mechanism_deepdive/tshr_igf1r_crosstalk_deepdive.md;https://github.com/bioJain/GD_TED/blob/main/03_mechanism_deepdive/r1b_asset_identification.md,2026-10-01,
61,출처 색인,출처 색인 2: 문서와 최신 원출처,3,D09 | igf1r_autoantigen_review.md | Repo 완료 리서치,A,D07;D08;D09;D10;D11;D12,https://github.com/bioJain/GD_TED/blob/main/02_ted_fcrn_strategy/placebo_competitive_summary.md;https://github.com/bioJain/GD_TED/blob/main/03_mechanism_deepdive/igf1r_class_effect_ae.md;https://github.com/bioJain/GD_TED/blob/main/03_mechanism_deepdive/igf1r_autoantigen_review.md;https://github.com/bioJain/GD_TED/blob/main/03_mechanism_deepdive/orbital_fibroblast_igf1r_maturity.md;https://github.com/bioJain/GD_TED/blob/main/03_mechanism_deepdive/tshr_igf1r_crosstalk_deepdive.md;https://github.com/bioJain/GD_TED/blob/main/03_mechanism_deepdive/r1b_asset_identification.md,2026-10-01,
61,출처 색인,출처 색인 2: 문서와 최신 원출처,4,D10 | orbital_fibroblast_igf1r_maturity.md | Repo 완료 리서치,A,D07;D08;D09;D10;D11;D12,https://github.com/bioJain/GD_TED/blob/main/02_ted_fcrn_strategy/placebo_competitive_summary.md;https://github.com/bioJain/GD_TED/blob/main/03_mechanism_deepdive/igf1r_class_effect_ae.md;https://github.com/bioJain/GD_TED/blob/main/03_mechanism_deepdive/igf1r_autoantigen_review.md;https://github.com/bioJain/GD_TED/blob/main/03_mechanism_deepdive/orbital_fibroblast_igf1r_maturity.md;https://github.com/bioJain/GD_TED/blob/main/03_mechanism_deepdive/tshr_igf1r_crosstalk_deepdive.md;https://github.com/bioJain/GD_TED/blob/main/03_mechanism_deepdive/r1b_asset_identification.md,2026-10-01,
61,출처 색인,출처 색인 2: 문서와 최신 원출처,5,D11 | tshr_igf1r_crosstalk_deepdive.md | Repo 완료 리서치,A,D07;D08;D09;D10;D11;D12,https://github.com/bioJain/GD_TED/blob/main/02_ted_fcrn_strategy/placebo_competitive_summary.md;https://github.com/bioJain/GD_TED/blob/main/03_mechanism_deepdive/igf1r_class_effect_ae.md;https://github.com/bioJain/GD_TED/blob/main/03_mechanism_deepdive/igf1r_autoantigen_review.md;https://github.com/bioJain/GD_TED/blob/main/03_mechanism_deepdive/orbital_fibroblast_igf1r_maturity.md;https://github.com/bioJain/GD_TED/blob/main/03_mechanism_deepdive/tshr_igf1r_crosstalk_deepdive.md;https://github.com/bioJain/GD_TED/blob/main/03_mechanism_deepdive/r1b_asset_identification.md,2026-10-01,
61,출처 색인,출처 색인 2: 문서와 최신 원출처,6,D12 | r1b_asset_identification.md | Repo 완료 리서치,A,D07;D08;D09;D10;D11;D12,https://github.com/bioJain/GD_TED/blob/main/02_ted_fcrn_strategy/placebo_competitive_summary.md;https://github.com/bioJain/GD_TED/blob/main/03_mechanism_deepdive/igf1r_class_effect_ae.md;https://github.com/bioJain/GD_TED/blob/main/03_mechanism_deepdive/igf1r_autoantigen_review.md;https://github.com/bioJain/GD_TED/blob/main/03_mechanism_deepdive/orbital_fibroblast_igf1r_maturity.md;https://github.com/bioJain/GD_TED/blob/main/03_mechanism_deepdive/tshr_igf1r_crosstalk_deepdive.md;https://github.com/bioJain/GD_TED/blob/main/03_mechanism_deepdive/r1b_asset_identification.md,2026-10-01,
62,출처 색인,출처 색인 3: 문서와 최신 원출처,1,D13 | tam_sam_revision.md | Repo 완료 리서치,A,D13;D14;D15;D16;P01;P02,https://github.com/bioJain/GD_TED/blob/main/04_tam_sam_pricing/tam_sam_revision.md;https://github.com/bioJain/GD_TED/blob/main/04_tam_sam_pricing/teprotumumab_veligrotug_pricing.md;https://github.com/bioJain/GD_TED/blob/main/05_etpd_molecular_design/benchmark_spec_deepdive.md;https://github.com/bioJain/GD_TED/blob/main/05_etpd_molecular_design/tshr_shedding_rate.md;https://www.viridiantherapeutics.com/wp-content/uploads/2026/06/Lumvoa-veligrotug-Final-USPI_26Jun2026.pdf;https://investors.viridiantherapeutics.com/news/news-details/2026/Viridian-Therapeutics-Announces-Positive-Topline-Results-from-Elegrobart-Phase-3-REVEAL1-Clinical-Trial-in-Active-Thyroid-Eye-Disease/default.aspx,2026-10-01,
62,출처 색인,출처 색인 3: 문서와 최신 원출처,2,D14 | teprotumumab_veligrotug_pricing.md | Repo 완료 리서치,A,D13;D14;D15;D16;P01;P02,https://github.com/bioJain/GD_TED/blob/main/04_tam_sam_pricing/tam_sam_revision.md;https://github.com/bioJain/GD_TED/blob/main/04_tam_sam_pricing/teprotumumab_veligrotug_pricing.md;https://github.com/bioJain/GD_TED/blob/main/05_etpd_molecular_design/benchmark_spec_deepdive.md;https://github.com/bioJain/GD_TED/blob/main/05_etpd_molecular_design/tshr_shedding_rate.md;https://www.viridiantherapeutics.com/wp-content/uploads/2026/06/Lumvoa-veligrotug-Final-USPI_26Jun2026.pdf;https://investors.viridiantherapeutics.com/news/news-details/2026/Viridian-Therapeutics-Announces-Positive-Topline-Results-from-Elegrobart-Phase-3-REVEAL1-Clinical-Trial-in-Active-Thyroid-Eye-Disease/default.aspx,2026-10-01,
62,출처 색인,출처 색인 3: 문서와 최신 원출처,3,D15 | benchmark_spec_deepdive.md | Repo 완료 리서치,A,D13;D14;D15;D16;P01;P02,https://github.com/bioJain/GD_TED/blob/main/04_tam_sam_pricing/tam_sam_revision.md;https://github.com/bioJain/GD_TED/blob/main/04_tam_sam_pricing/teprotumumab_veligrotug_pricing.md;https://github.com/bioJain/GD_TED/blob/main/05_etpd_molecular_design/benchmark_spec_deepdive.md;https://github.com/bioJain/GD_TED/blob/main/05_etpd_molecular_design/tshr_shedding_rate.md;https://www.viridiantherapeutics.com/wp-content/uploads/2026/06/Lumvoa-veligrotug-Final-USPI_26Jun2026.pdf;https://investors.viridiantherapeutics.com/news/news-details/2026/Viridian-Therapeutics-Announces-Positive-Topline-Results-from-Elegrobart-Phase-3-REVEAL1-Clinical-Trial-in-Active-Thyroid-Eye-Disease/default.aspx,2026-10-01,
62,출처 색인,출처 색인 3: 문서와 최신 원출처,4,D16 | tshr_shedding_rate.md | Repo 완료 리서치,A,D13;D14;D15;D16;P01;P02,https://github.com/bioJain/GD_TED/blob/main/04_tam_sam_pricing/tam_sam_revision.md;https://github.com/bioJain/GD_TED/blob/main/04_tam_sam_pricing/teprotumumab_veligrotug_pricing.md;https://github.com/bioJain/GD_TED/blob/main/05_etpd_molecular_design/benchmark_spec_deepdive.md;https://github.com/bioJain/GD_TED/blob/main/05_etpd_molecular_design/tshr_shedding_rate.md;https://www.viridiantherapeutics.com/wp-content/uploads/2026/06/Lumvoa-veligrotug-Final-USPI_26Jun2026.pdf;https://investors.viridiantherapeutics.com/news/news-details/2026/Viridian-Therapeutics-Announces-Positive-Topline-Results-from-Elegrobart-Phase-3-REVEAL1-Clinical-Trial-in-Active-Thyroid-Eye-Disease/default.aspx,2026-10-01,
62,출처 색인,출처 색인 3: 문서와 최신 원출처,5,P01 | www.viridiantherapeutics.com / P01 | Primary public update,A,D13;D14;D15;D16;P01;P02,https://github.com/bioJain/GD_TED/blob/main/04_tam_sam_pricing/tam_sam_revision.md;https://github.com/bioJain/GD_TED/blob/main/04_tam_sam_pricing/teprotumumab_veligrotug_pricing.md;https://github.com/bioJain/GD_TED/blob/main/05_etpd_molecular_design/benchmark_spec_deepdive.md;https://github.com/bioJain/GD_TED/blob/main/05_etpd_molecular_design/tshr_shedding_rate.md;https://www.viridiantherapeutics.com/wp-content/uploads/2026/06/Lumvoa-veligrotug-Final-USPI_26Jun2026.pdf;https://investors.viridiantherapeutics.com/news/news-details/2026/Viridian-Therapeutics-Announces-Positive-Topline-Results-from-Elegrobart-Phase-3-REVEAL1-Clinical-Trial-in-Active-Thyroid-Eye-Disease/default.aspx,2026-10-01,
62,출처 색인,출처 색인 3: 문서와 최신 원출처,6,P02 | investors.viridiantherapeutics.com / P02 | Primary public update,A,D13;D14;D15;D16;P01;P02,https://github.com/bioJain/GD_TED/blob/main/04_tam_sam_pricing/tam_sam_revision.md;https://github.com/bioJain/GD_TED/blob/main/04_tam_sam_pricing/teprotumumab_veligrotug_pricing.md;https://github.com/bioJain/GD_TED/blob/main/05_etpd_molecular_design/benchmark_spec_deepdive.md;https://github.com/bioJain/GD_TED/blob/main/05_etpd_molecular_design/tshr_shedding_rate.md;https://www.viridiantherapeutics.com/wp-content/uploads/2026/06/Lumvoa-veligrotug-Final-USPI_26Jun2026.pdf;https://investors.viridiantherapeutics.com/news/news-details/2026/Viridian-Therapeutics-Announces-Positive-Topline-Results-from-Elegrobart-Phase-3-REVEAL1-Clinical-Trial-in-Active-Thyroid-Eye-Disease/default.aspx,2026-10-01,
63,출처 색인,출처 색인 4: 문서와 최신 원출처,1,P03 | investors.viridiantherapeutics.com / P03 | Primary public update,A,P03;P04;P05;P06;P07;P08,https://investors.viridiantherapeutics.com/news/news-details/2026/Viridian-Therapeutics-Announces-Positive-Topline-Results-from-Elegrobart-Phase-3-REVEAL2-Clinical-Trial-in-Chronic-Thyroid-Eye-Disease/default.aspx;https://www.roche.com/investors/updates/inv-update-2026-06-30;https://ir.biohaven.com/news-releases/news-release-details/biohaven-advances-new-class-precision-immunology-therapies-first;https://argenx.com/news/2025/press-release-3205093.html;https://www.immunovant.com/investors/news-events/press-releases/detail/81/immunovant-announces-phase-3-study-results-for-batoclimab;https://www.ema.europa.eu/en/medicines/human/EPAR/tepezza,2026-10-01,
63,출처 색인,출처 색인 4: 문서와 최신 원출처,2,P04 | www.roche.com / P04 | Primary public update,A,P03;P04;P05;P06;P07;P08,https://investors.viridiantherapeutics.com/news/news-details/2026/Viridian-Therapeutics-Announces-Positive-Topline-Results-from-Elegrobart-Phase-3-REVEAL2-Clinical-Trial-in-Chronic-Thyroid-Eye-Disease/default.aspx;https://www.roche.com/investors/updates/inv-update-2026-06-30;https://ir.biohaven.com/news-releases/news-release-details/biohaven-advances-new-class-precision-immunology-therapies-first;https://argenx.com/news/2025/press-release-3205093.html;https://www.immunovant.com/investors/news-events/press-releases/detail/81/immunovant-announces-phase-3-study-results-for-batoclimab;https://www.ema.europa.eu/en/medicines/human/EPAR/tepezza,2026-10-01,
63,출처 색인,출처 색인 4: 문서와 최신 원출처,3,P05 | ir.biohaven.com / P05 | Primary public update,A,P03;P04;P05;P06;P07;P08,https://investors.viridiantherapeutics.com/news/news-details/2026/Viridian-Therapeutics-Announces-Positive-Topline-Results-from-Elegrobart-Phase-3-REVEAL2-Clinical-Trial-in-Chronic-Thyroid-Eye-Disease/default.aspx;https://www.roche.com/investors/updates/inv-update-2026-06-30;https://ir.biohaven.com/news-releases/news-release-details/biohaven-advances-new-class-precision-immunology-therapies-first;https://argenx.com/news/2025/press-release-3205093.html;https://www.immunovant.com/investors/news-events/press-releases/detail/81/immunovant-announces-phase-3-study-results-for-batoclimab;https://www.ema.europa.eu/en/medicines/human/EPAR/tepezza,2026-10-01,
63,출처 색인,출처 색인 4: 문서와 최신 원출처,4,P06 | argenx.com / P06 | Primary public update,A,P03;P04;P05;P06;P07;P08,https://investors.viridiantherapeutics.com/news/news-details/2026/Viridian-Therapeutics-Announces-Positive-Topline-Results-from-Elegrobart-Phase-3-REVEAL2-Clinical-Trial-in-Chronic-Thyroid-Eye-Disease/default.aspx;https://www.roche.com/investors/updates/inv-update-2026-06-30;https://ir.biohaven.com/news-releases/news-release-details/biohaven-advances-new-class-precision-immunology-therapies-first;https://argenx.com/news/2025/press-release-3205093.html;https://www.immunovant.com/investors/news-events/press-releases/detail/81/immunovant-announces-phase-3-study-results-for-batoclimab;https://www.ema.europa.eu/en/medicines/human/EPAR/tepezza,2026-10-01,
63,출처 색인,출처 색인 4: 문서와 최신 원출처,5,P07 | www.immunovant.com / P07 | Primary public update,A,P03;P04;P05;P06;P07;P08,https://investors.viridiantherapeutics.com/news/news-details/2026/Viridian-Therapeutics-Announces-Positive-Topline-Results-from-Elegrobart-Phase-3-REVEAL2-Clinical-Trial-in-Chronic-Thyroid-Eye-Disease/default.aspx;https://www.roche.com/investors/updates/inv-update-2026-06-30;https://ir.biohaven.com/news-releases/news-release-details/biohaven-advances-new-class-precision-immunology-therapies-first;https://argenx.com/news/2025/press-release-3205093.html;https://www.immunovant.com/investors/news-events/press-releases/detail/81/immunovant-announces-phase-3-study-results-for-batoclimab;https://www.ema.europa.eu/en/medicines/human/EPAR/tepezza,2026-10-01,
63,출처 색인,출처 색인 4: 문서와 최신 원출처,6,P08 | www.ema.europa.eu / P08 | Primary public update,A,P03;P04;P05;P06;P07;P08,https://investors.viridiantherapeutics.com/news/news-details/2026/Viridian-Therapeutics-Announces-Positive-Topline-Results-from-Elegrobart-Phase-3-REVEAL2-Clinical-Trial-in-Chronic-Thyroid-Eye-Disease/default.aspx;https://www.roche.com/investors/updates/inv-update-2026-06-30;https://ir.biohaven.com/news-releases/news-release-details/biohaven-advances-new-class-precision-immunology-therapies-first;https://argenx.com/news/2025/press-release-3205093.html;https://www.immunovant.com/investors/news-events/press-releases/detail/81/immunovant-announces-phase-3-study-results-for-batoclimab;https://www.ema.europa.eu/en/medicines/human/EPAR/tepezza,2026-10-01,
